#ifdef __has_include
    #if __has_include("lvgl.h")
        #ifndef LV_LVGL_H_INCLUDE_SIMPLE
            #define LV_LVGL_H_INCLUDE_SIMPLE
        #endif
    #endif
#endif

#if defined(LV_LVGL_H_INCLUDE_SIMPLE)
    #include "lvgl.h"
#else
    #include "lvgl/lvgl.h"
#endif


#ifndef LV_ATTRIBUTE_MEM_ALIGN
#define LV_ATTRIBUTE_MEM_ALIGN
#endif

#ifndef LV_ATTRIBUTE_IMG_BACKGROUND
#define LV_ATTRIBUTE_IMG_BACKGROUND
#endif

const LV_ATTRIBUTE_MEM_ALIGN LV_ATTRIBUTE_LARGE_CONST LV_ATTRIBUTE_IMG_BACKGROUND uint8_t background_map[] = {
  0xfc, 0xfc, 0xfc, 0xff, 	/*Color of index 0*/
  0xf8, 0xf8, 0xf8, 0xff, 	/*Color of index 1*/
  0xf5, 0xf5, 0xf5, 0xff, 	/*Color of index 2*/
  0xf0, 0xf0, 0xf0, 0xff, 	/*Color of index 3*/
  0xef, 0xef, 0xef, 0xff, 	/*Color of index 4*/
  0xed, 0xed, 0xed, 0xff, 	/*Color of index 5*/
  0xe8, 0xe8, 0xe8, 0xff, 	/*Color of index 6*/
  0xe6, 0xe6, 0xe6, 0xff, 	/*Color of index 7*/
  0xe3, 0xe3, 0xe3, 0xff, 	/*Color of index 8*/
  0xe0, 0xe0, 0xe0, 0xff, 	/*Color of index 9*/
  0xdf, 0xdf, 0xdf, 0xff, 	/*Color of index 10*/
  0xdd, 0xdd, 0xdd, 0xff, 	/*Color of index 11*/
  0xd8, 0xd8, 0xd8, 0xff, 	/*Color of index 12*/
  0xd5, 0xd5, 0xd5, 0xff, 	/*Color of index 13*/
  0xd0, 0xd0, 0xd0, 0xff, 	/*Color of index 14*/
  0xcf, 0xcf, 0xcf, 0xff, 	/*Color of index 15*/
  0xce, 0xce, 0xce, 0xff, 	/*Color of index 16*/
  0xcd, 0xcd, 0xcd, 0xff, 	/*Color of index 17*/
  0xcb, 0xcb, 0xcb, 0xff, 	/*Color of index 18*/
  0xc8, 0xc8, 0xc8, 0xff, 	/*Color of index 19*/
  0xc5, 0xc5, 0xc5, 0xff, 	/*Color of index 20*/
  0xc0, 0xc0, 0xc0, 0xff, 	/*Color of index 21*/
  0xbd, 0xbd, 0xbd, 0xff, 	/*Color of index 22*/
  0xb8, 0xb8, 0xb8, 0xff, 	/*Color of index 23*/
  0xb5, 0xb5, 0xb5, 0xff, 	/*Color of index 24*/
  0xb3, 0xb3, 0xb3, 0xff, 	/*Color of index 25*/
  0xb0, 0xb0, 0xb0, 0xff, 	/*Color of index 26*/
  0xad, 0xad, 0xad, 0xff, 	/*Color of index 27*/
  0xa8, 0xa8, 0xa8, 0xff, 	/*Color of index 28*/
  0xa6, 0xa6, 0xa6, 0xff, 	/*Color of index 29*/
  0xa3, 0xa3, 0xa3, 0xff, 	/*Color of index 30*/
  0xa0, 0xa0, 0xa0, 0xff, 	/*Color of index 31*/
  0x9e, 0x9e, 0x9e, 0xff, 	/*Color of index 32*/
  0x9b, 0x9b, 0x9b, 0xff, 	/*Color of index 33*/
  0x98, 0x98, 0x98, 0xff, 	/*Color of index 34*/
  0x96, 0x96, 0x96, 0xff, 	/*Color of index 35*/
  0x93, 0x93, 0x93, 0xff, 	/*Color of index 36*/
  0x90, 0x90, 0x90, 0xff, 	/*Color of index 37*/
  0x8e, 0x8e, 0x8e, 0xff, 	/*Color of index 38*/
  0x8d, 0x8d, 0x8d, 0xff, 	/*Color of index 39*/
  0x8b, 0x8b, 0x8b, 0xff, 	/*Color of index 40*/
  0x88, 0x88, 0x88, 0xff, 	/*Color of index 41*/
  0x86, 0x86, 0x86, 0xff, 	/*Color of index 42*/
  0x85, 0x85, 0x85, 0xff, 	/*Color of index 43*/
  0x80, 0x80, 0x80, 0xff, 	/*Color of index 44*/
  0x7e, 0x7e, 0x7e, 0xff, 	/*Color of index 45*/
  0x7d, 0x7d, 0x7d, 0xff, 	/*Color of index 46*/
  0x7b, 0x7b, 0x7b, 0xff, 	/*Color of index 47*/
  0x78, 0x78, 0x78, 0xff, 	/*Color of index 48*/
  0x76, 0x76, 0x76, 0xff, 	/*Color of index 49*/
  0x75, 0x75, 0x75, 0xff, 	/*Color of index 50*/
  0x73, 0x73, 0x73, 0xff, 	/*Color of index 51*/
  0x70, 0x70, 0x70, 0xff, 	/*Color of index 52*/
  0x6e, 0x6e, 0x6e, 0xff, 	/*Color of index 53*/
  0x6b, 0x6b, 0x6b, 0xff, 	/*Color of index 54*/
  0x68, 0x68, 0x68, 0xff, 	/*Color of index 55*/
  0x66, 0x66, 0x66, 0xff, 	/*Color of index 56*/
  0x65, 0x65, 0x65, 0xff, 	/*Color of index 57*/
  0x63, 0x63, 0x63, 0xff, 	/*Color of index 58*/
  0x60, 0x60, 0x60, 0xff, 	/*Color of index 59*/
  0x5d, 0x5d, 0x5d, 0xff, 	/*Color of index 60*/
  0x5b, 0x5b, 0x5b, 0xff, 	/*Color of index 61*/
  0x58, 0x58, 0x58, 0xff, 	/*Color of index 62*/
  0x56, 0x56, 0x56, 0xff, 	/*Color of index 63*/
  0x55, 0x55, 0x55, 0xff, 	/*Color of index 64*/
  0x53, 0x53, 0x53, 0xff, 	/*Color of index 65*/
  0x50, 0x50, 0x50, 0xff, 	/*Color of index 66*/
  0x4e, 0x4e, 0x4e, 0xff, 	/*Color of index 67*/
  0x4d, 0x4d, 0x4d, 0xff, 	/*Color of index 68*/
  0x4b, 0x4b, 0x4b, 0xff, 	/*Color of index 69*/
  0x48, 0x48, 0x48, 0xff, 	/*Color of index 70*/
  0x46, 0x46, 0x46, 0xff, 	/*Color of index 71*/
  0x45, 0x45, 0x45, 0xff, 	/*Color of index 72*/
  0x43, 0x43, 0x43, 0xff, 	/*Color of index 73*/
  0x40, 0x40, 0x40, 0xff, 	/*Color of index 74*/
  0x3d, 0x3d, 0x3d, 0xff, 	/*Color of index 75*/
  0x38, 0x38, 0x38, 0xff, 	/*Color of index 76*/
  0x37, 0x37, 0x37, 0xff, 	/*Color of index 77*/
  0x35, 0x35, 0x35, 0xff, 	/*Color of index 78*/
  0x30, 0x30, 0x30, 0xff, 	/*Color of index 79*/
  0x2f, 0x2f, 0x2f, 0xff, 	/*Color of index 80*/
  0x2d, 0x2d, 0x2d, 0xff, 	/*Color of index 81*/
  0x28, 0x28, 0x28, 0xff, 	/*Color of index 82*/
  0x26, 0x26, 0x26, 0xff, 	/*Color of index 83*/
  0x25, 0x25, 0x25, 0xff, 	/*Color of index 84*/
  0x23, 0x23, 0x23, 0xff, 	/*Color of index 85*/
  0x20, 0x20, 0x20, 0xff, 	/*Color of index 86*/
  0x1d, 0x1d, 0x1d, 0xff, 	/*Color of index 87*/
  0x1b, 0x1b, 0x1b, 0xff, 	/*Color of index 88*/
  0x18, 0x18, 0x18, 0xff, 	/*Color of index 89*/
  0x17, 0x17, 0x17, 0xff, 	/*Color of index 90*/
  0x15, 0x15, 0x15, 0xff, 	/*Color of index 91*/
  0x13, 0x13, 0x13, 0xff, 	/*Color of index 92*/
  0x10, 0x10, 0x10, 0xff, 	/*Color of index 93*/
  0x0f, 0x0f, 0x0f, 0xff, 	/*Color of index 94*/
  0x0d, 0x0d, 0x0d, 0xff, 	/*Color of index 95*/
  0x0b, 0x0b, 0x0b, 0xff, 	/*Color of index 96*/
  0x08, 0x08, 0x08, 0xff, 	/*Color of index 97*/
  0x05, 0x05, 0x05, 0xff, 	/*Color of index 98*/
  0x00, 0x00, 0x00, 0xff, 	/*Color of index 99*/
  0xe6, 0xe6, 0xe7, 0xff, 	/*Color of index 100*/
  0xa6, 0xa6, 0xa7, 0xff, 	/*Color of index 101*/
  0x9e, 0x9e, 0x9f, 0xff, 	/*Color of index 102*/
  0x96, 0x96, 0x97, 0xff, 	/*Color of index 103*/
  0x8f, 0x8f, 0x90, 0xff, 	/*Color of index 104*/
  0x87, 0x87, 0x88, 0xff, 	/*Color of index 105*/
  0x77, 0x77, 0x78, 0xff, 	/*Color of index 106*/
  0x6e, 0x6e, 0x6f, 0xff, 	/*Color of index 107*/
  0x67, 0x67, 0x68, 0xff, 	/*Color of index 108*/
  0x5e, 0x5e, 0x5f, 0xff, 	/*Color of index 109*/
  0x57, 0x57, 0x58, 0xff, 	/*Color of index 110*/
  0x4f, 0x4f, 0x50, 0xff, 	/*Color of index 111*/
  0x47, 0x47, 0x48, 0xff, 	/*Color of index 112*/
  0x3e, 0x3e, 0x3f, 0xff, 	/*Color of index 113*/
  0x27, 0x27, 0x28, 0xff, 	/*Color of index 114*/
  0x1e, 0x1e, 0x1f, 0xff, 	/*Color of index 115*/
  0x0d, 0x0d, 0x0f, 0xff, 	/*Color of index 116*/
  0x06, 0x06, 0x07, 0xff, 	/*Color of index 117*/
  0xf6, 0xf7, 0xf7, 0xff, 	/*Color of index 118*/
  0xc6, 0xc7, 0xc7, 0xff, 	/*Color of index 119*/
  0xbe, 0xbf, 0xbf, 0xff, 	/*Color of index 120*/
  0x82, 0x83, 0x83, 0xff, 	/*Color of index 121*/
  0x3a, 0x3b, 0x3b, 0xff, 	/*Color of index 122*/
  0x32, 0x33, 0x33, 0xff, 	/*Color of index 123*/
  0x2a, 0x2b, 0x2b, 0xff, 	/*Color of index 124*/
  0xde, 0xdf, 0xde, 0xff, 	/*Color of index 125*/
  0xd7, 0xd8, 0xd7, 0xff, 	/*Color of index 126*/
  0xd6, 0xd7, 0xd6, 0xff, 	/*Color of index 127*/
  0xbe, 0xbf, 0xbe, 0xff, 	/*Color of index 128*/
  0xb6, 0xb7, 0xb6, 0xff, 	/*Color of index 129*/
  0xb6, 0xb7, 0xb6, 0xff, 	/*Color of index 130*/
  0xae, 0xaf, 0xae, 0xff, 	/*Color of index 131*/
  0x9f, 0xa0, 0x9f, 0xff, 	/*Color of index 132*/
  0x96, 0x98, 0x97, 0xff, 	/*Color of index 133*/
  0x8e, 0x90, 0x8f, 0xff, 	/*Color of index 134*/
  0x87, 0x88, 0x87, 0xff, 	/*Color of index 135*/
  0x7f, 0x80, 0x7f, 0xff, 	/*Color of index 136*/
  0x7d, 0x7f, 0x7e, 0xff, 	/*Color of index 137*/
  0x77, 0x78, 0x77, 0xff, 	/*Color of index 138*/
  0x6f, 0x70, 0x6f, 0xff, 	/*Color of index 139*/
  0x6d, 0x6f, 0x6e, 0xff, 	/*Color of index 140*/
  0x67, 0x68, 0x67, 0xff, 	/*Color of index 141*/
  0x5f, 0x60, 0x5f, 0xff, 	/*Color of index 142*/
  0x56, 0x58, 0x57, 0xff, 	/*Color of index 143*/
  0x4f, 0x50, 0x4f, 0xff, 	/*Color of index 144*/
  0x4e, 0x4f, 0x4e, 0xff, 	/*Color of index 145*/
  0x47, 0x48, 0x47, 0xff, 	/*Color of index 146*/
  0x3f, 0x40, 0x3f, 0xff, 	/*Color of index 147*/
  0x3e, 0x3f, 0x3e, 0xff, 	/*Color of index 148*/
  0x37, 0x38, 0x37, 0xff, 	/*Color of index 149*/
  0x36, 0x37, 0x36, 0xff, 	/*Color of index 150*/
  0x2f, 0x30, 0x2f, 0xff, 	/*Color of index 151*/
  0x2e, 0x2f, 0x2e, 0xff, 	/*Color of index 152*/
  0x27, 0x28, 0x27, 0xff, 	/*Color of index 153*/
  0x1e, 0x20, 0x1f, 0xff, 	/*Color of index 154*/
  0x17, 0x18, 0x17, 0xff, 	/*Color of index 155*/
  0x0f, 0x10, 0x0f, 0xff, 	/*Color of index 156*/
  0x0e, 0x0f, 0x0e, 0xff, 	/*Color of index 157*/
  0x06, 0x07, 0x06, 0xff, 	/*Color of index 158*/
  0xf6, 0xf7, 0xf5, 0xff, 	/*Color of index 159*/
  0xee, 0xef, 0xed, 0xff, 	/*Color of index 160*/
  0xe7, 0xe8, 0xe6, 0xff, 	/*Color of index 161*/
  0xce, 0xcf, 0xcd, 0xff, 	/*Color of index 162*/
  0xc6, 0xc7, 0xc5, 0xff, 	/*Color of index 163*/
  0xa6, 0xa7, 0xa5, 0xff, 	/*Color of index 164*/
  0x9e, 0x9f, 0x9d, 0xff, 	/*Color of index 165*/
  0x76, 0x77, 0x75, 0xff, 	/*Color of index 166*/
  0x46, 0x47, 0x45, 0xff, 	/*Color of index 167*/
  0x16, 0x17, 0x15, 0xff, 	/*Color of index 168*/
  0xf8, 0xf8, 0xf7, 0xff, 	/*Color of index 169*/
  0xf3, 0xf3, 0xf2, 0xff, 	/*Color of index 170*/
  0xf0, 0xf0, 0xef, 0xff, 	/*Color of index 171*/
  0xeb, 0xeb, 0xea, 0xff, 	/*Color of index 172*/
  0xe8, 0xe8, 0xe7, 0xff, 	/*Color of index 173*/
  0xe0, 0xe0, 0xdf, 0xff, 	/*Color of index 174*/
  0xd8, 0xd8, 0xd6, 0xff, 	/*Color of index 175*/
  0xd3, 0xd3, 0xd2, 0xff, 	/*Color of index 176*/
  0xd0, 0xd0, 0xcf, 0xff, 	/*Color of index 177*/
  0xc8, 0xc8, 0xc7, 0xff, 	/*Color of index 178*/
  0xc3, 0xc3, 0xc2, 0xff, 	/*Color of index 179*/
  0xc0, 0xc0, 0xbf, 0xff, 	/*Color of index 180*/
  0xbb, 0xbb, 0xba, 0xff, 	/*Color of index 181*/
  0xb8, 0xb8, 0xb7, 0xff, 	/*Color of index 182*/
  0xb0, 0xb0, 0xaf, 0xff, 	/*Color of index 183*/
  0xaf, 0xaf, 0xae, 0xff, 	/*Color of index 184*/
  0xab, 0xab, 0xaa, 0xff, 	/*Color of index 185*/
  0xa8, 0xa8, 0xa7, 0xff, 	/*Color of index 186*/
  0x98, 0x98, 0x97, 0xff, 	/*Color of index 187*/
  0x90, 0x90, 0x8f, 0xff, 	/*Color of index 188*/
  0x88, 0x88, 0x87, 0xff, 	/*Color of index 189*/
  0x68, 0x68, 0x67, 0xff, 	/*Color of index 190*/
  0x60, 0x60, 0x5f, 0xff, 	/*Color of index 191*/
  0x58, 0x58, 0x57, 0xff, 	/*Color of index 192*/
  0x28, 0x28, 0x27, 0xff, 	/*Color of index 193*/
  0x20, 0x20, 0x1f, 0xff, 	/*Color of index 194*/
  0x08, 0x08, 0x06, 0xff, 	/*Color of index 195*/
  0xf8, 0xf7, 0xf7, 0xff, 	/*Color of index 196*/
  0xdb, 0xda, 0xda, 0xff, 	/*Color of index 197*/
  0xd8, 0xd7, 0xd7, 0xff, 	/*Color of index 198*/
  0xc8, 0xc7, 0xc7, 0xff, 	/*Color of index 199*/
  0xc0, 0xbf, 0xbf, 0xff, 	/*Color of index 200*/
  0xb8, 0xb7, 0xb7, 0xff, 	/*Color of index 201*/
  0xf0, 0xee, 0xf0, 0xff, 	/*Color of index 202*/
  0xe8, 0xe7, 0xe8, 0xff, 	/*Color of index 203*/
  0xb0, 0xae, 0xb0, 0xff, 	/*Color of index 204*/
  0xa8, 0xa7, 0xa8, 0xff, 	/*Color of index 205*/
  0xa0, 0x9f, 0xa0, 0xff, 	/*Color of index 206*/
  0x98, 0x97, 0x98, 0xff, 	/*Color of index 207*/
  0x80, 0x7e, 0x80, 0xff, 	/*Color of index 208*/
  0x70, 0x6f, 0x70, 0xff, 	/*Color of index 209*/
  0x60, 0x5e, 0x60, 0xff, 	/*Color of index 210*/
  0x40, 0x3e, 0x40, 0xff, 	/*Color of index 211*/
  0x20, 0x1e, 0x20, 0xff, 	/*Color of index 212*/
  0x08, 0x06, 0x08, 0xff, 	/*Color of index 213*/
  0xde, 0xdd, 0xdf, 0xff, 	/*Color of index 214*/
  0x36, 0x35, 0x37, 0xff, 	/*Color of index 215*/
  0x2e, 0x2d, 0x2f, 0xff, 	/*Color of index 216*/
  0x16, 0x15, 0x17, 0xff, 	/*Color of index 217*/
  0x00, 0x00, 0x00, 0x00, 	/*Color of index 218*/
  0x00, 0x00, 0x00, 0x00, 	/*Color of index 219*/
  0x00, 0x00, 0x00, 0x00, 	/*Color of index 220*/
  0x00, 0x00, 0x00, 0x00, 	/*Color of index 221*/
  0x00, 0x00, 0x00, 0x00, 	/*Color of index 222*/
  0x00, 0x00, 0x00, 0x00, 	/*Color of index 223*/
  0x00, 0x00, 0x00, 0x00, 	/*Color of index 224*/
  0x00, 0x00, 0x00, 0x00, 	/*Color of index 225*/
  0x00, 0x00, 0x00, 0x00, 	/*Color of index 226*/
  0x00, 0x00, 0x00, 0x00, 	/*Color of index 227*/
  0x00, 0x00, 0x00, 0x00, 	/*Color of index 228*/
  0x00, 0x00, 0x00, 0x00, 	/*Color of index 229*/
  0x00, 0x00, 0x00, 0x00, 	/*Color of index 230*/
  0x00, 0x00, 0x00, 0x00, 	/*Color of index 231*/
  0x00, 0x00, 0x00, 0x00, 	/*Color of index 232*/
  0x00, 0x00, 0x00, 0x00, 	/*Color of index 233*/
  0x00, 0x00, 0x00, 0x00, 	/*Color of index 234*/
  0x00, 0x00, 0x00, 0x00, 	/*Color of index 235*/
  0x00, 0x00, 0x00, 0x00, 	/*Color of index 236*/
  0x00, 0x00, 0x00, 0x00, 	/*Color of index 237*/
  0x00, 0x00, 0x00, 0x00, 	/*Color of index 238*/
  0x00, 0x00, 0x00, 0x00, 	/*Color of index 239*/
  0x00, 0x00, 0x00, 0x00, 	/*Color of index 240*/
  0x00, 0x00, 0x00, 0x00, 	/*Color of index 241*/
  0x00, 0x00, 0x00, 0x00, 	/*Color of index 242*/
  0x00, 0x00, 0x00, 0x00, 	/*Color of index 243*/
  0x00, 0x00, 0x00, 0x00, 	/*Color of index 244*/
  0x00, 0x00, 0x00, 0x00, 	/*Color of index 245*/
  0x00, 0x00, 0x00, 0x00, 	/*Color of index 246*/
  0x00, 0x00, 0x00, 0x00, 	/*Color of index 247*/
  0x00, 0x00, 0x00, 0x00, 	/*Color of index 248*/
  0x00, 0x00, 0x00, 0x00, 	/*Color of index 249*/
  0x00, 0x00, 0x00, 0x00, 	/*Color of index 250*/
  0x00, 0x00, 0x00, 0x00, 	/*Color of index 251*/
  0x00, 0x00, 0x00, 0x00, 	/*Color of index 252*/
  0x00, 0x00, 0x00, 0x00, 	/*Color of index 253*/
  0x00, 0x00, 0x00, 0x00, 	/*Color of index 254*/
  0x00, 0x00, 0x00, 0x00, 	/*Color of index 255*/

  0x63, 0x63, 0x63, 0x63, 0x63, 0x63, 0x63, 0x63, 0x63, 0x63, 0x63, 0x63, 0x63, 0x63, 0x63, 0x63, 0x63, 0x63, 0x63, 0x63, 0x63, 0x63, 0x63, 0x63, 0x63, 0x63, 0x63, 0x63, 0x63, 0x63, 0x63, 0x63, 0x63, 0x63, 0x63, 0x63, 0x63, 0x63, 0x63, 0x63, 0x63, 0x63, 0x63, 0x63, 0x63, 0x63, 0x63, 0x63, 0x63, 0x63, 0x63, 0x63, 0x63, 0x63, 0x63, 0x63, 0x63, 0x63, 0x63, 0x63, 0x63, 0x63, 0x63, 0x63, 0x63, 0x63, 0x63, 0x63, 0x63, 0x63, 0x63, 0x63, 0x63, 0x63, 0x63, 0x63, 0x63, 0x63, 0x63, 0x63, 0x63, 0x63, 0x63, 0x63, 0x63, 0x63, 0x63, 0x63, 0x63, 0x63, 0x63, 0x63, 0x63, 0x63, 0x63, 0x63, 0x63, 0x63, 0x63, 0x63, 0x63, 0x63, 0x63, 0x63, 0x63, 0x63, 0x63, 0x63, 0x63, 0x63, 0x63, 0x63, 0x63, 0x63, 0x63, 0x63, 0x63, 0x63, 0x63, 0x63, 0x63, 0x63, 0x63, 0x63, 0x63, 0x63, 0x63, 0x63, 0x63, 0x63, 0x63, 0x63, 0x63, 0x63, 0x63, 0x63, 0x63, 0x63, 0x63, 0x63, 0x63, 0x63, 0x63, 0x63, 0x63, 0x63, 0x63, 0x63, 0x63, 0x63, 0x63, 0x63, 0x63, 0x63, 0x63, 0x63, 0x63, 0x63, 0x63, 0x63, 0x63, 0x63, 0x63, 0x63, 0x63, 0x63, 0x63, 0x63, 0x63, 0x63, 0x63, 0x63, 0x63, 0x63, 0x63, 0x63, 0x63, 0x63, 0x63, 0x63, 0x63, 0x63, 0x63, 0x63, 0x63, 0x63, 0x63, 0x63, 0x63, 0x63, 0x63, 0x63, 0x63, 0x63, 0x63, 0x63, 0x63, 0x63, 0x63, 0x63, 0x63, 0x63, 0x63, 0x63, 0x63, 0x63, 0x63, 0x63, 0x63, 0x63, 0x63, 0x63, 0x63, 0x63, 0x63, 0x63, 0x63, 0x63, 0x63, 0x63, 0x63, 0x63, 0x63, 0x63, 0x63, 0x63, 0x63, 0x63, 0x63, 0x63, 0x63, 0x63, 0x63, 0x63, 0x63, 0x63, 0x63, 0x63, 0x63, 0x63, 0x63, 0x63, 0x63, 0x63, 0x63, 0x63, 0x63, 0x63, 0x63, 0x63, 0x63, 0x63, 0x63, 0x63, 0x63, 0x63, 0x63, 0x63, 0x63, 0x63, 0x63, 0x63, 0x63, 0x63, 0x63, 0x63, 0x63, 0x63, 0x63, 0x63, 0x63, 0x63, 0x63, 0x63, 0x63, 0x63, 0x63, 0x63, 0x63, 0x63, 0x63, 0x63, 0x63, 0x63, 0x63, 0x63, 0x63, 0x63, 0x63, 0x63, 0x63, 0x63, 0x63, 0x63, 0x63, 0x63, 0x63, 0x63, 0x63, 0x63, 0x63, 0x63, 0x63, 0x63, 0x63, 0x63, 0x63, 0x63, 0x63, 0x63, 0x63, 0x63, 0x63, 0x63, 0x63, 0x63, 0x63, 0x63, 0x63, 0x63, 0x63, 0x63, 0x63, 0x63, 0x63, 0x63, 0x63, 0x63, 0x63, 0x63, 0x63, 0x63, 0x63, 0x63, 0x63, 0x63, 0x63, 0x63, 0x63, 0x63, 0x63, 0x63, 0x63, 0x63, 0x63, 0x63, 0x63, 0x63, 0x63, 0x63, 0x63, 0x63, 0x63, 0x63, 0x63, 0x63, 0x63, 0x63, 0x63, 0x63, 
  0x63, 0x63, 0x63, 0x63, 0x63, 0x63, 0x63, 0x63, 0x63, 0x63, 0x63, 0x63, 0x63, 0x63, 0x63, 0x63, 0x63, 0x63, 0x63, 0x63, 0x63, 0x63, 0x63, 0x63, 0x63, 0x63, 0x63, 0x63, 0x63, 0x63, 0x63, 0x63, 0x63, 0x63, 0x63, 0x63, 0x63, 0x63, 0x63, 0x63, 0x63, 0x63, 0x63, 0x63, 0x63, 0x63, 0x63, 0x63, 0x63, 0x63, 0x63, 0x63, 0x63, 0x63, 0x63, 0x63, 0x63, 0x63, 0x63, 0x63, 0x63, 0x63, 0x63, 0x63, 0x63, 0x63, 0x63, 0x63, 0x63, 0x63, 0x63, 0x63, 0x63, 0x63, 0x63, 0x63, 0x63, 0x63, 0x63, 0x63, 0x63, 0x63, 0x63, 0x63, 0x63, 0x63, 0x63, 0x63, 0x63, 0x63, 0x63, 0x63, 0x63, 0x63, 0x63, 0x63, 0x63, 0x63, 0x63, 0x63, 0x63, 0x63, 0x63, 0x63, 0x63, 0x63, 0x63, 0x63, 0x63, 0x63, 0x63, 0x63, 0x63, 0x63, 0x63, 0x63, 0x63, 0x63, 0x63, 0x63, 0x63, 0x63, 0x63, 0x63, 0x63, 0x63, 0x63, 0x63, 0x63, 0x63, 0x63, 0x63, 0x63, 0x63, 0x63, 0x63, 0x63, 0x63, 0x63, 0x63, 0x63, 0x63, 0x63, 0x63, 0x63, 0x63, 0x63, 0x63, 0x63, 0x63, 0x63, 0x63, 0x63, 0x63, 0x63, 0x63, 0x63, 0x63, 0x63, 0x63, 0x63, 0x63, 0x63, 0x63, 0x63, 0x63, 0x63, 0x63, 0x63, 0x63, 0x63, 0x63, 0x63, 0x63, 0x63, 0x63, 0x63, 0x63, 0x63, 0x63, 0x63, 0x63, 0x63, 0x63, 0x63, 0x63, 0x63, 0x63, 0x63, 0x63, 0x63, 0x63, 0x63, 0x63, 0x63, 0x63, 0x63, 0x63, 0x63, 0x63, 0x63, 0x63, 0x63, 0x63, 0x63, 0x63, 0x63, 0x63, 0x63, 0x63, 0x63, 0x63, 0x63, 0x63, 0x63, 0x63, 0x63, 0x63, 0x63, 0x63, 0x63, 0x63, 0x63, 0x63, 0x63, 0x63, 0x63, 0x63, 0x63, 0x63, 0x63, 0x63, 0x63, 0x63, 0x63, 0x63, 0x63, 0x63, 0x63, 0x63, 0x63, 0x63, 0x63, 0x63, 0x63, 0x63, 0x63, 0x63, 0x63, 0x63, 0x63, 0x63, 0x63, 0x63, 0x63, 0x63, 0x63, 0x63, 0x63, 0x63, 0x63, 0x63, 0x63, 0x63, 0x63, 0x63, 0x63, 0x63, 0x63, 0x63, 0x63, 0x63, 0x63, 0x63, 0x63, 0x63, 0x63, 0x63, 0x63, 0x63, 0x63, 0x63, 0x63, 0x63, 0x63, 0x63, 0x63, 0x63, 0x63, 0x63, 0x63, 0x63, 0x63, 0x63, 0x63, 0x63, 0x63, 0x63, 0x63, 0x63, 0x63, 0x63, 0x63, 0x63, 0x63, 0x63, 0x63, 0x63, 0x63, 0x63, 0x63, 0x63, 0x63, 0x63, 0x63, 0x63, 0x63, 0x63, 0x63, 0x63, 0x63, 0x63, 0x63, 0x63, 0x63, 0x63, 0x63, 0x63, 0x63, 0x63, 0x63, 0x63, 0x63, 0x63, 0x63, 0x63, 0x63, 0x63, 0x63, 0x63, 0x63, 0x63, 0x63, 0x63, 0x63, 0x63, 0x63, 0x63, 0x63, 0x63, 0x63, 0x63, 0x63, 0x63, 0x63, 0x63, 0x63, 0x63, 0x63, 0x63, 
  0x63, 0x63, 0x63, 0x63, 0x63, 0x63, 0x63, 0x63, 0x63, 0x63, 0x63, 0x63, 0x63, 0x63, 0x63, 0x63, 0x63, 0x63, 0x63, 0x63, 0x63, 0x63, 0x63, 0x63, 0x63, 0x63, 0x63, 0x63, 0x63, 0x63, 0x63, 0x63, 0x63, 0x63, 0x63, 0x63, 0x63, 0x63, 0x63, 0x63, 0x63, 0x63, 0x63, 0x63, 0x63, 0x63, 0x63, 0x63, 0x63, 0x63, 0x63, 0x63, 0x63, 0x63, 0x63, 0x63, 0x63, 0x63, 0x63, 0x63, 0x63, 0x63, 0x63, 0x63, 0x63, 0x63, 0x63, 0x63, 0x63, 0x63, 0x63, 0x63, 0x63, 0x63, 0x63, 0x63, 0x63, 0x63, 0x63, 0x63, 0x63, 0x63, 0x63, 0x63, 0x63, 0x63, 0x63, 0x63, 0x63, 0x63, 0x63, 0x63, 0x63, 0x63, 0x63, 0x63, 0x63, 0x63, 0x63, 0x63, 0x63, 0x63, 0x63, 0x63, 0x63, 0x63, 0x63, 0x63, 0x63, 0x63, 0x63, 0x63, 0x63, 0x63, 0x63, 0x63, 0x63, 0x63, 0x63, 0x63, 0x63, 0x63, 0x63, 0x63, 0x63, 0x63, 0x63, 0x63, 0x63, 0x63, 0x63, 0x63, 0x63, 0x63, 0x63, 0x63, 0x63, 0x63, 0x63, 0x63, 0x63, 0x63, 0x63, 0x63, 0x63, 0x63, 0x63, 0x63, 0x63, 0x63, 0x63, 0x63, 0x63, 0x63, 0x63, 0x63, 0x63, 0x63, 0x63, 0x63, 0x63, 0x63, 0x63, 0x63, 0x63, 0x63, 0x63, 0x63, 0x63, 0x63, 0x62, 0x63, 0x63, 0x63, 0x63, 0x63, 0x62, 0x63, 0x62, 0x63, 0x62, 0x63, 0x63, 0x62, 0x63, 0x62, 0x63, 0x63, 0x62, 0x63, 0x63, 0x63, 0x63, 0x63, 0x63, 0x63, 0x63, 0x63, 0x63, 0x63, 0x63, 0x63, 0x63, 0x63, 0x63, 0x63, 0x63, 0x63, 0x63, 0x63, 0x63, 0x63, 0x63, 0x63, 0x63, 0x63, 0x63, 0x63, 0x63, 0x63, 0x63, 0x63, 0x63, 0x63, 0x63, 0x63, 0x63, 0x63, 0x63, 0x63, 0x63, 0x63, 0x63, 0x63, 0x63, 0x63, 0x63, 0x63, 0x63, 0x63, 0x63, 0x63, 0x63, 0x63, 0x63, 0x63, 0x63, 0x63, 0x63, 0x63, 0x63, 0x63, 0x63, 0x63, 0x63, 0x63, 0x63, 0x63, 0x63, 0x63, 0x63, 0x63, 0x63, 0x63, 0x63, 0x63, 0x63, 0x63, 0x63, 0x63, 0x63, 0x63, 0x63, 0x63, 0x63, 0x63, 0x63, 0x63, 0x63, 0x63, 0x63, 0x63, 0x63, 0x63, 0x63, 0x63, 0x63, 0x63, 0x63, 0x63, 0x63, 0x63, 0x63, 0x63, 0x63, 0x63, 0x63, 0x63, 0x63, 0x63, 0x63, 0x63, 0x63, 0x63, 0x63, 0x63, 0x63, 0x63, 0x63, 0x63, 0x63, 0x63, 0x63, 0x63, 0x63, 0x63, 0x63, 0x63, 0x63, 0x63, 0x63, 0x63, 0x63, 0x63, 0x63, 0x63, 0x63, 0x63, 0x63, 0x63, 0x63, 0x63, 0x63, 0x63, 0x63, 0x63, 0x63, 0x63, 0x63, 0x63, 0x63, 0x63, 0x63, 0x63, 0x63, 0x63, 0x63, 0x63, 0x63, 0x63, 0x63, 0x63, 0x63, 0x63, 0x63, 0x63, 0x63, 0x63, 0x63, 0x63, 
  0x63, 0x63, 0x63, 0x63, 0x63, 0x63, 0x63, 0x63, 0x63, 0x63, 0x63, 0x63, 0x63, 0x63, 0x63, 0x63, 0x63, 0x63, 0x63, 0x63, 0x63, 0x63, 0x63, 0x63, 0x63, 0x63, 0x63, 0x63, 0x63, 0x63, 0x63, 0x63, 0x63, 0x63, 0x63, 0x63, 0x63, 0x63, 0x63, 0x63, 0x63, 0x63, 0x63, 0x63, 0x63, 0x63, 0x63, 0x63, 0x63, 0x63, 0x63, 0x63, 0x63, 0x63, 0x63, 0x63, 0x63, 0x63, 0x63, 0x63, 0x63, 0x63, 0x63, 0x63, 0x63, 0x63, 0x63, 0x63, 0x63, 0x63, 0x63, 0x63, 0x63, 0x63, 0x63, 0x63, 0x63, 0x63, 0x63, 0x63, 0x63, 0x63, 0x63, 0x63, 0x63, 0x63, 0x63, 0x63, 0x63, 0x63, 0x63, 0x63, 0x63, 0x63, 0x63, 0x63, 0x63, 0x63, 0x63, 0x63, 0x63, 0x63, 0x63, 0x63, 0x63, 0x63, 0x63, 0x63, 0x63, 0x63, 0x63, 0x63, 0x63, 0x63, 0x63, 0x63, 0x63, 0x63, 0x63, 0x63, 0x63, 0x63, 0x63, 0x63, 0x63, 0x63, 0x63, 0x63, 0x63, 0x63, 0x63, 0x63, 0x63, 0x63, 0x63, 0x63, 0x63, 0x63, 0x63, 0x63, 0x63, 0x63, 0x63, 0x63, 0x63, 0x63, 0x63, 0x63, 0x63, 0x63, 0x63, 0x63, 0x63, 0x63, 0x63, 0x62, 0x63, 0x62, 0x63, 0x62, 0x63, 0x62, 0x63, 0x62, 0x63, 0x62, 0x63, 0x62, 0x63, 0x62, 0x63, 0x62, 0x62, 0x62, 0x62, 0x63, 0x62, 0x63, 0x62, 0x63, 0x62, 0x63, 0x62, 0x63, 0x62, 0x63, 0x62, 0x63, 0x62, 0x63, 0x62, 0x63, 0x62, 0x63, 0x62, 0x63, 0x62, 0x63, 0x62, 0x63, 0x62, 0x63, 0x63, 0x63, 0x63, 0x63, 0x63, 0x63, 0x63, 0x63, 0x63, 0x63, 0x63, 0x63, 0x63, 0x63, 0x63, 0x63, 0x63, 0x63, 0x63, 0x63, 0x63, 0x63, 0x63, 0x63, 0x63, 0x63, 0x63, 0x63, 0x63, 0x63, 0x63, 0x63, 0x63, 0x63, 0x63, 0x63, 0x63, 0x63, 0x63, 0x63, 0x63, 0x63, 0x63, 0x63, 0x63, 0x63, 0x63, 0x63, 0x63, 0x63, 0x63, 0x63, 0x63, 0x63, 0x63, 0x63, 0x63, 0x63, 0x63, 0x63, 0x63, 0x63, 0x63, 0x63, 0x63, 0x63, 0x63, 0x63, 0x63, 0x63, 0x63, 0x63, 0x63, 0x63, 0x63, 0x63, 0x63, 0x63, 0x63, 0x63, 0x63, 0x63, 0x63, 0x63, 0x63, 0x63, 0x63, 0x63, 0x63, 0x63, 0x63, 0x63, 0x63, 0x63, 0x63, 0x63, 0x63, 0x63, 0x63, 0x63, 0x63, 0x63, 0x63, 0x63, 0x63, 0x63, 0x63, 0x63, 0x63, 0x63, 0x63, 0x63, 0x63, 0x63, 0x63, 0x63, 0x63, 0x63, 0x63, 0x63, 0x63, 0x63, 0x63, 0x63, 0x63, 0x63, 0x63, 0x63, 0x63, 0x63, 0x63, 0x63, 0x63, 0x63, 0x63, 0x63, 0x63, 0x63, 0x63, 0x63, 0x63, 0x63, 0x63, 0x63, 0x63, 0x63, 0x63, 0x63, 0x63, 0x63, 0x63, 0x63, 0x63, 0x63, 0x63, 0x63, 0x63, 0x63, 
  0x63, 0x63, 0x63, 0x63, 0x63, 0x63, 0x63, 0x63, 0x63, 0x63, 0x63, 0x63, 0x63, 0x63, 0x63, 0x63, 0x63, 0x63, 0x63, 0x63, 0x63, 0x63, 0x63, 0x63, 0x63, 0x63, 0x63, 0x63, 0x63, 0x63, 0x63, 0x63, 0x63, 0x63, 0x63, 0x63, 0x63, 0x63, 0x63, 0x63, 0x63, 0x63, 0x63, 0x63, 0x63, 0x63, 0x63, 0x63, 0x63, 0x63, 0x63, 0x63, 0x63, 0x63, 0x63, 0x63, 0x63, 0x63, 0x63, 0x63, 0x63, 0x63, 0x63, 0x63, 0x63, 0x63, 0x63, 0x63, 0x63, 0x63, 0x63, 0x63, 0x63, 0x63, 0x63, 0x63, 0x63, 0x63, 0x63, 0x63, 0x63, 0x63, 0x63, 0x63, 0x63, 0x63, 0x63, 0x63, 0x63, 0x63, 0x63, 0x63, 0x63, 0x63, 0x63, 0x63, 0x63, 0x63, 0x63, 0x63, 0x63, 0x63, 0x63, 0x63, 0x63, 0x63, 0x63, 0x63, 0x63, 0x63, 0x63, 0x63, 0x63, 0x63, 0x63, 0x63, 0x63, 0x63, 0x63, 0x63, 0x63, 0x63, 0x63, 0x63, 0x63, 0x63, 0x63, 0x63, 0x63, 0x63, 0x63, 0x63, 0x63, 0x63, 0x63, 0x63, 0x63, 0x63, 0x63, 0x63, 0x63, 0x63, 0x63, 0x63, 0x63, 0x63, 0x63, 0x62, 0x63, 0x62, 0x63, 0x62, 0x63, 0x62, 0x62, 0x63, 0x62, 0x63, 0x62, 0x62, 0x62, 0x63, 0x62, 0x63, 0x62, 0x62, 0x62, 0x62, 0x62, 0x62, 0x62, 0x62, 0x62, 0x63, 0x62, 0x62, 0x62, 0x62, 0x62, 0x62, 0x62, 0x62, 0x62, 0x62, 0x62, 0x62, 0x62, 0x62, 0x62, 0x62, 0x62, 0x62, 0x62, 0x62, 0x63, 0x62, 0x63, 0x62, 0x63, 0x62, 0x63, 0x62, 0x63, 0x62, 0x62, 0x63, 0x62, 0x63, 0x62, 0x63, 0x63, 0x63, 0x63, 0x63, 0x63, 0x63, 0x63, 0x63, 0x63, 0x63, 0x63, 0x63, 0x63, 0x63, 0x63, 0x63, 0x63, 0x63, 0x63, 0x63, 0x63, 0x63, 0x63, 0x63, 0x63, 0x63, 0x63, 0x63, 0x63, 0x63, 0x63, 0x63, 0x63, 0x63, 0x63, 0x63, 0x63, 0x63, 0x63, 0x63, 0x63, 0x63, 0x63, 0x63, 0x63, 0x63, 0x63, 0x63, 0x63, 0x63, 0x63, 0x63, 0x63, 0x63, 0x63, 0x63, 0x63, 0x63, 0x63, 0x63, 0x63, 0x63, 0x63, 0x63, 0x63, 0x63, 0x63, 0x63, 0x63, 0x63, 0x63, 0x63, 0x63, 0x63, 0x63, 0x63, 0x63, 0x63, 0x63, 0x63, 0x63, 0x63, 0x63, 0x63, 0x63, 0x63, 0x63, 0x63, 0x63, 0x63, 0x63, 0x63, 0x63, 0x63, 0x63, 0x63, 0x63, 0x63, 0x63, 0x63, 0x63, 0x63, 0x63, 0x63, 0x63, 0x63, 0x63, 0x63, 0x63, 0x63, 0x63, 0x63, 0x63, 0x63, 0x63, 0x63, 0x63, 0x63, 0x63, 0x63, 0x63, 0x63, 0x63, 0x63, 0x63, 0x63, 0x63, 0x63, 0x63, 0x63, 0x63, 0x63, 0x63, 0x63, 0x63, 0x63, 0x63, 0x63, 0x63, 0x63, 0x63, 0x63, 0x63, 0x63, 0x63, 0x63, 0x63, 0x63, 0x63, 0x63, 
  0x63, 0x63, 0x63, 0x63, 0x63, 0x63, 0x63, 0x63, 0x63, 0x63, 0x63, 0x63, 0x63, 0x63, 0x63, 0x63, 0x63, 0x63, 0x63, 0x63, 0x63, 0x63, 0x63, 0x63, 0x63, 0x63, 0x63, 0x63, 0x63, 0x63, 0x63, 0x63, 0x63, 0x63, 0x63, 0x63, 0x63, 0x63, 0x63, 0x63, 0x63, 0x63, 0x63, 0x63, 0x63, 0x63, 0x63, 0x63, 0x63, 0x63, 0x63, 0x63, 0x63, 0x63, 0x63, 0x63, 0x63, 0x63, 0x63, 0x63, 0x63, 0x63, 0x63, 0x63, 0x63, 0x63, 0x63, 0x63, 0x63, 0x63, 0x63, 0x63, 0x63, 0x63, 0x63, 0x63, 0x63, 0x63, 0x63, 0x63, 0x63, 0x63, 0x63, 0x63, 0x63, 0x63, 0x63, 0x63, 0x63, 0x63, 0x63, 0x63, 0x63, 0x63, 0x63, 0x63, 0x63, 0x63, 0x63, 0x63, 0x63, 0x63, 0x63, 0x63, 0x63, 0x63, 0x63, 0x63, 0x63, 0x63, 0x63, 0x63, 0x63, 0x63, 0x63, 0x63, 0x63, 0x63, 0x63, 0x63, 0x63, 0x63, 0x63, 0x63, 0x63, 0x63, 0x63, 0x63, 0x63, 0x63, 0x63, 0x63, 0x63, 0x63, 0x63, 0x63, 0x63, 0x63, 0x63, 0x63, 0x63, 0x63, 0x63, 0x62, 0x63, 0x62, 0x63, 0x62, 0x63, 0x62, 0x63, 0x62, 0x62, 0x62, 0x62, 0x62, 0x62, 0x62, 0x62, 0x62, 0x62, 0x75, 0x62, 0x75, 0x62, 0x62, 0x62, 0x62, 0x62, 0x62, 0x62, 0x62, 0x75, 0x9e, 0x75, 0x62, 0x62, 0x62, 0x62, 0x62, 0x62, 0x62, 0x62, 0x62, 0x62, 0x62, 0x62, 0x62, 0x62, 0x62, 0x62, 0x62, 0x62, 0x62, 0x62, 0x62, 0x62, 0x62, 0x62, 0x62, 0x62, 0x62, 0x62, 0x62, 0x62, 0x62, 0x63, 0x62, 0x63, 0x62, 0x63, 0x62, 0x63, 0x62, 0x63, 0x63, 0x63, 0x63, 0x63, 0x63, 0x63, 0x63, 0x63, 0x63, 0x63, 0x63, 0x63, 0x63, 0x63, 0x63, 0x63, 0x63, 0x63, 0x63, 0x63, 0x63, 0x63, 0x63, 0x63, 0x63, 0x63, 0x63, 0x63, 0x63, 0x63, 0x63, 0x63, 0x63, 0x63, 0x63, 0x63, 0x63, 0x63, 0x63, 0x63, 0x63, 0x63, 0x63, 0x63, 0x63, 0x63, 0x63, 0x63, 0x63, 0x63, 0x63, 0x63, 0x63, 0x63, 0x63, 0x63, 0x63, 0x63, 0x63, 0x63, 0x63, 0x63, 0x63, 0x63, 0x63, 0x63, 0x63, 0x63, 0x63, 0x63, 0x63, 0x63, 0x63, 0x63, 0x63, 0x63, 0x63, 0x63, 0x63, 0x63, 0x63, 0x63, 0x63, 0x63, 0x63, 0x63, 0x63, 0x63, 0x63, 0x63, 0x63, 0x63, 0x63, 0x63, 0x63, 0x63, 0x63, 0x63, 0x63, 0x63, 0x63, 0x63, 0x63, 0x63, 0x63, 0x63, 0x63, 0x63, 0x63, 0x63, 0x63, 0x63, 0x63, 0x63, 0x63, 0x63, 0x63, 0x63, 0x63, 0x63, 0x63, 0x63, 0x63, 0x63, 0x63, 0x63, 0x63, 0x63, 0x63, 0x63, 0x63, 0x63, 0x63, 0x63, 0x63, 0x63, 0x63, 0x63, 0x63, 0x63, 0x63, 0x63, 0x63, 0x63, 0x63, 
  0x63, 0x63, 0x63, 0x63, 0x63, 0x63, 0x63, 0x63, 0x63, 0x63, 0x63, 0x63, 0x63, 0x63, 0x63, 0x63, 0x63, 0x63, 0x63, 0x63, 0x63, 0x63, 0x63, 0x63, 0x63, 0x63, 0x63, 0x63, 0x63, 0x63, 0x63, 0x63, 0x63, 0x63, 0x63, 0x63, 0x63, 0x63, 0x63, 0x63, 0x63, 0x63, 0x63, 0x63, 0x63, 0x63, 0x63, 0x63, 0x63, 0x63, 0x63, 0x63, 0x63, 0x63, 0x63, 0x63, 0x63, 0x63, 0x63, 0x63, 0x63, 0x63, 0x63, 0x63, 0x63, 0x63, 0x63, 0x63, 0x63, 0x63, 0x63, 0x63, 0x63, 0x63, 0x63, 0x63, 0x63, 0x63, 0x63, 0x63, 0x63, 0x63, 0x63, 0x63, 0x63, 0x63, 0x63, 0x63, 0x63, 0x63, 0x63, 0x63, 0x63, 0x63, 0x63, 0x63, 0x63, 0x63, 0x63, 0x63, 0x63, 0x63, 0x63, 0x63, 0x63, 0x63, 0x63, 0x63, 0x63, 0x63, 0x63, 0x63, 0x63, 0x63, 0x63, 0x63, 0x63, 0x63, 0x63, 0x63, 0x63, 0x63, 0x63, 0x63, 0x63, 0x63, 0x63, 0x63, 0x63, 0x63, 0x63, 0x63, 0x63, 0x63, 0x63, 0x63, 0x63, 0x63, 0x62, 0x63, 0x62, 0x63, 0x62, 0x63, 0x62, 0x63, 0x62, 0x62, 0x62, 0x62, 0x75, 0x62, 0x62, 0x62, 0x62, 0x62, 0x75, 0x62, 0x75, 0x75, 0x75, 0x62, 0x75, 0x62, 0x75, 0x75, 0x9e, 0x75, 0xd5, 0x9e, 0x75, 0x61, 0x9e, 0x9e, 0x9e, 0x61, 0x61, 0x9e, 0x61, 0x9e, 0x61, 0x61, 0x9e, 0x9e, 0x9e, 0x61, 0x9e, 0x75, 0x61, 0x9e, 0x75, 0x9e, 0x75, 0x75, 0x75, 0x75, 0x75, 0x75, 0x62, 0x75, 0x62, 0x62, 0x62, 0x62, 0x62, 0x62, 0x62, 0x62, 0x62, 0x62, 0x62, 0x62, 0x62, 0x63, 0x62, 0x63, 0x62, 0x63, 0x62, 0x63, 0x63, 0x63, 0x63, 0x63, 0x63, 0x63, 0x63, 0x63, 0x63, 0x63, 0x63, 0x63, 0x63, 0x63, 0x63, 0x63, 0x63, 0x63, 0x63, 0x63, 0x63, 0x63, 0x63, 0x63, 0x63, 0x63, 0x63, 0x63, 0x63, 0x63, 0x63, 0x63, 0x63, 0x63, 0x63, 0x63, 0x63, 0x63, 0x63, 0x63, 0x63, 0x63, 0x63, 0x63, 0x63, 0x63, 0x63, 0x63, 0x63, 0x63, 0x63, 0x63, 0x63, 0x63, 0x63, 0x63, 0x63, 0x63, 0x63, 0x63, 0x63, 0x63, 0x63, 0x63, 0x63, 0x63, 0x63, 0x63, 0x63, 0x63, 0x63, 0x63, 0x63, 0x63, 0x63, 0x63, 0x63, 0x63, 0x63, 0x63, 0x63, 0x63, 0x63, 0x63, 0x63, 0x63, 0x63, 0x63, 0x63, 0x63, 0x63, 0x63, 0x63, 0x63, 0x63, 0x63, 0x63, 0x63, 0x63, 0x63, 0x63, 0x63, 0x63, 0x63, 0x63, 0x63, 0x63, 0x63, 0x63, 0x63, 0x63, 0x63, 0x63, 0x63, 0x63, 0x63, 0x63, 0x63, 0x63, 0x63, 0x63, 0x63, 0x63, 0x63, 0x63, 0x63, 0x63, 0x63, 0x63, 0x63, 0x63, 0x63, 0x63, 0x63, 0x63, 0x63, 0x63, 0x63, 0x63, 0x63, 
  0x63, 0x63, 0x63, 0x63, 0x63, 0x63, 0x63, 0x63, 0x63, 0x63, 0x63, 0x63, 0x63, 0x63, 0x63, 0x63, 0x63, 0x63, 0x63, 0x63, 0x63, 0x63, 0x63, 0x63, 0x63, 0x63, 0x63, 0x63, 0x63, 0x63, 0x63, 0x63, 0x63, 0x63, 0x63, 0x63, 0x63, 0x63, 0x63, 0x63, 0x63, 0x63, 0x63, 0x63, 0x63, 0x63, 0x63, 0x63, 0x63, 0x63, 0x63, 0x63, 0x63, 0x63, 0x63, 0x63, 0x63, 0x63, 0x63, 0x63, 0x63, 0x63, 0x63, 0x63, 0x63, 0x63, 0x63, 0x63, 0x63, 0x63, 0x63, 0x63, 0x63, 0x63, 0x63, 0x63, 0x63, 0x63, 0x63, 0x63, 0x63, 0x63, 0x63, 0x63, 0x63, 0x63, 0x63, 0x63, 0x63, 0x63, 0x63, 0x63, 0x63, 0x63, 0x63, 0x63, 0x63, 0x63, 0x63, 0x63, 0x63, 0x63, 0x63, 0x63, 0x63, 0x63, 0x63, 0x63, 0x63, 0x63, 0x63, 0x63, 0x63, 0x63, 0x63, 0x63, 0x63, 0x63, 0x63, 0x63, 0x63, 0x63, 0x63, 0x63, 0x63, 0x63, 0x63, 0x63, 0x63, 0x63, 0x63, 0x63, 0x63, 0x63, 0x62, 0x63, 0x62, 0x63, 0x62, 0x63, 0x62, 0x62, 0x62, 0x62, 0x62, 0x75, 0x62, 0x62, 0x75, 0x62, 0x75, 0x62, 0x9e, 0x9e, 0x9e, 0xd5, 0x61, 0x9e, 0x9e, 0x9e, 0x61, 0x61, 0x61, 0x61, 0x61, 0x61, 0x61, 0x61, 0x61, 0x61, 0x61, 0x61, 0x61, 0x61, 0x61, 0x61, 0x61, 0x61, 0x61, 0x61, 0x61, 0x61, 0x61, 0x61, 0x61, 0x61, 0x61, 0x61, 0x61, 0x61, 0x61, 0x61, 0x61, 0xc3, 0x61, 0x9e, 0x61, 0x9e, 0x61, 0x9e, 0x9e, 0x61, 0x9e, 0xd5, 0x75, 0x75, 0x75, 0x62, 0x75, 0x62, 0x62, 0x62, 0x62, 0x62, 0x62, 0x62, 0x62, 0x63, 0x62, 0x63, 0x62, 0x63, 0x62, 0x63, 0x63, 0x63, 0x63, 0x63, 0x63, 0x63, 0x63, 0x63, 0x63, 0x63, 0x63, 0x63, 0x63, 0x63, 0x63, 0x63, 0x63, 0x63, 0x63, 0x63, 0x63, 0x63, 0x63, 0x63, 0x63, 0x63, 0x63, 0x63, 0x63, 0x63, 0x63, 0x63, 0x63, 0x63, 0x63, 0x63, 0x63, 0x63, 0x63, 0x63, 0x63, 0x63, 0x63, 0x63, 0x63, 0x63, 0x63, 0x63, 0x63, 0x63, 0x63, 0x63, 0x63, 0x63, 0x63, 0x63, 0x63, 0x63, 0x63, 0x63, 0x63, 0x63, 0x63, 0x63, 0x63, 0x63, 0x63, 0x63, 0x63, 0x63, 0x63, 0x63, 0x63, 0x63, 0x63, 0x63, 0x63, 0x63, 0x63, 0x63, 0x63, 0x63, 0x63, 0x63, 0x63, 0x63, 0x63, 0x63, 0x63, 0x63, 0x63, 0x63, 0x63, 0x63, 0x63, 0x63, 0x63, 0x63, 0x63, 0x63, 0x63, 0x63, 0x63, 0x63, 0x63, 0x63, 0x63, 0x63, 0x63, 0x63, 0x63, 0x63, 0x63, 0x63, 0x63, 0x63, 0x63, 0x63, 0x63, 0x63, 0x63, 0x63, 0x63, 0x63, 0x63, 0x63, 0x63, 0x63, 0x63, 0x63, 0x63, 0x63, 0x63, 0x63, 0x63, 0x63, 
  0x63, 0x63, 0x63, 0x63, 0x63, 0x63, 0x63, 0x63, 0x63, 0x63, 0x63, 0x63, 0x63, 0x63, 0x63, 0x63, 0x63, 0x63, 0x63, 0x63, 0x63, 0x63, 0x63, 0x63, 0x63, 0x63, 0x63, 0x63, 0x63, 0x63, 0x63, 0x63, 0x63, 0x63, 0x63, 0x63, 0x63, 0x63, 0x63, 0x63, 0x63, 0x63, 0x63, 0x63, 0x63, 0x63, 0x63, 0x63, 0x63, 0x63, 0x63, 0x63, 0x63, 0x63, 0x63, 0x63, 0x63, 0x63, 0x63, 0x63, 0x63, 0x63, 0x63, 0x63, 0x63, 0x63, 0x63, 0x63, 0x63, 0x63, 0x63, 0x63, 0x63, 0x63, 0x63, 0x63, 0x63, 0x63, 0x63, 0x63, 0x63, 0x63, 0x63, 0x63, 0x63, 0x63, 0x63, 0x63, 0x63, 0x63, 0x63, 0x63, 0x63, 0x63, 0x63, 0x63, 0x63, 0x63, 0x63, 0x63, 0x63, 0x63, 0x63, 0x63, 0x63, 0x63, 0x63, 0x63, 0x63, 0x63, 0x63, 0x63, 0x63, 0x63, 0x63, 0x63, 0x63, 0x63, 0x63, 0x63, 0x63, 0x63, 0x63, 0x63, 0x63, 0x63, 0x63, 0x63, 0x63, 0x63, 0x63, 0x62, 0x63, 0x62, 0x63, 0x62, 0x63, 0x62, 0x62, 0x62, 0x62, 0x62, 0x62, 0x75, 0x75, 0x75, 0x75, 0x61, 0x9e, 0x9e, 0x61, 0x61, 0x61, 0x61, 0x61, 0x61, 0x61, 0x61, 0x61, 0x61, 0x61, 0x61, 0x61, 0x61, 0x61, 0x61, 0x61, 0x60, 0x61, 0x60, 0x60, 0x60, 0x61, 0x60, 0x60, 0x60, 0x60, 0x60, 0x60, 0x60, 0x60, 0x60, 0x60, 0x60, 0x61, 0x61, 0x60, 0x60, 0x61, 0x61, 0x61, 0x61, 0x61, 0x61, 0x61, 0x61, 0x61, 0x61, 0x61, 0x61, 0x61, 0x61, 0x61, 0x61, 0xc3, 0x61, 0x9e, 0x61, 0x9e, 0x75, 0x75, 0x75, 0x75, 0x62, 0x62, 0x62, 0x62, 0x62, 0x62, 0x62, 0x62, 0x63, 0x62, 0x63, 0x62, 0x63, 0x62, 0x63, 0x63, 0x63, 0x63, 0x63, 0x63, 0x63, 0x63, 0x63, 0x63, 0x63, 0x63, 0x63, 0x63, 0x63, 0x63, 0x63, 0x63, 0x63, 0x63, 0x63, 0x63, 0x63, 0x63, 0x63, 0x63, 0x63, 0x63, 0x63, 0x63, 0x63, 0x63, 0x63, 0x63, 0x63, 0x63, 0x63, 0x63, 0x63, 0x63, 0x63, 0x63, 0x63, 0x63, 0x63, 0x63, 0x63, 0x63, 0x63, 0x63, 0x63, 0x63, 0x63, 0x63, 0x63, 0x63, 0x63, 0x63, 0x63, 0x63, 0x63, 0x63, 0x63, 0x63, 0x63, 0x63, 0x63, 0x63, 0x63, 0x63, 0x63, 0x63, 0x63, 0x63, 0x63, 0x63, 0x63, 0x63, 0x63, 0x63, 0x63, 0x63, 0x63, 0x63, 0x63, 0x63, 0x63, 0x63, 0x63, 0x63, 0x63, 0x63, 0x63, 0x63, 0x63, 0x63, 0x63, 0x63, 0x63, 0x63, 0x63, 0x63, 0x63, 0x63, 0x63, 0x63, 0x63, 0x63, 0x63, 0x63, 0x63, 0x63, 0x63, 0x63, 0x63, 0x63, 0x63, 0x63, 0x63, 0x63, 0x63, 0x63, 0x63, 0x63, 0x63, 0x63, 0x63, 0x63, 0x63, 0x63, 0x63, 0x63, 0x63, 
  0x63, 0x63, 0x63, 0x63, 0x63, 0x63, 0x63, 0x63, 0x63, 0x63, 0x63, 0x63, 0x63, 0x63, 0x63, 0x63, 0x63, 0x63, 0x63, 0x63, 0x63, 0x63, 0x63, 0x63, 0x63, 0x63, 0x63, 0x63, 0x63, 0x63, 0x63, 0x63, 0x63, 0x63, 0x63, 0x63, 0x63, 0x63, 0x63, 0x63, 0x63, 0x63, 0x63, 0x63, 0x63, 0x63, 0x63, 0x63, 0x63, 0x63, 0x63, 0x63, 0x63, 0x63, 0x63, 0x63, 0x63, 0x63, 0x63, 0x63, 0x63, 0x63, 0x63, 0x63, 0x63, 0x63, 0x63, 0x63, 0x63, 0x63, 0x63, 0x63, 0x63, 0x63, 0x63, 0x63, 0x63, 0x63, 0x63, 0x63, 0x63, 0x63, 0x63, 0x63, 0x63, 0x63, 0x63, 0x63, 0x63, 0x63, 0x63, 0x63, 0x63, 0x63, 0x63, 0x63, 0x63, 0x63, 0x63, 0x63, 0x63, 0x63, 0x63, 0x63, 0x63, 0x63, 0x63, 0x63, 0x63, 0x63, 0x63, 0x63, 0x63, 0x63, 0x63, 0x63, 0x63, 0x63, 0x63, 0x63, 0x63, 0x63, 0x63, 0x63, 0x63, 0x63, 0x63, 0x62, 0x63, 0x62, 0x63, 0x62, 0x63, 0x62, 0x62, 0x62, 0x62, 0x62, 0x62, 0x62, 0x75, 0x9e, 0xd5, 0x9e, 0x61, 0x61, 0x61, 0x61, 0x61, 0x61, 0x61, 0x61, 0x60, 0x61, 0x60, 0x60, 0x60, 0x60, 0x60, 0x60, 0x60, 0x60, 0x60, 0x60, 0x60, 0x60, 0x60, 0x60, 0x60, 0x60, 0x60, 0x60, 0x60, 0x60, 0x60, 0x60, 0x60, 0x60, 0x60, 0x60, 0x60, 0x60, 0x60, 0x60, 0x60, 0x60, 0x60, 0x60, 0x60, 0x5f, 0x60, 0x60, 0x60, 0x60, 0x60, 0x60, 0x60, 0x60, 0x60, 0x60, 0x60, 0x61, 0x61, 0x61, 0x61, 0x61, 0x61, 0x61, 0x61, 0x61, 0x61, 0x61, 0x61, 0x9e, 0x61, 0x75, 0x75, 0x62, 0x62, 0x62, 0x62, 0x62, 0x62, 0x62, 0x62, 0x62, 0x63, 0x62, 0x63, 0x62, 0x63, 0x63, 0x63, 0x63, 0x63, 0x63, 0x63, 0x63, 0x63, 0x63, 0x63, 0x63, 0x63, 0x63, 0x63, 0x63, 0x63, 0x63, 0x63, 0x63, 0x63, 0x63, 0x63, 0x63, 0x63, 0x63, 0x63, 0x63, 0x63, 0x63, 0x63, 0x63, 0x63, 0x63, 0x63, 0x63, 0x63, 0x63, 0x63, 0x63, 0x63, 0x63, 0x63, 0x63, 0x63, 0x63, 0x63, 0x63, 0x63, 0x63, 0x63, 0x63, 0x63, 0x63, 0x63, 0x63, 0x63, 0x63, 0x63, 0x63, 0x63, 0x63, 0x63, 0x63, 0x63, 0x63, 0x63, 0x63, 0x63, 0x63, 0x63, 0x63, 0x63, 0x63, 0x63, 0x63, 0x63, 0x63, 0x63, 0x63, 0x63, 0x63, 0x63, 0x63, 0x63, 0x63, 0x63, 0x63, 0x63, 0x63, 0x63, 0x63, 0x63, 0x63, 0x63, 0x63, 0x63, 0x63, 0x63, 0x63, 0x63, 0x63, 0x63, 0x63, 0x63, 0x63, 0x63, 0x63, 0x63, 0x63, 0x63, 0x63, 0x63, 0x63, 0x63, 0x63, 0x63, 0x63, 0x63, 0x63, 0x63, 0x63, 0x63, 0x63, 0x63, 0x63, 0x63, 0x63, 0x63, 0x63, 
  0x63, 0x63, 0x63, 0x63, 0x63, 0x63, 0x63, 0x63, 0x63, 0x63, 0x63, 0x63, 0x63, 0x63, 0x63, 0x63, 0x63, 0x63, 0x63, 0x63, 0x63, 0x63, 0x63, 0x63, 0x63, 0x63, 0x63, 0x63, 0x63, 0x63, 0x63, 0x63, 0x63, 0x63, 0x63, 0x63, 0x63, 0x63, 0x63, 0x63, 0x63, 0x63, 0x63, 0x63, 0x63, 0x63, 0x63, 0x63, 0x63, 0x63, 0x63, 0x63, 0x63, 0x63, 0x63, 0x63, 0x63, 0x63, 0x63, 0x63, 0x63, 0x63, 0x63, 0x63, 0x63, 0x63, 0x63, 0x63, 0x63, 0x63, 0x63, 0x63, 0x63, 0x63, 0x63, 0x63, 0x63, 0x63, 0x63, 0x63, 0x63, 0x63, 0x63, 0x63, 0x63, 0x63, 0x63, 0x63, 0x63, 0x63, 0x63, 0x63, 0x63, 0x63, 0x63, 0x63, 0x63, 0x63, 0x63, 0x63, 0x63, 0x63, 0x63, 0x63, 0x63, 0x63, 0x63, 0x63, 0x63, 0x63, 0x63, 0x63, 0x63, 0x63, 0x63, 0x63, 0x63, 0x63, 0x63, 0x63, 0x63, 0x63, 0x63, 0x63, 0x63, 0x63, 0x62, 0x63, 0x62, 0x63, 0x62, 0x62, 0x62, 0x62, 0x62, 0x75, 0x75, 0x75, 0x75, 0x61, 0x9e, 0x61, 0x61, 0x61, 0x61, 0x61, 0x61, 0x60, 0x60, 0x60, 0x60, 0x60, 0x60, 0x60, 0x60, 0x60, 0x60, 0x60, 0x60, 0x60, 0x60, 0x60, 0x60, 0x60, 0x60, 0x60, 0x5f, 0x60, 0x5f, 0x5f, 0x5f, 0x5f, 0x5f, 0x60, 0x5f, 0x5f, 0x5f, 0x5f, 0x5f, 0x5f, 0x5f, 0x5f, 0x5f, 0x5f, 0x5f, 0x5f, 0x5f, 0x60, 0x5f, 0x60, 0x5f, 0x60, 0x5f, 0x60, 0x60, 0x60, 0x60, 0x60, 0x60, 0x60, 0x60, 0x60, 0x60, 0x60, 0x60, 0x60, 0x60, 0x61, 0x61, 0x61, 0x61, 0x61, 0x61, 0x61, 0x61, 0x61, 0x9e, 0x61, 0x9e, 0x75, 0x75, 0x75, 0x62, 0x62, 0x62, 0x62, 0x62, 0x62, 0x62, 0x63, 0x62, 0x63, 0x62, 0x63, 0x63, 0x63, 0x63, 0x63, 0x63, 0x63, 0x63, 0x63, 0x63, 0x63, 0x63, 0x63, 0x63, 0x63, 0x63, 0x63, 0x63, 0x63, 0x63, 0x63, 0x63, 0x63, 0x63, 0x63, 0x63, 0x63, 0x63, 0x63, 0x63, 0x63, 0x63, 0x63, 0x63, 0x63, 0x63, 0x63, 0x63, 0x63, 0x63, 0x63, 0x63, 0x63, 0x63, 0x63, 0x63, 0x63, 0x63, 0x63, 0x63, 0x63, 0x63, 0x63, 0x63, 0x63, 0x63, 0x63, 0x63, 0x63, 0x63, 0x63, 0x63, 0x63, 0x63, 0x63, 0x63, 0x63, 0x63, 0x63, 0x63, 0x63, 0x63, 0x63, 0x63, 0x63, 0x63, 0x63, 0x63, 0x63, 0x63, 0x63, 0x63, 0x63, 0x63, 0x63, 0x63, 0x63, 0x63, 0x63, 0x63, 0x63, 0x63, 0x63, 0x63, 0x63, 0x63, 0x63, 0x63, 0x63, 0x63, 0x63, 0x63, 0x63, 0x63, 0x63, 0x63, 0x63, 0x63, 0x63, 0x63, 0x63, 0x63, 0x63, 0x63, 0x63, 0x63, 0x63, 0x63, 0x63, 0x63, 0x63, 0x63, 0x63, 0x63, 0x63, 0x63, 0x63, 
  0x63, 0x63, 0x63, 0x63, 0x63, 0x63, 0x63, 0x63, 0x63, 0x63, 0x63, 0x63, 0x63, 0x63, 0x63, 0x63, 0x63, 0x63, 0x63, 0x63, 0x63, 0x63, 0x63, 0x63, 0x63, 0x63, 0x63, 0x63, 0x63, 0x63, 0x63, 0x63, 0x63, 0x63, 0x63, 0x63, 0x63, 0x63, 0x63, 0x63, 0x63, 0x63, 0x63, 0x63, 0x63, 0x63, 0x63, 0x63, 0x63, 0x63, 0x63, 0x63, 0x63, 0x63, 0x63, 0x63, 0x63, 0x63, 0x63, 0x63, 0x63, 0x63, 0x63, 0x63, 0x63, 0x63, 0x63, 0x63, 0x63, 0x63, 0x63, 0x63, 0x63, 0x63, 0x63, 0x63, 0x63, 0x63, 0x63, 0x63, 0x63, 0x63, 0x63, 0x63, 0x63, 0x63, 0x63, 0x63, 0x63, 0x63, 0x63, 0x63, 0x63, 0x63, 0x63, 0x63, 0x63, 0x63, 0x63, 0x63, 0x63, 0x63, 0x63, 0x63, 0x63, 0x63, 0x63, 0x63, 0x63, 0x63, 0x63, 0x63, 0x63, 0x63, 0x63, 0x63, 0x63, 0x63, 0x63, 0x63, 0x63, 0x63, 0x62, 0x63, 0x62, 0x62, 0x62, 0x62, 0x62, 0x62, 0x62, 0x62, 0x75, 0x75, 0x9e, 0x9e, 0x61, 0x61, 0x61, 0x61, 0x61, 0x61, 0x61, 0x60, 0x60, 0x60, 0x60, 0x60, 0x60, 0x60, 0x60, 0x60, 0x5f, 0x60, 0x5f, 0x5f, 0x5f, 0x5f, 0x5f, 0x5f, 0x5f, 0x5f, 0x5f, 0x5f, 0x5f, 0x5f, 0x5f, 0x9d, 0x5f, 0x5f, 0x9d, 0x5f, 0x9d, 0x9d, 0x5f, 0x9d, 0x5f, 0x9d, 0x5f, 0x9d, 0x5f, 0x9d, 0x5f, 0x9d, 0x5f, 0x9d, 0x5f, 0x5e, 0x9d, 0x9d, 0x9d, 0x5f, 0x9d, 0x5f, 0x5f, 0x74, 0x5f, 0x5f, 0x5f, 0x5f, 0x5f, 0x5f, 0x60, 0x60, 0x60, 0x60, 0x60, 0x60, 0x5f, 0x60, 0x60, 0x60, 0x60, 0x61, 0x60, 0x61, 0x61, 0x61, 0x61, 0x61, 0x61, 0x9e, 0x9e, 0xd5, 0x75, 0x75, 0x62, 0x62, 0x62, 0x62, 0x62, 0x62, 0x63, 0x62, 0x63, 0x62, 0x63, 0x63, 0x63, 0x63, 0x63, 0x63, 0x63, 0x63, 0x63, 0x63, 0x63, 0x63, 0x63, 0x63, 0x63, 0x63, 0x63, 0x63, 0x63, 0x63, 0x63, 0x63, 0x63, 0x63, 0x63, 0x63, 0x63, 0x63, 0x63, 0x63, 0x63, 0x63, 0x63, 0x63, 0x63, 0x63, 0x63, 0x63, 0x63, 0x63, 0x63, 0x63, 0x63, 0x63, 0x63, 0x63, 0x63, 0x63, 0x63, 0x63, 0x63, 0x63, 0x63, 0x63, 0x63, 0x63, 0x63, 0x63, 0x63, 0x63, 0x63, 0x63, 0x63, 0x63, 0x63, 0x63, 0x63, 0x63, 0x63, 0x63, 0x63, 0x63, 0x63, 0x63, 0x63, 0x63, 0x63, 0x63, 0x63, 0x63, 0x63, 0x63, 0x63, 0x63, 0x63, 0x63, 0x63, 0x63, 0x63, 0x63, 0x63, 0x63, 0x63, 0x63, 0x63, 0x63, 0x63, 0x63, 0x63, 0x63, 0x63, 0x63, 0x63, 0x63, 0x63, 0x63, 0x63, 0x63, 0x63, 0x63, 0x63, 0x63, 0x63, 0x63, 0x63, 0x63, 0x63, 0x63, 0x63, 0x63, 0x63, 0x63, 0x63, 0x63, 
  0x63, 0x63, 0x63, 0x63, 0x63, 0x63, 0x63, 0x63, 0x63, 0x63, 0x63, 0x63, 0x63, 0x63, 0x63, 0x63, 0x63, 0x63, 0x63, 0x63, 0x63, 0x63, 0x63, 0x63, 0x63, 0x63, 0x63, 0x63, 0x63, 0x63, 0x63, 0x63, 0x63, 0x63, 0x63, 0x63, 0x63, 0x63, 0x63, 0x63, 0x63, 0x63, 0x63, 0x63, 0x63, 0x63, 0x63, 0x63, 0x63, 0x63, 0x63, 0x63, 0x63, 0x63, 0x63, 0x63, 0x63, 0x63, 0x63, 0x63, 0x63, 0x63, 0x63, 0x63, 0x63, 0x63, 0x63, 0x63, 0x63, 0x63, 0x63, 0x63, 0x63, 0x63, 0x63, 0x63, 0x63, 0x63, 0x63, 0x63, 0x63, 0x63, 0x63, 0x63, 0x63, 0x63, 0x63, 0x63, 0x63, 0x63, 0x63, 0x63, 0x63, 0x63, 0x63, 0x63, 0x63, 0x63, 0x63, 0x63, 0x63, 0x63, 0x63, 0x63, 0x63, 0x63, 0x63, 0x63, 0x63, 0x63, 0x63, 0x63, 0x63, 0x63, 0x63, 0x63, 0x63, 0x63, 0x63, 0x63, 0x63, 0x62, 0x63, 0x62, 0x62, 0x62, 0x62, 0x62, 0x62, 0x75, 0x61, 0x9e, 0x61, 0x61, 0x61, 0x61, 0x61, 0x61, 0x60, 0x60, 0x60, 0x5f, 0x60, 0x60, 0x60, 0x60, 0x60, 0x5f, 0x5f, 0x5f, 0x5f, 0x5f, 0x5f, 0x5f, 0x9d, 0x5f, 0x5f, 0x9d, 0x5e, 0x9d, 0x9d, 0x9d, 0x5e, 0x5e, 0x5e, 0x5e, 0x5e, 0x5e, 0x5e, 0x5e, 0x5e, 0x5e, 0x5e, 0x5e, 0x5e, 0x5e, 0x5e, 0x5e, 0x5e, 0x5e, 0x5e, 0x5e, 0x5e, 0x5e, 0x5e, 0x5e, 0x5e, 0x5e, 0x5e, 0x5e, 0x5e, 0x5e, 0x5e, 0x5e, 0x5e, 0x5e, 0x9d, 0x9d, 0x5f, 0x9d, 0x5f, 0x9d, 0x5f, 0x5f, 0x5f, 0x5f, 0x9d, 0x60, 0x5f, 0x60, 0x5f, 0x60, 0x60, 0x60, 0x60, 0x60, 0x60, 0x60, 0x60, 0x61, 0x61, 0x61, 0x61, 0x61, 0x61, 0x9e, 0x9e, 0x75, 0x75, 0x75, 0x62, 0x62, 0x62, 0x62, 0x62, 0x63, 0x62, 0x63, 0x62, 0x63, 0x63, 0x63, 0x63, 0x63, 0x63, 0x63, 0x63, 0x63, 0x63, 0x63, 0x63, 0x63, 0x63, 0x63, 0x63, 0x63, 0x63, 0x63, 0x63, 0x63, 0x63, 0x63, 0x63, 0x63, 0x63, 0x63, 0x63, 0x63, 0x63, 0x63, 0x63, 0x63, 0x63, 0x63, 0x63, 0x63, 0x63, 0x63, 0x63, 0x63, 0x63, 0x63, 0x63, 0x63, 0x63, 0x63, 0x63, 0x63, 0x63, 0x63, 0x63, 0x63, 0x63, 0x63, 0x63, 0x63, 0x63, 0x63, 0x63, 0x63, 0x63, 0x63, 0x63, 0x63, 0x63, 0x63, 0x63, 0x63, 0x63, 0x63, 0x63, 0x63, 0x63, 0x63, 0x63, 0x63, 0x63, 0x63, 0x63, 0x63, 0x63, 0x63, 0x63, 0x63, 0x63, 0x63, 0x63, 0x63, 0x63, 0x63, 0x63, 0x63, 0x63, 0x63, 0x63, 0x63, 0x63, 0x63, 0x63, 0x63, 0x63, 0x63, 0x63, 0x63, 0x63, 0x63, 0x63, 0x63, 0x63, 0x63, 0x63, 0x63, 0x63, 0x63, 0x63, 0x63, 0x63, 0x63, 0x63, 0x63, 
  0x63, 0x63, 0x63, 0x63, 0x63, 0x63, 0x63, 0x63, 0x63, 0x63, 0x63, 0x63, 0x63, 0x63, 0x63, 0x63, 0x63, 0x63, 0x63, 0x63, 0x63, 0x63, 0x63, 0x63, 0x63, 0x63, 0x63, 0x63, 0x63, 0x63, 0x63, 0x63, 0x63, 0x63, 0x63, 0x63, 0x63, 0x63, 0x63, 0x63, 0x63, 0x63, 0x63, 0x63, 0x63, 0x63, 0x63, 0x63, 0x63, 0x63, 0x63, 0x63, 0x63, 0x63, 0x63, 0x63, 0x63, 0x63, 0x63, 0x63, 0x63, 0x63, 0x63, 0x63, 0x63, 0x63, 0x63, 0x63, 0x63, 0x63, 0x63, 0x63, 0x63, 0x63, 0x63, 0x63, 0x63, 0x63, 0x63, 0x63, 0x63, 0x63, 0x63, 0x63, 0x63, 0x63, 0x63, 0x63, 0x63, 0x63, 0x63, 0x63, 0x63, 0x63, 0x63, 0x63, 0x63, 0x63, 0x63, 0x63, 0x63, 0x63, 0x63, 0x63, 0x63, 0x63, 0x63, 0x63, 0x63, 0x63, 0x63, 0x63, 0x63, 0x63, 0x63, 0x63, 0x62, 0x63, 0x62, 0x62, 0x62, 0x62, 0x62, 0x62, 0x62, 0x62, 0x9e, 0x75, 0x61, 0x9e, 0x61, 0x61, 0x61, 0x61, 0x60, 0x60, 0x60, 0x60, 0x60, 0x60, 0x60, 0x60, 0x5f, 0x5f, 0x5f, 0x5f, 0x5f, 0x5f, 0x9d, 0x5f, 0x9d, 0x9d, 0x5e, 0x5e, 0x5e, 0x5e, 0x5e, 0x5e, 0x5e, 0x5e, 0x5e, 0x5e, 0x5d, 0x5d, 0x5d, 0x5d, 0x5d, 0x5d, 0x5d, 0x5d, 0x5d, 0x5d, 0x5d, 0x5d, 0x5d, 0x5d, 0x5d, 0x5d, 0x5d, 0x5d, 0x5d, 0x5d, 0x5d, 0x5d, 0x5d, 0x5d, 0x5d, 0x5d, 0x5d, 0x5d, 0x5d, 0x5d, 0x5d, 0x5d, 0x5d, 0x5d, 0x5e, 0x5e, 0x5d, 0x9c, 0x5e, 0x5e, 0x5e, 0x5e, 0x5e, 0x9d, 0x5f, 0x5e, 0x5f, 0x5f, 0x5f, 0x5f, 0x5f, 0x5f, 0x60, 0x5f, 0x60, 0x60, 0x60, 0x60, 0x60, 0x60, 0x60, 0x60, 0x61, 0x61, 0x61, 0x61, 0x61, 0x9e, 0x61, 0x75, 0x75, 0x62, 0x62, 0x75, 0x62, 0x62, 0x62, 0x63, 0x62, 0x63, 0x62, 0x63, 0x63, 0x63, 0x63, 0x63, 0x63, 0x63, 0x63, 0x63, 0x63, 0x63, 0x63, 0x63, 0x63, 0x63, 0x63, 0x63, 0x63, 0x63, 0x63, 0x63, 0x63, 0x63, 0x63, 0x63, 0x63, 0x63, 0x63, 0x63, 0x63, 0x63, 0x63, 0x63, 0x63, 0x63, 0x63, 0x63, 0x63, 0x63, 0x63, 0x63, 0x63, 0x63, 0x63, 0x63, 0x63, 0x63, 0x63, 0x63, 0x63, 0x63, 0x63, 0x63, 0x63, 0x63, 0x63, 0x63, 0x63, 0x63, 0x63, 0x63, 0x63, 0x63, 0x63, 0x63, 0x63, 0x63, 0x63, 0x63, 0x63, 0x63, 0x63, 0x63, 0x63, 0x63, 0x63, 0x63, 0x63, 0x63, 0x63, 0x63, 0x63, 0x63, 0x63, 0x63, 0x63, 0x63, 0x63, 0x63, 0x63, 0x63, 0x63, 0x63, 0x63, 0x63, 0x63, 0x63, 0x63, 0x63, 0x63, 0x63, 0x63, 0x63, 0x63, 0x63, 0x63, 0x63, 0x63, 0x63, 0x63, 0x63, 0x63, 0x63, 0x63, 0x63, 0x63, 0x63, 
  0x63, 0x63, 0x63, 0x63, 0x63, 0x63, 0x63, 0x63, 0x63, 0x63, 0x63, 0x63, 0x63, 0x63, 0x63, 0x63, 0x63, 0x63, 0x63, 0x63, 0x63, 0x63, 0x63, 0x63, 0x63, 0x63, 0x63, 0x63, 0x63, 0x63, 0x63, 0x63, 0x63, 0x63, 0x63, 0x63, 0x63, 0x63, 0x63, 0x63, 0x63, 0x63, 0x63, 0x63, 0x63, 0x63, 0x63, 0x63, 0x63, 0x63, 0x63, 0x63, 0x63, 0x63, 0x63, 0x63, 0x63, 0x63, 0x63, 0x63, 0x63, 0x63, 0x63, 0x63, 0x63, 0x63, 0x63, 0x63, 0x63, 0x63, 0x63, 0x63, 0x63, 0x63, 0x63, 0x63, 0x63, 0x63, 0x63, 0x63, 0x63, 0x63, 0x63, 0x63, 0x63, 0x63, 0x63, 0x63, 0x63, 0x63, 0x63, 0x63, 0x63, 0x63, 0x63, 0x63, 0x63, 0x63, 0x63, 0x63, 0x63, 0x63, 0x63, 0x63, 0x63, 0x63, 0x63, 0x63, 0x63, 0x63, 0x63, 0x63, 0x63, 0x62, 0x63, 0x62, 0x63, 0x62, 0x62, 0x62, 0x62, 0x62, 0x75, 0x75, 0x9e, 0x9e, 0x61, 0x61, 0x61, 0x61, 0x60, 0x61, 0x60, 0x60, 0x60, 0x60, 0x60, 0x5f, 0x60, 0x5f, 0x5f, 0x5f, 0x9d, 0x5f, 0x9d, 0x9d, 0x5e, 0x5e, 0x5e, 0x5e, 0x5d, 0x5e, 0x5d, 0x5e, 0x5d, 0x5d, 0x5d, 0x5d, 0x5d, 0x5d, 0x5d, 0x5d, 0x5d, 0x5d, 0x5c, 0x5d, 0x5c, 0x5c, 0x5c, 0x5c, 0x5c, 0x5c, 0x5c, 0x5c, 0x5c, 0x5c, 0x5c, 0x5c, 0x5c, 0x5c, 0x5c, 0x5c, 0x5c, 0x5c, 0x5d, 0x5c, 0x5c, 0x5c, 0x5c, 0x5c, 0x5c, 0x5c, 0x5d, 0x5c, 0x5d, 0x5c, 0x5d, 0x5c, 0x5d, 0x5d, 0x5d, 0x5d, 0x5d, 0x5d, 0x9c, 0x5d, 0x5e, 0x5e, 0x5e, 0x5e, 0x74, 0x9d, 0x5f, 0x9d, 0x9d, 0x5f, 0x5f, 0x5f, 0x60, 0x5f, 0x60, 0x60, 0x60, 0x60, 0x60, 0x60, 0x61, 0x61, 0x61, 0x61, 0x61, 0x61, 0xd5, 0x61, 0x9e, 0x62, 0x62, 0x62, 0x62, 0x75, 0x63, 0x62, 0x63, 0x62, 0x63, 0x62, 0x63, 0x63, 0x63, 0x63, 0x63, 0x63, 0x63, 0x63, 0x63, 0x63, 0x63, 0x63, 0x63, 0x63, 0x63, 0x63, 0x63, 0x63, 0x63, 0x63, 0x63, 0x63, 0x63, 0x63, 0x63, 0x63, 0x63, 0x63, 0x63, 0x63, 0x63, 0x63, 0x63, 0x63, 0x63, 0x63, 0x63, 0x63, 0x63, 0x63, 0x63, 0x63, 0x63, 0x63, 0x63, 0x63, 0x63, 0x63, 0x63, 0x63, 0x63, 0x63, 0x63, 0x63, 0x63, 0x63, 0x63, 0x63, 0x63, 0x63, 0x63, 0x63, 0x63, 0x63, 0x63, 0x63, 0x63, 0x63, 0x63, 0x63, 0x63, 0x63, 0x63, 0x63, 0x63, 0x63, 0x63, 0x63, 0x63, 0x63, 0x63, 0x63, 0x63, 0x63, 0x63, 0x63, 0x63, 0x63, 0x63, 0x63, 0x63, 0x63, 0x63, 0x63, 0x63, 0x63, 0x63, 0x63, 0x63, 0x63, 0x63, 0x63, 0x63, 0x63, 0x63, 0x63, 0x63, 0x63, 0x63, 0x63, 0x63, 0x63, 0x63, 0x63, 
  0x63, 0x63, 0x63, 0x63, 0x63, 0x63, 0x63, 0x63, 0x63, 0x63, 0x63, 0x63, 0x63, 0x63, 0x63, 0x63, 0x63, 0x63, 0x63, 0x63, 0x63, 0x63, 0x63, 0x63, 0x63, 0x63, 0x63, 0x63, 0x63, 0x63, 0x63, 0x63, 0x63, 0x63, 0x63, 0x63, 0x63, 0x63, 0x63, 0x63, 0x63, 0x63, 0x63, 0x63, 0x63, 0x63, 0x63, 0x63, 0x63, 0x63, 0x63, 0x63, 0x63, 0x63, 0x63, 0x63, 0x63, 0x63, 0x63, 0x63, 0x63, 0x63, 0x63, 0x63, 0x63, 0x63, 0x63, 0x63, 0x63, 0x63, 0x63, 0x63, 0x63, 0x63, 0x63, 0x63, 0x63, 0x63, 0x63, 0x63, 0x63, 0x63, 0x63, 0x63, 0x63, 0x63, 0x63, 0x63, 0x63, 0x63, 0x63, 0x63, 0x63, 0x63, 0x63, 0x63, 0x63, 0x63, 0x63, 0x63, 0x63, 0x63, 0x63, 0x63, 0x63, 0x63, 0x63, 0x63, 0x63, 0x63, 0x63, 0x62, 0x63, 0x62, 0x63, 0x62, 0x62, 0x62, 0x62, 0x75, 0x75, 0x9e, 0x9e, 0x61, 0x61, 0x61, 0x61, 0x60, 0x60, 0x60, 0x60, 0x60, 0x5f, 0x60, 0x5f, 0x60, 0x5f, 0x5f, 0x5e, 0x5f, 0x5e, 0x5e, 0x5e, 0x5e, 0x5e, 0x5e, 0x5d, 0x5d, 0x5d, 0x5d, 0x5d, 0x5d, 0x5c, 0x5d, 0x5c, 0x5d, 0x5c, 0x5c, 0x5c, 0x5c, 0x5c, 0x5c, 0x5c, 0x5c, 0x5c, 0x5c, 0x5c, 0x5c, 0x5c, 0x5c, 0x5c, 0x5c, 0x5c, 0x5c, 0x5c, 0x5c, 0x5c, 0x5c, 0x5c, 0x5c, 0x5c, 0x5c, 0x5c, 0x5b, 0x5c, 0x5c, 0x5c, 0x5c, 0x5c, 0x5c, 0x5c, 0x5c, 0x5c, 0x5c, 0x5c, 0x5c, 0x5c, 0x5c, 0x5c, 0x5c, 0x5c, 0x5c, 0x5c, 0x5c, 0x5d, 0x5d, 0x5d, 0x5d, 0x5d, 0x5d, 0x5e, 0x5d, 0x5e, 0x5e, 0x5e, 0x5e, 0x9d, 0x9d, 0x5f, 0x5f, 0x5f, 0x5f, 0x5f, 0x5f, 0x60, 0x60, 0x60, 0x60, 0x60, 0x60, 0x60, 0x61, 0x61, 0x61, 0x61, 0x61, 0x9e, 0x75, 0x75, 0x62, 0x75, 0x62, 0x62, 0x63, 0x62, 0x63, 0x62, 0x63, 0x63, 0x63, 0x63, 0x63, 0x63, 0x63, 0x63, 0x63, 0x63, 0x63, 0x63, 0x63, 0x63, 0x63, 0x63, 0x63, 0x63, 0x63, 0x63, 0x63, 0x63, 0x63, 0x63, 0x63, 0x63, 0x63, 0x63, 0x63, 0x63, 0x63, 0x63, 0x63, 0x63, 0x63, 0x63, 0x63, 0x63, 0x63, 0x63, 0x63, 0x63, 0x63, 0x63, 0x63, 0x63, 0x63, 0x63, 0x63, 0x63, 0x63, 0x63, 0x63, 0x63, 0x63, 0x63, 0x63, 0x63, 0x63, 0x63, 0x63, 0x63, 0x63, 0x63, 0x63, 0x63, 0x63, 0x63, 0x63, 0x63, 0x63, 0x63, 0x63, 0x63, 0x63, 0x63, 0x63, 0x63, 0x63, 0x63, 0x63, 0x63, 0x63, 0x63, 0x63, 0x63, 0x63, 0x63, 0x63, 0x63, 0x63, 0x63, 0x63, 0x63, 0x63, 0x63, 0x63, 0x63, 0x63, 0x63, 0x63, 0x63, 0x63, 0x63, 0x63, 0x63, 0x63, 0x63, 0x63, 0x63, 0x63, 0x63, 0x63, 
  0x63, 0x63, 0x63, 0x63, 0x63, 0x63, 0x63, 0x63, 0x63, 0x63, 0x63, 0x63, 0x63, 0x63, 0x63, 0x63, 0x63, 0x63, 0x63, 0x63, 0x63, 0x63, 0x63, 0x63, 0x63, 0x63, 0x63, 0x63, 0x63, 0x63, 0x63, 0x63, 0x63, 0x63, 0x63, 0x63, 0x63, 0x63, 0x63, 0x63, 0x63, 0x63, 0x63, 0x63, 0x63, 0x63, 0x63, 0x63, 0x63, 0x63, 0x63, 0x63, 0x63, 0x63, 0x63, 0x63, 0x63, 0x63, 0x63, 0x63, 0x63, 0x63, 0x63, 0x63, 0x63, 0x63, 0x63, 0x63, 0x63, 0x63, 0x63, 0x63, 0x63, 0x63, 0x63, 0x63, 0x63, 0x63, 0x63, 0x63, 0x63, 0x63, 0x63, 0x63, 0x63, 0x63, 0x63, 0x63, 0x63, 0x63, 0x63, 0x63, 0x63, 0x63, 0x63, 0x63, 0x63, 0x63, 0x63, 0x63, 0x63, 0x63, 0x63, 0x63, 0x63, 0x63, 0x63, 0x63, 0x63, 0x63, 0x62, 0x63, 0x62, 0x62, 0x62, 0x62, 0x62, 0x75, 0x75, 0x9e, 0x61, 0x61, 0x61, 0x60, 0x61, 0x60, 0x60, 0x60, 0x60, 0x60, 0x5f, 0x60, 0x5f, 0x5f, 0x9d, 0x5e, 0x5e, 0x5e, 0x5e, 0x9c, 0x5d, 0x5e, 0x5d, 0x5d, 0x5d, 0x5d, 0x5d, 0x5d, 0x5c, 0x5c, 0x5c, 0x5c, 0x5c, 0x5c, 0x5c, 0x5c, 0x5c, 0x5c, 0x5c, 0x5c, 0x5c, 0x5b, 0x5c, 0x5b, 0x5b, 0x5b, 0x5b, 0x5b, 0x5b, 0x5b, 0x5b, 0x5b, 0x5b, 0x5b, 0x5b, 0x5b, 0x5b, 0x5b, 0x5b, 0x5b, 0x5b, 0x5b, 0x5b, 0x5b, 0x5b, 0xd9, 0x5b, 0x5b, 0x5b, 0x5b, 0x5b, 0x5b, 0x5b, 0x5b, 0x5b, 0x5b, 0x5c, 0x5c, 0x5c, 0x5c, 0x5c, 0x5c, 0x5c, 0x5c, 0x5c, 0x5c, 0x5c, 0x5d, 0x5c, 0x5d, 0x5d, 0x5d, 0x5d, 0x5d, 0x5d, 0x5d, 0x5e, 0x5e, 0x5e, 0x5e, 0x5e, 0x9d, 0x5f, 0x9d, 0x5f, 0x5f, 0x60, 0x5f, 0x60, 0x60, 0x61, 0x60, 0x60, 0x61, 0x61, 0x61, 0x61, 0x61, 0x9e, 0x75, 0x75, 0x62, 0x62, 0x62, 0x62, 0x62, 0x62, 0x62, 0x63, 0x62, 0x63, 0x63, 0x63, 0x63, 0x63, 0x63, 0x63, 0x63, 0x63, 0x63, 0x63, 0x63, 0x63, 0x63, 0x63, 0x63, 0x63, 0x63, 0x63, 0x63, 0x63, 0x63, 0x63, 0x63, 0x63, 0x63, 0x63, 0x63, 0x63, 0x63, 0x63, 0x63, 0x63, 0x63, 0x63, 0x63, 0x63, 0x63, 0x63, 0x63, 0x63, 0x63, 0x63, 0x63, 0x63, 0x63, 0x63, 0x63, 0x63, 0x63, 0x63, 0x63, 0x63, 0x63, 0x63, 0x63, 0x63, 0x63, 0x63, 0x63, 0x63, 0x63, 0x63, 0x63, 0x63, 0x63, 0x63, 0x63, 0x63, 0x63, 0x63, 0x63, 0x63, 0x63, 0x63, 0x63, 0x63, 0x63, 0x63, 0x63, 0x63, 0x63, 0x63, 0x63, 0x63, 0x63, 0x63, 0x63, 0x63, 0x63, 0x63, 0x63, 0x63, 0x63, 0x63, 0x63, 0x63, 0x63, 0x63, 0x63, 0x63, 0x63, 0x63, 0x63, 0x63, 0x63, 0x63, 0x63, 0x63, 0x63, 
  0x63, 0x63, 0x63, 0x63, 0x63, 0x63, 0x63, 0x63, 0x63, 0x63, 0x63, 0x63, 0x63, 0x63, 0x63, 0x63, 0x63, 0x63, 0x63, 0x63, 0x63, 0x63, 0x63, 0x63, 0x63, 0x63, 0x63, 0x63, 0x63, 0x63, 0x63, 0x63, 0x63, 0x63, 0x63, 0x63, 0x63, 0x63, 0x63, 0x63, 0x63, 0x63, 0x63, 0x63, 0x63, 0x63, 0x63, 0x63, 0x63, 0x63, 0x63, 0x63, 0x63, 0x63, 0x63, 0x63, 0x63, 0x63, 0x63, 0x63, 0x63, 0x63, 0x63, 0x63, 0x63, 0x63, 0x63, 0x63, 0x63, 0x63, 0x63, 0x63, 0x63, 0x63, 0x63, 0x63, 0x63, 0x63, 0x63, 0x63, 0x63, 0x63, 0x63, 0x63, 0x63, 0x63, 0x63, 0x63, 0x63, 0x63, 0x63, 0x63, 0x63, 0x63, 0x63, 0x63, 0x63, 0x63, 0x63, 0x63, 0x63, 0x63, 0x63, 0x63, 0x63, 0x63, 0x63, 0x62, 0x63, 0x62, 0x62, 0x62, 0x62, 0x62, 0x62, 0x75, 0x9e, 0x9e, 0x61, 0x61, 0x61, 0x61, 0x60, 0x60, 0x60, 0x60, 0x60, 0x60, 0x5f, 0x5f, 0x5f, 0x5e, 0x5f, 0x9d, 0x74, 0x5e, 0x5e, 0x5d, 0x5d, 0x5d, 0x5d, 0x5d, 0x5d, 0x5c, 0x5c, 0x5c, 0x5c, 0x5c, 0x5c, 0x5c, 0x5c, 0x5c, 0x5b, 0x5c, 0x5b, 0x5c, 0x5b, 0x5b, 0x5b, 0xd9, 0x5b, 0x5b, 0x5b, 0x5b, 0x5b, 0xd9, 0x5b, 0xa8, 0xd9, 0xa8, 0xd9, 0x5b, 0xa8, 0xd9, 0xa8, 0xd9, 0x5a, 0xa8, 0xd9, 0xd9, 0xd9, 0xd9, 0xd9, 0xa8, 0xd9, 0xa8, 0xd9, 0xa8, 0xd9, 0xa8, 0xd9, 0xa8, 0xd9, 0x5b, 0x5b, 0x5b, 0xd9, 0x5b, 0x5b, 0x5b, 0x5b, 0x5b, 0x5b, 0x5c, 0x5c, 0x5b, 0x5c, 0x5c, 0x5c, 0x5c, 0x5c, 0x5c, 0x5c, 0x5c, 0x5c, 0x5d, 0x5d, 0x5d, 0x5d, 0x5d, 0x5e, 0x5e, 0x5d, 0x5e, 0x9d, 0x5f, 0x5e, 0x5f, 0x5f, 0x5f, 0x5f, 0x60, 0x60, 0x60, 0x60, 0x61, 0x61, 0x61, 0x61, 0x61, 0x61, 0x9e, 0xd5, 0x75, 0x62, 0x62, 0x62, 0x62, 0x62, 0x63, 0x62, 0x63, 0x62, 0x63, 0x63, 0x63, 0x63, 0x63, 0x63, 0x63, 0x63, 0x63, 0x63, 0x63, 0x63, 0x63, 0x63, 0x63, 0x63, 0x63, 0x63, 0x63, 0x63, 0x63, 0x63, 0x63, 0x63, 0x63, 0x63, 0x63, 0x63, 0x63, 0x63, 0x63, 0x63, 0x63, 0x63, 0x63, 0x63, 0x63, 0x63, 0x63, 0x63, 0x63, 0x63, 0x63, 0x63, 0x63, 0x63, 0x63, 0x63, 0x63, 0x63, 0x63, 0x63, 0x63, 0x63, 0x63, 0x63, 0x63, 0x63, 0x63, 0x63, 0x63, 0x63, 0x63, 0x63, 0x63, 0x63, 0x63, 0x63, 0x63, 0x63, 0x63, 0x63, 0x63, 0x63, 0x63, 0x63, 0x63, 0x63, 0x63, 0x63, 0x63, 0x63, 0x63, 0x63, 0x63, 0x63, 0x63, 0x63, 0x63, 0x63, 0x63, 0x63, 0x63, 0x63, 0x63, 0x63, 0x63, 0x63, 0x63, 0x63, 0x63, 0x63, 0x63, 0x63, 0x63, 0x63, 0x63, 
  0x63, 0x63, 0x63, 0x63, 0x63, 0x63, 0x63, 0x63, 0x63, 0x63, 0x63, 0x63, 0x63, 0x63, 0x63, 0x63, 0x63, 0x63, 0x63, 0x63, 0x63, 0x63, 0x63, 0x63, 0x63, 0x63, 0x63, 0x63, 0x63, 0x63, 0x63, 0x63, 0x63, 0x63, 0x63, 0x63, 0x63, 0x63, 0x63, 0x63, 0x63, 0x63, 0x63, 0x63, 0x63, 0x63, 0x63, 0x63, 0x63, 0x63, 0x63, 0x63, 0x63, 0x63, 0x63, 0x63, 0x63, 0x63, 0x63, 0x63, 0x63, 0x63, 0x63, 0x63, 0x63, 0x63, 0x63, 0x63, 0x63, 0x63, 0x63, 0x63, 0x63, 0x63, 0x63, 0x63, 0x63, 0x63, 0x63, 0x63, 0x63, 0x63, 0x63, 0x63, 0x63, 0x63, 0x63, 0x63, 0x63, 0x63, 0x63, 0x63, 0x63, 0x63, 0x63, 0x63, 0x63, 0x63, 0x63, 0x63, 0x63, 0x63, 0x63, 0x63, 0x62, 0x63, 0x62, 0x63, 0x62, 0x62, 0x62, 0x62, 0x62, 0xd5, 0x9e, 0x61, 0x61, 0x61, 0x61, 0x60, 0x60, 0x60, 0x60, 0x5f, 0x60, 0x5f, 0x74, 0x5f, 0x9d, 0x5e, 0x5e, 0x9c, 0x5d, 0x5e, 0x5c, 0x5d, 0x5c, 0x5d, 0x5c, 0x5c, 0x5c, 0x5c, 0x5c, 0x5c, 0x5c, 0x5c, 0x5c, 0x5b, 0x5c, 0x5b, 0x5b, 0x5b, 0x5b, 0x5b, 0xd9, 0xa8, 0xd9, 0xa8, 0x5a, 0xa8, 0xd9, 0x5a, 0xd9, 0x5a, 0x5a, 0x5a, 0x5a, 0x5a, 0x5a, 0x5a, 0x5a, 0x5a, 0x5a, 0x5a, 0x5a, 0x5a, 0x5a, 0x59, 0x59, 0x59, 0x59, 0x59, 0x59, 0x59, 0x59, 0x5a, 0x59, 0x5a, 0x5a, 0x5a, 0x5a, 0x5a, 0x5a, 0x5a, 0x5a, 0x5a, 0x5a, 0x5a, 0xa8, 0xd9, 0xa8, 0xa8, 0xa8, 0xd9, 0x5b, 0x5b, 0x5b, 0x5b, 0x5c, 0x5b, 0x5c, 0x5c, 0x5c, 0x5c, 0x5d, 0x5c, 0x5c, 0x5c, 0x5d, 0x5c, 0x5d, 0x5d, 0x5d, 0x5d, 0x5e, 0x5d, 0x5e, 0x5e, 0x5f, 0x9d, 0x5f, 0x5f, 0x5f, 0x5f, 0x60, 0x60, 0x60, 0x60, 0x60, 0x61, 0x61, 0x61, 0x61, 0x9e, 0x9e, 0x75, 0x62, 0x62, 0x62, 0x62, 0x62, 0x63, 0x62, 0x63, 0x62, 0x63, 0x63, 0x63, 0x63, 0x63, 0x63, 0x63, 0x63, 0x63, 0x63, 0x63, 0x63, 0x63, 0x63, 0x63, 0x63, 0x63, 0x63, 0x63, 0x63, 0x63, 0x63, 0x63, 0x63, 0x63, 0x63, 0x63, 0x63, 0x63, 0x63, 0x63, 0x63, 0x63, 0x63, 0x63, 0x63, 0x63, 0x63, 0x63, 0x63, 0x63, 0x63, 0x63, 0x63, 0x63, 0x63, 0x63, 0x63, 0x63, 0x63, 0x63, 0x63, 0x63, 0x63, 0x63, 0x63, 0x63, 0x63, 0x63, 0x63, 0x63, 0x63, 0x63, 0x63, 0x63, 0x63, 0x63, 0x63, 0x63, 0x63, 0x63, 0x63, 0x63, 0x63, 0x63, 0x63, 0x63, 0x63, 0x63, 0x63, 0x63, 0x63, 0x63, 0x63, 0x63, 0x63, 0x63, 0x63, 0x63, 0x63, 0x63, 0x63, 0x63, 0x63, 0x63, 0x63, 0x63, 0x63, 0x63, 0x63, 0x63, 0x63, 0x63, 0x63, 0x63, 
  0x63, 0x63, 0x63, 0x63, 0x63, 0x63, 0x63, 0x63, 0x63, 0x63, 0x63, 0x63, 0x63, 0x63, 0x63, 0x63, 0x63, 0x63, 0x63, 0x63, 0x63, 0x63, 0x63, 0x63, 0x63, 0x63, 0x63, 0x63, 0x63, 0x63, 0x63, 0x63, 0x63, 0x63, 0x63, 0x63, 0x63, 0x63, 0x63, 0x63, 0x63, 0x63, 0x63, 0x63, 0x63, 0x63, 0x63, 0x63, 0x63, 0x63, 0x63, 0x63, 0x63, 0x63, 0x63, 0x63, 0x63, 0x63, 0x63, 0x63, 0x63, 0x63, 0x63, 0x63, 0x63, 0x63, 0x63, 0x63, 0x63, 0x63, 0x63, 0x63, 0x63, 0x63, 0x63, 0x63, 0x63, 0x63, 0x63, 0x63, 0x63, 0x63, 0x63, 0x63, 0x63, 0x63, 0x63, 0x63, 0x63, 0x63, 0x63, 0x63, 0x63, 0x63, 0x63, 0x63, 0x63, 0x63, 0x63, 0x63, 0x63, 0x63, 0x63, 0x62, 0x63, 0x62, 0x62, 0x62, 0x62, 0x62, 0x61, 0x75, 0x61, 0x61, 0x61, 0x61, 0x60, 0x60, 0x60, 0x60, 0x60, 0x5f, 0x5f, 0x5f, 0x5f, 0x5e, 0x5e, 0x5e, 0x5e, 0x9c, 0x5d, 0x5d, 0x5d, 0x5c, 0x5d, 0x5c, 0x5d, 0x5b, 0x5c, 0x5c, 0x5c, 0x5c, 0x5b, 0x5b, 0x5b, 0x5b, 0x5b, 0x5b, 0xd9, 0xa8, 0xd9, 0xa8, 0xd9, 0x5a, 0x5a, 0x5a, 0x5a, 0x5a, 0x5a, 0x5a, 0x59, 0x59, 0x59, 0x59, 0x59, 0x59, 0x59, 0x59, 0x59, 0x59, 0x59, 0x59, 0x59, 0x59, 0x59, 0x59, 0x59, 0x59, 0x59, 0x59, 0x59, 0x59, 0x59, 0x59, 0x59, 0x59, 0x59, 0x59, 0x59, 0x59, 0x59, 0x59, 0x59, 0x59, 0x59, 0x59, 0x59, 0x59, 0x59, 0x59, 0x5a, 0x5a, 0x5a, 0x5a, 0x5a, 0x5a, 0xa8, 0xd9, 0xa8, 0xd9, 0x5b, 0x5b, 0x5b, 0x5b, 0x5b, 0x5b, 0x5c, 0x5c, 0x5c, 0x5c, 0x5c, 0x5c, 0x5d, 0x5d, 0x5d, 0x5d, 0x5d, 0x5d, 0x5e, 0x5e, 0x5e, 0x5e, 0x5f, 0x5f, 0x5f, 0x5f, 0x60, 0x60, 0x60, 0x60, 0x60, 0x60, 0x61, 0x61, 0x61, 0x61, 0x9e, 0xd5, 0x62, 0x62, 0x62, 0x62, 0x62, 0x62, 0x63, 0x62, 0x63, 0x63, 0x63, 0x63, 0x63, 0x63, 0x63, 0x63, 0x63, 0x63, 0x63, 0x63, 0x63, 0x63, 0x63, 0x63, 0x63, 0x63, 0x63, 0x63, 0x63, 0x63, 0x63, 0x63, 0x63, 0x63, 0x63, 0x63, 0x63, 0x63, 0x63, 0x63, 0x63, 0x63, 0x63, 0x63, 0x63, 0x63, 0x63, 0x63, 0x63, 0x63, 0x63, 0x63, 0x63, 0x63, 0x63, 0x63, 0x63, 0x63, 0x63, 0x63, 0x63, 0x63, 0x63, 0x63, 0x63, 0x63, 0x63, 0x63, 0x63, 0x63, 0x63, 0x63, 0x63, 0x63, 0x63, 0x63, 0x63, 0x63, 0x63, 0x63, 0x63, 0x63, 0x63, 0x63, 0x63, 0x63, 0x63, 0x63, 0x63, 0x63, 0x63, 0x63, 0x63, 0x63, 0x63, 0x63, 0x63, 0x63, 0x63, 0x63, 0x63, 0x63, 0x63, 0x63, 0x63, 0x63, 0x63, 0x63, 0x63, 0x63, 0x63, 0x63, 
  0x63, 0x63, 0x63, 0x63, 0x63, 0x63, 0x63, 0x63, 0x63, 0x63, 0x63, 0x63, 0x63, 0x63, 0x63, 0x63, 0x63, 0x63, 0x63, 0x63, 0x63, 0x63, 0x63, 0x63, 0x63, 0x63, 0x63, 0x63, 0x63, 0x63, 0x63, 0x63, 0x63, 0x63, 0x63, 0x63, 0x63, 0x63, 0x63, 0x63, 0x63, 0x63, 0x63, 0x63, 0x63, 0x63, 0x63, 0x63, 0x63, 0x63, 0x63, 0x63, 0x63, 0x63, 0x63, 0x63, 0x63, 0x63, 0x63, 0x63, 0x63, 0x63, 0x63, 0x63, 0x63, 0x63, 0x63, 0x63, 0x63, 0x63, 0x63, 0x63, 0x63, 0x63, 0x63, 0x63, 0x63, 0x63, 0x63, 0x63, 0x63, 0x63, 0x63, 0x63, 0x63, 0x63, 0x63, 0x63, 0x63, 0x63, 0x63, 0x63, 0x63, 0x63, 0x63, 0x63, 0x63, 0x63, 0x63, 0x63, 0x62, 0x63, 0x62, 0x63, 0x62, 0x62, 0x62, 0x75, 0x75, 0x9e, 0x61, 0x61, 0x61, 0x60, 0x60, 0x60, 0x60, 0x60, 0x5f, 0x5f, 0x5f, 0x5f, 0x5f, 0x9d, 0x5e, 0x5e, 0x5e, 0x5d, 0x5d, 0x5d, 0x5d, 0x5c, 0x5c, 0x5c, 0x5c, 0x5c, 0x5b, 0x5c, 0x5b, 0x5b, 0x5b, 0x5b, 0x5b, 0xa8, 0xd9, 0xa8, 0x5a, 0x5a, 0x5a, 0x5a, 0x5a, 0x5a, 0x59, 0x59, 0x59, 0x59, 0x59, 0x59, 0x59, 0x59, 0x59, 0x58, 0x59, 0x58, 0x58, 0x58, 0x58, 0x58, 0x58, 0x58, 0x58, 0x58, 0x58, 0x58, 0x58, 0x58, 0x58, 0x58, 0x58, 0x58, 0x58, 0x58, 0x58, 0x57, 0x58, 0x57, 0x58, 0x58, 0x58, 0x58, 0x58, 0x58, 0x58, 0x58, 0x58, 0x58, 0x58, 0x58, 0x59, 0x59, 0x58, 0x59, 0x59, 0x59, 0x59, 0x59, 0x5a, 0x5a, 0x5a, 0x5a, 0xd9, 0x5a, 0xd9, 0xa8, 0x5b, 0x5b, 0x5b, 0x5b, 0x5b, 0x5c, 0x5b, 0x5c, 0x5c, 0x5c, 0x5c, 0x5d, 0x5c, 0x5d, 0x5d, 0x5d, 0x5d, 0x5e, 0x5e, 0x9c, 0x74, 0x9d, 0x5f, 0x5f, 0x5f, 0x5f, 0x60, 0x60, 0x60, 0x60, 0x60, 0x61, 0x61, 0x61, 0x61, 0x9e, 0x75, 0x75, 0x62, 0x62, 0x62, 0x62, 0x63, 0x62, 0x63, 0x63, 0x63, 0x63, 0x63, 0x63, 0x63, 0x63, 0x63, 0x63, 0x63, 0x63, 0x63, 0x63, 0x63, 0x63, 0x63, 0x63, 0x63, 0x63, 0x63, 0x63, 0x63, 0x63, 0x63, 0x63, 0x63, 0x63, 0x63, 0x63, 0x63, 0x63, 0x63, 0x63, 0x63, 0x63, 0x63, 0x63, 0x63, 0x63, 0x63, 0x63, 0x63, 0x63, 0x63, 0x63, 0x63, 0x63, 0x63, 0x63, 0x63, 0x63, 0x63, 0x63, 0x63, 0x63, 0x63, 0x63, 0x63, 0x63, 0x63, 0x63, 0x63, 0x63, 0x63, 0x63, 0x63, 0x63, 0x63, 0x63, 0x63, 0x63, 0x63, 0x63, 0x63, 0x63, 0x63, 0x63, 0x63, 0x63, 0x63, 0x63, 0x63, 0x63, 0x63, 0x63, 0x63, 0x63, 0x63, 0x63, 0x63, 0x63, 0x63, 0x63, 0x63, 0x63, 0x63, 0x63, 0x63, 0x63, 0x63, 0x63, 
  0x63, 0x63, 0x63, 0x63, 0x63, 0x63, 0x63, 0x63, 0x63, 0x63, 0x63, 0x63, 0x63, 0x63, 0x63, 0x63, 0x63, 0x63, 0x63, 0x63, 0x63, 0x63, 0x63, 0x63, 0x63, 0x63, 0x63, 0x63, 0x63, 0x63, 0x63, 0x63, 0x63, 0x63, 0x63, 0x63, 0x63, 0x63, 0x63, 0x63, 0x63, 0x63, 0x63, 0x63, 0x63, 0x63, 0x63, 0x63, 0x63, 0x63, 0x63, 0x63, 0x63, 0x63, 0x63, 0x63, 0x63, 0x63, 0x63, 0x63, 0x63, 0x63, 0x63, 0x63, 0x63, 0x63, 0x63, 0x63, 0x63, 0x63, 0x63, 0x63, 0x63, 0x63, 0x63, 0x63, 0x63, 0x63, 0x63, 0x63, 0x63, 0x63, 0x63, 0x63, 0x63, 0x63, 0x63, 0x63, 0x63, 0x63, 0x63, 0x63, 0x63, 0x63, 0x63, 0x63, 0x63, 0x63, 0x62, 0x63, 0x62, 0x62, 0x62, 0x62, 0x75, 0x62, 0x9e, 0x9e, 0x61, 0x61, 0x61, 0x60, 0x60, 0x60, 0x60, 0x5f, 0x60, 0x5f, 0x5f, 0x9d, 0x9d, 0x5e, 0x5e, 0x5d, 0x5d, 0x5d, 0x5d, 0x5c, 0x5c, 0x5c, 0x5c, 0x5c, 0x5c, 0x5b, 0x5b, 0x5b, 0x5b, 0x5b, 0xd9, 0x5b, 0xa8, 0x5a, 0xa8, 0x5a, 0x5a, 0x59, 0x59, 0x59, 0x59, 0x59, 0x59, 0x59, 0x58, 0x59, 0x58, 0x58, 0x58, 0x58, 0x58, 0x58, 0x58, 0x58, 0x58, 0x58, 0x58, 0x58, 0x58, 0x58, 0x58, 0x58, 0x58, 0x57, 0x58, 0x57, 0x58, 0x57, 0x58, 0x57, 0x58, 0x57, 0x58, 0x57, 0x58, 0x57, 0x57, 0x58, 0x57, 0x57, 0x58, 0x57, 0x58, 0x57, 0x58, 0x58, 0x58, 0x58, 0x58, 0x58, 0x58, 0x58, 0x58, 0x58, 0x58, 0x59, 0x58, 0x59, 0x59, 0x59, 0x59, 0x59, 0x59, 0x59, 0x59, 0x5a, 0x5a, 0xa8, 0xa8, 0xa8, 0xd9, 0xa8, 0x5c, 0xd9, 0x5c, 0x5b, 0x5c, 0x5b, 0x5c, 0x5c, 0x5d, 0x5c, 0x5d, 0x5d, 0x5d, 0x5d, 0x5d, 0x9c, 0x5e, 0x9d, 0x5f, 0x5f, 0x5f, 0x5f, 0x60, 0x60, 0x60, 0x60, 0x60, 0x61, 0x61, 0x61, 0x61, 0x9e, 0x75, 0x75, 0x62, 0x62, 0x62, 0x63, 0x62, 0x63, 0x62, 0x63, 0x63, 0x63, 0x63, 0x63, 0x63, 0x63, 0x63, 0x63, 0x63, 0x63, 0x63, 0x63, 0x63, 0x63, 0x63, 0x63, 0x63, 0x63, 0x63, 0x63, 0x63, 0x63, 0x63, 0x63, 0x63, 0x63, 0x63, 0x63, 0x63, 0x63, 0x63, 0x63, 0x63, 0x63, 0x63, 0x63, 0x63, 0x63, 0x63, 0x63, 0x63, 0x63, 0x63, 0x63, 0x63, 0x63, 0x63, 0x63, 0x63, 0x63, 0x63, 0x63, 0x63, 0x63, 0x63, 0x63, 0x63, 0x63, 0x63, 0x63, 0x63, 0x63, 0x63, 0x63, 0x63, 0x63, 0x63, 0x63, 0x63, 0x63, 0x63, 0x63, 0x63, 0x63, 0x63, 0x63, 0x63, 0x63, 0x63, 0x63, 0x63, 0x63, 0x63, 0x63, 0x63, 0x63, 0x63, 0x63, 0x63, 0x63, 0x63, 0x63, 0x63, 0x63, 0x63, 0x63, 0x63, 0x63, 
  0x63, 0x63, 0x63, 0x63, 0x63, 0x63, 0x63, 0x63, 0x63, 0x63, 0x63, 0x63, 0x63, 0x63, 0x63, 0x63, 0x63, 0x63, 0x63, 0x63, 0x63, 0x63, 0x63, 0x63, 0x63, 0x63, 0x63, 0x63, 0x63, 0x63, 0x63, 0x63, 0x63, 0x63, 0x63, 0x63, 0x63, 0x63, 0x63, 0x63, 0x63, 0x63, 0x63, 0x63, 0x63, 0x63, 0x63, 0x63, 0x63, 0x63, 0x63, 0x63, 0x63, 0x63, 0x63, 0x63, 0x63, 0x63, 0x63, 0x63, 0x63, 0x63, 0x63, 0x63, 0x63, 0x63, 0x63, 0x63, 0x63, 0x63, 0x63, 0x63, 0x63, 0x63, 0x63, 0x63, 0x63, 0x63, 0x63, 0x63, 0x63, 0x63, 0x63, 0x63, 0x63, 0x63, 0x63, 0x63, 0x63, 0x63, 0x63, 0x63, 0x63, 0x63, 0x63, 0x63, 0x63, 0x62, 0x63, 0x62, 0x62, 0x62, 0x62, 0x75, 0x9e, 0x9e, 0x61, 0x61, 0x60, 0x60, 0x60, 0x60, 0x60, 0x5f, 0x5f, 0x5f, 0x9d, 0x9d, 0x5e, 0x5e, 0x5e, 0x5d, 0x5d, 0x5d, 0x5d, 0x5d, 0x5c, 0x5c, 0x5c, 0x5c, 0x5b, 0x5b, 0x5b, 0x5b, 0xa8, 0x5b, 0x5a, 0x5a, 0x5a, 0x59, 0x5a, 0x59, 0x59, 0x59, 0x59, 0x59, 0x59, 0x59, 0x58, 0x58, 0x58, 0x58, 0x58, 0x58, 0x58, 0x58, 0x57, 0x58, 0x57, 0x57, 0x57, 0x57, 0x57, 0x57, 0x57, 0x57, 0x57, 0x73, 0x73, 0x73, 0x73, 0x57, 0x73, 0x73, 0x73, 0x73, 0x57, 0x73, 0x73, 0x73, 0x73, 0x73, 0x73, 0x57, 0x73, 0x73, 0x73, 0x57, 0x73, 0x73, 0x73, 0x57, 0x73, 0x57, 0x57, 0x57, 0x57, 0x57, 0x58, 0x57, 0x58, 0x58, 0x57, 0x58, 0x58, 0x58, 0x58, 0x58, 0x58, 0x58, 0x59, 0x59, 0x59, 0x59, 0x59, 0x59, 0x59, 0x5a, 0x5a, 0x5a, 0x5a, 0xa8, 0xd9, 0x5b, 0x5b, 0x5b, 0x5b, 0x5c, 0x5c, 0x5c, 0x5c, 0x5c, 0x5c, 0x5d, 0x5c, 0x5d, 0x5e, 0x5e, 0x5e, 0x9d, 0x9d, 0x9d, 0x5f, 0x5f, 0x5f, 0x60, 0x60, 0x60, 0x60, 0x60, 0x61, 0x61, 0x61, 0x9e, 0x9e, 0x62, 0x75, 0x62, 0x62, 0x62, 0x62, 0x63, 0x62, 0x63, 0x63, 0x63, 0x63, 0x63, 0x63, 0x63, 0x63, 0x63, 0x63, 0x63, 0x63, 0x63, 0x63, 0x63, 0x63, 0x63, 0x63, 0x63, 0x63, 0x63, 0x63, 0x63, 0x63, 0x63, 0x63, 0x63, 0x63, 0x63, 0x63, 0x63, 0x63, 0x63, 0x63, 0x63, 0x63, 0x63, 0x63, 0x63, 0x63, 0x63, 0x63, 0x63, 0x63, 0x63, 0x63, 0x63, 0x63, 0x63, 0x63, 0x63, 0x63, 0x63, 0x63, 0x63, 0x63, 0x63, 0x63, 0x63, 0x63, 0x63, 0x63, 0x63, 0x63, 0x63, 0x63, 0x63, 0x63, 0x63, 0x63, 0x63, 0x63, 0x63, 0x63, 0x63, 0x63, 0x63, 0x63, 0x63, 0x63, 0x63, 0x63, 0x63, 0x63, 0x63, 0x63, 0x63, 0x63, 0x63, 0x63, 0x63, 0x63, 0x63, 0x63, 0x63, 0x63, 0x63, 
  0x63, 0x63, 0x63, 0x63, 0x63, 0x63, 0x63, 0x63, 0x63, 0x63, 0x63, 0x63, 0x63, 0x63, 0x63, 0x63, 0x63, 0x63, 0x63, 0x63, 0x63, 0x63, 0x63, 0x63, 0x63, 0x63, 0x63, 0x63, 0x63, 0x63, 0x63, 0x63, 0x63, 0x63, 0x63, 0x63, 0x63, 0x63, 0x63, 0x63, 0x63, 0x63, 0x63, 0x63, 0x63, 0x63, 0x63, 0x63, 0x63, 0x63, 0x63, 0x63, 0x63, 0x63, 0x63, 0x63, 0x63, 0x63, 0x63, 0x63, 0x63, 0x63, 0x63, 0x63, 0x63, 0x63, 0x63, 0x63, 0x63, 0x63, 0x63, 0x63, 0x63, 0x63, 0x63, 0x63, 0x63, 0x63, 0x63, 0x63, 0x63, 0x63, 0x63, 0x63, 0x63, 0x63, 0x63, 0x63, 0x63, 0x63, 0x63, 0x63, 0x63, 0x63, 0x62, 0x63, 0x62, 0x63, 0x75, 0x62, 0x62, 0x75, 0x75, 0x9e, 0x61, 0x61, 0x60, 0x60, 0x60, 0x60, 0x5f, 0x60, 0x9d, 0x5f, 0x9d, 0x5e, 0x5e, 0x5e, 0x5d, 0x5d, 0x5d, 0x5c, 0x5d, 0x5c, 0x5c, 0x5c, 0x5b, 0x5c, 0x5b, 0x5b, 0xa8, 0xd9, 0xd9, 0x9b, 0x5a, 0x9b, 0x59, 0x59, 0x59, 0x59, 0x59, 0x59, 0x59, 0x58, 0x58, 0x58, 0x58, 0x58, 0x58, 0x58, 0x58, 0x58, 0x57, 0x58, 0x57, 0x57, 0x57, 0x57, 0x57, 0x73, 0x57, 0x73, 0x73, 0x73, 0x73, 0x73, 0x73, 0x73, 0x73, 0x73, 0xc2, 0x73, 0x56, 0x73, 0x73, 0xc2, 0x73, 0x56, 0x9a, 0x73, 0x56, 0x9a, 0xc2, 0xc2, 0x56, 0x9a, 0x56, 0x73, 0xc2, 0x9a, 0x73, 0x73, 0x9a, 0x73, 0x9a, 0x73, 0x73, 0x73, 0x73, 0x73, 0x73, 0x57, 0x57, 0x57, 0x57, 0x57, 0x57, 0x58, 0x57, 0x58, 0x58, 0x57, 0x58, 0x58, 0x58, 0x58, 0x58, 0x59, 0x59, 0x59, 0x59, 0x59, 0x9b, 0x5a, 0xd9, 0xa8, 0xd9, 0x5b, 0xd9, 0x5b, 0x5b, 0x5c, 0x5c, 0x5c, 0x5c, 0x5d, 0x5d, 0x5d, 0x5d, 0x5d, 0x5d, 0x5e, 0x5e, 0x5e, 0x5f, 0x5f, 0x5f, 0x5f, 0x60, 0x60, 0x60, 0x60, 0x61, 0x61, 0x61, 0x9e, 0x75, 0x62, 0x62, 0x62, 0x62, 0x62, 0x62, 0x62, 0x63, 0x62, 0x63, 0x63, 0x63, 0x63, 0x63, 0x63, 0x63, 0x63, 0x63, 0x63, 0x63, 0x63, 0x63, 0x63, 0x63, 0x63, 0x63, 0x63, 0x63, 0x63, 0x63, 0x63, 0x63, 0x63, 0x63, 0x63, 0x63, 0x63, 0x63, 0x63, 0x63, 0x63, 0x63, 0x63, 0x63, 0x63, 0x63, 0x63, 0x63, 0x63, 0x63, 0x63, 0x63, 0x63, 0x63, 0x63, 0x63, 0x63, 0x63, 0x63, 0x63, 0x63, 0x63, 0x63, 0x63, 0x63, 0x63, 0x63, 0x63, 0x63, 0x63, 0x63, 0x63, 0x63, 0x63, 0x63, 0x63, 0x63, 0x63, 0x63, 0x63, 0x63, 0x63, 0x63, 0x63, 0x63, 0x63, 0x63, 0x63, 0x63, 0x63, 0x63, 0x63, 0x63, 0x63, 0x63, 0x63, 0x63, 0x63, 0x63, 0x63, 0x63, 0x63, 0x63, 
  0x63, 0x63, 0x63, 0x63, 0x63, 0x63, 0x63, 0x63, 0x63, 0x63, 0x63, 0x63, 0x63, 0x63, 0x63, 0x63, 0x63, 0x63, 0x63, 0x63, 0x63, 0x63, 0x63, 0x63, 0x63, 0x63, 0x63, 0x63, 0x63, 0x63, 0x63, 0x63, 0x63, 0x63, 0x63, 0x63, 0x63, 0x63, 0x63, 0x63, 0x63, 0x63, 0x63, 0x63, 0x63, 0x63, 0x63, 0x63, 0x63, 0x63, 0x63, 0x63, 0x63, 0x63, 0x63, 0x63, 0x63, 0x63, 0x63, 0x63, 0x63, 0x63, 0x63, 0x63, 0x63, 0x63, 0x63, 0x63, 0x63, 0x63, 0x63, 0x63, 0x63, 0x63, 0x63, 0x63, 0x63, 0x63, 0x63, 0x63, 0x63, 0x63, 0x63, 0x63, 0x63, 0x63, 0x63, 0x63, 0x63, 0x63, 0x63, 0x63, 0x63, 0x62, 0x63, 0x62, 0x62, 0x62, 0x75, 0x75, 0x9e, 0x61, 0x61, 0x61, 0x61, 0x60, 0x60, 0x60, 0x5f, 0x5f, 0x5f, 0x5f, 0x9d, 0x5e, 0x9c, 0x5d, 0x5d, 0x5d, 0x5d, 0x5c, 0x5c, 0x5c, 0x5b, 0x5c, 0x5b, 0x5b, 0x5b, 0xd9, 0xa8, 0x5a, 0x5a, 0x59, 0x59, 0x59, 0x59, 0x59, 0x59, 0x59, 0x58, 0x58, 0x58, 0x58, 0x58, 0x58, 0x57, 0x58, 0x57, 0x57, 0x57, 0x73, 0x57, 0x73, 0x57, 0x73, 0x73, 0x73, 0x73, 0x73, 0x73, 0x9a, 0x73, 0xc2, 0x56, 0x56, 0x56, 0x56, 0x56, 0x56, 0x56, 0x56, 0x56, 0x56, 0x55, 0x56, 0x55, 0x56, 0x55, 0x56, 0x55, 0x56, 0x55, 0x56, 0x56, 0x56, 0x56, 0x56, 0x56, 0x55, 0x56, 0x55, 0x56, 0x55, 0x56, 0x56, 0x56, 0x56, 0x56, 0xc2, 0x56, 0x73, 0x56, 0x73, 0x73, 0x73, 0x73, 0x57, 0x73, 0x57, 0x57, 0x57, 0x73, 0x58, 0x57, 0x58, 0x58, 0x58, 0x58, 0x58, 0x58, 0x58, 0x58, 0x59, 0x59, 0x59, 0x59, 0x5a, 0x5a, 0x5a, 0x5a, 0x5b, 0x5b, 0x5b, 0x5b, 0x5b, 0x5c, 0x5c, 0x5c, 0x5c, 0x5c, 0x5c, 0x5d, 0x5d, 0x5d, 0x5e, 0x5e, 0x9d, 0x5f, 0x5f, 0x60, 0x5f, 0x60, 0x60, 0x60, 0x60, 0x61, 0x61, 0x61, 0x61, 0x9e, 0x75, 0x75, 0x62, 0x62, 0x62, 0x62, 0x62, 0x63, 0x62, 0x63, 0x63, 0x63, 0x63, 0x63, 0x63, 0x63, 0x63, 0x63, 0x63, 0x63, 0x63, 0x63, 0x63, 0x63, 0x63, 0x63, 0x63, 0x63, 0x63, 0x63, 0x63, 0x63, 0x63, 0x63, 0x63, 0x63, 0x63, 0x63, 0x63, 0x63, 0x63, 0x63, 0x63, 0x63, 0x63, 0x63, 0x63, 0x63, 0x63, 0x63, 0x63, 0x63, 0x63, 0x63, 0x63, 0x63, 0x63, 0x63, 0x63, 0x63, 0x63, 0x63, 0x63, 0x63, 0x63, 0x63, 0x63, 0x63, 0x63, 0x63, 0x63, 0x63, 0x63, 0x63, 0x63, 0x63, 0x63, 0x63, 0x63, 0x63, 0x63, 0x63, 0x63, 0x63, 0x63, 0x63, 0x63, 0x63, 0x63, 0x63, 0x63, 0x63, 0x63, 0x63, 0x63, 0x63, 0x63, 0x63, 0x63, 0x63, 0x63, 
  0x63, 0x63, 0x63, 0x63, 0x63, 0x63, 0x63, 0x63, 0x63, 0x63, 0x63, 0x63, 0x63, 0x63, 0x63, 0x63, 0x63, 0x63, 0x63, 0x63, 0x63, 0x63, 0x63, 0x63, 0x63, 0x63, 0x63, 0x63, 0x63, 0x63, 0x63, 0x63, 0x63, 0x63, 0x63, 0x63, 0x63, 0x63, 0x63, 0x63, 0x63, 0x63, 0x63, 0x63, 0x63, 0x63, 0x63, 0x63, 0x63, 0x63, 0x63, 0x63, 0x63, 0x63, 0x63, 0x63, 0x63, 0x63, 0x63, 0x63, 0x63, 0x63, 0x63, 0x63, 0x63, 0x63, 0x63, 0x63, 0x63, 0x63, 0x63, 0x63, 0x63, 0x63, 0x63, 0x63, 0x63, 0x63, 0x63, 0x63, 0x63, 0x63, 0x63, 0x63, 0x63, 0x63, 0x63, 0x63, 0x63, 0x63, 0x62, 0x63, 0x62, 0x63, 0x75, 0x62, 0x62, 0x75, 0x9e, 0x61, 0x61, 0x61, 0x61, 0x60, 0x60, 0x60, 0x5f, 0x5f, 0x9d, 0x5f, 0x5e, 0x5e, 0x5d, 0x5d, 0x5d, 0x5c, 0x5c, 0x5c, 0x5c, 0x5c, 0x5b, 0x5b, 0x5b, 0x5b, 0xd9, 0xa8, 0x5a, 0x5a, 0x59, 0x59, 0x59, 0x59, 0x59, 0x58, 0x58, 0x58, 0x58, 0x58, 0x58, 0x58, 0x57, 0x57, 0x57, 0x57, 0x57, 0x57, 0x57, 0x73, 0x57, 0x73, 0x73, 0x73, 0x73, 0x73, 0x73, 0x56, 0x56, 0x56, 0x56, 0x56, 0x55, 0x56, 0x56, 0x55, 0x55, 0x55, 0x55, 0x55, 0x55, 0x55, 0x55, 0x55, 0x55, 0x56, 0x54, 0x55, 0x55, 0x55, 0x55, 0x55, 0x55, 0x55, 0x55, 0x55, 0x55, 0x54, 0x55, 0x55, 0x55, 0x55, 0x55, 0x55, 0x55, 0x55, 0x55, 0x55, 0x55, 0x56, 0x56, 0x55, 0x56, 0x56, 0x56, 0x56, 0x56, 0xc2, 0x9a, 0x73, 0x73, 0x73, 0x73, 0x73, 0x73, 0x57, 0x57, 0x57, 0x57, 0x58, 0x57, 0x58, 0x58, 0x58, 0x58, 0x58, 0x59, 0x59, 0x59, 0x59, 0x59, 0x5a, 0x59, 0x5a, 0xa8, 0x5b, 0x5b, 0x5b, 0x5c, 0x5c, 0x5c, 0x5c, 0x5c, 0x5c, 0x5d, 0x5d, 0x5d, 0x9c, 0x5e, 0x9d, 0x5e, 0x5f, 0x5f, 0x5f, 0x60, 0x60, 0x60, 0x61, 0x61, 0x61, 0x61, 0x61, 0xc3, 0x75, 0x62, 0x62, 0x62, 0x62, 0x62, 0x63, 0x62, 0x63, 0x63, 0x63, 0x63, 0x63, 0x63, 0x63, 0x63, 0x63, 0x63, 0x63, 0x63, 0x63, 0x63, 0x63, 0x63, 0x63, 0x63, 0x63, 0x63, 0x63, 0x63, 0x63, 0x63, 0x63, 0x63, 0x63, 0x63, 0x63, 0x63, 0x63, 0x63, 0x63, 0x63, 0x63, 0x63, 0x63, 0x63, 0x63, 0x63, 0x63, 0x63, 0x63, 0x63, 0x63, 0x63, 0x63, 0x63, 0x63, 0x63, 0x63, 0x63, 0x63, 0x63, 0x63, 0x63, 0x63, 0x63, 0x63, 0x63, 0x63, 0x63, 0x63, 0x63, 0x63, 0x63, 0x63, 0x63, 0x63, 0x63, 0x63, 0x63, 0x63, 0x63, 0x63, 0x63, 0x63, 0x63, 0x63, 0x63, 0x63, 0x63, 0x63, 0x63, 0x63, 0x63, 0x63, 0x63, 0x63, 0x63, 0x63, 
  0x63, 0x63, 0x63, 0x63, 0x63, 0x63, 0x63, 0x63, 0x63, 0x63, 0x63, 0x63, 0x63, 0x63, 0x63, 0x63, 0x63, 0x63, 0x63, 0x63, 0x63, 0x63, 0x63, 0x63, 0x63, 0x63, 0x63, 0x63, 0x63, 0x63, 0x63, 0x63, 0x63, 0x63, 0x63, 0x63, 0x63, 0x63, 0x63, 0x63, 0x63, 0x63, 0x63, 0x63, 0x63, 0x63, 0x63, 0x63, 0x63, 0x63, 0x63, 0x63, 0x63, 0x63, 0x63, 0x63, 0x63, 0x63, 0x63, 0x63, 0x63, 0x63, 0x63, 0x63, 0x63, 0x63, 0x63, 0x63, 0x63, 0x63, 0x63, 0x63, 0x63, 0x63, 0x63, 0x63, 0x63, 0x63, 0x63, 0x63, 0x63, 0x63, 0x63, 0x63, 0x63, 0x63, 0x63, 0x63, 0x63, 0x62, 0x63, 0x62, 0x62, 0x62, 0x62, 0x75, 0x9e, 0x61, 0x61, 0x61, 0x61, 0x60, 0x60, 0x60, 0x5f, 0x5f, 0x5f, 0x9d, 0x5e, 0x5e, 0x9c, 0x5d, 0x5d, 0x5c, 0x5c, 0x5c, 0x5c, 0x5c, 0x5b, 0x5b, 0x5b, 0xd9, 0xa8, 0x5a, 0x5a, 0x5a, 0x59, 0x59, 0x59, 0x58, 0x58, 0x58, 0x58, 0x58, 0x58, 0x58, 0x57, 0x57, 0x57, 0x57, 0x57, 0x73, 0x73, 0x73, 0x73, 0x73, 0x73, 0x73, 0x56, 0x56, 0x56, 0xc2, 0x55, 0x56, 0x55, 0x56, 0x55, 0x55, 0x55, 0x55, 0x55, 0x55, 0x54, 0x55, 0x55, 0x55, 0x55, 0x55, 0x55, 0x54, 0x55, 0x55, 0x54, 0x54, 0x54, 0x55, 0x54, 0x54, 0x54, 0x54, 0x54, 0x54, 0x54, 0x54, 0x54, 0x54, 0x55, 0x54, 0x54, 0x55, 0x54, 0x55, 0x54, 0x55, 0x54, 0x55, 0x55, 0x55, 0x55, 0x55, 0x55, 0x55, 0x55, 0x55, 0x55, 0x56, 0x56, 0x55, 0x56, 0x56, 0x56, 0xc2, 0x9a, 0x9a, 0x73, 0x73, 0x73, 0x73, 0x57, 0x57, 0x57, 0x57, 0x58, 0x58, 0x58, 0x58, 0x58, 0x59, 0x59, 0x59, 0x59, 0x59, 0x5a, 0x5a, 0xa8, 0x9b, 0xd9, 0x5b, 0x5b, 0x5b, 0x5c, 0x5c, 0x5c, 0x5c, 0x5c, 0x5d, 0x5d, 0x5d, 0x5e, 0x5e, 0x5f, 0x9d, 0x5f, 0x5f, 0x5f, 0x60, 0x60, 0x60, 0x61, 0x60, 0x61, 0x61, 0x9e, 0x9e, 0x75, 0x62, 0x62, 0x62, 0x62, 0x63, 0x62, 0x63, 0x63, 0x63, 0x63, 0x63, 0x63, 0x63, 0x63, 0x63, 0x63, 0x63, 0x63, 0x63, 0x63, 0x63, 0x63, 0x63, 0x63, 0x63, 0x63, 0x63, 0x63, 0x63, 0x63, 0x63, 0x63, 0x63, 0x63, 0x63, 0x63, 0x63, 0x63, 0x63, 0x63, 0x63, 0x63, 0x63, 0x63, 0x63, 0x63, 0x63, 0x63, 0x63, 0x63, 0x63, 0x63, 0x63, 0x63, 0x63, 0x63, 0x63, 0x63, 0x63, 0x63, 0x63, 0x63, 0x63, 0x63, 0x63, 0x63, 0x63, 0x63, 0x63, 0x63, 0x63, 0x63, 0x63, 0x63, 0x63, 0x63, 0x63, 0x63, 0x63, 0x63, 0x63, 0x63, 0x63, 0x63, 0x63, 0x63, 0x63, 0x63, 0x63, 0x63, 0x63, 0x63, 0x63, 0x63, 0x63, 
  0x63, 0x63, 0x63, 0x63, 0x63, 0x63, 0x63, 0x63, 0x63, 0x63, 0x63, 0x63, 0x63, 0x63, 0x63, 0x63, 0x63, 0x63, 0x63, 0x63, 0x63, 0x63, 0x63, 0x63, 0x63, 0x63, 0x63, 0x63, 0x63, 0x63, 0x63, 0x63, 0x63, 0x63, 0x63, 0x63, 0x63, 0x63, 0x63, 0x63, 0x63, 0x63, 0x63, 0x63, 0x63, 0x63, 0x63, 0x63, 0x63, 0x63, 0x63, 0x63, 0x63, 0x63, 0x63, 0x63, 0x63, 0x63, 0x63, 0x63, 0x63, 0x63, 0x63, 0x63, 0x63, 0x63, 0x63, 0x63, 0x63, 0x63, 0x63, 0x63, 0x63, 0x63, 0x63, 0x63, 0x63, 0x63, 0x63, 0x63, 0x63, 0x63, 0x63, 0x63, 0x63, 0x63, 0x63, 0x62, 0x63, 0x62, 0x62, 0x62, 0x62, 0x75, 0x9e, 0x9e, 0x61, 0x61, 0x60, 0x60, 0x60, 0x60, 0x60, 0x5f, 0x5f, 0x9d, 0x9d, 0x9c, 0x5d, 0x5d, 0x5c, 0x5c, 0x5c, 0x5d, 0x5b, 0x5c, 0xd9, 0x5b, 0x5b, 0xa8, 0xd9, 0x9b, 0x5a, 0x59, 0x59, 0x59, 0x58, 0x58, 0x58, 0x58, 0x58, 0x57, 0x58, 0x73, 0x57, 0x57, 0x57, 0x73, 0x73, 0x73, 0x9a, 0x73, 0x9a, 0x56, 0x56, 0x55, 0x56, 0x55, 0x56, 0x56, 0x55, 0x56, 0x55, 0x55, 0x55, 0x55, 0x55, 0x55, 0x55, 0x55, 0x54, 0x55, 0x54, 0x54, 0x54, 0x54, 0x54, 0x53, 0x53, 0x54, 0x53, 0x53, 0x53, 0x54, 0x53, 0x54, 0x53, 0x54, 0x53, 0x53, 0x53, 0x53, 0x53, 0x53, 0x53, 0x53, 0x53, 0x53, 0x53, 0x54, 0x53, 0x53, 0x54, 0x53, 0x54, 0x54, 0x54, 0x54, 0x54, 0x55, 0x54, 0x55, 0x55, 0x55, 0x55, 0x55, 0x55, 0x55, 0x55, 0x56, 0x55, 0x56, 0x56, 0x56, 0x56, 0x56, 0x73, 0x73, 0x73, 0x73, 0x73, 0x57, 0x57, 0x57, 0x57, 0x58, 0x58, 0x58, 0x58, 0x58, 0x58, 0x59, 0x59, 0x59, 0x59, 0x9b, 0x5a, 0xa8, 0x5b, 0xa8, 0x5b, 0x5b, 0x5c, 0x5c, 0x5c, 0x5c, 0x5c, 0x5d, 0x5d, 0x5d, 0x5e, 0x5e, 0x5e, 0x5f, 0x5f, 0x5f, 0x5f, 0x60, 0x60, 0x60, 0x61, 0x61, 0x61, 0x61, 0x61, 0x75, 0x75, 0x62, 0x62, 0x62, 0x63, 0x62, 0x63, 0x63, 0x63, 0x63, 0x63, 0x63, 0x63, 0x63, 0x63, 0x63, 0x63, 0x63, 0x63, 0x63, 0x63, 0x63, 0x63, 0x63, 0x63, 0x63, 0x63, 0x63, 0x63, 0x63, 0x63, 0x63, 0x63, 0x63, 0x63, 0x63, 0x63, 0x63, 0x63, 0x63, 0x63, 0x63, 0x63, 0x63, 0x63, 0x63, 0x63, 0x63, 0x63, 0x63, 0x63, 0x63, 0x63, 0x63, 0x63, 0x63, 0x63, 0x63, 0x63, 0x63, 0x63, 0x63, 0x63, 0x63, 0x63, 0x63, 0x63, 0x63, 0x63, 0x63, 0x63, 0x63, 0x63, 0x63, 0x63, 0x63, 0x63, 0x63, 0x63, 0x63, 0x63, 0x63, 0x63, 0x63, 0x63, 0x63, 0x63, 0x63, 0x63, 0x63, 0x63, 0x63, 0x63, 0x63, 
  0x63, 0x63, 0x63, 0x63, 0x63, 0x63, 0x63, 0x63, 0x63, 0x63, 0x63, 0x63, 0x63, 0x63, 0x63, 0x63, 0x63, 0x63, 0x63, 0x63, 0x63, 0x63, 0x63, 0x63, 0x63, 0x63, 0x63, 0x63, 0x63, 0x63, 0x63, 0x63, 0x63, 0x63, 0x63, 0x63, 0x63, 0x63, 0x63, 0x63, 0x63, 0x63, 0x63, 0x63, 0x63, 0x63, 0x63, 0x63, 0x63, 0x63, 0x63, 0x63, 0x63, 0x63, 0x63, 0x63, 0x63, 0x63, 0x63, 0x63, 0x63, 0x63, 0x63, 0x63, 0x63, 0x63, 0x63, 0x63, 0x63, 0x63, 0x63, 0x63, 0x63, 0x63, 0x63, 0x63, 0x63, 0x63, 0x63, 0x63, 0x63, 0x63, 0x63, 0x63, 0x63, 0x63, 0x62, 0x63, 0x62, 0x62, 0x62, 0x62, 0x75, 0x61, 0x61, 0x61, 0x61, 0x60, 0x61, 0x60, 0x60, 0x5f, 0x5f, 0x9d, 0x9d, 0x5e, 0x9c, 0x9c, 0x5c, 0x5c, 0x5d, 0x5c, 0x5c, 0x5b, 0x5b, 0x5b, 0xa8, 0x5a, 0x5a, 0x5a, 0x59, 0x59, 0x59, 0x59, 0x58, 0x58, 0x58, 0x58, 0x57, 0x57, 0x57, 0x57, 0x73, 0x57, 0x73, 0xc2, 0x73, 0x56, 0x56, 0x56, 0x56, 0x56, 0x55, 0x56, 0x55, 0x56, 0x56, 0x55, 0x55, 0x55, 0x54, 0x55, 0x54, 0x55, 0x54, 0x54, 0x53, 0x53, 0x53, 0x53, 0x53, 0x53, 0x53, 0x72, 0x53, 0x72, 0x72, 0x53, 0x72, 0x52, 0x72, 0x72, 0x72, 0x72, 0x52, 0x72, 0x52, 0x52, 0x52, 0x52, 0xc1, 0x99, 0x52, 0x52, 0x52, 0xc1, 0x52, 0x72, 0x52, 0x99, 0x72, 0x72, 0x72, 0x53, 0x72, 0x72, 0x53, 0x53, 0x53, 0x53, 0x53, 0x54, 0x54, 0x54, 0x54, 0x54, 0x54, 0x55, 0x55, 0x55, 0x55, 0x55, 0x55, 0x55, 0x56, 0x55, 0x56, 0x55, 0x56, 0x56, 0x56, 0x9a, 0x73, 0x73, 0x73, 0x73, 0x57, 0x57, 0x57, 0x58, 0x58, 0x58, 0x58, 0x58, 0x58, 0x59, 0x59, 0x59, 0x5a, 0x5a, 0xa8, 0x5b, 0x5b, 0x5b, 0x5b, 0x5c, 0x5c, 0x5c, 0x5c, 0x5d, 0x5d, 0x5d, 0x5e, 0x5e, 0x9d, 0x9d, 0x5f, 0x5f, 0x5f, 0x60, 0x60, 0x60, 0x60, 0x61, 0x61, 0x61, 0x9e, 0x75, 0x75, 0x62, 0x62, 0x62, 0x62, 0x63, 0x62, 0x63, 0x63, 0x63, 0x63, 0x63, 0x63, 0x63, 0x63, 0x63, 0x63, 0x63, 0x63, 0x63, 0x63, 0x63, 0x63, 0x63, 0x63, 0x63, 0x63, 0x63, 0x63, 0x63, 0x63, 0x63, 0x63, 0x63, 0x63, 0x63, 0x63, 0x63, 0x63, 0x63, 0x63, 0x63, 0x63, 0x63, 0x63, 0x63, 0x63, 0x63, 0x63, 0x63, 0x63, 0x63, 0x63, 0x63, 0x63, 0x63, 0x63, 0x63, 0x63, 0x63, 0x63, 0x63, 0x63, 0x63, 0x63, 0x63, 0x63, 0x63, 0x63, 0x63, 0x63, 0x63, 0x63, 0x63, 0x63, 0x63, 0x63, 0x63, 0x63, 0x63, 0x63, 0x63, 0x63, 0x63, 0x63, 0x63, 0x63, 0x63, 0x63, 0x63, 0x63, 0x63, 
  0x63, 0x63, 0x63, 0x63, 0x63, 0x63, 0x63, 0x63, 0x63, 0x63, 0x63, 0x63, 0x63, 0x63, 0x63, 0x63, 0x63, 0x63, 0x63, 0x63, 0x63, 0x63, 0x63, 0x63, 0x63, 0x63, 0x63, 0x63, 0x63, 0x63, 0x63, 0x63, 0x63, 0x63, 0x63, 0x63, 0x63, 0x63, 0x63, 0x63, 0x63, 0x63, 0x63, 0x63, 0x63, 0x63, 0x63, 0x63, 0x63, 0x63, 0x63, 0x63, 0x63, 0x63, 0x63, 0x63, 0x63, 0x63, 0x63, 0x63, 0x63, 0x63, 0x63, 0x63, 0x63, 0x63, 0x63, 0x63, 0x63, 0x63, 0x63, 0x63, 0x63, 0x63, 0x63, 0x63, 0x63, 0x63, 0x63, 0x63, 0x63, 0x63, 0x63, 0x62, 0x63, 0x62, 0x62, 0x62, 0x62, 0x75, 0x75, 0x9e, 0x61, 0x61, 0x61, 0x60, 0x60, 0x60, 0x5f, 0x5f, 0x5f, 0x5f, 0x9d, 0x9c, 0x9c, 0x5d, 0x5c, 0x5d, 0x5c, 0x5c, 0x5c, 0x5b, 0x5b, 0x5b, 0xa8, 0x5a, 0x5a, 0x59, 0x59, 0x59, 0x58, 0x59, 0x58, 0x58, 0x58, 0x57, 0x58, 0x57, 0x57, 0x73, 0x73, 0x9a, 0x73, 0x56, 0x56, 0x56, 0x55, 0x56, 0x56, 0x55, 0x55, 0x55, 0x56, 0x54, 0x55, 0x55, 0x54, 0x55, 0x54, 0x55, 0x54, 0x54, 0x53, 0x53, 0x53, 0x53, 0x53, 0x53, 0x72, 0x53, 0x99, 0x72, 0x52, 0x52, 0x52, 0x52, 0x52, 0x52, 0x7c, 0x52, 0x52, 0x52, 0x52, 0x52, 0x52, 0x52, 0x52, 0x52, 0x7c, 0x52, 0x7c, 0x7c, 0x7c, 0x7c, 0x52, 0x7c, 0x52, 0x52, 0x52, 0x52, 0x52, 0x52, 0x7c, 0x52, 0x52, 0x52, 0x52, 0x52, 0x52, 0x72, 0x72, 0x72, 0x72, 0x53, 0x53, 0x53, 0x53, 0x53, 0x53, 0x53, 0x54, 0x54, 0x54, 0x55, 0x54, 0x55, 0x55, 0x55, 0x56, 0x56, 0x56, 0x56, 0x56, 0x56, 0x73, 0x73, 0x73, 0x57, 0x57, 0x57, 0x57, 0x58, 0x58, 0x58, 0x58, 0x58, 0x58, 0x58, 0x9b, 0x59, 0x9b, 0x5a, 0xa8, 0xa8, 0x5b, 0x5b, 0x5b, 0x5c, 0x5c, 0x5c, 0x5c, 0x5d, 0x5d, 0x5d, 0x5d, 0x5e, 0x9d, 0x9d, 0x5f, 0x5f, 0x5f, 0x60, 0x60, 0x60, 0x60, 0x61, 0x60, 0x75, 0xd5, 0x62, 0x62, 0x62, 0x62, 0x62, 0x63, 0x62, 0x63, 0x63, 0x63, 0x63, 0x63, 0x63, 0x63, 0x63, 0x63, 0x63, 0x63, 0x63, 0x63, 0x63, 0x63, 0x63, 0x63, 0x63, 0x63, 0x63, 0x63, 0x63, 0x63, 0x63, 0x63, 0x63, 0x63, 0x63, 0x63, 0x63, 0x63, 0x63, 0x63, 0x63, 0x63, 0x63, 0x63, 0x63, 0x63, 0x63, 0x63, 0x63, 0x63, 0x63, 0x63, 0x63, 0x63, 0x63, 0x63, 0x63, 0x63, 0x63, 0x63, 0x63, 0x63, 0x63, 0x63, 0x63, 0x63, 0x63, 0x63, 0x63, 0x63, 0x63, 0x63, 0x63, 0x63, 0x63, 0x63, 0x63, 0x63, 0x63, 0x63, 0x63, 0x63, 0x63, 0x63, 0x63, 0x63, 0x63, 0x63, 0x63, 0x63, 0x63, 
  0x63, 0x63, 0x63, 0x63, 0x63, 0x63, 0x63, 0x63, 0x63, 0x63, 0x63, 0x63, 0x63, 0x63, 0x63, 0x63, 0x63, 0x63, 0x63, 0x63, 0x63, 0x63, 0x63, 0x63, 0x63, 0x63, 0x63, 0x63, 0x63, 0x63, 0x63, 0x63, 0x63, 0x63, 0x63, 0x63, 0x63, 0x63, 0x63, 0x63, 0x63, 0x63, 0x63, 0x63, 0x63, 0x63, 0x63, 0x63, 0x63, 0x63, 0x63, 0x63, 0x63, 0x63, 0x63, 0x63, 0x63, 0x63, 0x63, 0x63, 0x63, 0x63, 0x63, 0x63, 0x63, 0x63, 0x63, 0x63, 0x63, 0x63, 0x63, 0x63, 0x63, 0x63, 0x63, 0x63, 0x63, 0x63, 0x63, 0x63, 0x63, 0x63, 0x62, 0x63, 0x62, 0x62, 0x62, 0x62, 0x62, 0xd5, 0x9e, 0x61, 0x61, 0x61, 0x60, 0x60, 0x60, 0x5f, 0x9d, 0x5f, 0x5e, 0x5e, 0x5d, 0x5d, 0x5d, 0x5c, 0x5c, 0x5c, 0x5c, 0x5b, 0x5b, 0x5b, 0xa8, 0xd9, 0x5a, 0x59, 0x5a, 0x58, 0x59, 0x58, 0x58, 0x58, 0x57, 0x58, 0x57, 0x57, 0x73, 0x73, 0x73, 0x9a, 0x73, 0x55, 0x56, 0x55, 0x56, 0x55, 0x55, 0x55, 0x55, 0x55, 0x55, 0x54, 0x55, 0x54, 0x54, 0x54, 0x54, 0x53, 0x53, 0x53, 0x52, 0x53, 0x72, 0x99, 0x52, 0x99, 0x7c, 0xc1, 0x7c, 0x52, 0x7c, 0x52, 0x52, 0x7c, 0x7c, 0x7c, 0x7c, 0x7c, 0x7c, 0x7c, 0x7c, 0x7c, 0x7c, 0x7c, 0x51, 0x7c, 0x51, 0x7c, 0x7c, 0x7c, 0x7c, 0x7c, 0x7c, 0x7c, 0x7c, 0x7c, 0x7c, 0x51, 0x7c, 0x7c, 0x7c, 0x7c, 0x52, 0x7c, 0x7c, 0x7c, 0x52, 0x52, 0x52, 0x52, 0x52, 0x52, 0x52, 0x52, 0x52, 0x52, 0x99, 0x99, 0x53, 0x72, 0x53, 0x53, 0x53, 0x53, 0x54, 0x54, 0x55, 0x54, 0x55, 0x55, 0x55, 0x55, 0x55, 0x56, 0x55, 0x56, 0x56, 0x56, 0x73, 0x9a, 0x73, 0x73, 0x73, 0x57, 0x57, 0x58, 0x58, 0x58, 0x59, 0x58, 0x59, 0x59, 0x5a, 0x5a, 0x5a, 0xd9, 0x5b, 0xa8, 0x5c, 0x5b, 0x5c, 0x5c, 0x5c, 0x5d, 0x5c, 0x5d, 0x5d, 0x5e, 0x9c, 0x5f, 0x9d, 0x5f, 0x5f, 0x60, 0x60, 0x60, 0x61, 0x61, 0x61, 0x61, 0xd5, 0x62, 0x62, 0x62, 0x62, 0x62, 0x63, 0x62, 0x63, 0x63, 0x63, 0x63, 0x63, 0x63, 0x63, 0x63, 0x63, 0x63, 0x63, 0x63, 0x63, 0x63, 0x63, 0x63, 0x63, 0x63, 0x63, 0x63, 0x63, 0x63, 0x63, 0x63, 0x63, 0x63, 0x63, 0x63, 0x63, 0x63, 0x63, 0x63, 0x63, 0x63, 0x63, 0x63, 0x63, 0x63, 0x63, 0x63, 0x63, 0x63, 0x63, 0x63, 0x63, 0x63, 0x63, 0x63, 0x63, 0x63, 0x63, 0x63, 0x63, 0x63, 0x63, 0x63, 0x63, 0x63, 0x63, 0x63, 0x63, 0x63, 0x63, 0x63, 0x63, 0x63, 0x63, 0x63, 0x63, 0x63, 0x63, 0x63, 0x63, 0x63, 0x63, 0x63, 0x63, 0x63, 0x63, 0x63, 0x63, 0x63, 
  0x63, 0x63, 0x63, 0x63, 0x63, 0x63, 0x63, 0x63, 0x63, 0x63, 0x63, 0x63, 0x63, 0x63, 0x63, 0x63, 0x63, 0x63, 0x63, 0x63, 0x63, 0x63, 0x63, 0x63, 0x63, 0x63, 0x63, 0x63, 0x63, 0x63, 0x63, 0x63, 0x63, 0x63, 0x63, 0x63, 0x63, 0x63, 0x63, 0x63, 0x63, 0x63, 0x63, 0x63, 0x63, 0x63, 0x63, 0x63, 0x63, 0x63, 0x63, 0x63, 0x63, 0x63, 0x63, 0x63, 0x63, 0x63, 0x63, 0x63, 0x63, 0x63, 0x63, 0x63, 0x63, 0x63, 0x63, 0x63, 0x63, 0x63, 0x63, 0x63, 0x63, 0x63, 0x63, 0x63, 0x63, 0x63, 0x63, 0x63, 0x63, 0x62, 0x63, 0x62, 0x62, 0x62, 0x75, 0x75, 0x61, 0x61, 0x61, 0x60, 0x60, 0x60, 0x5f, 0x60, 0x9d, 0x5f, 0x5e, 0x5e, 0x5e, 0x5d, 0x5d, 0x5c, 0x5c, 0x5c, 0x5c, 0x5b, 0x5b, 0x5b, 0x5a, 0x5a, 0x5a, 0x59, 0x59, 0x59, 0x58, 0x58, 0x58, 0x58, 0x57, 0x57, 0x57, 0x73, 0x73, 0x73, 0x9a, 0x56, 0x56, 0x56, 0x55, 0x9a, 0x55, 0x55, 0x55, 0x55, 0x55, 0x54, 0x54, 0x54, 0x54, 0x54, 0x53, 0x53, 0x53, 0x53, 0x72, 0x72, 0x72, 0x52, 0x52, 0x52, 0x52, 0x52, 0x52, 0x7c, 0xc1, 0x7c, 0x7c, 0x7c, 0x7c, 0x7c, 0x7c, 0x51, 0x7c, 0x7c, 0x7c, 0x51, 0x7c, 0x51, 0x7c, 0x51, 0x51, 0x51, 0x51, 0x51, 0x51, 0x51, 0x51, 0x51, 0x51, 0x51, 0x51, 0x51, 0x51, 0x51, 0x51, 0x7c, 0x51, 0x7c, 0xd8, 0x7c, 0x51, 0x7c, 0x7c, 0x51, 0x7c, 0x51, 0x7c, 0x7c, 0x7c, 0x7c, 0x7c, 0x7c, 0x52, 0x52, 0x52, 0x52, 0x52, 0x52, 0x52, 0x99, 0x72, 0x53, 0x72, 0x53, 0x53, 0x53, 0x54, 0x54, 0x55, 0x55, 0x55, 0x55, 0x55, 0x56, 0x55, 0x56, 0x56, 0x9a, 0x9a, 0x73, 0x57, 0x73, 0x57, 0x57, 0x57, 0x58, 0x57, 0x58, 0x58, 0x59, 0x59, 0x59, 0x59, 0x59, 0x5a, 0xd9, 0x5b, 0x5b, 0x5b, 0x5c, 0x5c, 0x5c, 0x5c, 0x5d, 0x5c, 0x5e, 0x5d, 0x9d, 0x5e, 0x5f, 0x5f, 0x5f, 0x60, 0x60, 0x60, 0x60, 0x61, 0x61, 0x61, 0x9e, 0x61, 0x62, 0x62, 0x62, 0x62, 0x63, 0x62, 0x63, 0x63, 0x63, 0x63, 0x63, 0x63, 0x63, 0x63, 0x63, 0x63, 0x63, 0x63, 0x63, 0x63, 0x63, 0x63, 0x63, 0x63, 0x63, 0x63, 0x63, 0x63, 0x63, 0x63, 0x63, 0x63, 0x63, 0x63, 0x63, 0x63, 0x63, 0x63, 0x63, 0x63, 0x63, 0x63, 0x63, 0x63, 0x63, 0x63, 0x63, 0x63, 0x63, 0x63, 0x63, 0x63, 0x63, 0x63, 0x63, 0x63, 0x63, 0x63, 0x63, 0x63, 0x63, 0x63, 0x63, 0x63, 0x63, 0x63, 0x63, 0x63, 0x63, 0x63, 0x63, 0x63, 0x63, 0x63, 0x63, 0x63, 0x63, 0x63, 0x63, 0x63, 0x63, 0x63, 0x63, 0x63, 0x63, 0x63, 0x63, 
  0x63, 0x63, 0x63, 0x63, 0x63, 0x63, 0x63, 0x63, 0x63, 0x63, 0x63, 0x63, 0x63, 0x63, 0x63, 0x63, 0x63, 0x63, 0x63, 0x63, 0x63, 0x63, 0x63, 0x63, 0x63, 0x63, 0x63, 0x63, 0x63, 0x63, 0x63, 0x63, 0x63, 0x63, 0x63, 0x63, 0x63, 0x63, 0x63, 0x63, 0x63, 0x63, 0x63, 0x63, 0x63, 0x63, 0x63, 0x63, 0x63, 0x63, 0x63, 0x63, 0x63, 0x63, 0x63, 0x63, 0x63, 0x63, 0x63, 0x63, 0x63, 0x63, 0x63, 0x63, 0x63, 0x63, 0x63, 0x63, 0x63, 0x63, 0x63, 0x63, 0x63, 0x63, 0x63, 0x63, 0x63, 0x63, 0x62, 0x63, 0x62, 0x63, 0x62, 0x62, 0x62, 0x75, 0x9e, 0x61, 0x61, 0x61, 0x60, 0x60, 0x5f, 0x60, 0x5f, 0x5f, 0x9d, 0x5e, 0x5d, 0x5d, 0x5d, 0x5c, 0x5c, 0x5c, 0x5c, 0x5b, 0x5b, 0xd9, 0xa8, 0x5a, 0x59, 0x59, 0x59, 0x59, 0x58, 0x58, 0x58, 0x58, 0x57, 0x57, 0x57, 0x73, 0x73, 0x73, 0x9a, 0x56, 0x56, 0x56, 0x55, 0x55, 0x55, 0x55, 0x55, 0x54, 0x54, 0x54, 0x54, 0x54, 0x54, 0x53, 0x53, 0x72, 0x72, 0x72, 0x52, 0x52, 0x52, 0x52, 0x52, 0x52, 0x7c, 0x7c, 0x7c, 0x7c, 0x51, 0x7c, 0x7c, 0x51, 0x7c, 0x51, 0x51, 0x51, 0x51, 0x51, 0x51, 0xd8, 0x51, 0xd8, 0x98, 0x98, 0xd8, 0x98, 0xd8, 0x50, 0x50, 0x50, 0x98, 0x50, 0x98, 0x50, 0x98, 0x98, 0x98, 0xd8, 0x51, 0x98, 0x98, 0x98, 0x98, 0x50, 0x51, 0xd8, 0x51, 0xd8, 0xd8, 0x51, 0x51, 0x51, 0x51, 0x51, 0x51, 0x51, 0x7c, 0x51, 0x7c, 0x51, 0x7c, 0x7c, 0x7c, 0x7c, 0x7c, 0x52, 0x52, 0x52, 0x52, 0x52, 0x72, 0x53, 0x72, 0x53, 0x54, 0x54, 0x54, 0x55, 0x54, 0x55, 0x55, 0x55, 0x55, 0x55, 0x56, 0x55, 0x56, 0xc2, 0x9a, 0x73, 0x57, 0x73, 0x57, 0x58, 0x57, 0x58, 0x58, 0x58, 0x58, 0x59, 0x59, 0x5a, 0x59, 0xa8, 0x5a, 0x5b, 0x5b, 0x5b, 0x5c, 0x5c, 0x5c, 0x5c, 0x5d, 0x5d, 0x5d, 0x5e, 0x9d, 0x9d, 0x5f, 0x5f, 0x60, 0x61, 0x60, 0x60, 0x61, 0x61, 0x61, 0x75, 0x75, 0x62, 0x62, 0x62, 0x62, 0x62, 0x63, 0x62, 0x63, 0x63, 0x63, 0x63, 0x63, 0x63, 0x63, 0x63, 0x63, 0x63, 0x63, 0x63, 0x63, 0x63, 0x63, 0x63, 0x63, 0x63, 0x63, 0x63, 0x63, 0x63, 0x63, 0x63, 0x63, 0x63, 0x63, 0x63, 0x63, 0x63, 0x63, 0x63, 0x63, 0x63, 0x63, 0x63, 0x63, 0x63, 0x63, 0x63, 0x63, 0x63, 0x63, 0x63, 0x63, 0x63, 0x63, 0x63, 0x63, 0x63, 0x63, 0x63, 0x63, 0x63, 0x63, 0x63, 0x63, 0x63, 0x63, 0x63, 0x63, 0x63, 0x63, 0x63, 0x63, 0x63, 0x63, 0x63, 0x63, 0x63, 0x63, 0x63, 0x63, 0x63, 0x63, 0x63, 0x63, 0x63, 
  0x63, 0x63, 0x63, 0x63, 0x63, 0x63, 0x63, 0x63, 0x63, 0x63, 0x63, 0x63, 0x63, 0x63, 0x63, 0x63, 0x63, 0x63, 0x63, 0x63, 0x63, 0x63, 0x63, 0x63, 0x63, 0x63, 0x63, 0x63, 0x63, 0x63, 0x63, 0x63, 0x63, 0x63, 0x63, 0x63, 0x63, 0x63, 0x63, 0x63, 0x63, 0x63, 0x63, 0x63, 0x63, 0x63, 0x63, 0x63, 0x63, 0x63, 0x63, 0x63, 0x63, 0x63, 0x63, 0x63, 0x63, 0x63, 0x63, 0x63, 0x63, 0x63, 0x63, 0x63, 0x63, 0x63, 0x63, 0x63, 0x63, 0x63, 0x63, 0x63, 0x63, 0x63, 0x63, 0x63, 0x63, 0x63, 0x63, 0x62, 0x62, 0x62, 0x62, 0x62, 0x61, 0x61, 0x61, 0x61, 0x60, 0x60, 0x60, 0x5f, 0x60, 0x5e, 0x5f, 0x5e, 0x5e, 0x5d, 0x5c, 0x5c, 0x5c, 0x5c, 0x5c, 0x5b, 0x5b, 0x5b, 0xa8, 0x5a, 0x5a, 0x59, 0x59, 0x58, 0x59, 0x58, 0x58, 0x58, 0x57, 0x57, 0x73, 0x57, 0x73, 0x9a, 0x56, 0x56, 0x56, 0x55, 0x55, 0x55, 0x55, 0x55, 0x54, 0x54, 0x54, 0x54, 0x53, 0x53, 0x72, 0x72, 0x72, 0x72, 0x52, 0x52, 0x52, 0x52, 0x52, 0x7c, 0x7c, 0x7c, 0x7c, 0x7c, 0x7c, 0x7c, 0x51, 0x7c, 0x51, 0x51, 0x51, 0x98, 0x98, 0x98, 0xd8, 0xd8, 0x50, 0x50, 0x50, 0x50, 0x50, 0x50, 0x50, 0x4f, 0x4f, 0x4f, 0x4f, 0x4f, 0x97, 0x4f, 0x4f, 0x4f, 0x4f, 0x4f, 0x4f, 0x4f, 0x4f, 0x4f, 0x4f, 0x97, 0x50, 0x4f, 0x50, 0x4f, 0x50, 0x50, 0x50, 0x50, 0x50, 0x50, 0x50, 0x50, 0x98, 0x51, 0x98, 0x98, 0x98, 0x51, 0x51, 0x51, 0x51, 0x51, 0x7c, 0x7c, 0x7c, 0x7c, 0x7c, 0x7c, 0x52, 0x7c, 0x52, 0x52, 0x52, 0x72, 0x72, 0x72, 0x53, 0x53, 0x53, 0x54, 0x54, 0x55, 0x55, 0x55, 0x55, 0x56, 0x55, 0x56, 0x56, 0x56, 0x56, 0x73, 0x73, 0x73, 0x57, 0x57, 0x57, 0x58, 0x58, 0x58, 0x58, 0x59, 0x59, 0x59, 0x59, 0x5a, 0xa8, 0x5b, 0x5b, 0x5c, 0x5c, 0x5c, 0x5c, 0x5c, 0x5c, 0x5d, 0x5e, 0x5e, 0x5e, 0x5f, 0x5f, 0x5f, 0x60, 0x60, 0x60, 0x61, 0x61, 0x61, 0x61, 0x9e, 0x75, 0x62, 0x62, 0x62, 0x62, 0x63, 0x62, 0x63, 0x63, 0x63, 0x63, 0x63, 0x63, 0x63, 0x63, 0x63, 0x63, 0x63, 0x63, 0x63, 0x63, 0x63, 0x63, 0x63, 0x63, 0x63, 0x63, 0x63, 0x63, 0x63, 0x63, 0x63, 0x63, 0x63, 0x63, 0x63, 0x63, 0x63, 0x63, 0x63, 0x63, 0x63, 0x63, 0x63, 0x63, 0x63, 0x63, 0x63, 0x63, 0x63, 0x63, 0x63, 0x63, 0x63, 0x63, 0x63, 0x63, 0x63, 0x63, 0x63, 0x63, 0x63, 0x63, 0x63, 0x63, 0x63, 0x63, 0x63, 0x63, 0x63, 0x63, 0x63, 0x63, 0x63, 0x63, 0x63, 0x63, 0x63, 0x63, 0x63, 0x63, 0x63, 0x63, 0x63, 
  0x63, 0x63, 0x63, 0x63, 0x63, 0x63, 0x63, 0x63, 0x63, 0x63, 0x63, 0x63, 0x63, 0x63, 0x63, 0x63, 0x63, 0x63, 0x63, 0x63, 0x63, 0x63, 0x63, 0x63, 0x63, 0x63, 0x63, 0x63, 0x63, 0x63, 0x63, 0x63, 0x63, 0x63, 0x63, 0x63, 0x63, 0x63, 0x63, 0x63, 0x63, 0x63, 0x63, 0x63, 0x63, 0x63, 0x63, 0x63, 0x63, 0x63, 0x63, 0x63, 0x63, 0x63, 0x63, 0x63, 0x63, 0x63, 0x63, 0x63, 0x63, 0x63, 0x63, 0x63, 0x63, 0x63, 0x63, 0x63, 0x63, 0x63, 0x63, 0x63, 0x63, 0x63, 0x63, 0x63, 0x62, 0x63, 0x62, 0x62, 0x62, 0x62, 0xd5, 0x9e, 0x61, 0x61, 0x60, 0x61, 0x60, 0x60, 0x5f, 0x5f, 0x9d, 0x5e, 0x5e, 0x5d, 0x5d, 0x5c, 0x5d, 0x5c, 0x5c, 0x5b, 0x5b, 0x5b, 0x5a, 0xd9, 0x5a, 0x59, 0x59, 0x59, 0x58, 0x58, 0x57, 0x58, 0x57, 0x57, 0x73, 0x73, 0x73, 0x56, 0x56, 0x56, 0x56, 0x55, 0x55, 0x55, 0x55, 0x55, 0x54, 0x54, 0x53, 0x53, 0x53, 0x72, 0x72, 0x72, 0x52, 0x52, 0x52, 0x52, 0x7c, 0x7c, 0x7c, 0x51, 0x7c, 0x7c, 0x51, 0x7c, 0x51, 0x51, 0xd8, 0xd8, 0x98, 0x98, 0xd8, 0x50, 0x98, 0x50, 0x50, 0x4f, 0x4f, 0x4f, 0x4f, 0x4f, 0x4f, 0x4f, 0x4f, 0x4f, 0x4f, 0x7b, 0x4f, 0x7b, 0x7b, 0x4f, 0x7b, 0x7b, 0x7b, 0x7b, 0x4f, 0x7b, 0x4f, 0x7b, 0x7b, 0x4f, 0x7b, 0x4f, 0x7b, 0x4f, 0x7b, 0x4f, 0x4f, 0x4f, 0x4f, 0x4f, 0x4f, 0x4f, 0x4f, 0x4f, 0x4f, 0x4f, 0x4f, 0x50, 0x50, 0x50, 0x98, 0x98, 0xd8, 0x98, 0x51, 0x51, 0x51, 0x51, 0x7c, 0x51, 0x7c, 0x7c, 0x7c, 0x7c, 0x7c, 0x7c, 0x52, 0x52, 0x52, 0x52, 0x72, 0x53, 0x72, 0x54, 0x53, 0x55, 0x54, 0x55, 0x55, 0x56, 0x55, 0x56, 0x56, 0x56, 0x56, 0x56, 0x73, 0x73, 0x57, 0x57, 0x57, 0x58, 0x58, 0x58, 0x58, 0x59, 0x59, 0x59, 0x5a, 0x5a, 0xa8, 0x5b, 0x5b, 0x5b, 0x5c, 0x5c, 0x5d, 0x5c, 0x5d, 0x5d, 0x5e, 0x9c, 0x5f, 0x5e, 0x5f, 0x5f, 0x60, 0x60, 0x60, 0x60, 0x61, 0x61, 0x9e, 0x75, 0x62, 0x62, 0x62, 0x62, 0x63, 0x62, 0x63, 0x63, 0x63, 0x63, 0x63, 0x63, 0x63, 0x63, 0x63, 0x63, 0x63, 0x63, 0x63, 0x63, 0x63, 0x63, 0x63, 0x63, 0x63, 0x63, 0x63, 0x63, 0x63, 0x63, 0x63, 0x63, 0x63, 0x63, 0x63, 0x63, 0x63, 0x63, 0x63, 0x63, 0x63, 0x63, 0x63, 0x63, 0x63, 0x63, 0x63, 0x63, 0x63, 0x63, 0x63, 0x63, 0x63, 0x63, 0x63, 0x63, 0x63, 0x63, 0x63, 0x63, 0x63, 0x63, 0x63, 0x63, 0x63, 0x63, 0x63, 0x63, 0x63, 0x63, 0x63, 0x63, 0x63, 0x63, 0x63, 0x63, 0x63, 0x63, 0x63, 0x63, 0x63, 0x63, 
  0x63, 0x63, 0x63, 0x63, 0x63, 0x63, 0x63, 0x63, 0x63, 0x63, 0x63, 0x63, 0x63, 0x63, 0x63, 0x63, 0x63, 0x63, 0x63, 0x63, 0x63, 0x63, 0x63, 0x63, 0x63, 0x63, 0x63, 0x63, 0x63, 0x63, 0x63, 0x63, 0x63, 0x63, 0x63, 0x63, 0x63, 0x63, 0x63, 0x63, 0x63, 0x63, 0x63, 0x63, 0x63, 0x63, 0x63, 0x63, 0x63, 0x63, 0x63, 0x63, 0x63, 0x63, 0x63, 0x63, 0x63, 0x63, 0x63, 0x63, 0x63, 0x63, 0x63, 0x63, 0x63, 0x63, 0x63, 0x63, 0x63, 0x63, 0x63, 0x63, 0x63, 0x63, 0x63, 0x62, 0x63, 0x62, 0x62, 0x62, 0x75, 0x75, 0x9e, 0x61, 0x60, 0x61, 0x60, 0x60, 0x5f, 0x5f, 0x5f, 0x9d, 0x5e, 0x5d, 0x5d, 0x5c, 0x5d, 0x5c, 0x5c, 0x5b, 0x5b, 0x5b, 0xa8, 0x5a, 0x59, 0x59, 0x59, 0x58, 0x58, 0x58, 0x58, 0x57, 0x58, 0x73, 0x57, 0x73, 0x9a, 0x56, 0x56, 0x56, 0x55, 0x55, 0x55, 0x55, 0x54, 0x55, 0x53, 0x54, 0x53, 0x53, 0x72, 0x72, 0x72, 0x52, 0x52, 0x52, 0x7c, 0x52, 0x7c, 0x7c, 0x7c, 0x7c, 0x51, 0x7c, 0xd8, 0x51, 0x51, 0x98, 0xd8, 0x98, 0x50, 0x97, 0x4f, 0x4f, 0x4f, 0x4f, 0x4f, 0x7b, 0x4f, 0x7b, 0x4f, 0x7b, 0x7b, 0x7b, 0x7b, 0x7b, 0x7b, 0x7b, 0x7b, 0x7b, 0x7b, 0x7b, 0x7b, 0x7b, 0x7b, 0x7b, 0x4e, 0x7b, 0x4e, 0x7b, 0x7b, 0x7b, 0x7b, 0x7b, 0x7b, 0x7b, 0x7b, 0x7b, 0x7b, 0x7b, 0x7b, 0x7b, 0x7b, 0x7b, 0x7b, 0x7b, 0x7b, 0x7b, 0x7b, 0x7b, 0x4f, 0x4f, 0x4f, 0x4f, 0x4f, 0x4f, 0x4f, 0x97, 0x50, 0x50, 0xd8, 0x98, 0x51, 0x51, 0x51, 0x51, 0x51, 0x7c, 0x51, 0x7c, 0x7c, 0x7c, 0x7c, 0x52, 0x7c, 0x52, 0x52, 0x72, 0x72, 0x53, 0x53, 0x54, 0x54, 0x54, 0x55, 0x55, 0x55, 0x56, 0x56, 0x56, 0x56, 0x56, 0x73, 0x73, 0x73, 0x57, 0x57, 0x58, 0x58, 0x58, 0x58, 0x59, 0x59, 0x59, 0x5a, 0x5a, 0x5b, 0x5b, 0x5b, 0x5b, 0x5c, 0x5c, 0x5c, 0x5d, 0x5d, 0x5d, 0x5d, 0x5e, 0x74, 0x5f, 0x5f, 0x5f, 0x60, 0x60, 0x61, 0x60, 0x61, 0x61, 0x9e, 0x75, 0x62, 0x62, 0x62, 0x63, 0x62, 0x63, 0x63, 0x63, 0x63, 0x63, 0x63, 0x63, 0x63, 0x63, 0x63, 0x63, 0x63, 0x63, 0x63, 0x63, 0x63, 0x63, 0x63, 0x63, 0x63, 0x63, 0x63, 0x63, 0x63, 0x63, 0x63, 0x63, 0x63, 0x63, 0x63, 0x63, 0x63, 0x63, 0x63, 0x63, 0x63, 0x63, 0x63, 0x63, 0x63, 0x63, 0x63, 0x63, 0x63, 0x63, 0x63, 0x63, 0x63, 0x63, 0x63, 0x63, 0x63, 0x63, 0x63, 0x63, 0x63, 0x63, 0x63, 0x63, 0x63, 0x63, 0x63, 0x63, 0x63, 0x63, 0x63, 0x63, 0x63, 0x63, 0x63, 0x63, 0x63, 0x63, 0x63, 0x63, 
  0x63, 0x63, 0x63, 0x63, 0x63, 0x63, 0x63, 0x63, 0x63, 0x63, 0x63, 0x63, 0x63, 0x63, 0x63, 0x63, 0x63, 0x63, 0x63, 0x63, 0x63, 0x63, 0x63, 0x63, 0x63, 0x63, 0x63, 0x63, 0x63, 0x63, 0x63, 0x63, 0x63, 0x63, 0x63, 0x63, 0x63, 0x63, 0x63, 0x63, 0x63, 0x63, 0x63, 0x63, 0x63, 0x63, 0x63, 0x63, 0x63, 0x63, 0x63, 0x63, 0x63, 0x63, 0x63, 0x63, 0x63, 0x63, 0x63, 0x63, 0x63, 0x63, 0x63, 0x63, 0x63, 0x63, 0x63, 0x63, 0x63, 0x63, 0x63, 0x63, 0x63, 0x63, 0x62, 0x63, 0x62, 0x62, 0x62, 0x75, 0x9e, 0x61, 0x61, 0x61, 0x60, 0x60, 0x5f, 0x5f, 0x5f, 0x9d, 0x5e, 0x5e, 0x5d, 0x5d, 0x5c, 0x5c, 0x5b, 0x5c, 0x5b, 0x5b, 0xa8, 0x5a, 0x9b, 0x59, 0x59, 0x59, 0x58, 0x58, 0x58, 0x57, 0x57, 0x57, 0x73, 0x73, 0x73, 0xc2, 0x55, 0x56, 0x55, 0x55, 0x55, 0x55, 0x54, 0x54, 0x53, 0x53, 0x53, 0x72, 0x72, 0x52, 0x52, 0x52, 0x52, 0x7c, 0x7c, 0x7c, 0x7c, 0x51, 0x7c, 0x51, 0xd8, 0x51, 0x98, 0xd8, 0x50, 0x50, 0x50, 0x4f, 0x50, 0x7b, 0x4f, 0x4f, 0x4f, 0x4f, 0x7b, 0x7b, 0x7b, 0x7b, 0x7b, 0x7b, 0x7b, 0x7b, 0x7b, 0x7b, 0x4e, 0x7b, 0x4e, 0x4e, 0x4e, 0x4e, 0x4e, 0x4e, 0x4e, 0x96, 0x4e, 0x4e, 0x4e, 0x4e, 0x4e, 0x4e, 0x4e, 0x4e, 0x4e, 0x4e, 0x4e, 0x4e, 0x4e, 0x4e, 0xd7, 0x7b, 0xd7, 0x7b, 0x4e, 0x7b, 0x4e, 0x7b, 0x4e, 0x7b, 0x7b, 0x7b, 0x7b, 0x7b, 0x7b, 0x7b, 0x7b, 0x4f, 0x4f, 0x4f, 0x4f, 0x4f, 0x4f, 0x50, 0x50, 0x50, 0x98, 0x98, 0xd8, 0x51, 0x51, 0x51, 0x7c, 0x51, 0x7c, 0x7c, 0x7c, 0x7c, 0x7c, 0x52, 0x52, 0x99, 0x72, 0x53, 0x53, 0x54, 0x54, 0x54, 0x55, 0x55, 0x55, 0x55, 0x56, 0x56, 0x56, 0x56, 0x73, 0x73, 0x73, 0x57, 0x57, 0x57, 0x58, 0x58, 0x58, 0x58, 0x59, 0x59, 0x5a, 0x5a, 0xd9, 0xa8, 0x5b, 0x5b, 0x5c, 0x5c, 0x5c, 0x5c, 0x5d, 0x5e, 0x5e, 0x5e, 0x5f, 0x9d, 0x5f, 0x60, 0x60, 0x60, 0x60, 0x61, 0x61, 0x61, 0x75, 0x62, 0x62, 0x62, 0x62, 0x63, 0x62, 0x63, 0x63, 0x63, 0x63, 0x63, 0x63, 0x63, 0x63, 0x63, 0x63, 0x63, 0x63, 0x63, 0x63, 0x63, 0x63, 0x63, 0x63, 0x63, 0x63, 0x63, 0x63, 0x63, 0x63, 0x63, 0x63, 0x63, 0x63, 0x63, 0x63, 0x63, 0x63, 0x63, 0x63, 0x63, 0x63, 0x63, 0x63, 0x63, 0x63, 0x63, 0x63, 0x63, 0x63, 0x63, 0x63, 0x63, 0x63, 0x63, 0x63, 0x63, 0x63, 0x63, 0x63, 0x63, 0x63, 0x63, 0x63, 0x63, 0x63, 0x63, 0x63, 0x63, 0x63, 0x63, 0x63, 0x63, 0x63, 0x63, 0x63, 0x63, 0x63, 0x63, 
  0x63, 0x63, 0x63, 0x63, 0x63, 0x63, 0x63, 0x63, 0x63, 0x63, 0x63, 0x63, 0x63, 0x63, 0x63, 0x63, 0x63, 0x63, 0x63, 0x63, 0x63, 0x63, 0x63, 0x63, 0x63, 0x63, 0x63, 0x63, 0x63, 0x63, 0x63, 0x63, 0x63, 0x63, 0x63, 0x63, 0x63, 0x63, 0x63, 0x63, 0x63, 0x63, 0x63, 0x63, 0x63, 0x63, 0x63, 0x63, 0x63, 0x63, 0x63, 0x63, 0x63, 0x63, 0x63, 0x63, 0x63, 0x63, 0x63, 0x63, 0x63, 0x63, 0x63, 0x63, 0x63, 0x63, 0x63, 0x63, 0x63, 0x63, 0x63, 0x63, 0x63, 0x62, 0x63, 0x75, 0x62, 0x62, 0x75, 0x9e, 0x61, 0x61, 0x60, 0x60, 0x60, 0x5f, 0x5f, 0x9d, 0x5e, 0x5e, 0x5d, 0x5d, 0x5c, 0x5c, 0x5d, 0x5b, 0x5c, 0xa8, 0x5b, 0xd9, 0x5a, 0x5a, 0x59, 0x58, 0x58, 0x58, 0x58, 0x57, 0x57, 0x57, 0x73, 0x73, 0x56, 0x56, 0x56, 0x56, 0x55, 0x56, 0x54, 0x55, 0x54, 0x54, 0x54, 0x53, 0x72, 0x53, 0x52, 0x52, 0x52, 0x7c, 0x7c, 0x7c, 0x7c, 0x7c, 0x51, 0x51, 0x51, 0x51, 0x98, 0xd8, 0x98, 0x50, 0x50, 0x4f, 0x4f, 0x4f, 0x4f, 0x7b, 0x4f, 0x7b, 0x7b, 0x7b, 0x4e, 0x7b, 0x7b, 0x7b, 0x4e, 0x7b, 0x4e, 0x4e, 0xd7, 0xd7, 0xd7, 0x96, 0x96, 0xd7, 0x4d, 0x96, 0xd7, 0x4d, 0x4d, 0x4d, 0x4d, 0x4d, 0x4d, 0x4d, 0x4d, 0x4d, 0x4d, 0x4d, 0x4d, 0x4d, 0x4d, 0x4d, 0x4d, 0xd7, 0x4d, 0x4d, 0xd7, 0x4d, 0xd7, 0x4d, 0x96, 0x96, 0x96, 0x96, 0x4e, 0xd7, 0x4e, 0xd7, 0x4e, 0x4e, 0x4e, 0x7b, 0x7b, 0x7b, 0x4e, 0x7b, 0x7b, 0x7b, 0x7b, 0x4f, 0x4f, 0x4f, 0x4f, 0x50, 0x50, 0x50, 0x50, 0xd8, 0x98, 0x51, 0x51, 0x51, 0x51, 0x7c, 0x7c, 0x7c, 0x7c, 0x52, 0x52, 0x52, 0x72, 0x72, 0x53, 0x53, 0x53, 0x54, 0x54, 0x55, 0x54, 0x55, 0x55, 0x56, 0x55, 0x9a, 0xc2, 0x73, 0x73, 0x57, 0x57, 0x57, 0x58, 0x58, 0x58, 0x59, 0x59, 0x59, 0x5a, 0x5a, 0xd9, 0x5b, 0x5b, 0x5c, 0x5c, 0x5c, 0x5c, 0x5d, 0x5d, 0x5d, 0x5e, 0x5e, 0x5f, 0x5f, 0x5f, 0x60, 0x60, 0x60, 0x61, 0x61, 0x61, 0x9e, 0x75, 0x62, 0x62, 0x62, 0x63, 0x62, 0x63, 0x63, 0x63, 0x63, 0x63, 0x63, 0x63, 0x63, 0x63, 0x63, 0x63, 0x63, 0x63, 0x63, 0x63, 0x63, 0x63, 0x63, 0x63, 0x63, 0x63, 0x63, 0x63, 0x63, 0x63, 0x63, 0x63, 0x63, 0x63, 0x63, 0x63, 0x63, 0x63, 0x63, 0x63, 0x63, 0x63, 0x63, 0x63, 0x63, 0x63, 0x63, 0x63, 0x63, 0x63, 0x63, 0x63, 0x63, 0x63, 0x63, 0x63, 0x63, 0x63, 0x63, 0x63, 0x63, 0x63, 0x63, 0x63, 0x63, 0x63, 0x63, 0x63, 0x63, 0x63, 0x63, 0x63, 0x63, 0x63, 0x63, 0x63, 0x63, 
  0x63, 0x63, 0x63, 0x63, 0x63, 0x63, 0x63, 0x63, 0x63, 0x63, 0x63, 0x63, 0x63, 0x63, 0x63, 0x63, 0x63, 0x63, 0x63, 0x63, 0x63, 0x63, 0x63, 0x63, 0x63, 0x63, 0x63, 0x63, 0x63, 0x63, 0x63, 0x63, 0x63, 0x63, 0x63, 0x63, 0x63, 0x63, 0x63, 0x63, 0x63, 0x63, 0x63, 0x63, 0x63, 0x63, 0x63, 0x63, 0x63, 0x63, 0x63, 0x63, 0x63, 0x63, 0x63, 0x63, 0x63, 0x63, 0x63, 0x63, 0x63, 0x63, 0x63, 0x63, 0x63, 0x63, 0x63, 0x63, 0x63, 0x63, 0x63, 0x62, 0x63, 0x62, 0x62, 0x62, 0x75, 0x75, 0x61, 0x61, 0x61, 0x60, 0x60, 0x5f, 0x5f, 0x5f, 0x5f, 0x5e, 0x5d, 0x5d, 0x5d, 0x5d, 0x5c, 0x5c, 0x5b, 0x5b, 0x5b, 0xa8, 0x5a, 0x5a, 0x59, 0x59, 0x58, 0x59, 0x58, 0x58, 0x57, 0x57, 0x73, 0x73, 0x56, 0x56, 0x56, 0x56, 0x55, 0x55, 0x55, 0x54, 0x54, 0x54, 0x53, 0x53, 0x72, 0x72, 0x72, 0x7c, 0x52, 0x7c, 0x7c, 0x7c, 0x7c, 0x7c, 0x51, 0x51, 0xd8, 0x98, 0x50, 0x50, 0x50, 0x50, 0x4f, 0x4f, 0x4f, 0x4f, 0x7b, 0x7b, 0x7b, 0x7b, 0x7b, 0x4e, 0x7b, 0x4e, 0x7b, 0x4e, 0x4e, 0xd7, 0x4e, 0x4d, 0xd7, 0xd7, 0xd7, 0x4d, 0x4d, 0x4d, 0x4c, 0x4c, 0x4c, 0x4c, 0x4c, 0x4c, 0x4c, 0x4c, 0x4c, 0x4c, 0x4c, 0x4c, 0x4c, 0x4c, 0x4c, 0x4c, 0x4c, 0x4c, 0x4c, 0x4d, 0x4c, 0x4c, 0x4c, 0x4c, 0x4c, 0x4d, 0x4c, 0x4d, 0x4d, 0x4d, 0x4d, 0x4d, 0x4d, 0x4d, 0x4d, 0x4d, 0x96, 0xd7, 0x96, 0x4e, 0x96, 0x7b, 0x4e, 0x7b, 0x7b, 0x7b, 0x7b, 0x7b, 0x7b, 0x7b, 0x4f, 0x7b, 0x4f, 0x4f, 0x4f, 0x4f, 0x50, 0x50, 0xd8, 0x98, 0x51, 0x98, 0x7c, 0x51, 0x7c, 0x7c, 0x7c, 0x52, 0x52, 0x52, 0x72, 0x72, 0x72, 0x53, 0x54, 0x54, 0x54, 0x55, 0x55, 0x55, 0x55, 0x56, 0x56, 0x56, 0x73, 0x56, 0x57, 0x73, 0x57, 0x58, 0x58, 0x58, 0x58, 0x59, 0x59, 0x5a, 0x5a, 0x5a, 0x5b, 0xd9, 0x5c, 0x5b, 0x5d, 0x5c, 0x5c, 0x5d, 0x5d, 0x5e, 0x5e, 0x5e, 0x5f, 0x9d, 0x60, 0x5f, 0x61, 0x60, 0x61, 0x61, 0x75, 0x62, 0x62, 0x62, 0x62, 0x63, 0x62, 0x63, 0x63, 0x63, 0x63, 0x63, 0x63, 0x63, 0x63, 0x63, 0x63, 0x63, 0x63, 0x63, 0x63, 0x63, 0x63, 0x63, 0x63, 0x63, 0x63, 0x63, 0x63, 0x63, 0x63, 0x63, 0x63, 0x63, 0x63, 0x63, 0x63, 0x63, 0x63, 0x63, 0x63, 0x63, 0x63, 0x63, 0x63, 0x63, 0x63, 0x63, 0x63, 0x63, 0x63, 0x63, 0x63, 0x63, 0x63, 0x63, 0x63, 0x63, 0x63, 0x63, 0x63, 0x63, 0x63, 0x63, 0x63, 0x63, 0x63, 0x63, 0x63, 0x63, 0x63, 0x63, 0x63, 0x63, 0x63, 0x63, 0x63, 0x63, 
  0x63, 0x63, 0x63, 0x63, 0x63, 0x63, 0x63, 0x63, 0x63, 0x63, 0x63, 0x63, 0x63, 0x63, 0x63, 0x63, 0x63, 0x63, 0x63, 0x63, 0x63, 0x63, 0x63, 0x63, 0x63, 0x63, 0x63, 0x63, 0x63, 0x63, 0x63, 0x63, 0x63, 0x63, 0x63, 0x63, 0x63, 0x63, 0x63, 0x63, 0x63, 0x63, 0x63, 0x63, 0x63, 0x63, 0x63, 0x63, 0x63, 0x63, 0x63, 0x63, 0x63, 0x63, 0x63, 0x63, 0x63, 0x63, 0x63, 0x63, 0x63, 0x63, 0x63, 0x63, 0x63, 0x63, 0x63, 0x63, 0x63, 0x63, 0x62, 0x63, 0x62, 0x62, 0x62, 0x75, 0x9e, 0x61, 0x61, 0x60, 0x61, 0x5f, 0x60, 0x5f, 0x5f, 0x5e, 0x5e, 0x5e, 0x5d, 0x5d, 0x5c, 0x5c, 0x5c, 0x5b, 0x5b, 0xa8, 0xd9, 0x59, 0x59, 0x59, 0x58, 0x59, 0x57, 0x57, 0x57, 0x57, 0x57, 0xd4, 0x73, 0x56, 0x56, 0x55, 0x55, 0x55, 0x55, 0x54, 0x54, 0x53, 0x53, 0x72, 0x72, 0x52, 0x52, 0x52, 0x7c, 0x52, 0x51, 0x7c, 0x7c, 0x7c, 0xd8, 0xd8, 0x98, 0xd8, 0x50, 0x50, 0x50, 0x4f, 0x4f, 0x4f, 0x7b, 0x7b, 0x7b, 0x7b, 0x4e, 0x7b, 0x4e, 0x4e, 0x4e, 0x4e, 0xd7, 0x96, 0x96, 0x4d, 0x4d, 0x4d, 0x4d, 0x4d, 0x4d, 0x4c, 0x4c, 0x4c, 0x4c, 0x4c, 0x4c, 0x4c, 0x7a, 0x4c, 0x7a, 0x7a, 0x7a, 0x7a, 0x7a, 0x7a, 0x7a, 0x7a, 0x7a, 0x7a, 0x4c, 0x7a, 0x7a, 0x7a, 0x4c, 0x7a, 0x4c, 0x7a, 0x4c, 0x7a, 0x4c, 0x7a, 0x4c, 0x7a, 0x4c, 0x7a, 0x4c, 0x4c, 0x4c, 0x4c, 0x4c, 0x4c, 0x4c, 0x4c, 0x4c, 0x4d, 0x4d, 0x4d, 0xd7, 0xd7, 0xd7, 0xd7, 0x4e, 0x4e, 0x7b, 0x7b, 0x7b, 0x7b, 0x7b, 0x7b, 0x7b, 0x7b, 0x4f, 0x7b, 0x50, 0x4f, 0x50, 0x50, 0x98, 0x51, 0x51, 0x51, 0x7c, 0x7c, 0x7c, 0x7c, 0x52, 0x52, 0x52, 0x72, 0x72, 0x72, 0x54, 0x53, 0x54, 0x54, 0x55, 0x55, 0x55, 0x56, 0x55, 0x56, 0x56, 0x73, 0x73, 0x57, 0x57, 0x58, 0x58, 0x58, 0x58, 0x59, 0x59, 0x5a, 0x5a, 0xd9, 0x5b, 0x5b, 0x5b, 0x5c, 0x5c, 0x5c, 0x5d, 0x5d, 0x5d, 0x5e, 0x5e, 0x9d, 0x5f, 0x5f, 0x5f, 0x60, 0x61, 0x60, 0x9e, 0xd5, 0xd5, 0x62, 0x62, 0x62, 0x63, 0x62, 0x63, 0x63, 0x63, 0x63, 0x63, 0x63, 0x63, 0x63, 0x63, 0x63, 0x63, 0x63, 0x63, 0x63, 0x63, 0x63, 0x63, 0x63, 0x63, 0x63, 0x63, 0x63, 0x63, 0x63, 0x63, 0x63, 0x63, 0x63, 0x63, 0x63, 0x63, 0x63, 0x63, 0x63, 0x63, 0x63, 0x63, 0x63, 0x63, 0x63, 0x63, 0x63, 0x63, 0x63, 0x63, 0x63, 0x63, 0x63, 0x63, 0x63, 0x63, 0x63, 0x63, 0x63, 0x63, 0x63, 0x63, 0x63, 0x63, 0x63, 0x63, 0x63, 0x63, 0x63, 0x63, 0x63, 0x63, 0x63, 0x63, 0x63, 
  0x63, 0x63, 0x63, 0x63, 0x63, 0x63, 0x63, 0x63, 0x63, 0x63, 0x63, 0x63, 0x63, 0x63, 0x63, 0x63, 0x63, 0x63, 0x63, 0x63, 0x63, 0x63, 0x63, 0x63, 0x63, 0x63, 0x63, 0x63, 0x63, 0x63, 0x63, 0x63, 0x63, 0x63, 0x63, 0x63, 0x63, 0x63, 0x63, 0x63, 0x63, 0x63, 0x63, 0x63, 0x63, 0x63, 0x63, 0x63, 0x63, 0x63, 0x63, 0x63, 0x63, 0x63, 0x63, 0x63, 0x63, 0x63, 0x63, 0x63, 0x63, 0x63, 0x63, 0x63, 0x63, 0x63, 0x63, 0x63, 0x63, 0x62, 0x63, 0x62, 0x62, 0x75, 0x9e, 0x61, 0x61, 0x61, 0x60, 0x60, 0x60, 0x5f, 0x74, 0x5e, 0x5e, 0x5e, 0x5d, 0x5c, 0x5d, 0x5b, 0x5c, 0x5b, 0x5b, 0xd9, 0xa8, 0x5a, 0x59, 0x59, 0x59, 0x58, 0x58, 0x57, 0x58, 0x57, 0x73, 0x73, 0x56, 0x56, 0x56, 0x56, 0x55, 0x55, 0x55, 0x54, 0x54, 0x54, 0x72, 0x72, 0x52, 0x52, 0x52, 0x52, 0x7c, 0x7c, 0x7c, 0x7c, 0x51, 0x51, 0xd8, 0xd8, 0x98, 0x50, 0x50, 0x4f, 0x4f, 0x4f, 0x7b, 0x7b, 0x7b, 0x7b, 0x4e, 0x7b, 0x4e, 0x4e, 0x4e, 0x96, 0xd7, 0x4d, 0x4d, 0x4d, 0x4d, 0x4d, 0x4c, 0x4d, 0x4c, 0x4c, 0x4c, 0x7a, 0x4c, 0x7a, 0x7a, 0x7a, 0x7a, 0x7a, 0x4b, 0x7a, 0x7a, 0x4b, 0x4b, 0x7a, 0x4b, 0x7a, 0x4b, 0x7a, 0x4b, 0x7a, 0x4b, 0x7a, 0x4b, 0x4b, 0x7a, 0x4b, 0x7a, 0x4b, 0x7a, 0x7a, 0x7a, 0x7a, 0x4b, 0x7a, 0x4b, 0x7a, 0x7a, 0x7a, 0x7a, 0x7a, 0x7a, 0x7a, 0x7a, 0x7a, 0x7a, 0x7a, 0x4c, 0x4c, 0x4c, 0x4c, 0x4c, 0x4d, 0x4d, 0x4d, 0x4d, 0xd7, 0x96, 0xd7, 0x4e, 0xd7, 0x7b, 0x4e, 0x7b, 0x7b, 0x4e, 0x4f, 0x7b, 0x4f, 0x4f, 0x4f, 0x50, 0x97, 0xd8, 0x51, 0xd8, 0x7c, 0x51, 0x7c, 0x7c, 0x7c, 0x52, 0x7c, 0x52, 0x52, 0x72, 0x53, 0x53, 0x54, 0x54, 0x54, 0x55, 0x54, 0x56, 0x55, 0x56, 0x56, 0xc2, 0xd4, 0x57, 0x73, 0x57, 0x58, 0x58, 0x58, 0x58, 0x59, 0x59, 0x5a, 0x5a, 0xd9, 0x5b, 0x5b, 0x5b, 0x5c, 0x5c, 0x5c, 0x5d, 0x5d, 0x5d, 0x5e, 0x5e, 0x5f, 0x5f, 0x60, 0x5f, 0x61, 0x60, 0x61, 0x61, 0xd5, 0x75, 0x62, 0x75, 0x63, 0x62, 0x63, 0x63, 0x63, 0x63, 0x63, 0x63, 0x63, 0x63, 0x63, 0x63, 0x63, 0x63, 0x63, 0x63, 0x63, 0x63, 0x63, 0x63, 0x63, 0x63, 0x63, 0x63, 0x63, 0x63, 0x63, 0x63, 0x63, 0x63, 0x63, 0x63, 0x63, 0x63, 0x63, 0x63, 0x63, 0x63, 0x63, 0x63, 0x63, 0x63, 0x63, 0x63, 0x63, 0x63, 0x63, 0x63, 0x63, 0x63, 0x63, 0x63, 0x63, 0x63, 0x63, 0x63, 0x63, 0x63, 0x63, 0x63, 0x63, 0x63, 0x63, 0x63, 0x63, 0x63, 0x63, 0x63, 0x63, 0x63, 0x63, 
  0x63, 0x63, 0x63, 0x63, 0x63, 0x63, 0x63, 0x63, 0x63, 0x63, 0x63, 0x63, 0x63, 0x63, 0x63, 0x63, 0x63, 0x63, 0x63, 0x63, 0x63, 0x63, 0x63, 0x63, 0x63, 0x63, 0x63, 0x63, 0x63, 0x63, 0x63, 0x63, 0x63, 0x63, 0x63, 0x63, 0x63, 0x63, 0x63, 0x63, 0x63, 0x63, 0x63, 0x63, 0x63, 0x63, 0x63, 0x63, 0x63, 0x63, 0x63, 0x63, 0x63, 0x63, 0x63, 0x63, 0x63, 0x63, 0x63, 0x63, 0x63, 0x63, 0x63, 0x63, 0x63, 0x63, 0x63, 0x62, 0x63, 0x62, 0x62, 0x62, 0x75, 0x9e, 0x61, 0x61, 0x60, 0x61, 0x5f, 0x60, 0x5f, 0x5f, 0x5e, 0x5e, 0x5d, 0x5d, 0x5c, 0x5d, 0x5b, 0x5c, 0x5b, 0x5b, 0xa8, 0x5a, 0x59, 0x59, 0x59, 0x58, 0x58, 0x58, 0x57, 0x57, 0x73, 0xd4, 0x56, 0x56, 0x56, 0x56, 0x55, 0x55, 0x55, 0x54, 0x54, 0x54, 0x53, 0x72, 0xc1, 0x52, 0x52, 0x7c, 0x7c, 0x7c, 0x7c, 0x51, 0x51, 0x51, 0x98, 0xd8, 0x50, 0x50, 0x4f, 0x4f, 0x4f, 0x7b, 0x7b, 0x7b, 0x7b, 0x7b, 0x4e, 0x7b, 0xd7, 0x96, 0xd7, 0x4d, 0x4d, 0x4d, 0x4d, 0x4c, 0x4c, 0x4c, 0x4c, 0x4c, 0x7a, 0x4c, 0x7a, 0x7a, 0x7a, 0x7a, 0x7a, 0x4b, 0x7a, 0x4b, 0x7a, 0x71, 0x4b, 0x71, 0x4b, 0x71, 0x4b, 0x71, 0x71, 0x71, 0x71, 0x71, 0x71, 0x4b, 0x4b, 0x71, 0x4b, 0x4b, 0x71, 0x4b, 0x71, 0x4b, 0x71, 0x4b, 0x4b, 0x71, 0x4b, 0x4b, 0x4b, 0x4b, 0x4b, 0x4b, 0x4b, 0x4b, 0x4b, 0x7a, 0x4b, 0x7a, 0x7a, 0x7a, 0x7a, 0x7a, 0x7a, 0x4c, 0x7a, 0x4c, 0x4c, 0x4c, 0x4c, 0x4d, 0x4d, 0x4d, 0x4d, 0xd7, 0x96, 0xd7, 0x4e, 0x4e, 0x7b, 0x4e, 0x7b, 0x7b, 0x7b, 0x4f, 0x4f, 0x4f, 0x50, 0x50, 0x50, 0x50, 0xd8, 0xd8, 0x51, 0x7c, 0x7c, 0x7c, 0x7c, 0x52, 0x7c, 0x72, 0x72, 0x72, 0x53, 0x54, 0x54, 0x54, 0x55, 0x55, 0x55, 0x55, 0x56, 0x56, 0x73, 0x73, 0x73, 0x57, 0x57, 0x57, 0x58, 0x58, 0x59, 0x59, 0x59, 0x5a, 0x5a, 0x5b, 0xd9, 0x5b, 0x5c, 0x5c, 0x5c, 0x5c, 0x5d, 0x5d, 0x5e, 0x9d, 0x9d, 0x5f, 0x5f, 0x60, 0x60, 0x61, 0x61, 0x61, 0x9e, 0x75, 0x62, 0x62, 0x62, 0x63, 0x62, 0x63, 0x63, 0x63, 0x63, 0x63, 0x63, 0x63, 0x63, 0x63, 0x63, 0x63, 0x63, 0x63, 0x63, 0x63, 0x63, 0x63, 0x63, 0x63, 0x63, 0x63, 0x63, 0x63, 0x63, 0x63, 0x63, 0x63, 0x63, 0x63, 0x63, 0x63, 0x63, 0x63, 0x63, 0x63, 0x63, 0x63, 0x63, 0x63, 0x63, 0x63, 0x63, 0x63, 0x63, 0x63, 0x63, 0x63, 0x63, 0x63, 0x63, 0x63, 0x63, 0x63, 0x63, 0x63, 0x63, 0x63, 0x63, 0x63, 0x63, 0x63, 0x63, 0x63, 0x63, 0x63, 0x63, 0x63, 
  0x63, 0x63, 0x63, 0x63, 0x63, 0x63, 0x63, 0x63, 0x63, 0x63, 0x63, 0x63, 0x63, 0x63, 0x63, 0x63, 0x63, 0x63, 0x63, 0x63, 0x63, 0x63, 0x63, 0x63, 0x63, 0x63, 0x63, 0x63, 0x63, 0x63, 0x63, 0x63, 0x63, 0x63, 0x63, 0x63, 0x63, 0x63, 0x63, 0x63, 0x63, 0x63, 0x63, 0x63, 0x63, 0x63, 0x63, 0x63, 0x63, 0x63, 0x63, 0x63, 0x63, 0x63, 0x63, 0x63, 0x63, 0x63, 0x63, 0x63, 0x63, 0x63, 0x63, 0x63, 0x63, 0x63, 0x62, 0x63, 0x62, 0x62, 0x62, 0x75, 0x9e, 0x61, 0x61, 0x60, 0x60, 0x60, 0x5f, 0x5f, 0x9d, 0x74, 0x5d, 0x5d, 0x5c, 0x5d, 0x5c, 0x5b, 0x5b, 0x5b, 0xd9, 0x5a, 0x5a, 0x59, 0x59, 0x58, 0x58, 0x58, 0x57, 0x57, 0x57, 0x73, 0x73, 0x56, 0x56, 0x56, 0x55, 0x55, 0x55, 0x54, 0x54, 0x54, 0x72, 0x72, 0x52, 0x52, 0x52, 0x7c, 0x7c, 0x7c, 0x7c, 0x51, 0x51, 0xd8, 0x98, 0xd8, 0x50, 0x4f, 0x50, 0x7b, 0x4f, 0x7b, 0x7b, 0x7b, 0x7b, 0x4e, 0x4e, 0xd7, 0x96, 0xd7, 0x4d, 0x4d, 0x4c, 0x4c, 0x4c, 0x4c, 0x7a, 0x7a, 0x7a, 0x7a, 0x4b, 0x7a, 0x7a, 0x7a, 0x7a, 0x4b, 0x7a, 0x4b, 0x4b, 0x4b, 0x4b, 0x71, 0x71, 0x71, 0x71, 0x71, 0x4a, 0x94, 0x4a, 0x4a, 0x94, 0x93, 0x4a, 0x94, 0x4a, 0x4a, 0x94, 0x4a, 0x93, 0x71, 0x4a, 0x94, 0xd3, 0x4a, 0x94, 0x94, 0x4a, 0x94, 0x94, 0x4a, 0x71, 0x94, 0x71, 0x71, 0x94, 0x71, 0x71, 0x71, 0x4b, 0x4b, 0x4b, 0x4b, 0x4b, 0x7a, 0x7a, 0x7a, 0x7a, 0x7a, 0x7a, 0x7a, 0x4c, 0x7a, 0x4c, 0x4c, 0x4c, 0x4c, 0x4d, 0x4d, 0x4d, 0x96, 0x96, 0x4e, 0x4e, 0x4e, 0x7b, 0x7b, 0x7b, 0x7b, 0x7b, 0x4f, 0x4f, 0x50, 0x50, 0x98, 0x51, 0x50, 0x7c, 0x51, 0x7c, 0x51, 0x52, 0x7c, 0x52, 0x52, 0x52, 0x72, 0x53, 0x53, 0x54, 0x55, 0x54, 0x55, 0x55, 0x56, 0x56, 0x56, 0x56, 0x73, 0x73, 0x57, 0x57, 0x58, 0x58, 0x58, 0x59, 0x59, 0x59, 0x5a, 0xa8, 0xd9, 0x5b, 0x5b, 0x5c, 0x5c, 0x5d, 0x5c, 0x5d, 0x5d, 0x5e, 0x9d, 0x5f, 0x5f, 0x60, 0x60, 0x60, 0x61, 0x61, 0x61, 0x75, 0x62, 0x62, 0x62, 0x63, 0x62, 0x63, 0x63, 0x63, 0x63, 0x63, 0x63, 0x63, 0x63, 0x63, 0x63, 0x63, 0x63, 0x63, 0x63, 0x63, 0x63, 0x63, 0x63, 0x63, 0x63, 0x63, 0x63, 0x63, 0x63, 0x63, 0x63, 0x63, 0x63, 0x63, 0x63, 0x63, 0x63, 0x63, 0x63, 0x63, 0x63, 0x63, 0x63, 0x63, 0x63, 0x63, 0x63, 0x63, 0x63, 0x63, 0x63, 0x63, 0x63, 0x63, 0x63, 0x63, 0x63, 0x63, 0x63, 0x63, 0x63, 0x63, 0x63, 0x63, 0x63, 0x63, 0x63, 0x63, 0x63, 0x63, 0x63, 
  0x63, 0x63, 0x63, 0x63, 0x63, 0x63, 0x63, 0x63, 0x63, 0x63, 0x63, 0x63, 0x63, 0x63, 0x63, 0x63, 0x63, 0x63, 0x63, 0x63, 0x63, 0x63, 0x63, 0x63, 0x63, 0x63, 0x63, 0x63, 0x63, 0x63, 0x63, 0x63, 0x63, 0x63, 0x63, 0x63, 0x63, 0x63, 0x63, 0x63, 0x63, 0x63, 0x63, 0x63, 0x63, 0x63, 0x63, 0x63, 0x63, 0x63, 0x63, 0x63, 0x63, 0x63, 0x63, 0x63, 0x63, 0x63, 0x63, 0x63, 0x63, 0x63, 0x63, 0x63, 0x63, 0x62, 0x63, 0x62, 0x62, 0x62, 0x9e, 0x9e, 0x61, 0x61, 0x60, 0x60, 0x5f, 0x60, 0x74, 0x5e, 0x5e, 0x5d, 0x5d, 0x5c, 0x5d, 0x5b, 0x5c, 0x5b, 0xa8, 0xd9, 0x5a, 0x59, 0x59, 0x58, 0x58, 0x58, 0x57, 0x57, 0x57, 0x73, 0x73, 0x56, 0x56, 0x56, 0x55, 0x55, 0x55, 0x55, 0x54, 0x54, 0x53, 0x72, 0x99, 0x52, 0x52, 0x7c, 0x7c, 0x7c, 0x51, 0x51, 0x51, 0xd8, 0x98, 0x50, 0x4f, 0x4f, 0x4f, 0x4f, 0x7b, 0x7b, 0x7b, 0x7b, 0x7b, 0xd7, 0x4e, 0xd7, 0xd7, 0x4d, 0x4d, 0x4c, 0x4c, 0x4c, 0x4c, 0x7a, 0x7a, 0x7a, 0x7a, 0x7a, 0x4b, 0x7a, 0x4b, 0x4b, 0x4b, 0x4b, 0x71, 0x4b, 0x94, 0x71, 0x71, 0x94, 0x4a, 0x4a, 0x4a, 0x4a, 0x4a, 0x4a, 0x4a, 0x4a, 0x4a, 0x4a, 0x4a, 0x4a, 0x4a, 0x4a, 0x4a, 0x4a, 0x4a, 0x4a, 0x4a, 0x49, 0x4a, 0x4a, 0x49, 0x4a, 0x4a, 0x4a, 0x4a, 0x4a, 0x4a, 0x4a, 0x4a, 0x4a, 0x4a, 0x4a, 0x4a, 0x4a, 0x94, 0x4a, 0x94, 0x4a, 0x94, 0x71, 0x71, 0x71, 0x4b, 0x4b, 0x4b, 0x7a, 0x4b, 0x7a, 0x4b, 0x7a, 0x7a, 0x7a, 0x7a, 0x7a, 0x4c, 0x4c, 0x4c, 0x4c, 0x4d, 0x4d, 0x96, 0xd7, 0xd7, 0x4e, 0x4e, 0x7b, 0x7b, 0x7b, 0x7b, 0x4f, 0x4f, 0x4f, 0x50, 0x50, 0x98, 0x51, 0x51, 0x51, 0x7c, 0x7c, 0x7c, 0x7c, 0x52, 0x52, 0x52, 0x72, 0x53, 0x53, 0x54, 0x54, 0x55, 0x55, 0x55, 0x56, 0x56, 0x56, 0x56, 0x73, 0x73, 0x57, 0x57, 0x58, 0x58, 0x58, 0x59, 0x59, 0x59, 0x5a, 0xa8, 0x5b, 0x5b, 0x5b, 0x5c, 0x5c, 0x5d, 0x5c, 0x5e, 0x5d, 0x5e, 0x5f, 0x5f, 0x60, 0x60, 0x60, 0x61, 0x61, 0x61, 0x9e, 0x75, 0x62, 0x62, 0x62, 0x63, 0x63, 0x63, 0x63, 0x63, 0x63, 0x63, 0x63, 0x63, 0x63, 0x63, 0x63, 0x63, 0x63, 0x63, 0x63, 0x63, 0x63, 0x63, 0x63, 0x63, 0x63, 0x63, 0x63, 0x63, 0x63, 0x63, 0x63, 0x63, 0x63, 0x63, 0x63, 0x63, 0x63, 0x63, 0x63, 0x63, 0x63, 0x63, 0x63, 0x63, 0x63, 0x63, 0x63, 0x63, 0x63, 0x63, 0x63, 0x63, 0x63, 0x63, 0x63, 0x63, 0x63, 0x63, 0x63, 0x63, 0x63, 0x63, 0x63, 0x63, 0x63, 0x63, 0x63, 0x63, 0x63, 
  0x63, 0x63, 0x63, 0x63, 0x63, 0x63, 0x63, 0x63, 0x63, 0x63, 0x63, 0x63, 0x63, 0x63, 0x63, 0x63, 0x63, 0x63, 0x63, 0x63, 0x63, 0x63, 0x63, 0x63, 0x63, 0x63, 0x63, 0x63, 0x63, 0x63, 0x63, 0x63, 0x63, 0x63, 0x63, 0x63, 0x63, 0x63, 0x63, 0x63, 0x63, 0x63, 0x63, 0x63, 0x63, 0x63, 0x63, 0x63, 0x63, 0x63, 0x63, 0x63, 0x63, 0x63, 0x63, 0x63, 0x63, 0x63, 0x63, 0x63, 0x63, 0x63, 0x63, 0x63, 0x62, 0x63, 0x62, 0x62, 0x62, 0x61, 0x9e, 0x61, 0x60, 0x60, 0x60, 0x5f, 0x5f, 0x9d, 0x5e, 0x5d, 0x5d, 0x5d, 0x5c, 0x5c, 0x5c, 0x5b, 0x5b, 0xd9, 0x59, 0xd9, 0x58, 0x59, 0x58, 0x58, 0x58, 0x57, 0x57, 0x73, 0x73, 0x9a, 0x56, 0x56, 0x56, 0x55, 0x55, 0x54, 0x54, 0x54, 0x53, 0x72, 0x72, 0x52, 0x52, 0x7c, 0x7c, 0x7c, 0x51, 0x51, 0x51, 0x98, 0xd8, 0x50, 0x4f, 0x4f, 0x4f, 0x7b, 0x7b, 0x7b, 0x7b, 0x4e, 0x4e, 0xd7, 0x96, 0x4d, 0x4d, 0x4c, 0x4c, 0x4c, 0x4c, 0x7a, 0x4c, 0x4b, 0x7a, 0x7a, 0x7a, 0x4b, 0x4b, 0x4b, 0x4b, 0x71, 0x71, 0x71, 0x4a, 0xd3, 0x4a, 0x4a, 0x4a, 0x4a, 0x4a, 0x4a, 0x4a, 0x4a, 0x4a, 0x4a, 0x49, 0x49, 0x49, 0x49, 0x49, 0x49, 0x48, 0x49, 0x49, 0x48, 0x49, 0x49, 0x49, 0x48, 0x49, 0x49, 0x49, 0x49, 0x49, 0x49, 0x49, 0x49, 0x49, 0x49, 0x49, 0x49, 0x49, 0x49, 0x49, 0x49, 0x4a, 0x4a, 0x49, 0x4a, 0x4a, 0x4a, 0x4a, 0x4a, 0x4a, 0x4a, 0x4a, 0x94, 0xd3, 0x94, 0x71, 0x71, 0x4b, 0x4b, 0x4b, 0x4b, 0x7a, 0x7a, 0x7a, 0x7a, 0x7a, 0x4c, 0x4c, 0x4c, 0x4c, 0x4d, 0x95, 0x4e, 0x96, 0x4e, 0x4e, 0x4e, 0x7b, 0x7b, 0x7b, 0x4f, 0x4f, 0x4f, 0x50, 0x50, 0xd8, 0x98, 0x51, 0x51, 0x51, 0x7c, 0x7c, 0x7c, 0x52, 0x52, 0x52, 0x72, 0x72, 0x53, 0x54, 0x55, 0x54, 0x55, 0x55, 0x55, 0x56, 0x56, 0xc2, 0x56, 0x57, 0x57, 0x57, 0x58, 0x58, 0x58, 0x59, 0x59, 0x5a, 0x5a, 0x5b, 0x5b, 0x5b, 0x5c, 0x5c, 0x5c, 0x5d, 0x5d, 0x5d, 0x5e, 0x5e, 0x74, 0x5f, 0x60, 0x60, 0x60, 0x61, 0x61, 0x9e, 0x75, 0x62, 0x62, 0x62, 0x62, 0x63, 0x63, 0x63, 0x63, 0x63, 0x63, 0x63, 0x63, 0x63, 0x63, 0x63, 0x63, 0x63, 0x63, 0x63, 0x63, 0x63, 0x63, 0x63, 0x63, 0x63, 0x63, 0x63, 0x63, 0x63, 0x63, 0x63, 0x63, 0x63, 0x63, 0x63, 0x63, 0x63, 0x63, 0x63, 0x63, 0x63, 0x63, 0x63, 0x63, 0x63, 0x63, 0x63, 0x63, 0x63, 0x63, 0x63, 0x63, 0x63, 0x63, 0x63, 0x63, 0x63, 0x63, 0x63, 0x63, 0x63, 0x63, 0x63, 0x63, 0x63, 0x63, 0x63, 0x63, 
  0x63, 0x63, 0x63, 0x63, 0x63, 0x63, 0x63, 0x63, 0x63, 0x63, 0x63, 0x63, 0x63, 0x63, 0x63, 0x63, 0x63, 0x63, 0x63, 0x63, 0x63, 0x63, 0x63, 0x63, 0x63, 0x63, 0x63, 0x63, 0x63, 0x63, 0x63, 0x63, 0x63, 0x63, 0x63, 0x63, 0x63, 0x63, 0x63, 0x63, 0x63, 0x63, 0x63, 0x63, 0x63, 0x63, 0x63, 0x63, 0x63, 0x63, 0x63, 0x63, 0x63, 0x63, 0x63, 0x63, 0x63, 0x63, 0x63, 0x63, 0x63, 0x63, 0x63, 0x62, 0x63, 0x62, 0x62, 0x75, 0x9e, 0x61, 0x61, 0x60, 0x61, 0x60, 0x5f, 0x5f, 0x9d, 0x5e, 0x5d, 0x5d, 0x5c, 0x5c, 0x5c, 0x5c, 0x5b, 0x5b, 0x5a, 0x9b, 0x59, 0x59, 0x58, 0x58, 0x58, 0x57, 0x57, 0x57, 0x73, 0x73, 0x56, 0x56, 0x56, 0x55, 0x55, 0x55, 0x54, 0x54, 0x53, 0x53, 0x72, 0x52, 0x52, 0x7c, 0x7c, 0x51, 0x7c, 0xd8, 0x51, 0x98, 0x50, 0x97, 0x4f, 0x4f, 0x7b, 0x7b, 0x7b, 0x7b, 0x7b, 0x4e, 0x4e, 0xd7, 0x4e, 0x4d, 0xd7, 0x4c, 0x4c, 0x4c, 0x4c, 0x7a, 0x7a, 0x7a, 0x4b, 0x7a, 0x4b, 0x4b, 0x71, 0x71, 0x71, 0x94, 0x94, 0x4a, 0x4a, 0x4a, 0xd3, 0x4a, 0x4a, 0x4a, 0x4a, 0x49, 0x4a, 0x49, 0x49, 0x48, 0x49, 0x48, 0x49, 0x48, 0x49, 0x48, 0x48, 0x48, 0x48, 0x48, 0x48, 0x49, 0x48, 0x49, 0x48, 0x49, 0x48, 0x48, 0x49, 0x48, 0x49, 0x48, 0x49, 0x48, 0x49, 0x48, 0x49, 0x48, 0x49, 0x48, 0x49, 0x48, 0x49, 0x49, 0x49, 0x49, 0x49, 0x49, 0x49, 0x4a, 0x49, 0x4a, 0x4a, 0x4a, 0x4a, 0x4a, 0x4a, 0xd3, 0x71, 0x71, 0x71, 0x4b, 0x4b, 0x4b, 0x4b, 0x7a, 0x4b, 0x7a, 0x4b, 0x4c, 0x7a, 0x4c, 0x4c, 0x4c, 0x4d, 0x4d, 0xd7, 0x4e, 0x4e, 0x7b, 0x7b, 0x7b, 0x7b, 0x4f, 0x4f, 0x4f, 0x4f, 0x50, 0xd8, 0x98, 0x51, 0x51, 0x51, 0x7c, 0x7c, 0x7c, 0x52, 0x52, 0x72, 0x72, 0x53, 0x53, 0x55, 0x55, 0x55, 0x55, 0x55, 0x56, 0x56, 0x56, 0x73, 0x73, 0x57, 0x57, 0x58, 0x58, 0x58, 0x58, 0x59, 0x59, 0x5a, 0xd9, 0x5b, 0x5b, 0x5c, 0x5c, 0x5c, 0x5d, 0x5d, 0x5e, 0x5e, 0x74, 0x5f, 0x5f, 0x60, 0x60, 0x61, 0x61, 0x61, 0x9e, 0xd5, 0x62, 0x62, 0x62, 0x62, 0x63, 0x63, 0x63, 0x63, 0x63, 0x63, 0x63, 0x63, 0x63, 0x63, 0x63, 0x63, 0x63, 0x63, 0x63, 0x63, 0x63, 0x63, 0x63, 0x63, 0x63, 0x63, 0x63, 0x63, 0x63, 0x63, 0x63, 0x63, 0x63, 0x63, 0x63, 0x63, 0x63, 0x63, 0x63, 0x63, 0x63, 0x63, 0x63, 0x63, 0x63, 0x63, 0x63, 0x63, 0x63, 0x63, 0x63, 0x63, 0x63, 0x63, 0x63, 0x63, 0x63, 0x63, 0x63, 0x63, 0x63, 0x63, 0x63, 0x63, 0x63, 0x63, 0x63, 
  0x63, 0x63, 0x63, 0x63, 0x63, 0x63, 0x63, 0x63, 0x63, 0x63, 0x63, 0x63, 0x63, 0x63, 0x63, 0x63, 0x63, 0x63, 0x63, 0x63, 0x63, 0x63, 0x63, 0x63, 0x63, 0x63, 0x63, 0x63, 0x63, 0x63, 0x63, 0x63, 0x63, 0x63, 0x63, 0x63, 0x63, 0x63, 0x63, 0x63, 0x63, 0x63, 0x63, 0x63, 0x63, 0x63, 0x63, 0x63, 0x63, 0x63, 0x63, 0x63, 0x63, 0x63, 0x63, 0x63, 0x63, 0x63, 0x63, 0x63, 0x63, 0x62, 0x63, 0x62, 0x62, 0x62, 0x75, 0x9e, 0x61, 0x61, 0x60, 0x60, 0x5f, 0x5f, 0x5f, 0x74, 0x5d, 0x5e, 0x5c, 0x5d, 0x5c, 0x5c, 0x5b, 0x5b, 0xa8, 0x5a, 0x59, 0x59, 0x59, 0x58, 0x58, 0x58, 0x57, 0x57, 0x57, 0x73, 0x56, 0x56, 0x56, 0x56, 0x55, 0x55, 0x54, 0x54, 0x54, 0x53, 0x72, 0x72, 0x7c, 0x52, 0x51, 0x7c, 0x51, 0x51, 0x98, 0x50, 0x50, 0x4f, 0x4f, 0x4f, 0x7b, 0x7b, 0x7b, 0x7b, 0x7b, 0x4e, 0xd7, 0xd7, 0x96, 0x4d, 0x4c, 0x4c, 0x4c, 0x7a, 0x4c, 0x4b, 0x7a, 0x7a, 0x4b, 0x4b, 0x71, 0x71, 0x71, 0x94, 0x94, 0x94, 0x4a, 0x4a, 0x4a, 0x4a, 0x4a, 0x4a, 0x49, 0x49, 0x49, 0x48, 0x49, 0x49, 0x48, 0x49, 0x48, 0x49, 0x48, 0x48, 0x47, 0x48, 0x47, 0x47, 0x47, 0xa7, 0x47, 0x47, 0x47, 0x47, 0x47, 0x47, 0x47, 0x47, 0x47, 0x47, 0x47, 0x47, 0x47, 0x47, 0x47, 0x47, 0x47, 0x47, 0x48, 0x47, 0x47, 0x47, 0x47, 0x47, 0x48, 0x48, 0x48, 0x48, 0x48, 0x49, 0x49, 0x49, 0x49, 0x49, 0x49, 0x49, 0x4a, 0x49, 0x4a, 0x4a, 0x4a, 0x4a, 0x93, 0x4a, 0x94, 0x71, 0x94, 0x4b, 0x71, 0x7a, 0x4b, 0x7a, 0x7a, 0x7a, 0x7a, 0x4c, 0x4c, 0x4c, 0x4c, 0x4d, 0x4d, 0xd7, 0x4e, 0x4e, 0x4e, 0x7b, 0x7b, 0x7b, 0x4f, 0x4f, 0x4f, 0x50, 0x50, 0x98, 0x51, 0x51, 0x51, 0x7c, 0x7c, 0x7c, 0x52, 0x52, 0x72, 0x72, 0x53, 0x54, 0x54, 0x54, 0x55, 0x55, 0x55, 0x56, 0x56, 0x56, 0x73, 0x73, 0x57, 0x57, 0x58, 0x58, 0x58, 0x59, 0x59, 0x59, 0xd9, 0xd9, 0x5c, 0x5b, 0x5c, 0x5c, 0x5c, 0x5d, 0x5d, 0x5e, 0x5e, 0x5e, 0x5f, 0x5f, 0x60, 0x60, 0x61, 0x61, 0x9e, 0x9e, 0x75, 0x62, 0x62, 0x63, 0x62, 0x63, 0x63, 0x63, 0x63, 0x63, 0x63, 0x63, 0x63, 0x63, 0x63, 0x63, 0x63, 0x63, 0x63, 0x63, 0x63, 0x63, 0x63, 0x63, 0x63, 0x63, 0x63, 0x63, 0x63, 0x63, 0x63, 0x63, 0x63, 0x63, 0x63, 0x63, 0x63, 0x63, 0x63, 0x63, 0x63, 0x63, 0x63, 0x63, 0x63, 0x63, 0x63, 0x63, 0x63, 0x63, 0x63, 0x63, 0x63, 0x63, 0x63, 0x63, 0x63, 0x63, 0x63, 0x63, 0x63, 0x63, 0x63, 0x63, 0x63, 0x63, 
  0x63, 0x63, 0x63, 0x63, 0x63, 0x63, 0x63, 0x63, 0x63, 0x63, 0x63, 0x63, 0x63, 0x63, 0x63, 0x63, 0x63, 0x63, 0x63, 0x63, 0x63, 0x63, 0x63, 0x63, 0x63, 0x63, 0x63, 0x63, 0x63, 0x63, 0x63, 0x63, 0x63, 0x63, 0x63, 0x63, 0x63, 0x63, 0x63, 0x63, 0x63, 0x63, 0x63, 0x63, 0x63, 0x63, 0x63, 0x63, 0x63, 0x63, 0x63, 0x63, 0x63, 0x63, 0x63, 0x63, 0x63, 0x63, 0x63, 0x63, 0x62, 0x63, 0x62, 0x62, 0x62, 0x75, 0x9e, 0x61, 0x61, 0x60, 0x60, 0x5f, 0x5f, 0x9d, 0x5e, 0x5e, 0x5d, 0x5d, 0x5c, 0x5c, 0x5c, 0x5b, 0xa8, 0xd9, 0x9b, 0x5a, 0x58, 0x58, 0x58, 0x58, 0x57, 0x57, 0x57, 0xd4, 0x73, 0x56, 0x56, 0x55, 0x55, 0x55, 0x54, 0x54, 0x54, 0x53, 0x72, 0x52, 0x52, 0x7c, 0x52, 0x51, 0x7c, 0x51, 0x98, 0x50, 0x50, 0x4f, 0x4f, 0x4f, 0x7b, 0x4f, 0x4e, 0x7b, 0x4e, 0x4e, 0xd7, 0x4e, 0x4d, 0x4d, 0x4c, 0x4c, 0x4c, 0x7a, 0x7a, 0x7a, 0x4b, 0x7a, 0x4b, 0x4b, 0x71, 0x71, 0x94, 0x4a, 0x4a, 0x4a, 0x4a, 0x4a, 0x4a, 0x49, 0x49, 0x49, 0x48, 0x49, 0x49, 0x49, 0x48, 0x49, 0x48, 0x48, 0x48, 0x47, 0x47, 0x70, 0x70, 0x70, 0xa7, 0x70, 0x70, 0x46, 0x46, 0x46, 0x46, 0x70, 0x70, 0x46, 0x46, 0x70, 0x46, 0x70, 0x70, 0x46, 0x46, 0x46, 0x46, 0x46, 0x46, 0x46, 0x70, 0x70, 0x70, 0x92, 0x70, 0x70, 0x70, 0xa7, 0x70, 0x70, 0xa7, 0x47, 0x47, 0x47, 0x47, 0x48, 0x48, 0x48, 0x48, 0x49, 0x48, 0x49, 0x49, 0x49, 0x49, 0x49, 0x4a, 0x4a, 0x4a, 0x4a, 0x4a, 0x94, 0x94, 0x71, 0x71, 0x4b, 0x4b, 0x4b, 0x7a, 0x4b, 0x7a, 0x7a, 0x4c, 0x4c, 0x4c, 0x4d, 0x4d, 0x96, 0x4e, 0x4e, 0x4e, 0x7b, 0x4e, 0x7b, 0x7b, 0x4f, 0x4f, 0x97, 0x50, 0x98, 0x51, 0xd8, 0x7c, 0x7c, 0x7c, 0x7c, 0x52, 0x52, 0x52, 0x72, 0x53, 0x53, 0x54, 0x54, 0x55, 0x55, 0x55, 0x56, 0x56, 0x73, 0x73, 0x73, 0x57, 0x57, 0x58, 0x58, 0x58, 0x59, 0x59, 0x5a, 0xd9, 0x5b, 0x5b, 0x5b, 0x5d, 0x5c, 0x5d, 0x5d, 0x5d, 0x5e, 0x9d, 0x5f, 0x5f, 0x61, 0x60, 0x61, 0x60, 0x9e, 0x61, 0x62, 0x62, 0x62, 0x63, 0x62, 0x63, 0x63, 0x63, 0x63, 0x63, 0x63, 0x63, 0x63, 0x63, 0x63, 0x63, 0x63, 0x63, 0x63, 0x63, 0x63, 0x63, 0x63, 0x63, 0x63, 0x63, 0x63, 0x63, 0x63, 0x63, 0x63, 0x63, 0x63, 0x63, 0x63, 0x63, 0x63, 0x63, 0x63, 0x63, 0x63, 0x63, 0x63, 0x63, 0x63, 0x63, 0x63, 0x63, 0x63, 0x63, 0x63, 0x63, 0x63, 0x63, 0x63, 0x63, 0x63, 0x63, 0x63, 0x63, 0x63, 0x63, 0x63, 0x63, 0x63, 
  0x63, 0x63, 0x63, 0x63, 0x63, 0x63, 0x63, 0x63, 0x63, 0x63, 0x63, 0x63, 0x63, 0x63, 0x63, 0x63, 0x63, 0x63, 0x63, 0x63, 0x63, 0x63, 0x63, 0x63, 0x63, 0x63, 0x63, 0x63, 0x63, 0x63, 0x63, 0x63, 0x63, 0x63, 0x63, 0x63, 0x63, 0x63, 0x63, 0x63, 0x63, 0x63, 0x63, 0x63, 0x63, 0x63, 0x63, 0x63, 0x63, 0x63, 0x63, 0x63, 0x63, 0x63, 0x63, 0x63, 0x63, 0x63, 0x63, 0x62, 0x63, 0x62, 0x62, 0x62, 0x75, 0x9e, 0x61, 0x61, 0x60, 0x60, 0x5f, 0x5f, 0x9d, 0x5e, 0x5d, 0x5d, 0x5c, 0x5c, 0x5c, 0x5b, 0x5b, 0xd9, 0xa8, 0x59, 0x59, 0x58, 0x59, 0x58, 0x58, 0x57, 0x57, 0x73, 0x73, 0x56, 0x56, 0x56, 0x55, 0x55, 0x55, 0x54, 0x54, 0x53, 0x72, 0x72, 0x52, 0x52, 0x7c, 0x7c, 0x51, 0x51, 0x98, 0x98, 0x97, 0x4f, 0x4f, 0x7b, 0x7b, 0x7b, 0x7b, 0x4e, 0x7b, 0x4e, 0xd7, 0x96, 0x4d, 0x4d, 0x4c, 0x4c, 0x7a, 0x7a, 0x7a, 0x7a, 0x4b, 0x4b, 0x71, 0x71, 0x71, 0x94, 0x4a, 0x4a, 0x4a, 0x4a, 0x49, 0x49, 0x49, 0x49, 0x49, 0x49, 0x49, 0x48, 0x49, 0x48, 0x48, 0x48, 0x47, 0x47, 0x47, 0x70, 0x70, 0x70, 0x46, 0x46, 0x92, 0x46, 0x46, 0x46, 0x45, 0x46, 0x45, 0x45, 0x45, 0x46, 0x45, 0x46, 0x45, 0x46, 0x45, 0x46, 0x46, 0x46, 0x46, 0x46, 0x46, 0x46, 0x46, 0x46, 0x46, 0x46, 0x46, 0x46, 0x46, 0x46, 0x46, 0x46, 0x46, 0x46, 0x46, 0x46, 0x70, 0x70, 0x70, 0x70, 0x70, 0x47, 0x47, 0x47, 0x48, 0x48, 0x48, 0x48, 0x49, 0x49, 0x49, 0x49, 0x49, 0x49, 0x4a, 0x4a, 0x4a, 0x4a, 0x4a, 0x94, 0x71, 0x4b, 0x4b, 0x4b, 0x4b, 0x7a, 0x7a, 0x7a, 0x7a, 0x4c, 0x4c, 0x4d, 0x4d, 0xd7, 0x96, 0x4e, 0x4e, 0x7b, 0x7b, 0x7b, 0x7b, 0x4f, 0x4f, 0x97, 0x50, 0x98, 0x51, 0xd8, 0x7c, 0x7c, 0x7c, 0x7c, 0x52, 0x52, 0x52, 0x72, 0x53, 0x54, 0x54, 0x55, 0x55, 0x55, 0x55, 0x56, 0x56, 0x9a, 0x73, 0x57, 0x57, 0x58, 0x58, 0x58, 0x59, 0x59, 0x5a, 0x5a, 0x5b, 0x5b, 0x5c, 0x5c, 0x5d, 0x5c, 0x5d, 0x5d, 0x5e, 0x9d, 0x5f, 0x5f, 0x60, 0x60, 0x61, 0x61, 0x61, 0x9e, 0x75, 0x62, 0x62, 0x63, 0x62, 0x63, 0x63, 0x63, 0x63, 0x63, 0x63, 0x63, 0x63, 0x63, 0x63, 0x63, 0x63, 0x63, 0x63, 0x63, 0x63, 0x63, 0x63, 0x63, 0x63, 0x63, 0x63, 0x63, 0x63, 0x63, 0x63, 0x63, 0x63, 0x63, 0x63, 0x63, 0x63, 0x63, 0x63, 0x63, 0x63, 0x63, 0x63, 0x63, 0x63, 0x63, 0x63, 0x63, 0x63, 0x63, 0x63, 0x63, 0x63, 0x63, 0x63, 0x63, 0x63, 0x63, 0x63, 0x63, 0x63, 0x63, 0x63, 0x63, 
  0x63, 0x63, 0x63, 0x63, 0x63, 0x63, 0x63, 0x63, 0x63, 0x63, 0x63, 0x63, 0x63, 0x63, 0x63, 0x63, 0x63, 0x63, 0x63, 0x63, 0x63, 0x63, 0x63, 0x63, 0x63, 0x63, 0x63, 0x63, 0x63, 0x63, 0x63, 0x63, 0x63, 0x63, 0x63, 0x63, 0x63, 0x63, 0x63, 0x63, 0x63, 0x63, 0x63, 0x63, 0x63, 0x63, 0x63, 0x63, 0x63, 0x63, 0x63, 0x63, 0x63, 0x63, 0x63, 0x63, 0x63, 0x63, 0x62, 0x63, 0x62, 0x62, 0x62, 0x9e, 0x61, 0x61, 0x60, 0x61, 0x5f, 0x60, 0x5f, 0x9d, 0x74, 0x5d, 0x5d, 0x5c, 0x5c, 0x5c, 0x5b, 0x5b, 0xa8, 0x5a, 0x59, 0x59, 0x58, 0x58, 0x58, 0x57, 0x57, 0x57, 0x73, 0x73, 0x56, 0x56, 0x55, 0x55, 0x55, 0x54, 0x54, 0x54, 0x53, 0x72, 0xc1, 0x7c, 0x7c, 0x7c, 0x51, 0x7c, 0x98, 0x51, 0x50, 0x4f, 0x4f, 0x7b, 0x7b, 0x7b, 0x7b, 0x4e, 0x4e, 0x4e, 0x96, 0xd7, 0x96, 0x4d, 0x4c, 0x4c, 0x7a, 0x7a, 0x7a, 0x7a, 0x4b, 0x4b, 0x71, 0x94, 0x94, 0x4a, 0x4a, 0x4a, 0x49, 0x49, 0x49, 0x49, 0x49, 0x49, 0x48, 0x49, 0x48, 0x48, 0x48, 0x48, 0x70, 0x47, 0x70, 0x70, 0x70, 0x46, 0x46, 0x46, 0x46, 0x46, 0x46, 0x45, 0x45, 0x45, 0x45, 0x45, 0x45, 0x45, 0x45, 0x45, 0x45, 0x45, 0x45, 0x45, 0x45, 0x45, 0x45, 0x45, 0x44, 0x45, 0x44, 0x45, 0x44, 0x45, 0x44, 0x45, 0x45, 0x45, 0x45, 0x45, 0x45, 0x45, 0x45, 0x45, 0x45, 0x45, 0x45, 0x46, 0x46, 0x46, 0x46, 0x46, 0x46, 0x46, 0x70, 0x70, 0x47, 0x70, 0x47, 0x47, 0x47, 0x48, 0x48, 0x48, 0x49, 0x49, 0x49, 0x49, 0x49, 0x4a, 0x4a, 0x4a, 0x4a, 0x4a, 0x94, 0x71, 0x4b, 0x4b, 0x4b, 0x7a, 0x7a, 0x7a, 0x7a, 0x4c, 0x7a, 0x95, 0x4c, 0xd7, 0x96, 0x4e, 0x4e, 0x7b, 0x7b, 0x7b, 0x4f, 0x4f, 0x4f, 0x4f, 0x50, 0x51, 0xd8, 0x51, 0x7c, 0x7c, 0x7c, 0x7c, 0x52, 0x52, 0x52, 0x72, 0x53, 0x53, 0x54, 0x55, 0x55, 0x55, 0x56, 0x56, 0x73, 0x73, 0x57, 0x57, 0x57, 0x58, 0x58, 0x59, 0x59, 0x59, 0x5a, 0xd9, 0x5b, 0x5b, 0x5c, 0x5c, 0x5c, 0x5c, 0x5d, 0x5d, 0x9d, 0x5f, 0x5f, 0x60, 0x60, 0x60, 0x61, 0x61, 0x9e, 0x75, 0x62, 0x62, 0x63, 0x62, 0x63, 0x63, 0x63, 0x63, 0x63, 0x63, 0x63, 0x63, 0x63, 0x63, 0x63, 0x63, 0x63, 0x63, 0x63, 0x63, 0x63, 0x63, 0x63, 0x63, 0x63, 0x63, 0x63, 0x63, 0x63, 0x63, 0x63, 0x63, 0x63, 0x63, 0x63, 0x63, 0x63, 0x63, 0x63, 0x63, 0x63, 0x63, 0x63, 0x63, 0x63, 0x63, 0x63, 0x63, 0x63, 0x63, 0x63, 0x63, 0x63, 0x63, 0x63, 0x63, 0x63, 0x63, 0x63, 0x63, 0x63, 0x63, 
  0x63, 0x63, 0x63, 0x63, 0x63, 0x63, 0x63, 0x63, 0x63, 0x63, 0x63, 0x63, 0x63, 0x63, 0x63, 0x63, 0x63, 0x63, 0x63, 0x63, 0x63, 0x63, 0x63, 0x63, 0x63, 0x63, 0x63, 0x63, 0x63, 0x63, 0x63, 0x63, 0x63, 0x63, 0x63, 0x63, 0x63, 0x63, 0x63, 0x63, 0x63, 0x63, 0x63, 0x63, 0x63, 0x63, 0x63, 0x63, 0x63, 0x63, 0x63, 0x63, 0x63, 0x63, 0x63, 0x63, 0x63, 0x62, 0x63, 0x62, 0x62, 0x75, 0x9e, 0x61, 0x61, 0x61, 0x60, 0x60, 0x5f, 0x5f, 0x5e, 0x5e, 0x5d, 0x5d, 0x5c, 0x5c, 0x5c, 0x5b, 0x5b, 0xd9, 0x5a, 0x59, 0x59, 0x58, 0x58, 0x58, 0x57, 0x57, 0x9a, 0x73, 0x56, 0x56, 0x56, 0x55, 0x55, 0x54, 0x54, 0x54, 0x53, 0x72, 0x52, 0x52, 0x52, 0x7c, 0x7c, 0x51, 0x51, 0x98, 0x50, 0x97, 0x4f, 0x4f, 0x7b, 0x7b, 0x7b, 0x4e, 0x4e, 0x4e, 0x96, 0x4d, 0x4d, 0x4c, 0x4c, 0x4c, 0x7a, 0x7a, 0x7a, 0x7a, 0x4b, 0x4b, 0x71, 0x94, 0x94, 0x4a, 0x4a, 0x4a, 0x49, 0x49, 0x49, 0x49, 0x49, 0x48, 0x48, 0x48, 0x48, 0x47, 0x47, 0x70, 0x70, 0x70, 0x46, 0x70, 0x46, 0x46, 0x46, 0x45, 0x45, 0x45, 0x45, 0x44, 0x45, 0x45, 0x45, 0x45, 0x45, 0x44, 0x44, 0x44, 0x44, 0x44, 0x44, 0x44, 0x44, 0x44, 0x44, 0x44, 0x44, 0x44, 0x44, 0x44, 0x44, 0x44, 0x45, 0x44, 0x45, 0x44, 0x44, 0x45, 0x44, 0x44, 0x45, 0x44, 0x45, 0x44, 0x45, 0x45, 0x45, 0x45, 0x45, 0x45, 0x45, 0x45, 0x45, 0x45, 0x46, 0x46, 0x46, 0x46, 0x46, 0x92, 0x70, 0x70, 0x47, 0x47, 0xa7, 0x48, 0x48, 0x49, 0x49, 0x49, 0x49, 0x49, 0x4a, 0x4a, 0x4a, 0x4a, 0x4a, 0x94, 0xd3, 0x4b, 0x4b, 0x4b, 0x7a, 0x7a, 0x4c, 0x7a, 0x4c, 0x4c, 0x95, 0x4d, 0x96, 0x4e, 0x4e, 0x4e, 0x7b, 0x7b, 0x7b, 0x4f, 0x4f, 0x50, 0x50, 0xd8, 0x51, 0x51, 0x51, 0x7c, 0x7c, 0x7c, 0x52, 0x52, 0x72, 0x72, 0x53, 0x53, 0x55, 0x55, 0x55, 0x55, 0x56, 0x56, 0x56, 0x57, 0x73, 0x58, 0x57, 0x58, 0x58, 0x59, 0x5a, 0x9b, 0xd9, 0x5b, 0x5b, 0x5b, 0x5c, 0x5c, 0x5d, 0x5d, 0x9c, 0x5e, 0x5f, 0x5f, 0x60, 0x60, 0x60, 0x61, 0x61, 0x9e, 0x75, 0x62, 0x75, 0x63, 0x62, 0x63, 0x63, 0x63, 0x63, 0x63, 0x63, 0x63, 0x63, 0x63, 0x63, 0x63, 0x63, 0x63, 0x63, 0x63, 0x63, 0x63, 0x63, 0x63, 0x63, 0x63, 0x63, 0x63, 0x63, 0x63, 0x63, 0x63, 0x63, 0x63, 0x63, 0x63, 0x63, 0x63, 0x63, 0x63, 0x63, 0x63, 0x63, 0x63, 0x63, 0x63, 0x63, 0x63, 0x63, 0x63, 0x63, 0x63, 0x63, 0x63, 0x63, 0x63, 0x63, 0x63, 0x63, 0x63, 0x63, 0x63, 
  0x63, 0x63, 0x63, 0x63, 0x63, 0x63, 0x63, 0x63, 0x63, 0x63, 0x63, 0x63, 0x63, 0x63, 0x63, 0x63, 0x63, 0x63, 0x63, 0x63, 0x63, 0x63, 0x63, 0x63, 0x63, 0x63, 0x63, 0x63, 0x63, 0x63, 0x63, 0x63, 0x63, 0x63, 0x63, 0x63, 0x63, 0x63, 0x63, 0x63, 0x63, 0x63, 0x63, 0x63, 0x63, 0x63, 0x63, 0x63, 0x63, 0x63, 0x63, 0x63, 0x63, 0x63, 0x63, 0x63, 0x62, 0x63, 0x62, 0x62, 0x62, 0x9e, 0x61, 0x61, 0x60, 0x60, 0x60, 0x5f, 0x5f, 0x9d, 0x5e, 0x5d, 0x5d, 0x5c, 0x5c, 0x5b, 0x5b, 0xa8, 0x5a, 0x59, 0x59, 0x58, 0x58, 0x58, 0x58, 0x73, 0x57, 0x73, 0x73, 0x56, 0x56, 0x55, 0x55, 0x55, 0x54, 0x54, 0x53, 0x72, 0x72, 0x52, 0x52, 0x7c, 0x51, 0x7c, 0x51, 0x51, 0x98, 0x97, 0x4f, 0x7b, 0x7b, 0x7b, 0x7b, 0x4e, 0x4e, 0x96, 0xd7, 0x4d, 0x4c, 0x4c, 0x4c, 0x7a, 0x7a, 0x7a, 0x7a, 0x4b, 0x4b, 0x71, 0x94, 0x94, 0x4a, 0x4a, 0x4a, 0x49, 0x49, 0x49, 0x49, 0x49, 0x48, 0x48, 0xa7, 0x47, 0x70, 0x70, 0x70, 0x46, 0x46, 0x46, 0x46, 0x46, 0x46, 0x45, 0x45, 0x45, 0x45, 0x45, 0x45, 0x45, 0x44, 0x45, 0x44, 0x44, 0x43, 0x91, 0x43, 0x43, 0x91, 0x43, 0x43, 0x6f, 0x43, 0x6f, 0x6f, 0x43, 0x91, 0x43, 0x43, 0x91, 0x91, 0x43, 0x90, 0x91, 0x91, 0x91, 0x91, 0x91, 0x91, 0x91, 0x43, 0x91, 0x43, 0x43, 0x43, 0x43, 0x43, 0x43, 0x44, 0x44, 0x44, 0x45, 0x44, 0x45, 0x45, 0x45, 0x45, 0x45, 0x45, 0x45, 0x45, 0x46, 0x46, 0x46, 0x46, 0x92, 0x70, 0x70, 0x47, 0x47, 0x48, 0x48, 0x48, 0x49, 0x48, 0x49, 0x49, 0x49, 0x4a, 0x4a, 0x4a, 0x94, 0xd3, 0x4b, 0x4b, 0x4b, 0x4b, 0x7a, 0x7a, 0x7a, 0x7a, 0x95, 0x4c, 0x4d, 0x96, 0x4e, 0x4e, 0x4e, 0x7b, 0x7b, 0x4f, 0x4f, 0x7b, 0x50, 0x97, 0x98, 0x51, 0x51, 0x7c, 0x7c, 0x7c, 0x7c, 0x52, 0x52, 0x99, 0x53, 0x53, 0x54, 0x55, 0x55, 0x55, 0x56, 0x56, 0x56, 0x73, 0x73, 0x57, 0x58, 0x58, 0x58, 0x59, 0x59, 0x59, 0x5a, 0x5b, 0x5b, 0x5c, 0x5c, 0x5c, 0x5c, 0x5d, 0x5d, 0x9d, 0x9d, 0x5f, 0x5f, 0x60, 0x60, 0x61, 0x61, 0x9e, 0x75, 0x62, 0x62, 0x63, 0x62, 0x63, 0x63, 0x63, 0x63, 0x63, 0x63, 0x63, 0x63, 0x63, 0x63, 0x63, 0x63, 0x63, 0x63, 0x63, 0x63, 0x63, 0x63, 0x63, 0x63, 0x63, 0x63, 0x63, 0x63, 0x63, 0x63, 0x63, 0x63, 0x63, 0x63, 0x63, 0x63, 0x63, 0x63, 0x63, 0x63, 0x63, 0x63, 0x63, 0x63, 0x63, 0x63, 0x63, 0x63, 0x63, 0x63, 0x63, 0x63, 0x63, 0x63, 0x63, 0x63, 0x63, 0x63, 0x63, 0x63, 
  0x63, 0x63, 0x63, 0x63, 0x63, 0x63, 0x63, 0x63, 0x63, 0x63, 0x63, 0x63, 0x63, 0x63, 0x63, 0x63, 0x63, 0x63, 0x63, 0x63, 0x63, 0x63, 0x63, 0x63, 0x63, 0x63, 0x63, 0x63, 0x63, 0x63, 0x63, 0x63, 0x63, 0x63, 0x63, 0x63, 0x63, 0x63, 0x63, 0x63, 0x63, 0x63, 0x63, 0x63, 0x63, 0x63, 0x63, 0x63, 0x63, 0x63, 0x63, 0x63, 0x63, 0x63, 0x63, 0x62, 0x63, 0x62, 0x62, 0x75, 0x9e, 0x61, 0x61, 0x60, 0x60, 0x5f, 0x5f, 0x9d, 0x5e, 0x5e, 0x5d, 0x5d, 0x5c, 0x5c, 0x5c, 0x5b, 0xa8, 0x9b, 0x59, 0x59, 0x58, 0x58, 0x58, 0x57, 0x57, 0x57, 0x73, 0x56, 0xc2, 0x55, 0x55, 0x55, 0x54, 0x54, 0x54, 0x53, 0x72, 0x72, 0x7c, 0x52, 0x51, 0x7c, 0x51, 0x51, 0x98, 0x97, 0x4f, 0x4f, 0x7b, 0x7b, 0x7b, 0x4e, 0x4e, 0x4e, 0x96, 0x4d, 0x4d, 0x4c, 0x4c, 0x7a, 0x7a, 0x7a, 0x7a, 0x4b, 0x4b, 0x71, 0x71, 0x93, 0x4a, 0x4a, 0x49, 0x49, 0x49, 0x49, 0x49, 0x48, 0x47, 0x47, 0xa7, 0x70, 0x70, 0x70, 0x46, 0x46, 0x46, 0x46, 0x45, 0x45, 0x45, 0x44, 0x45, 0x45, 0x45, 0x45, 0x44, 0x44, 0x91, 0x43, 0x43, 0x91, 0x91, 0x91, 0x90, 0x6f, 0x91, 0x42, 0x42, 0x42, 0x42, 0x42, 0x42, 0x42, 0x42, 0x42, 0x42, 0x42, 0x42, 0x42, 0x42, 0x42, 0x42, 0x42, 0x42, 0x42, 0x42, 0x42, 0x42, 0x90, 0x42, 0x42, 0x42, 0x6f, 0x6f, 0x6f, 0x91, 0x6f, 0x43, 0x6f, 0x43, 0x43, 0x43, 0x91, 0x43, 0x44, 0x44, 0x44, 0x44, 0x45, 0x45, 0x45, 0x45, 0x45, 0x45, 0x45, 0x46, 0x46, 0x46, 0x92, 0x70, 0x47, 0x47, 0x48, 0x49, 0x48, 0x49, 0x49, 0x49, 0x49, 0x4a, 0x4a, 0x4a, 0x4a, 0x94, 0x94, 0x4b, 0x4b, 0x4b, 0x7a, 0x7a, 0x4c, 0x7a, 0x4c, 0x4c, 0x4d, 0x96, 0x4e, 0x4e, 0x4e, 0x7b, 0x7b, 0x7b, 0x4f, 0x4f, 0x50, 0x50, 0x98, 0x51, 0x51, 0x7c, 0x7c, 0x7c, 0x7c, 0x52, 0x99, 0x72, 0x53, 0x54, 0x54, 0x55, 0x55, 0x55, 0x56, 0x56, 0x73, 0x73, 0x57, 0x57, 0x58, 0x58, 0x58, 0x59, 0x59, 0x5a, 0xa8, 0x5b, 0x5b, 0x5c, 0x5c, 0x5c, 0x5d, 0x5d, 0x5e, 0x9d, 0x5f, 0x5f, 0x60, 0x60, 0x61, 0x61, 0x61, 0x75, 0x62, 0x62, 0x62, 0x63, 0x62, 0x63, 0x63, 0x63, 0x63, 0x63, 0x63, 0x63, 0x63, 0x63, 0x63, 0x63, 0x63, 0x63, 0x63, 0x63, 0x63, 0x63, 0x63, 0x63, 0x63, 0x63, 0x63, 0x63, 0x63, 0x63, 0x63, 0x63, 0x63, 0x63, 0x63, 0x63, 0x63, 0x63, 0x63, 0x63, 0x63, 0x63, 0x63, 0x63, 0x63, 0x63, 0x63, 0x63, 0x63, 0x63, 0x63, 0x63, 0x63, 0x63, 0x63, 0x63, 0x63, 0x63, 0x63, 
  0x63, 0x63, 0x63, 0x63, 0x63, 0x63, 0x63, 0x63, 0x63, 0x63, 0x63, 0x63, 0x63, 0x63, 0x63, 0x63, 0x63, 0x63, 0x63, 0x63, 0x63, 0x63, 0x63, 0x63, 0x63, 0x63, 0x63, 0x63, 0x63, 0x63, 0x63, 0x63, 0x63, 0x63, 0x63, 0x63, 0x63, 0x63, 0x63, 0x63, 0x63, 0x63, 0x63, 0x63, 0x63, 0x63, 0x63, 0x63, 0x63, 0x63, 0x63, 0x63, 0x63, 0x63, 0x62, 0x63, 0x62, 0x62, 0x62, 0x9e, 0x61, 0x61, 0x60, 0x60, 0x60, 0x5f, 0x5f, 0x5e, 0x5e, 0x5d, 0x5d, 0x5c, 0x5c, 0x5b, 0x5b, 0xa8, 0x5a, 0x59, 0x59, 0x58, 0x58, 0x58, 0x57, 0x57, 0x73, 0x9a, 0x56, 0x56, 0x55, 0x55, 0x55, 0x54, 0x54, 0x53, 0x72, 0x52, 0x52, 0x7c, 0x52, 0x51, 0x7c, 0x51, 0x51, 0x97, 0x98, 0x4f, 0x7b, 0x7b, 0x7b, 0x7b, 0x4e, 0x4e, 0x96, 0x4d, 0x4c, 0x4c, 0x4c, 0x7a, 0x7a, 0x7a, 0x4b, 0x4b, 0x4b, 0x71, 0x94, 0x93, 0x4a, 0x4a, 0x49, 0x49, 0x49, 0x49, 0x48, 0x48, 0xa7, 0x47, 0x70, 0xa7, 0x46, 0x46, 0x46, 0x46, 0x45, 0x45, 0x45, 0x45, 0x44, 0x45, 0x44, 0x45, 0x44, 0x44, 0x44, 0x43, 0x43, 0x91, 0x91, 0x90, 0x90, 0x42, 0x42, 0x42, 0x42, 0x42, 0x42, 0x42, 0x42, 0x41, 0x41, 0x41, 0x41, 0x41, 0x42, 0x41, 0x41, 0x41, 0x41, 0x41, 0x41, 0x41, 0x41, 0x41, 0x42, 0x41, 0x41, 0x42, 0x41, 0x42, 0x42, 0x42, 0x42, 0x42, 0x42, 0x42, 0x42, 0x42, 0x42, 0x42, 0x42, 0x42, 0x42, 0x42, 0x42, 0x91, 0x91, 0x43, 0x43, 0x43, 0x91, 0x44, 0x44, 0x45, 0x45, 0x45, 0x45, 0x45, 0x45, 0x46, 0x46, 0x46, 0x70, 0x70, 0x70, 0x47, 0x47, 0x48, 0x48, 0x49, 0x48, 0x49, 0x49, 0x4a, 0x4a, 0x93, 0x93, 0x94, 0x71, 0x4b, 0x4b, 0x7a, 0x7a, 0x7a, 0x4c, 0x4c, 0x4c, 0x4d, 0x96, 0x4e, 0x4e, 0x4e, 0x7b, 0x7b, 0x7b, 0x4f, 0x4f, 0x50, 0x50, 0x98, 0x51, 0x51, 0x7c, 0x7c, 0x7c, 0x52, 0x52, 0x72, 0x53, 0x53, 0x54, 0x54, 0x55, 0x55, 0x56, 0x56, 0x73, 0x73, 0x57, 0x57, 0x58, 0x59, 0x58, 0x59, 0x59, 0x5a, 0xa8, 0x5b, 0x5b, 0x5c, 0x5c, 0x5c, 0x5d, 0x5d, 0x5e, 0x9d, 0x5f, 0x5f, 0x60, 0x60, 0x61, 0x61, 0x61, 0x75, 0x62, 0x62, 0x62, 0x63, 0x63, 0x63, 0x63, 0x63, 0x63, 0x63, 0x63, 0x63, 0x63, 0x63, 0x63, 0x63, 0x63, 0x63, 0x63, 0x63, 0x63, 0x63, 0x63, 0x63, 0x63, 0x63, 0x63, 0x63, 0x63, 0x63, 0x63, 0x63, 0x63, 0x63, 0x63, 0x63, 0x63, 0x63, 0x63, 0x63, 0x63, 0x63, 0x63, 0x63, 0x63, 0x63, 0x63, 0x63, 0x63, 0x63, 0x63, 0x63, 0x63, 0x63, 0x63, 0x63, 0x63, 0x63, 
  0x63, 0x63, 0x63, 0x63, 0x63, 0x63, 0x63, 0x63, 0x63, 0x63, 0x63, 0x63, 0x63, 0x63, 0x63, 0x63, 0x63, 0x63, 0x63, 0x63, 0x63, 0x63, 0x63, 0x63, 0x63, 0x63, 0x63, 0x63, 0x63, 0x63, 0x63, 0x63, 0x63, 0x63, 0x63, 0x63, 0x63, 0x63, 0x63, 0x63, 0x63, 0x63, 0x63, 0x63, 0x63, 0x63, 0x63, 0x63, 0x63, 0x63, 0x63, 0x63, 0x63, 0x62, 0x63, 0x62, 0x62, 0x75, 0x9e, 0x61, 0x61, 0x60, 0x60, 0x5f, 0x5f, 0x9d, 0x5e, 0x5d, 0x5d, 0x5d, 0x5c, 0x5c, 0x5b, 0x5b, 0xa8, 0x59, 0x9b, 0x58, 0x58, 0x58, 0x57, 0x57, 0x73, 0x73, 0x9a, 0x56, 0x56, 0x55, 0x55, 0x54, 0x54, 0x53, 0x72, 0x72, 0x72, 0x7c, 0x52, 0x7c, 0x7c, 0x51, 0x51, 0x98, 0x50, 0x4f, 0x4f, 0x7b, 0x7b, 0x7b, 0x4e, 0x4e, 0x96, 0x4d, 0x4c, 0x4c, 0x4c, 0x7a, 0x7a, 0x7a, 0x4b, 0x4b, 0x4b, 0x71, 0x94, 0x4a, 0x4a, 0x4a, 0x49, 0x49, 0x49, 0x49, 0x48, 0x47, 0x47, 0x70, 0x92, 0x92, 0x46, 0x46, 0x46, 0x45, 0x45, 0x45, 0x45, 0x44, 0x45, 0x44, 0x44, 0x44, 0x44, 0x43, 0x91, 0x43, 0x91, 0x90, 0x90, 0x42, 0x90, 0x41, 0x42, 0x41, 0x41, 0x41, 0x41, 0x41, 0x41, 0x40, 0x41, 0x41, 0x41, 0x41, 0x41, 0x41, 0x40, 0x41, 0x41, 0x41, 0x41, 0x41, 0x41, 0x41, 0x40, 0x41, 0x40, 0x41, 0x41, 0x41, 0x41, 0x41, 0x41, 0x40, 0x41, 0x40, 0x41, 0x41, 0x41, 0x41, 0x41, 0x41, 0x41, 0x41, 0x42, 0x41, 0x42, 0x42, 0x42, 0x42, 0x42, 0x90, 0x90, 0x91, 0x43, 0x43, 0x44, 0x44, 0x44, 0x45, 0x45, 0x45, 0x45, 0x45, 0x46, 0x46, 0x46, 0x70, 0x70, 0x70, 0x47, 0x48, 0x48, 0x49, 0x49, 0x49, 0x49, 0x4a, 0x49, 0x4a, 0x93, 0x94, 0x71, 0x4b, 0x4b, 0x7a, 0x7a, 0x7a, 0x4c, 0x4c, 0x4c, 0x4d, 0x96, 0x4e, 0x4e, 0x4e, 0x7b, 0x7b, 0x7b, 0x4f, 0x4f, 0x97, 0x98, 0x51, 0x51, 0x7c, 0x51, 0x52, 0x7c, 0x52, 0xc1, 0x72, 0x53, 0x54, 0x54, 0x55, 0x55, 0x56, 0x56, 0x56, 0x73, 0x73, 0x57, 0x57, 0x58, 0x59, 0x58, 0x59, 0x5a, 0xa8, 0xa8, 0x5b, 0x5c, 0x5c, 0x5c, 0x5d, 0x5d, 0x5e, 0x9d, 0x5f, 0x5f, 0x60, 0x60, 0x61, 0x61, 0x61, 0x75, 0x62, 0x62, 0x62, 0x62, 0x63, 0x63, 0x63, 0x63, 0x63, 0x63, 0x63, 0x63, 0x63, 0x63, 0x63, 0x63, 0x63, 0x63, 0x63, 0x63, 0x63, 0x63, 0x63, 0x63, 0x63, 0x63, 0x63, 0x63, 0x63, 0x63, 0x63, 0x63, 0x63, 0x63, 0x63, 0x63, 0x63, 0x63, 0x63, 0x63, 0x63, 0x63, 0x63, 0x63, 0x63, 0x63, 0x63, 0x63, 0x63, 0x63, 0x63, 0x63, 0x63, 0x63, 0x63, 0x63, 0x63, 
  0x63, 0x63, 0x63, 0x63, 0x63, 0x63, 0x63, 0x63, 0x63, 0x63, 0x63, 0x63, 0x63, 0x63, 0x63, 0x63, 0x63, 0x63, 0x63, 0x63, 0x63, 0x63, 0x63, 0x63, 0x63, 0x63, 0x63, 0x63, 0x63, 0x63, 0x63, 0x63, 0x63, 0x63, 0x63, 0x63, 0x63, 0x63, 0x63, 0x63, 0x63, 0x63, 0x63, 0x63, 0x63, 0x63, 0x63, 0x63, 0x63, 0x63, 0x63, 0x63, 0x62, 0x63, 0x62, 0x62, 0x62, 0x9e, 0x61, 0x61, 0x60, 0x60, 0x60, 0x5f, 0x9d, 0x5e, 0x9c, 0x5d, 0x5d, 0x5c, 0x5c, 0x5b, 0x5b, 0xa8, 0x5a, 0x59, 0x58, 0x58, 0x58, 0x57, 0x57, 0x73, 0x9a, 0x56, 0x56, 0x55, 0x55, 0x55, 0x54, 0x54, 0x53, 0x72, 0x72, 0x52, 0x7c, 0x52, 0x51, 0x7c, 0xd8, 0x51, 0x97, 0x50, 0x4f, 0x7b, 0x7b, 0x7b, 0x4e, 0x4e, 0x95, 0x96, 0x4c, 0x4c, 0x7a, 0x7a, 0x7a, 0x4b, 0x7a, 0x4b, 0x4b, 0x71, 0x94, 0x4a, 0x4a, 0x4a, 0x49, 0x49, 0x49, 0x49, 0x47, 0x47, 0xa7, 0x92, 0x92, 0x46, 0x46, 0x45, 0x45, 0x45, 0x45, 0x45, 0x45, 0x44, 0x44, 0x44, 0x43, 0x43, 0x43, 0x6f, 0x6f, 0x42, 0x42, 0x42, 0x42, 0x42, 0x42, 0x41, 0x41, 0x41, 0x41, 0x41, 0x41, 0x41, 0x40, 0x41, 0x40, 0x41, 0x40, 0x40, 0x40, 0x40, 0x40, 0x40, 0x40, 0x3f, 0x3f, 0x3f, 0x3f, 0x40, 0x3f, 0x3f, 0x3f, 0x3f, 0x40, 0x3f, 0x3f, 0x3f, 0x40, 0x40, 0x40, 0x40, 0x40, 0x41, 0x40, 0x40, 0x41, 0x40, 0x41, 0x41, 0x41, 0x41, 0x41, 0x41, 0x41, 0x41, 0x41, 0x41, 0x41, 0x42, 0x41, 0x90, 0x42, 0x90, 0x6f, 0x43, 0x43, 0x44, 0x44, 0x44, 0x44, 0x45, 0x45, 0x45, 0x46, 0x46, 0x46, 0x46, 0x46, 0x70, 0xa7, 0x47, 0x47, 0x48, 0x48, 0x49, 0x49, 0x49, 0x49, 0x93, 0x93, 0x94, 0x4b, 0x4b, 0x4b, 0x7a, 0x7a, 0x7a, 0x4c, 0x4c, 0x4c, 0x4d, 0x96, 0x4e, 0x4e, 0x7b, 0x7b, 0x7b, 0x7b, 0x97, 0x4f, 0x97, 0x98, 0x51, 0x51, 0x7c, 0x7c, 0x7c, 0x52, 0x52, 0x72, 0x53, 0x54, 0x54, 0x55, 0x55, 0x56, 0x56, 0x56, 0x73, 0x73, 0x57, 0x57, 0x58, 0x58, 0x59, 0x59, 0x9b, 0xa8, 0x5b, 0x5b, 0x5c, 0x5c, 0x5c, 0x5d, 0x5d, 0x5e, 0x9d, 0x60, 0x5f, 0x60, 0x60, 0x61, 0x61, 0x61, 0x75, 0x62, 0x62, 0x63, 0x62, 0x63, 0x63, 0x63, 0x63, 0x63, 0x63, 0x63, 0x63, 0x63, 0x63, 0x63, 0x63, 0x63, 0x63, 0x63, 0x63, 0x63, 0x63, 0x63, 0x63, 0x63, 0x63, 0x63, 0x63, 0x63, 0x63, 0x63, 0x63, 0x63, 0x63, 0x63, 0x63, 0x63, 0x63, 0x63, 0x63, 0x63, 0x63, 0x63, 0x63, 0x63, 0x63, 0x63, 0x63, 0x63, 0x63, 0x63, 0x63, 0x63, 0x63, 0x63, 0x63, 
  0x63, 0x63, 0x63, 0x63, 0x63, 0x63, 0x63, 0x63, 0x63, 0x63, 0x63, 0x63, 0x63, 0x63, 0x63, 0x63, 0x63, 0x63, 0x63, 0x63, 0x63, 0x63, 0x63, 0x63, 0x63, 0x63, 0x63, 0x63, 0x63, 0x63, 0x63, 0x63, 0x63, 0x63, 0x63, 0x63, 0x63, 0x63, 0x63, 0x63, 0x63, 0x63, 0x63, 0x63, 0x63, 0x63, 0x63, 0x63, 0x63, 0x63, 0x62, 0x63, 0x62, 0x62, 0x62, 0x75, 0x61, 0x9e, 0x60, 0x61, 0x60, 0x5f, 0x5f, 0x9d, 0x5e, 0x5d, 0x5d, 0x5d, 0x5c, 0x5c, 0x5b, 0x5b, 0x5a, 0x9b, 0x59, 0x59, 0x58, 0x58, 0x57, 0x57, 0x73, 0x73, 0x56, 0x56, 0x55, 0x55, 0x54, 0x54, 0x53, 0x53, 0x72, 0x52, 0x52, 0x7c, 0x7c, 0x51, 0x51, 0x98, 0x98, 0x97, 0x4f, 0x4f, 0x7b, 0x7b, 0x7b, 0x96, 0x4e, 0x4d, 0x95, 0x4c, 0x4c, 0x7a, 0x4c, 0x7a, 0x4b, 0x4b, 0x71, 0x71, 0x4a, 0x4a, 0x4a, 0x4a, 0x49, 0x49, 0x49, 0x49, 0x48, 0x47, 0x47, 0xa7, 0x92, 0x46, 0x46, 0x45, 0x45, 0x45, 0x45, 0x44, 0x45, 0x44, 0x44, 0x43, 0x6f, 0x43, 0x6f, 0x42, 0x42, 0x42, 0x42, 0x41, 0x41, 0x41, 0x41, 0x41, 0x41, 0x41, 0x40, 0x41, 0x40, 0x40, 0x3f, 0x40, 0x3f, 0x3f, 0x3f, 0x6e, 0x3f, 0x6e, 0x6e, 0x6e, 0x6e, 0x6e, 0xc0, 0x8f, 0x6e, 0x8f, 0x3f, 0x6e, 0x3f, 0x6e, 0x8f, 0x6e, 0x8f, 0x3f, 0x6e, 0x8f, 0x6e, 0x6e, 0x6e, 0x6e, 0x3f, 0x6e, 0x3f, 0x6e, 0x3f, 0x3f, 0x3f, 0x3f, 0x3f, 0x3f, 0x3f, 0x40, 0x40, 0x40, 0x41, 0x41, 0x41, 0x41, 0x42, 0x41, 0x42, 0x41, 0x42, 0x42, 0x6f, 0x6f, 0x6f, 0x91, 0x43, 0x44, 0x44, 0x45, 0x44, 0x44, 0x45, 0x45, 0x46, 0x46, 0x46, 0x92, 0x70, 0xa7, 0x48, 0x48, 0x49, 0x49, 0x49, 0x49, 0x4a, 0x4a, 0x4a, 0x94, 0x71, 0x4b, 0x4b, 0x7a, 0x7a, 0x7a, 0x4c, 0x4c, 0x4c, 0x4d, 0x96, 0x4e, 0x4e, 0x7b, 0x7b, 0x7b, 0x7b, 0x4f, 0x97, 0x98, 0x51, 0x51, 0x51, 0x7c, 0x7c, 0x52, 0x52, 0x72, 0x53, 0x54, 0x54, 0x55, 0x55, 0x55, 0x56, 0x9a, 0x73, 0x73, 0x57, 0x57, 0x58, 0x58, 0x58, 0x59, 0x9b, 0x9b, 0x5b, 0x5b, 0x5b, 0x5d, 0x5c, 0x5d, 0x5d, 0x5e, 0x5e, 0x5f, 0x60, 0x5f, 0x61, 0x60, 0x61, 0x61, 0x9e, 0x62, 0x62, 0x62, 0x63, 0x62, 0x63, 0x63, 0x63, 0x63, 0x63, 0x63, 0x63, 0x63, 0x63, 0x63, 0x63, 0x63, 0x63, 0x63, 0x63, 0x63, 0x63, 0x63, 0x63, 0x63, 0x63, 0x63, 0x63, 0x63, 0x63, 0x63, 0x63, 0x63, 0x63, 0x63, 0x63, 0x63, 0x63, 0x63, 0x63, 0x63, 0x63, 0x63, 0x63, 0x63, 0x63, 0x63, 0x63, 0x63, 0x63, 0x63, 0x63, 0x63, 0x63, 0x63, 
  0x63, 0x63, 0x63, 0x63, 0x63, 0x63, 0x63, 0x63, 0x63, 0x63, 0x63, 0x63, 0x63, 0x63, 0x63, 0x63, 0x63, 0x63, 0x63, 0x63, 0x63, 0x63, 0x63, 0x63, 0x63, 0x63, 0x63, 0x63, 0x63, 0x63, 0x63, 0x63, 0x63, 0x63, 0x63, 0x63, 0x63, 0x63, 0x63, 0x63, 0x63, 0x63, 0x63, 0x63, 0x63, 0x63, 0x63, 0x63, 0x63, 0x63, 0x63, 0x62, 0x62, 0x62, 0x62, 0x75, 0x61, 0x61, 0x60, 0x60, 0x60, 0x5f, 0x9d, 0x5e, 0x5d, 0x5d, 0x5c, 0x5c, 0x5c, 0x5b, 0x5b, 0xa8, 0x59, 0x59, 0x58, 0x58, 0x58, 0x57, 0x57, 0x73, 0x9a, 0x56, 0x56, 0x55, 0x55, 0x54, 0x54, 0x53, 0x72, 0x52, 0x52, 0x7c, 0x7c, 0x7c, 0x51, 0x51, 0x98, 0x50, 0x4f, 0x4f, 0x7b, 0x7b, 0x7b, 0x4e, 0x4e, 0x96, 0x4d, 0x4c, 0x4c, 0x7a, 0x7a, 0x4b, 0x4b, 0x4b, 0x71, 0x71, 0x4a, 0x4a, 0x4a, 0x49, 0x49, 0x49, 0x48, 0x49, 0x47, 0x47, 0xa7, 0x70, 0x92, 0x46, 0x45, 0x46, 0x45, 0x45, 0x45, 0x44, 0x44, 0x44, 0x43, 0x43, 0x6f, 0x6f, 0x90, 0x42, 0x42, 0x42, 0x41, 0x41, 0x41, 0x42, 0x40, 0x41, 0x41, 0x40, 0x40, 0x40, 0x40, 0x40, 0x3f, 0x3f, 0x6e, 0x3f, 0x6e, 0x3e, 0x3e, 0x3e, 0x3e, 0x3e, 0x3e, 0x3e, 0x3e, 0x3e, 0x3e, 0x3e, 0x3e, 0x3d, 0x3e, 0x3d, 0x3e, 0x3d, 0x3e, 0x3e, 0x3d, 0x3e, 0x3d, 0x3e, 0x3e, 0x3e, 0x3e, 0x3e, 0x3e, 0x3e, 0x3e, 0x3e, 0x3e, 0x3e, 0x3e, 0x6e, 0x6e, 0x3f, 0x3f, 0x3f, 0x3f, 0x3f, 0x3f, 0x40, 0x40, 0x40, 0x40, 0x41, 0x41, 0x41, 0x41, 0x41, 0x42, 0x42, 0x42, 0x42, 0x42, 0x6f, 0x43, 0x44, 0x44, 0x44, 0x44, 0x45, 0x45, 0x45, 0x45, 0x46, 0x46, 0x46, 0x70, 0x47, 0x47, 0x48, 0x48, 0x49, 0x49, 0x49, 0x4a, 0x4a, 0x4a, 0x94, 0x71, 0x4b, 0x4b, 0x7a, 0x7a, 0x7a, 0x4c, 0x4c, 0x4d, 0x96, 0x96, 0x4e, 0x4e, 0x7b, 0x7b, 0x4f, 0x7b, 0x50, 0x97, 0x51, 0x51, 0x51, 0x7c, 0x7c, 0x52, 0x52, 0x52, 0x72, 0x54, 0x54, 0x55, 0x55, 0x55, 0x56, 0x56, 0x73, 0x73, 0x57, 0x57, 0x58, 0x58, 0x59, 0x59, 0x5a, 0x5a, 0x5b, 0x5b, 0x5c, 0x5c, 0x5c, 0x5d, 0x5d, 0x5e, 0x9d, 0x5f, 0x5f, 0x60, 0x60, 0x61, 0x61, 0x9e, 0x75, 0x62, 0x62, 0x62, 0x63, 0x63, 0x63, 0x63, 0x63, 0x63, 0x63, 0x63, 0x63, 0x63, 0x63, 0x63, 0x63, 0x63, 0x63, 0x63, 0x63, 0x63, 0x63, 0x63, 0x63, 0x63, 0x63, 0x63, 0x63, 0x63, 0x63, 0x63, 0x63, 0x63, 0x63, 0x63, 0x63, 0x63, 0x63, 0x63, 0x63, 0x63, 0x63, 0x63, 0x63, 0x63, 0x63, 0x63, 0x63, 0x63, 0x63, 0x63, 0x63, 0x63, 0x63, 
  0x63, 0x63, 0x63, 0x63, 0x63, 0x63, 0x63, 0x63, 0x63, 0x63, 0x63, 0x63, 0x63, 0x63, 0x63, 0x63, 0x63, 0x63, 0x63, 0x63, 0x63, 0x63, 0x63, 0x63, 0x63, 0x63, 0x63, 0x63, 0x63, 0x63, 0x63, 0x63, 0x63, 0x63, 0x63, 0x63, 0x63, 0x63, 0x63, 0x63, 0x63, 0x63, 0x63, 0x63, 0x63, 0x63, 0x63, 0x63, 0x63, 0x62, 0x62, 0x62, 0x62, 0x75, 0x9e, 0x61, 0x61, 0x60, 0x60, 0x5f, 0x5f, 0x5f, 0x5e, 0x5e, 0x5d, 0x5c, 0x5c, 0x5b, 0x5b, 0x5b, 0x5a, 0x59, 0x59, 0x58, 0x58, 0x58, 0x57, 0x73, 0x73, 0x56, 0x56, 0x55, 0x55, 0x54, 0x54, 0x53, 0x53, 0x72, 0x52, 0x52, 0x7c, 0x7c, 0x51, 0x51, 0x51, 0x50, 0x4f, 0x4f, 0x7b, 0x7b, 0x7b, 0x4e, 0x4e, 0x96, 0x95, 0x4c, 0x4c, 0x7a, 0x7a, 0x7a, 0x4b, 0x4b, 0x4b, 0x71, 0x4a, 0x4a, 0x4a, 0x4a, 0x49, 0x49, 0x48, 0x48, 0x47, 0x47, 0x47, 0x46, 0x92, 0x45, 0x45, 0x45, 0x45, 0x44, 0x44, 0x44, 0x44, 0x43, 0x43, 0x6f, 0x6f, 0x6f, 0x42, 0x42, 0x42, 0x41, 0x41, 0x41, 0x41, 0x41, 0x40, 0x40, 0x40, 0x3f, 0x3f, 0x6e, 0x3f, 0x3f, 0x6e, 0x8f, 0x3e, 0x8f, 0x3d, 0x3e, 0x3d, 0x3e, 0x3d, 0x3d, 0x3d, 0x3d, 0x3d, 0x3d, 0x3d, 0x3c, 0x3d, 0x3c, 0x3d, 0x3d, 0x3d, 0x3d, 0x3d, 0x3d, 0x3d, 0x3d, 0x3d, 0x3d, 0x3d, 0x3d, 0x3c, 0x3d, 0x3d, 0x3d, 0x3d, 0x3d, 0x3d, 0x3e, 0x3d, 0x3e, 0x3d, 0x3e, 0x3e, 0x3e, 0x3e, 0x3e, 0x3e, 0x3e, 0x8f, 0x8f, 0x6e, 0x3f, 0x3f, 0x3f, 0x40, 0x40, 0x40, 0x41, 0x41, 0x41, 0x41, 0x41, 0x42, 0x42, 0x42, 0x6f, 0x6f, 0x43, 0x43, 0x43, 0x44, 0x44, 0x45, 0x45, 0x45, 0x45, 0x45, 0x46, 0x92, 0x70, 0x47, 0x48, 0x48, 0x49, 0x49, 0x49, 0x4a, 0x4a, 0x94, 0x71, 0x4b, 0x4b, 0x4b, 0x7a, 0x7a, 0x7a, 0x7a, 0x4c, 0x4d, 0x96, 0x4e, 0x4e, 0x4e, 0x7b, 0x7b, 0x7b, 0x4f, 0x97, 0x98, 0x51, 0x51, 0x51, 0x7c, 0x7c, 0x52, 0xc1, 0x72, 0x53, 0x54, 0x54, 0x55, 0x55, 0x55, 0x56, 0x56, 0x73, 0x57, 0x57, 0x58, 0x58, 0x58, 0x59, 0x59, 0xd9, 0xd9, 0x5b, 0x5b, 0x5c, 0x5c, 0x5d, 0x5d, 0x5e, 0x9d, 0x5f, 0x5f, 0x60, 0x60, 0x61, 0x61, 0x61, 0x9e, 0x62, 0x62, 0x63, 0x62, 0x63, 0x63, 0x63, 0x63, 0x63, 0x63, 0x63, 0x63, 0x63, 0x63, 0x63, 0x63, 0x63, 0x63, 0x63, 0x63, 0x63, 0x63, 0x63, 0x63, 0x63, 0x63, 0x63, 0x63, 0x63, 0x63, 0x63, 0x63, 0x63, 0x63, 0x63, 0x63, 0x63, 0x63, 0x63, 0x63, 0x63, 0x63, 0x63, 0x63, 0x63, 0x63, 0x63, 0x63, 0x63, 0x63, 0x63, 0x63, 0x63, 
  0x63, 0x63, 0x63, 0x63, 0x63, 0x63, 0x63, 0x63, 0x63, 0x63, 0x63, 0x63, 0x63, 0x63, 0x63, 0x63, 0x63, 0x63, 0x63, 0x63, 0x63, 0x63, 0x63, 0x63, 0x63, 0x63, 0x63, 0x63, 0x63, 0x63, 0x63, 0x63, 0x63, 0x63, 0x63, 0x63, 0x63, 0x63, 0x63, 0x63, 0x63, 0x63, 0x63, 0x63, 0x63, 0x63, 0x63, 0x63, 0x62, 0x63, 0x62, 0x62, 0x62, 0xc3, 0x61, 0x61, 0x60, 0x61, 0x5f, 0x5f, 0x5f, 0x5e, 0x5d, 0x5d, 0x5c, 0x5c, 0x5c, 0x5b, 0xa8, 0x5a, 0x59, 0x59, 0x58, 0x58, 0x57, 0x57, 0x73, 0x73, 0x56, 0x56, 0x55, 0x55, 0x54, 0x54, 0x53, 0x53, 0x72, 0x52, 0x7c, 0x7c, 0x7c, 0x51, 0x51, 0x98, 0x50, 0x4f, 0x4f, 0x7b, 0x7b, 0x7b, 0x4e, 0x4e, 0x96, 0x4d, 0x4c, 0x4c, 0x7a, 0x7a, 0x7a, 0x4b, 0x4b, 0x71, 0x94, 0x4a, 0x4a, 0x49, 0x49, 0x49, 0x48, 0x48, 0x47, 0x70, 0x70, 0x46, 0x46, 0x46, 0x45, 0x45, 0x45, 0x45, 0x44, 0x44, 0x44, 0x43, 0x6f, 0x6f, 0x42, 0x42, 0x42, 0x41, 0x42, 0x40, 0x41, 0x41, 0x40, 0x41, 0x3f, 0x3f, 0x3f, 0x3f, 0x6e, 0x3f, 0x6e, 0xc0, 0x3e, 0x3e, 0x3e, 0x3e, 0x3d, 0x3d, 0x3d, 0x3d, 0x3d, 0x3d, 0x3d, 0x3d, 0x3d, 0x3c, 0x3d, 0x3c, 0x3c, 0x3c, 0x3c, 0x3d, 0x6d, 0x3c, 0x3c, 0x3c, 0x3c, 0x3c, 0x3c, 0x3c, 0x3c, 0x3c, 0x3c, 0x3c, 0x3d, 0x3c, 0x3c, 0x3d, 0x3c, 0x3d, 0x3c, 0x3c, 0x3d, 0x3d, 0x3d, 0x3d, 0x3d, 0x3d, 0x3d, 0x3d, 0x3d, 0x3e, 0x3e, 0x3e, 0x3e, 0x3e, 0x3e, 0x6e, 0x6e, 0x3f, 0x3f, 0x40, 0x40, 0x40, 0x41, 0x40, 0x41, 0x41, 0x42, 0x42, 0x42, 0x42, 0x42, 0x91, 0x43, 0x43, 0x43, 0x43, 0x45, 0x45, 0x45, 0x45, 0x46, 0x46, 0x46, 0x70, 0x48, 0x48, 0x48, 0x49, 0x49, 0x49, 0x4a, 0x4a, 0x94, 0x94, 0x4b, 0x4b, 0x4b, 0x7a, 0x7a, 0x4c, 0x4c, 0x4d, 0x4d, 0x96, 0x4e, 0x4e, 0x7b, 0x7b, 0x4f, 0x4f, 0x4f, 0x50, 0xd8, 0x51, 0x51, 0x7c, 0x7c, 0x52, 0x52, 0x52, 0x53, 0x54, 0x54, 0x55, 0x56, 0x55, 0x56, 0x56, 0x9a, 0x73, 0x57, 0x58, 0x58, 0x59, 0x58, 0x5a, 0x5a, 0xa8, 0x5b, 0x5b, 0x5c, 0x5c, 0x5d, 0x5d, 0x5e, 0x5e, 0x5f, 0x5f, 0x60, 0x60, 0x61, 0x61, 0x61, 0x75, 0x62, 0x62, 0x63, 0x62, 0x63, 0x63, 0x63, 0x63, 0x63, 0x63, 0x63, 0x63, 0x63, 0x63, 0x63, 0x63, 0x63, 0x63, 0x63, 0x63, 0x63, 0x63, 0x63, 0x63, 0x63, 0x63, 0x63, 0x63, 0x63, 0x63, 0x63, 0x63, 0x63, 0x63, 0x63, 0x63, 0x63, 0x63, 0x63, 0x63, 0x63, 0x63, 0x63, 0x63, 0x63, 0x63, 0x63, 0x63, 0x63, 0x63, 0x63, 0x63, 
  0x63, 0x63, 0x63, 0x63, 0x63, 0x63, 0x63, 0x63, 0x63, 0x63, 0x63, 0x63, 0x63, 0x63, 0x63, 0x63, 0x63, 0x63, 0x63, 0x63, 0x63, 0x63, 0x63, 0x63, 0x63, 0x63, 0x63, 0x63, 0x63, 0x63, 0x63, 0x63, 0x63, 0x63, 0x63, 0x63, 0x63, 0x63, 0x63, 0x63, 0x63, 0x63, 0x63, 0x63, 0x63, 0x63, 0x63, 0x63, 0x63, 0x62, 0x62, 0x62, 0x9e, 0x61, 0x61, 0x61, 0x60, 0x5f, 0x5f, 0x9d, 0x5e, 0x5e, 0x5d, 0x5c, 0x5c, 0x5b, 0x5b, 0x5b, 0x5a, 0x59, 0x59, 0x58, 0x58, 0x57, 0x57, 0x73, 0x73, 0x56, 0x56, 0x55, 0x55, 0x54, 0x54, 0x53, 0x72, 0x52, 0x52, 0x7c, 0x7c, 0x7c, 0x51, 0x98, 0xd8, 0x50, 0x4f, 0x4f, 0x7b, 0x7b, 0x4e, 0x4e, 0x4e, 0x96, 0x4c, 0x4c, 0x7a, 0x7a, 0x7a, 0x4b, 0x4b, 0xd3, 0x94, 0x4a, 0x4a, 0x4a, 0x49, 0x49, 0x48, 0x48, 0x48, 0x47, 0x70, 0x46, 0x46, 0x46, 0x45, 0x45, 0x45, 0x45, 0x43, 0x43, 0x43, 0x43, 0x6f, 0x42, 0x42, 0x42, 0x41, 0x41, 0x41, 0x41, 0x40, 0x41, 0x40, 0x40, 0x3f, 0x3f, 0x3f, 0x3f, 0x6e, 0x3e, 0x3e, 0x6e, 0x3d, 0x3e, 0x3d, 0x3d, 0x3d, 0x3d, 0x3d, 0x3c, 0x3d, 0x3c, 0x3c, 0x3c, 0x3c, 0x3c, 0x3c, 0x6d, 0x6d, 0x6d, 0x6d, 0x6d, 0x6d, 0x8e, 0x6d, 0x6d, 0x8e, 0x8e, 0x6d, 0x8e, 0x8e, 0x6d, 0x6d, 0x6d, 0x6d, 0x3c, 0xbf, 0x3c, 0x6d, 0x6d, 0x6d, 0x3c, 0x6d, 0x3c, 0x3c, 0x3c, 0x3c, 0x3c, 0x3d, 0x3c, 0x3d, 0x3d, 0x3d, 0x3d, 0x3d, 0x3d, 0x3d, 0x3d, 0x3e, 0x3e, 0x3e, 0x8f, 0x6e, 0x6e, 0x3f, 0x3f, 0x3f, 0x40, 0x40, 0x41, 0x40, 0x41, 0x41, 0x41, 0x41, 0x42, 0x42, 0x6f, 0x6f, 0x44, 0x91, 0x45, 0x44, 0x45, 0x45, 0x45, 0x46, 0x46, 0x46, 0x47, 0x47, 0x48, 0x48, 0x49, 0x49, 0x49, 0x4a, 0x4a, 0x94, 0x71, 0x4b, 0x4b, 0x7a, 0x7a, 0x7a, 0x4c, 0x4c, 0x4d, 0x96, 0x96, 0x4e, 0x7b, 0x7b, 0x7b, 0x4f, 0x4f, 0x50, 0x98, 0x51, 0x51, 0x7c, 0x7c, 0x52, 0x52, 0x72, 0x53, 0x53, 0x54, 0x55, 0x55, 0x56, 0x56, 0x56, 0x73, 0x73, 0x57, 0x57, 0x58, 0x59, 0x59, 0x5a, 0x5a, 0xd9, 0x5b, 0x5b, 0x5c, 0x5c, 0x5d, 0x5d, 0x5e, 0x5e, 0x5f, 0x5f, 0x60, 0x60, 0x61, 0x61, 0x9e, 0x9e, 0x62, 0x75, 0x63, 0x62, 0x63, 0x63, 0x63, 0x63, 0x63, 0x63, 0x63, 0x63, 0x63, 0x63, 0x63, 0x63, 0x63, 0x63, 0x63, 0x63, 0x63, 0x63, 0x63, 0x63, 0x63, 0x63, 0x63, 0x63, 0x63, 0x63, 0x63, 0x63, 0x63, 0x63, 0x63, 0x63, 0x63, 0x63, 0x63, 0x63, 0x63, 0x63, 0x63, 0x63, 0x63, 0x63, 0x63, 0x63, 0x63, 0x63, 0x63, 
  0x63, 0x63, 0x63, 0x63, 0x63, 0x63, 0x63, 0x63, 0x63, 0x63, 0x63, 0x63, 0x63, 0x63, 0x63, 0x63, 0x63, 0x63, 0x63, 0x63, 0x63, 0x63, 0x63, 0x63, 0x63, 0x63, 0x63, 0x63, 0x63, 0x63, 0x63, 0x63, 0x63, 0x63, 0x63, 0x63, 0x63, 0x63, 0x63, 0x63, 0x63, 0x63, 0x63, 0x63, 0x63, 0x63, 0x62, 0x63, 0x62, 0x62, 0x62, 0xc3, 0x61, 0x61, 0x61, 0x60, 0x60, 0x5f, 0x9d, 0x74, 0x5e, 0x5d, 0x5c, 0x5c, 0x5c, 0xd9, 0x5b, 0x5a, 0x59, 0x59, 0x58, 0x58, 0x57, 0x57, 0x73, 0x9a, 0x56, 0x56, 0x55, 0x55, 0x54, 0x54, 0x53, 0x72, 0x52, 0x7c, 0x52, 0x51, 0x7c, 0xd8, 0x51, 0x50, 0x4f, 0x4f, 0x7b, 0x7b, 0x4e, 0x4e, 0x96, 0xd7, 0x95, 0x4c, 0x4c, 0x7a, 0x7a, 0x4b, 0x4b, 0x71, 0x71, 0x4a, 0x4a, 0x4a, 0x49, 0x49, 0x48, 0x48, 0x48, 0x47, 0x70, 0x46, 0x46, 0x45, 0x45, 0x45, 0x45, 0x44, 0x44, 0x43, 0x43, 0x6f, 0x90, 0x42, 0x42, 0x42, 0x41, 0x41, 0x41, 0x41, 0x40, 0x41, 0x40, 0x3f, 0x3f, 0x3f, 0x6e, 0x3e, 0x3e, 0x3e, 0x3d, 0x3e, 0x3d, 0x3d, 0x3d, 0x3d, 0x3c, 0x3d, 0x3c, 0x3c, 0x3c, 0x3c, 0x3c, 0x6d, 0x3c, 0x8e, 0x6d, 0xd2, 0x6d, 0x3b, 0xbf, 0x3b, 0x3b, 0x3b, 0x3b, 0x3b, 0x3a, 0x3b, 0x3b, 0x3b, 0x3a, 0x3b, 0x3b, 0x3b, 0x3b, 0x3b, 0x3b, 0x3b, 0x3b, 0x3b, 0x3b, 0xbf, 0x3b, 0xbf, 0x3b, 0x8e, 0x8e, 0x8e, 0x6d, 0x6d, 0x6d, 0x3c, 0x3c, 0x3c, 0x3c, 0x3c, 0x3c, 0x3d, 0x3c, 0x3d, 0x3d, 0x3d, 0x3d, 0x3e, 0x3e, 0x3e, 0x3e, 0x6e, 0x6e, 0x3f, 0x6e, 0x40, 0x40, 0x40, 0x40, 0x41, 0x41, 0x41, 0x41, 0x42, 0x41, 0x90, 0x6f, 0x43, 0x43, 0x44, 0x44, 0x45, 0x45, 0x45, 0x46, 0x46, 0x70, 0x47, 0x47, 0x48, 0x48, 0x49, 0x49, 0x49, 0x4a, 0x4a, 0x94, 0x71, 0x4b, 0x4b, 0x7a, 0x7a, 0x7a, 0x4c, 0x95, 0x4d, 0x96, 0x4e, 0x4e, 0x7b, 0x7b, 0x7b, 0x4f, 0x50, 0x50, 0xd8, 0x51, 0x7c, 0x7c, 0x7c, 0x52, 0x72, 0x72, 0x53, 0x54, 0x55, 0x55, 0x55, 0x56, 0x56, 0x73, 0x73, 0x57, 0x57, 0x58, 0x58, 0x59, 0x5a, 0x5a, 0xd9, 0x5b, 0x5c, 0x5c, 0x5d, 0x5c, 0x5e, 0x5e, 0x5e, 0x5f, 0x5f, 0x60, 0x60, 0x61, 0x61, 0x9e, 0x9e, 0x62, 0x62, 0x63, 0x63, 0x63, 0x63, 0x63, 0x63, 0x63, 0x63, 0x63, 0x63, 0x63, 0x63, 0x63, 0x63, 0x63, 0x63, 0x63, 0x63, 0x63, 0x63, 0x63, 0x63, 0x63, 0x63, 0x63, 0x63, 0x63, 0x63, 0x63, 0x63, 0x63, 0x63, 0x63, 0x63, 0x63, 0x63, 0x63, 0x63, 0x63, 0x63, 0x63, 0x63, 0x63, 0x63, 0x63, 0x63, 0x63, 0x63, 
  0x63, 0x63, 0x63, 0x63, 0x63, 0x63, 0x63, 0x63, 0x63, 0x63, 0x63, 0x63, 0x63, 0x63, 0x63, 0x63, 0x63, 0x63, 0x63, 0x63, 0x63, 0x63, 0x63, 0x63, 0x63, 0x63, 0x63, 0x63, 0x63, 0x63, 0x63, 0x63, 0x63, 0x63, 0x63, 0x63, 0x63, 0x63, 0x63, 0x63, 0x63, 0x63, 0x63, 0x63, 0x63, 0x63, 0x63, 0x62, 0x62, 0x75, 0x9e, 0x61, 0x61, 0x61, 0x60, 0x5f, 0x5f, 0x9d, 0x5e, 0x5e, 0x5c, 0x5d, 0x5c, 0x5c, 0x5b, 0xa8, 0x5a, 0x59, 0x58, 0x58, 0x58, 0x57, 0x57, 0x73, 0x56, 0x56, 0x56, 0x55, 0x55, 0x54, 0x54, 0x53, 0x52, 0x52, 0x52, 0x7c, 0x7c, 0x51, 0xd8, 0x50, 0x50, 0x4f, 0x4f, 0x7b, 0x7b, 0x4e, 0x4e, 0x96, 0x4d, 0x4c, 0x4c, 0x7a, 0x7a, 0x7a, 0x4b, 0x4b, 0x71, 0x4a, 0x4a, 0x4a, 0x49, 0x49, 0x49, 0x48, 0x48, 0x47, 0x46, 0x46, 0x46, 0x45, 0x45, 0x45, 0x45, 0x44, 0x43, 0x43, 0x91, 0x6f, 0x42, 0x42, 0x42, 0x41, 0x41, 0x41, 0x41, 0x40, 0x3f, 0x40, 0x3f, 0x3f, 0x6e, 0x6e, 0x3e, 0x3e, 0x3e, 0x3d, 0x3d, 0x3d, 0x3d, 0x3d, 0x3d, 0x3d, 0x3c, 0x3c, 0x3c, 0x6d, 0x3c, 0x6d, 0x8e, 0x8e, 0x3b, 0x3b, 0x3b, 0x3b, 0x3b, 0x3b, 0x3b, 0x3b, 0x3a, 0x3a, 0x3a, 0x3a, 0x3a, 0x3a, 0x3a, 0x3a, 0x3a, 0x3a, 0x3a, 0x3a, 0x3a, 0x3a, 0x3a, 0x3a, 0x3a, 0x3a, 0x3b, 0x3a, 0x3b, 0x3b, 0x3b, 0x3b, 0x3b, 0x3b, 0x3b, 0x3b, 0x3b, 0x3b, 0x3b, 0x8e, 0x8e, 0x8e, 0x8e, 0x6d, 0x3c, 0x6d, 0x3c, 0x3c, 0x3d, 0x3c, 0x3d, 0x3d, 0x3d, 0x3d, 0x3d, 0x3e, 0x3e, 0x3e, 0x6e, 0x6e, 0x6e, 0x3f, 0x3f, 0x3f, 0x40, 0x40, 0x41, 0x40, 0x42, 0x41, 0x42, 0x42, 0x6f, 0x6f, 0x43, 0x44, 0x44, 0x45, 0x45, 0x45, 0x46, 0x46, 0x46, 0x47, 0x47, 0x48, 0x49, 0x49, 0x4a, 0x49, 0x4a, 0x4a, 0x71, 0x94, 0x7a, 0x4b, 0x7a, 0x7a, 0x4c, 0x4c, 0x4d, 0x96, 0xd7, 0x4e, 0x7b, 0x4f, 0x7b, 0x4f, 0x50, 0x50, 0xd8, 0xd8, 0x7c, 0x7c, 0x7c, 0x52, 0x99, 0x72, 0x53, 0x54, 0x54, 0x55, 0x55, 0x56, 0x56, 0x73, 0x73, 0x57, 0x58, 0x59, 0x58, 0x59, 0x5a, 0xd9, 0xa8, 0x5b, 0x5c, 0x5c, 0x5c, 0x5d, 0x5d, 0x5e, 0x9d, 0x5f, 0x5f, 0x60, 0x60, 0x61, 0x61, 0x61, 0x62, 0x62, 0x75, 0x63, 0x62, 0x63, 0x63, 0x63, 0x63, 0x63, 0x63, 0x63, 0x63, 0x63, 0x63, 0x63, 0x63, 0x63, 0x63, 0x63, 0x63, 0x63, 0x63, 0x63, 0x63, 0x63, 0x63, 0x63, 0x63, 0x63, 0x63, 0x63, 0x63, 0x63, 0x63, 0x63, 0x63, 0x63, 0x63, 0x63, 0x63, 0x63, 0x63, 0x63, 0x63, 0x63, 0x63, 0x63, 0x63, 0x63, 
  0x63, 0x63, 0x63, 0x63, 0x63, 0x63, 0x63, 0x63, 0x63, 0x63, 0x63, 0x63, 0x63, 0x63, 0x63, 0x63, 0x63, 0x63, 0x63, 0x63, 0x63, 0x63, 0x63, 0x63, 0x63, 0x63, 0x63, 0x63, 0x63, 0x63, 0x63, 0x63, 0x63, 0x63, 0x63, 0x63, 0x63, 0x63, 0x63, 0x63, 0x63, 0x63, 0x63, 0x63, 0x63, 0x62, 0x62, 0x62, 0x62, 0x9e, 0x61, 0x61, 0x60, 0x60, 0x60, 0x5f, 0x5e, 0x5e, 0x5d, 0x5d, 0x5c, 0x5c, 0x5c, 0xd9, 0xa8, 0x5a, 0x59, 0x58, 0x59, 0x58, 0x57, 0x57, 0x73, 0x9a, 0x56, 0x55, 0x55, 0x54, 0x54, 0x53, 0x72, 0x72, 0x52, 0x7c, 0x7c, 0x7c, 0xd8, 0x51, 0x50, 0x50, 0x4f, 0x7b, 0x7b, 0x4e, 0x4e, 0x4e, 0x4d, 0x95, 0x4c, 0x4c, 0x7a, 0x7a, 0x4b, 0x4b, 0x71, 0x94, 0x4a, 0x4a, 0x49, 0x49, 0x49, 0x48, 0x48, 0x70, 0x47, 0x70, 0x46, 0x45, 0x45, 0x45, 0x44, 0x44, 0x91, 0x43, 0x6f, 0x90, 0x42, 0x42, 0x41, 0x41, 0x41, 0x40, 0x41, 0x40, 0x40, 0x3f, 0x6e, 0x6e, 0x3e, 0x3e, 0x3e, 0x3e, 0x3d, 0x3d, 0x3d, 0x3d, 0x3d, 0x3d, 0x3c, 0x3c, 0x3c, 0x6d, 0x6d, 0x6d, 0x8e, 0x3b, 0x3b, 0x3b, 0x3b, 0x3b, 0x3b, 0x3a, 0x3b, 0x3a, 0x3a, 0x3a, 0x3a, 0x3a, 0x39, 0x3a, 0x3a, 0x39, 0x3a, 0x39, 0x3a, 0x39, 0x39, 0x3a, 0x39, 0x3a, 0x39, 0x3a, 0x39, 0x3a, 0x39, 0x3a, 0x3a, 0x3a, 0x3a, 0x39, 0x3a, 0x3a, 0x3a, 0x3a, 0x3a, 0x3a, 0x3a, 0x3a, 0x3a, 0x3b, 0x3b, 0x3b, 0x3b, 0x3b, 0x8e, 0x8e, 0x8e, 0x6d, 0x6d, 0x6d, 0x3c, 0x3c, 0x3c, 0x3d, 0x3c, 0x3d, 0x3d, 0x3d, 0x3e, 0x3e, 0x3e, 0x3e, 0x6e, 0x3f, 0x3f, 0x3f, 0x40, 0x40, 0x41, 0x41, 0x41, 0x41, 0x42, 0x42, 0x6f, 0x6f, 0x43, 0x44, 0x44, 0x45, 0x45, 0x45, 0x46, 0x46, 0x70, 0x47, 0x48, 0x48, 0x48, 0x49, 0x49, 0x4a, 0x4a, 0x94, 0x71, 0x4b, 0x4b, 0x7a, 0x7a, 0x4c, 0x4c, 0x4c, 0x4d, 0x96, 0xd7, 0x4e, 0x7b, 0x4f, 0x7b, 0x50, 0x50, 0x51, 0x51, 0x51, 0x7c, 0x7c, 0x52, 0x52, 0x72, 0x53, 0x54, 0x54, 0x55, 0x55, 0x56, 0x56, 0x73, 0x73, 0x57, 0x57, 0x58, 0x58, 0x59, 0x59, 0xd9, 0xd9, 0x5b, 0x5b, 0x5c, 0x5c, 0x5d, 0x5d, 0x5e, 0x9d, 0x5f, 0x5f, 0x60, 0x60, 0x61, 0x61, 0x75, 0x75, 0x62, 0x62, 0x63, 0x62, 0x63, 0x63, 0x63, 0x63, 0x63, 0x63, 0x63, 0x63, 0x63, 0x63, 0x63, 0x63, 0x63, 0x63, 0x63, 0x63, 0x63, 0x63, 0x63, 0x63, 0x63, 0x63, 0x63, 0x63, 0x63, 0x63, 0x63, 0x63, 0x63, 0x63, 0x63, 0x63, 0x63, 0x63, 0x63, 0x63, 0x63, 0x63, 0x63, 0x63, 0x63, 0x63, 0x63, 0x63, 
  0x63, 0x63, 0x63, 0x63, 0x63, 0x63, 0x63, 0x63, 0x63, 0x63, 0x63, 0x63, 0x63, 0x63, 0x63, 0x63, 0x63, 0x63, 0x63, 0x63, 0x63, 0x63, 0x63, 0x63, 0x63, 0x63, 0x63, 0x63, 0x63, 0x63, 0x63, 0x63, 0x63, 0x63, 0x63, 0x63, 0x63, 0x63, 0x63, 0x63, 0x63, 0x63, 0x63, 0x63, 0x62, 0x63, 0x62, 0x62, 0x75, 0x61, 0x61, 0x61, 0x60, 0x60, 0x5f, 0x5f, 0x5e, 0x5e, 0x5c, 0x5d, 0x5c, 0x5c, 0x5b, 0xd9, 0x5a, 0x59, 0x59, 0x58, 0x58, 0x57, 0x57, 0x73, 0x56, 0x56, 0x55, 0x55, 0x54, 0x54, 0x54, 0x53, 0x72, 0x7c, 0x52, 0x7c, 0x7c, 0xd8, 0xd8, 0x50, 0x4f, 0x4f, 0x7b, 0x7b, 0x7b, 0x4e, 0x96, 0x4d, 0x4c, 0x4c, 0x7a, 0x7a, 0x7a, 0x4b, 0x4b, 0x71, 0x4a, 0x4a, 0x4a, 0x49, 0x49, 0x48, 0x48, 0x47, 0x47, 0x70, 0x46, 0x46, 0x45, 0x45, 0x44, 0x44, 0x43, 0x91, 0x90, 0x42, 0x42, 0x41, 0x41, 0x41, 0x41, 0x41, 0x40, 0x40, 0x3f, 0x3f, 0x6e, 0x6e, 0x3e, 0x3e, 0x3e, 0x3e, 0x3d, 0x3d, 0x3d, 0x3c, 0x3c, 0x3c, 0x3c, 0x6d, 0x6d, 0x8e, 0x8e, 0x3b, 0x3b, 0x3b, 0x3b, 0x3b, 0x3a, 0x3b, 0x3a, 0x3a, 0x3a, 0x3a, 0x39, 0x39, 0x3a, 0x39, 0x39, 0x39, 0x38, 0x38, 0x38, 0x38, 0x38, 0x38, 0x38, 0x38, 0x38, 0x38, 0x38, 0x38, 0x38, 0x38, 0x39, 0x39, 0x39, 0x39, 0x39, 0x39, 0x3a, 0x39, 0x39, 0x39, 0x3a, 0x39, 0x3a, 0x39, 0x3a, 0x3a, 0x3a, 0x3a, 0x3a, 0x3a, 0x3a, 0x3b, 0x3b, 0x3b, 0x3b, 0x3b, 0x3b, 0x8e, 0x6d, 0x6d, 0x3c, 0x6d, 0x3c, 0x3c, 0x3d, 0x3d, 0x3d, 0x3d, 0x3d, 0x3d, 0x3e, 0x3e, 0x3e, 0x6e, 0x6e, 0x40, 0x3f, 0x41, 0x40, 0x41, 0x41, 0x41, 0x42, 0x42, 0x6f, 0x6f, 0x44, 0x44, 0x44, 0x45, 0x45, 0x45, 0x46, 0x46, 0x70, 0x47, 0x47, 0x48, 0x48, 0x49, 0x49, 0x4a, 0x4a, 0x94, 0x71, 0x4b, 0x7a, 0x7a, 0x7a, 0x4c, 0x4c, 0x4d, 0xd7, 0x4e, 0x4e, 0x7b, 0x7b, 0x4f, 0x4f, 0x50, 0x50, 0x51, 0x51, 0x7c, 0x7c, 0x7c, 0x52, 0x72, 0x53, 0x54, 0x54, 0x55, 0x55, 0x56, 0x56, 0x73, 0x73, 0x58, 0x57, 0x59, 0x58, 0x59, 0x5a, 0x5a, 0xd9, 0x5b, 0x5c, 0x5c, 0x5c, 0x5d, 0x5d, 0x5e, 0x9d, 0x5f, 0x5f, 0x60, 0x61, 0x61, 0x9e, 0xd5, 0x62, 0x62, 0x62, 0x63, 0x63, 0x63, 0x63, 0x63, 0x63, 0x63, 0x63, 0x63, 0x63, 0x63, 0x63, 0x63, 0x63, 0x63, 0x63, 0x63, 0x63, 0x63, 0x63, 0x63, 0x63, 0x63, 0x63, 0x63, 0x63, 0x63, 0x63, 0x63, 0x63, 0x63, 0x63, 0x63, 0x63, 0x63, 0x63, 0x63, 0x63, 0x63, 0x63, 0x63, 0x63, 0x63, 0x63, 0x63, 
  0x63, 0x63, 0x63, 0x63, 0x63, 0x63, 0x63, 0x63, 0x63, 0x63, 0x63, 0x63, 0x63, 0x63, 0x63, 0x63, 0x63, 0x63, 0x63, 0x63, 0x63, 0x63, 0x63, 0x63, 0x63, 0x63, 0x63, 0x63, 0x63, 0x63, 0x63, 0x63, 0x63, 0x63, 0x63, 0x63, 0x63, 0x63, 0x63, 0x63, 0x63, 0x63, 0x63, 0x62, 0x63, 0x75, 0x62, 0x75, 0x9e, 0x61, 0x61, 0x60, 0x60, 0x5f, 0x9d, 0x74, 0x5e, 0x5d, 0x5d, 0x5b, 0x5c, 0xd9, 0xa8, 0x5a, 0x59, 0x59, 0x58, 0x58, 0x57, 0x57, 0x73, 0x56, 0x56, 0x55, 0x55, 0x54, 0x54, 0x53, 0x72, 0x72, 0x52, 0x7c, 0x7c, 0xd8, 0x51, 0x50, 0x50, 0x4f, 0x7b, 0x7b, 0x7b, 0x4e, 0x96, 0x4d, 0x4d, 0x4c, 0x4c, 0x7a, 0x7a, 0x4b, 0x4b, 0x71, 0x94, 0x4a, 0x4a, 0x49, 0x49, 0x49, 0x48, 0x48, 0x70, 0x70, 0x46, 0x46, 0x45, 0x45, 0x44, 0x44, 0x43, 0x43, 0x42, 0x42, 0x42, 0x41, 0x42, 0x41, 0x41, 0x40, 0x40, 0x40, 0x6e, 0x3f, 0x6e, 0x3e, 0x3e, 0x3d, 0x3e, 0x3d, 0x3d, 0x3d, 0x3c, 0x3c, 0x3c, 0x6d, 0x6d, 0x8e, 0x8e, 0x3b, 0x3b, 0x3b, 0x3b, 0x3a, 0x3b, 0x3a, 0x3a, 0x3a, 0x3a, 0x3a, 0x39, 0x3a, 0x39, 0x39, 0x39, 0x38, 0x6c, 0x38, 0x6c, 0x6c, 0x37, 0x37, 0x6c, 0x37, 0x37, 0x37, 0x37, 0x37, 0x37, 0x37, 0x37, 0x37, 0x6c, 0x6c, 0x6c, 0x6c, 0x6c, 0x6c, 0x6c, 0x38, 0x6c, 0x6c, 0x38, 0x6c, 0x38, 0x38, 0x38, 0x38, 0x38, 0x38, 0x39, 0x39, 0x39, 0x3a, 0x39, 0x3a, 0x3a, 0x3a, 0x3a, 0x3a, 0x3b, 0x3b, 0x3b, 0x3b, 0x3b, 0x3b, 0x8e, 0x3c, 0x6d, 0x3c, 0x3c, 0x3c, 0x3d, 0x3d, 0x3d, 0x3d, 0x3e, 0x3e, 0x3e, 0x6e, 0x6e, 0x40, 0x40, 0x40, 0x40, 0x41, 0x41, 0x41, 0x42, 0x42, 0x6f, 0x43, 0x44, 0x44, 0x44, 0x45, 0x45, 0x45, 0x46, 0x46, 0x70, 0x47, 0x48, 0x48, 0x49, 0x49, 0x4a, 0x4a, 0x94, 0x71, 0x4b, 0x7a, 0x7a, 0x7a, 0x4c, 0x4c, 0x4d, 0x4d, 0x4e, 0x4e, 0x7b, 0x7b, 0x7b, 0x4f, 0x4f, 0x50, 0xd8, 0x51, 0x7c, 0x7c, 0x7c, 0x52, 0x72, 0x53, 0x54, 0x54, 0x55, 0x55, 0x56, 0x56, 0x73, 0x73, 0x57, 0x57, 0x58, 0x59, 0x58, 0x5a, 0x5a, 0x5b, 0x5b, 0x5b, 0x5c, 0x5c, 0x5d, 0x5d, 0x5e, 0x9d, 0x5f, 0x60, 0x60, 0x60, 0x61, 0x9e, 0xd5, 0x62, 0x62, 0x63, 0x62, 0x63, 0x63, 0x63, 0x63, 0x63, 0x63, 0x63, 0x63, 0x63, 0x63, 0x63, 0x63, 0x63, 0x63, 0x63, 0x63, 0x63, 0x63, 0x63, 0x63, 0x63, 0x63, 0x63, 0x63, 0x63, 0x63, 0x63, 0x63, 0x63, 0x63, 0x63, 0x63, 0x63, 0x63, 0x63, 0x63, 0x63, 0x63, 0x63, 0x63, 0x63, 0x63, 0x63, 
  0x63, 0x63, 0x63, 0x63, 0x63, 0x63, 0x63, 0x63, 0x63, 0x63, 0x63, 0x63, 0x63, 0x63, 0x63, 0x63, 0x63, 0x63, 0x63, 0x63, 0x63, 0x63, 0x63, 0x63, 0x63, 0x63, 0x63, 0x63, 0x63, 0x63, 0x63, 0x63, 0x63, 0x63, 0x63, 0x63, 0x63, 0x63, 0x63, 0x63, 0x63, 0x63, 0x62, 0x63, 0x62, 0x62, 0x75, 0x9e, 0x61, 0x60, 0x60, 0x60, 0x5f, 0x5f, 0x5e, 0x5d, 0x5d, 0x5c, 0x5c, 0x5b, 0x5b, 0xa8, 0x5a, 0x59, 0x59, 0x58, 0x58, 0x57, 0x57, 0x73, 0x56, 0x56, 0x55, 0x55, 0x54, 0x53, 0x53, 0x72, 0x72, 0x7c, 0x7c, 0x51, 0x51, 0x98, 0x50, 0x4f, 0x4f, 0x7b, 0x7b, 0x7b, 0x4e, 0x96, 0x4d, 0x4c, 0x4c, 0x7a, 0x7a, 0x4b, 0x4b, 0x4b, 0x71, 0x4a, 0x4a, 0x4a, 0x49, 0x49, 0x48, 0x47, 0x70, 0x70, 0x70, 0x45, 0x46, 0x44, 0x45, 0x44, 0x43, 0x6f, 0x6f, 0x42, 0x42, 0x41, 0x41, 0x41, 0x41, 0x40, 0x3f, 0x3f, 0x6e, 0x6e, 0x3e, 0x3e, 0x3e, 0x3e, 0x3d, 0x3d, 0x3c, 0x3c, 0x3c, 0x6d, 0x3c, 0x6d, 0x8e, 0x3b, 0x3b, 0x3b, 0x3b, 0x3a, 0x3a, 0x3a, 0x3a, 0x3a, 0x39, 0x3a, 0x39, 0x39, 0x39, 0x39, 0x6c, 0x38, 0x6c, 0x6c, 0x37, 0x37, 0x37, 0x37, 0x37, 0x37, 0x37, 0x36, 0x37, 0x36, 0x37, 0x36, 0x36, 0x36, 0x36, 0x37, 0x36, 0x37, 0x36, 0x37, 0x36, 0x37, 0x37, 0x37, 0x37, 0x37, 0x37, 0x37, 0x37, 0x37, 0x37, 0x37, 0x37, 0x37, 0x37, 0x38, 0x6c, 0x38, 0x38, 0x38, 0x39, 0x39, 0x3a, 0x39, 0x3a, 0x3a, 0x3a, 0x3a, 0x3a, 0x3a, 0x3b, 0x3b, 0x3b, 0x3b, 0x3b, 0x6d, 0x6d, 0x6d, 0x3c, 0x6d, 0x3d, 0x3c, 0x3d, 0x3d, 0x3d, 0x3e, 0x3e, 0x3e, 0x6e, 0x40, 0x6e, 0x40, 0x40, 0x41, 0x41, 0x41, 0x42, 0x42, 0x6f, 0x6f, 0x44, 0x44, 0x44, 0x45, 0x45, 0x46, 0x46, 0x46, 0x70, 0x47, 0x48, 0x49, 0x49, 0x49, 0x4a, 0x4a, 0xd3, 0x71, 0x4b, 0x7a, 0x7a, 0x7a, 0x4c, 0x4c, 0x4d, 0xd7, 0x4e, 0x4e, 0x7b, 0x7b, 0x4f, 0x4f, 0x50, 0x98, 0x51, 0x51, 0x52, 0x7c, 0x52, 0x52, 0x72, 0x54, 0x54, 0x55, 0x55, 0x55, 0x56, 0xc2, 0x73, 0x57, 0x58, 0x57, 0x59, 0x59, 0x59, 0x5a, 0x5b, 0x5b, 0x5b, 0x5c, 0x5c, 0x5d, 0x5e, 0x74, 0x9d, 0x5f, 0x60, 0x61, 0x60, 0x61, 0x61, 0x75, 0x62, 0x75, 0x63, 0x62, 0x63, 0x63, 0x63, 0x63, 0x63, 0x63, 0x63, 0x63, 0x63, 0x63, 0x63, 0x63, 0x63, 0x63, 0x63, 0x63, 0x63, 0x63, 0x63, 0x63, 0x63, 0x63, 0x63, 0x63, 0x63, 0x63, 0x63, 0x63, 0x63, 0x63, 0x63, 0x63, 0x63, 0x63, 0x63, 0x63, 0x63, 0x63, 0x63, 0x63, 0x63, 0x63, 
  0x63, 0x63, 0x63, 0x63, 0x63, 0x63, 0x63, 0x63, 0x63, 0x63, 0x63, 0x63, 0x63, 0x63, 0x63, 0x63, 0x63, 0x63, 0x63, 0x63, 0x63, 0x63, 0x63, 0x63, 0x63, 0x63, 0x63, 0x63, 0x63, 0x63, 0x63, 0x63, 0x63, 0x63, 0x63, 0x63, 0x63, 0x63, 0x63, 0x63, 0x63, 0x62, 0x63, 0x62, 0x62, 0x75, 0x9e, 0x61, 0x61, 0x60, 0x60, 0x5f, 0x5f, 0x5e, 0x5e, 0x5d, 0x5d, 0x5c, 0x5c, 0x5b, 0x5b, 0x5a, 0x59, 0x59, 0x58, 0x58, 0x57, 0x57, 0x73, 0x56, 0x56, 0x55, 0x55, 0x54, 0x54, 0x53, 0x72, 0x52, 0x7c, 0x7c, 0x7c, 0x51, 0xd8, 0x50, 0x4f, 0x4f, 0x7b, 0x7b, 0x4e, 0x4e, 0x4d, 0x4d, 0x4c, 0x4c, 0x7a, 0x7a, 0x4b, 0x4b, 0x71, 0x71, 0x4a, 0x4a, 0x4a, 0x48, 0x49, 0x48, 0x47, 0x70, 0x46, 0x46, 0x45, 0x46, 0x44, 0x45, 0x44, 0x6f, 0x43, 0x42, 0x42, 0x41, 0x41, 0x41, 0x40, 0x40, 0x40, 0x6e, 0x3f, 0x3e, 0x3e, 0x3e, 0x3d, 0x3d, 0x3d, 0x3d, 0x3c, 0x3c, 0x6d, 0x3c, 0x6d, 0x8e, 0x3b, 0x3b, 0x3b, 0x3b, 0x3a, 0x3a, 0x3a, 0x3a, 0x3a, 0x39, 0x3a, 0x38, 0x39, 0x38, 0x38, 0x6c, 0x6c, 0x6c, 0x37, 0x37, 0x37, 0x36, 0x37, 0x36, 0x36, 0x36, 0x36, 0x36, 0x36, 0x36, 0x36, 0x36, 0x36, 0x36, 0x36, 0x36, 0x36, 0x36, 0x36, 0x36, 0x36, 0x36, 0x36, 0x36, 0x36, 0x36, 0x36, 0x36, 0x36, 0x36, 0x36, 0x36, 0x36, 0x36, 0x36, 0x36, 0x36, 0x37, 0x37, 0x37, 0x37, 0x6c, 0x6c, 0x38, 0x38, 0x38, 0x39, 0x39, 0x39, 0x3a, 0x39, 0x3a, 0x3a, 0x3a, 0x3a, 0x3b, 0x3a, 0x3b, 0x3b, 0x3b, 0x8e, 0x6d, 0x6d, 0x3c, 0x3c, 0x3d, 0x3d, 0x3d, 0x3d, 0x3d, 0x3e, 0x3e, 0x6e, 0x6e, 0x3f, 0x3f, 0x40, 0x40, 0x41, 0x41, 0x42, 0x42, 0x6f, 0x6f, 0x43, 0x44, 0x44, 0x45, 0x45, 0x45, 0x46, 0x70, 0x47, 0x48, 0x48, 0x49, 0x49, 0x4a, 0x4a, 0x4a, 0x71, 0x71, 0x7a, 0x7a, 0x7a, 0x4c, 0x4c, 0x4d, 0xd7, 0x4e, 0x4e, 0x7b, 0x7b, 0x4f, 0x4f, 0x97, 0x98, 0x51, 0x51, 0x7c, 0x7c, 0x52, 0x52, 0x72, 0x53, 0x54, 0x54, 0x56, 0x56, 0x56, 0x73, 0x73, 0x57, 0x57, 0x58, 0x58, 0x59, 0x59, 0x5a, 0xa8, 0x5b, 0x5c, 0x5c, 0x5c, 0x5d, 0x5e, 0x5e, 0x5f, 0x5f, 0x60, 0x60, 0x61, 0x61, 0xd5, 0x75, 0x62, 0x62, 0x63, 0x62, 0x63, 0x63, 0x63, 0x63, 0x63, 0x63, 0x63, 0x63, 0x63, 0x63, 0x63, 0x63, 0x63, 0x63, 0x63, 0x63, 0x63, 0x63, 0x63, 0x63, 0x63, 0x63, 0x63, 0x63, 0x63, 0x63, 0x63, 0x63, 0x63, 0x63, 0x63, 0x63, 0x63, 0x63, 0x63, 0x63, 0x63, 0x63, 0x63, 0x63, 0x63, 
  0x63, 0x63, 0x63, 0x63, 0x63, 0x63, 0x63, 0x63, 0x63, 0x63, 0x63, 0x63, 0x63, 0x63, 0x63, 0x63, 0x63, 0x63, 0x63, 0x63, 0x63, 0x63, 0x63, 0x63, 0x63, 0x63, 0x63, 0x63, 0x63, 0x63, 0x63, 0x63, 0x63, 0x63, 0x63, 0x63, 0x63, 0x63, 0x63, 0x63, 0x62, 0x63, 0x62, 0x62, 0x75, 0x9e, 0x61, 0x61, 0x60, 0x60, 0x60, 0x5f, 0x5e, 0x5e, 0x5d, 0x5d, 0x5c, 0x5c, 0x5b, 0xd9, 0x5a, 0x59, 0x59, 0x58, 0x58, 0x57, 0x57, 0x73, 0x56, 0x56, 0x55, 0x55, 0x54, 0x54, 0x53, 0x72, 0x52, 0x52, 0x7c, 0x7c, 0x98, 0xd8, 0x50, 0x50, 0x7b, 0x7b, 0x7b, 0x4e, 0xd7, 0x4d, 0x4c, 0x4c, 0x4c, 0x7a, 0x7a, 0x4b, 0x4b, 0x71, 0x4a, 0x4a, 0x4a, 0x49, 0x49, 0x49, 0x48, 0x47, 0x70, 0x46, 0x46, 0x45, 0x45, 0x44, 0x44, 0x43, 0x6f, 0x42, 0x42, 0x41, 0x41, 0x41, 0x40, 0x40, 0x3f, 0x3f, 0x6e, 0x6e, 0x3e, 0x3e, 0x3d, 0x3d, 0x3d, 0x3d, 0x3c, 0x3c, 0x6d, 0x6d, 0x6d, 0x3b, 0x3b, 0x3b, 0x3b, 0x3a, 0x3a, 0x3a, 0x39, 0x3a, 0x39, 0x39, 0x38, 0x6c, 0x38, 0x6c, 0x6c, 0x37, 0x37, 0x37, 0x37, 0x37, 0x36, 0x36, 0x36, 0x36, 0x36, 0x36, 0x36, 0x36, 0x35, 0x35, 0x35, 0x35, 0x35, 0x35, 0x35, 0x35, 0x35, 0x35, 0x35, 0x35, 0x6b, 0x36, 0x6b, 0x36, 0x35, 0x36, 0x35, 0x36, 0x35, 0x36, 0x35, 0x36, 0x36, 0x36, 0x36, 0x36, 0x36, 0x36, 0x36, 0x36, 0x36, 0x36, 0x36, 0x37, 0x37, 0x37, 0x37, 0x6c, 0x6c, 0x6c, 0x38, 0x38, 0x38, 0x39, 0x39, 0x3a, 0x39, 0x39, 0x3a, 0x3a, 0x3a, 0x3a, 0x3b, 0x3b, 0x3b, 0x6d, 0x6d, 0x6d, 0x3c, 0x3c, 0x3d, 0x3d, 0x3d, 0x3d, 0x3e, 0x3e, 0x6e, 0x3f, 0x3f, 0x40, 0x41, 0x40, 0x41, 0x41, 0x42, 0x42, 0x42, 0x91, 0x44, 0x44, 0x45, 0x45, 0x45, 0x46, 0x46, 0x47, 0x47, 0x48, 0x49, 0x49, 0x4a, 0x4a, 0x4a, 0x71, 0x71, 0x4b, 0x7a, 0x7a, 0x7a, 0x4c, 0x4c, 0x4d, 0x4e, 0x4e, 0x7b, 0x7b, 0x7b, 0x4f, 0x4f, 0x50, 0x51, 0x51, 0x7c, 0x7c, 0x52, 0x52, 0x72, 0x54, 0x54, 0x55, 0x55, 0x56, 0x56, 0x73, 0x73, 0x57, 0x57, 0x58, 0x58, 0x59, 0x59, 0x5a, 0xa8, 0x5b, 0x5c, 0x5c, 0x5d, 0x5d, 0x5e, 0x5e, 0x5f, 0x5f, 0x60, 0x60, 0x61, 0x61, 0x75, 0x62, 0x62, 0x62, 0x63, 0x62, 0x63, 0x63, 0x63, 0x63, 0x63, 0x63, 0x63, 0x63, 0x63, 0x63, 0x63, 0x63, 0x63, 0x63, 0x63, 0x63, 0x63, 0x63, 0x63, 0x63, 0x63, 0x63, 0x63, 0x63, 0x63, 0x63, 0x63, 0x63, 0x63, 0x63, 0x63, 0x63, 0x63, 0x63, 0x63, 0x63, 0x63, 0x63, 0x63, 0x63, 
  0x63, 0x63, 0x63, 0x63, 0x63, 0x63, 0x63, 0x63, 0x63, 0x63, 0x63, 0x63, 0x63, 0x63, 0x63, 0x63, 0x63, 0x63, 0x63, 0x63, 0x63, 0x63, 0x63, 0x63, 0x63, 0x63, 0x63, 0x63, 0x63, 0x63, 0x63, 0x63, 0x63, 0x63, 0x63, 0x63, 0x63, 0x63, 0x63, 0x63, 0x63, 0x62, 0x62, 0x62, 0x75, 0x61, 0x61, 0x60, 0x60, 0x5f, 0x5f, 0x5e, 0x5e, 0x5d, 0x5d, 0x5c, 0x5c, 0x5b, 0x5b, 0x5a, 0x5a, 0x59, 0x58, 0x59, 0x57, 0x57, 0x9a, 0x56, 0x56, 0x55, 0x55, 0x54, 0x54, 0x72, 0x72, 0x52, 0x7c, 0x7c, 0x51, 0xd8, 0xd8, 0x50, 0x4f, 0x7b, 0x7b, 0x4e, 0x4e, 0x96, 0x4d, 0x4c, 0x4c, 0x7a, 0x7a, 0x4b, 0x4b, 0x4b, 0xd3, 0x93, 0x4a, 0x4a, 0x49, 0x49, 0x48, 0x47, 0x70, 0x46, 0x46, 0x45, 0x45, 0x44, 0x44, 0x43, 0x91, 0x42, 0x42, 0x41, 0x41, 0x41, 0x40, 0x40, 0x3f, 0x6e, 0x6e, 0x3e, 0x3e, 0x3d, 0x3d, 0x3d, 0x3d, 0x3c, 0x3c, 0x6d, 0x8e, 0xd2, 0x3b, 0x3b, 0x3b, 0x3a, 0x3b, 0x39, 0x3a, 0x39, 0x3a, 0x38, 0x39, 0x38, 0x38, 0x6c, 0x6c, 0x37, 0x37, 0x37, 0x37, 0x36, 0x36, 0x36, 0x36, 0x36, 0x36, 0x36, 0x36, 0x35, 0x35, 0x6b, 0x8c, 0x6b, 0x35, 0x35, 0x8c, 0x6b, 0x8c, 0x8c, 0xd1, 0x8c, 0x6b, 0x8c, 0x6b, 0xd1, 0x8c, 0xd1, 0xd1, 0xd1, 0xd1, 0x6b, 0xd1, 0xd1, 0x6b, 0x35, 0x8c, 0x6b, 0xd1, 0x35, 0xd1, 0x35, 0x35, 0x35, 0x35, 0x35, 0x36, 0x36, 0x36, 0x36, 0x36, 0x36, 0x36, 0x36, 0x37, 0x37, 0x37, 0x37, 0x37, 0x6c, 0x38, 0x38, 0x39, 0x39, 0x39, 0x39, 0x3a, 0x3a, 0x3a, 0x3a, 0x3b, 0x3b, 0x3b, 0x3b, 0x6d, 0x6d, 0x3c, 0x3c, 0x3d, 0x3d, 0x3d, 0x3d, 0x3e, 0x3e, 0x3e, 0x6e, 0x3f, 0x40, 0x40, 0x41, 0x40, 0x41, 0x42, 0x42, 0x6f, 0x91, 0x44, 0x44, 0x45, 0x45, 0x46, 0x46, 0x70, 0x70, 0x48, 0x48, 0x48, 0x49, 0x4a, 0x4a, 0x4a, 0x4b, 0x71, 0x7a, 0x7a, 0x7a, 0x4c, 0x4c, 0x4d, 0x96, 0x4e, 0x7b, 0x7b, 0x7b, 0x4f, 0x4f, 0x50, 0xd8, 0x51, 0x7c, 0x7c, 0x7c, 0x52, 0x72, 0x72, 0x55, 0x54, 0x55, 0x56, 0x56, 0x73, 0x73, 0x57, 0x57, 0x58, 0x58, 0x59, 0x59, 0x5a, 0x5b, 0x5b, 0x5c, 0x5c, 0x5d, 0x5d, 0x5e, 0x5e, 0x5f, 0x5f, 0x60, 0x60, 0x61, 0x61, 0x75, 0x62, 0x62, 0x62, 0x63, 0x62, 0x63, 0x63, 0x63, 0x63, 0x63, 0x63, 0x63, 0x63, 0x63, 0x63, 0x63, 0x63, 0x63, 0x63, 0x63, 0x63, 0x63, 0x63, 0x63, 0x63, 0x63, 0x63, 0x63, 0x63, 0x63, 0x63, 0x63, 0x63, 0x63, 0x63, 0x63, 0x63, 0x63, 0x63, 0x63, 0x63, 0x63, 0x63, 0x63, 
  0x63, 0x63, 0x63, 0x63, 0x63, 0x63, 0x63, 0x63, 0x63, 0x63, 0x63, 0x63, 0x63, 0x63, 0x63, 0x63, 0x63, 0x63, 0x63, 0x63, 0x63, 0x63, 0x63, 0x63, 0x63, 0x63, 0x63, 0x63, 0x63, 0x63, 0x63, 0x63, 0x63, 0x63, 0x63, 0x63, 0x63, 0x63, 0x62, 0x63, 0x62, 0x62, 0x62, 0x75, 0x61, 0x61, 0x60, 0x60, 0x5f, 0x5f, 0x5e, 0x5e, 0x5d, 0x5d, 0x5c, 0x5c, 0x5b, 0xd9, 0x5a, 0x59, 0x59, 0x58, 0x58, 0x57, 0x57, 0x73, 0x56, 0x56, 0x55, 0x55, 0x54, 0x54, 0x53, 0x52, 0x52, 0x7c, 0x7c, 0x51, 0xd8, 0xd8, 0x4f, 0x4f, 0x7b, 0x7b, 0x4e, 0x4e, 0x4d, 0x95, 0x4c, 0x4c, 0x7a, 0x7a, 0x4b, 0x4b, 0x71, 0x94, 0x4a, 0x4a, 0x49, 0x49, 0x48, 0x48, 0x47, 0x70, 0x46, 0x46, 0x45, 0x45, 0x44, 0x43, 0x6f, 0x6f, 0x42, 0x42, 0x41, 0x41, 0x40, 0x40, 0x3f, 0x6e, 0x6e, 0x3e, 0x3e, 0x3d, 0x3d, 0x3d, 0x3c, 0x3c, 0x6d, 0x6d, 0x8e, 0x3b, 0x3b, 0x3b, 0x3a, 0x3a, 0x3a, 0x3a, 0x39, 0x39, 0x39, 0x38, 0x6c, 0x6c, 0x8d, 0x37, 0x37, 0x37, 0x37, 0x36, 0x36, 0x36, 0x36, 0x36, 0x36, 0x36, 0x35, 0x35, 0x6b, 0x8c, 0xd1, 0x8c, 0xd1, 0x34, 0x34, 0xd1, 0x33, 0x34, 0x33, 0x34, 0x33, 0x34, 0x34, 0x33, 0x34, 0x33, 0x34, 0x33, 0x34, 0x34, 0x34, 0x34, 0x34, 0x34, 0x34, 0x34, 0x34, 0x34, 0x34, 0x34, 0x8b, 0x34, 0x34, 0x8c, 0xd1, 0x8c, 0x35, 0x35, 0x6b, 0x35, 0x35, 0x35, 0x36, 0x36, 0x36, 0x36, 0x36, 0x36, 0x36, 0x36, 0x37, 0x37, 0x37, 0x37, 0x37, 0x6c, 0x6c, 0x38, 0x39, 0x39, 0x3a, 0x39, 0x3a, 0x3a, 0x3b, 0x3b, 0x3b, 0x3b, 0x8e, 0x6d, 0x6d, 0x3c, 0x3c, 0x3c, 0x3d, 0x3d, 0x3e, 0x3e, 0x3e, 0x6e, 0x3f, 0x40, 0x41, 0x41, 0x41, 0x41, 0x42, 0x42, 0x6f, 0x43, 0x44, 0x44, 0x45, 0x45, 0x46, 0x46, 0x70, 0x47, 0x48, 0x48, 0x49, 0x49, 0x4a, 0x4a, 0x94, 0x71, 0x4b, 0x7a, 0x7a, 0x4c, 0x4c, 0x4d, 0xd7, 0xd7, 0x7b, 0x4e, 0x4f, 0x7b, 0x4f, 0x50, 0x98, 0xd8, 0x7c, 0x7c, 0x7c, 0x52, 0x72, 0x72, 0x54, 0x54, 0x55, 0x56, 0x56, 0x73, 0x73, 0x57, 0x58, 0x58, 0x58, 0x59, 0x59, 0x5a, 0x5b, 0x5b, 0x5c, 0x5c, 0x5d, 0x5d, 0x5e, 0x5e, 0x5f, 0x5f, 0x60, 0x60, 0x61, 0x61, 0x75, 0x62, 0x62, 0x62, 0x63, 0x63, 0x63, 0x63, 0x63, 0x63, 0x63, 0x63, 0x63, 0x63, 0x63, 0x63, 0x63, 0x63, 0x63, 0x63, 0x63, 0x63, 0x63, 0x63, 0x63, 0x63, 0x63, 0x63, 0x63, 0x63, 0x63, 0x63, 0x63, 0x63, 0x63, 0x63, 0x63, 0x63, 0x63, 0x63, 0x63, 0x63, 0x63, 0x63, 
  0x63, 0x63, 0x63, 0x63, 0x63, 0x63, 0x63, 0x63, 0x63, 0x63, 0x63, 0x63, 0x63, 0x63, 0x63, 0x63, 0x63, 0x63, 0x63, 0x63, 0x63, 0x63, 0x63, 0x63, 0x63, 0x63, 0x63, 0x63, 0x63, 0x63, 0x63, 0x63, 0x63, 0x63, 0x63, 0x63, 0x63, 0x63, 0x63, 0x62, 0x62, 0x62, 0x75, 0x9e, 0x61, 0x61, 0x60, 0x60, 0x5f, 0x5f, 0x5e, 0x5e, 0x5d, 0x5c, 0x5c, 0x5c, 0x5b, 0xd9, 0x5a, 0x59, 0x58, 0x58, 0x57, 0x57, 0x73, 0x56, 0x56, 0x55, 0x55, 0x54, 0x54, 0x53, 0x52, 0x52, 0x7c, 0x7c, 0x51, 0x51, 0x50, 0x50, 0x4f, 0x7b, 0x7b, 0x4e, 0x4e, 0x4d, 0x4c, 0x4c, 0x7a, 0x7a, 0x4b, 0x4b, 0x71, 0x71, 0x4a, 0x4a, 0x4a, 0x49, 0x49, 0x48, 0x48, 0x70, 0x70, 0x46, 0x45, 0x45, 0x45, 0x44, 0x43, 0x6f, 0x42, 0x42, 0x41, 0x41, 0x40, 0x40, 0x3f, 0x6e, 0x3e, 0x3e, 0x3e, 0x3d, 0x3d, 0x3d, 0x3c, 0x3d, 0x6d, 0x3c, 0x3b, 0xbf, 0x3b, 0x3b, 0x3a, 0x3a, 0x3a, 0x3a, 0x39, 0x38, 0x38, 0x6c, 0x6c, 0x37, 0x37, 0x37, 0x37, 0x36, 0x36, 0x36, 0x36, 0x36, 0x36, 0x36, 0x35, 0x35, 0x6b, 0x6b, 0x6b, 0xd1, 0xd1, 0xd1, 0x34, 0x34, 0x34, 0x34, 0x33, 0x33, 0x33, 0x33, 0x33, 0x33, 0x33, 0x33, 0x33, 0x33, 0x33, 0x33, 0x33, 0x33, 0x33, 0x33, 0x33, 0x33, 0x33, 0x33, 0x33, 0x33, 0x33, 0x33, 0x33, 0x33, 0x33, 0x33, 0x34, 0x34, 0x34, 0x33, 0xd1, 0x34, 0xd1, 0xd1, 0xd1, 0x35, 0x6b, 0xd1, 0x35, 0x6b, 0x36, 0x35, 0x36, 0x36, 0x36, 0x36, 0x36, 0x37, 0x37, 0x36, 0x37, 0x37, 0x6c, 0x38, 0x38, 0x38, 0x39, 0x39, 0x3a, 0x3a, 0x3b, 0x3b, 0x3b, 0x3b, 0x6d, 0x6d, 0x6d, 0x3c, 0x3c, 0x3d, 0x3d, 0x3d, 0x3d, 0x3e, 0x3e, 0x6e, 0x3f, 0x6e, 0x41, 0x41, 0x41, 0x42, 0x42, 0x42, 0x43, 0x44, 0x44, 0x45, 0x45, 0x46, 0x46, 0x70, 0x70, 0x48, 0x48, 0x49, 0x49, 0x4a, 0x4a, 0x4a, 0x71, 0x4b, 0x4b, 0x7a, 0x7a, 0x4c, 0x4c, 0x4d, 0x96, 0x7b, 0x4e, 0x7b, 0x4f, 0x4f, 0x50, 0xd8, 0xd8, 0x51, 0x7c, 0x7c, 0x52, 0x72, 0x53, 0x54, 0x54, 0x55, 0x55, 0x56, 0xc2, 0x73, 0x73, 0x57, 0x58, 0x58, 0x59, 0x5a, 0xd9, 0x5b, 0x5b, 0x5d, 0x5c, 0x5d, 0x5d, 0x5e, 0x5f, 0x5f, 0x60, 0x60, 0x61, 0x61, 0x61, 0x75, 0x62, 0x62, 0x62, 0x63, 0x63, 0x63, 0x63, 0x63, 0x63, 0x63, 0x63, 0x63, 0x63, 0x63, 0x63, 0x63, 0x63, 0x63, 0x63, 0x63, 0x63, 0x63, 0x63, 0x63, 0x63, 0x63, 0x63, 0x63, 0x63, 0x63, 0x63, 0x63, 0x63, 0x63, 0x63, 0x63, 0x63, 0x63, 0x63, 0x63, 0x63, 0x63, 
  0x63, 0x63, 0x63, 0x63, 0x63, 0x63, 0x63, 0x63, 0x63, 0x63, 0x63, 0x63, 0x63, 0x63, 0x63, 0x63, 0x63, 0x63, 0x63, 0x63, 0x63, 0x63, 0x63, 0x63, 0x63, 0x63, 0x63, 0x63, 0x63, 0x63, 0x63, 0x63, 0x63, 0x63, 0x63, 0x63, 0x63, 0x63, 0x62, 0x62, 0x62, 0x75, 0x61, 0x61, 0x60, 0x60, 0x5f, 0x5f, 0x5f, 0x5e, 0x5d, 0x5d, 0x5c, 0x5c, 0x5b, 0x5b, 0xa8, 0x5a, 0x59, 0x59, 0x58, 0x58, 0x57, 0x73, 0x73, 0x56, 0x56, 0x55, 0x54, 0x54, 0x53, 0x52, 0x52, 0x7c, 0x7c, 0x51, 0xd8, 0xd8, 0x4f, 0x4f, 0x7b, 0x7b, 0x7b, 0x96, 0x4d, 0x4c, 0x4c, 0x7a, 0x7a, 0x4b, 0x4b, 0x71, 0x94, 0x4a, 0x4a, 0x49, 0x49, 0x48, 0x48, 0x48, 0x70, 0x46, 0x46, 0x45, 0x45, 0x44, 0x44, 0x6f, 0x42, 0x42, 0x41, 0x41, 0x41, 0x40, 0x40, 0x8f, 0x6e, 0x3d, 0x3e, 0x3d, 0x3d, 0x3d, 0x3c, 0x3c, 0x6d, 0xd2, 0x3b, 0x3b, 0x3b, 0x3a, 0x3a, 0x3a, 0x39, 0x39, 0x39, 0x38, 0x6c, 0x6c, 0x37, 0x37, 0x37, 0x36, 0x36, 0x36, 0x36, 0x36, 0x36, 0x36, 0x35, 0x6b, 0x6b, 0x6b, 0x6b, 0x34, 0x34, 0x34, 0x34, 0x34, 0x33, 0x33, 0x33, 0x33, 0x32, 0x33, 0x33, 0x32, 0x33, 0x32, 0x32, 0x32, 0x32, 0x32, 0x32, 0x32, 0x32, 0x32, 0x33, 0x32, 0x33, 0x32, 0x33, 0x32, 0x32, 0x32, 0x32, 0x32, 0x32, 0x33, 0x32, 0x33, 0x33, 0x32, 0x33, 0x32, 0x33, 0x33, 0x33, 0x33, 0x33, 0x34, 0x34, 0x34, 0x34, 0xd1, 0x6b, 0xd1, 0x6b, 0x35, 0x35, 0x35, 0x35, 0x35, 0x36, 0x35, 0x36, 0x36, 0x36, 0x36, 0x37, 0x37, 0xbe, 0x6c, 0x38, 0x38, 0x39, 0x3a, 0x39, 0x3a, 0x3a, 0x3b, 0x3b, 0x3b, 0x3b, 0x8e, 0x6d, 0x3c, 0x3c, 0x3d, 0x3d, 0x3d, 0x3d, 0x3e, 0xc0, 0x6e, 0x3f, 0x40, 0x40, 0x41, 0x41, 0x42, 0x42, 0x43, 0x6f, 0x44, 0x44, 0x45, 0x45, 0x46, 0x46, 0x70, 0x47, 0x48, 0x48, 0x49, 0x49, 0x4a, 0x93, 0x71, 0x4b, 0x4b, 0x7a, 0x7a, 0x4c, 0x4c, 0xd7, 0x96, 0x4e, 0x7b, 0x7b, 0x7b, 0x4f, 0x4f, 0x50, 0x51, 0x51, 0x7c, 0x7c, 0x52, 0x72, 0x53, 0x54, 0x54, 0x55, 0x55, 0x56, 0x56, 0x73, 0x57, 0x57, 0x58, 0x58, 0x59, 0x5a, 0x5a, 0xd9, 0x5b, 0x5c, 0x5c, 0x5d, 0x5d, 0x5e, 0x5f, 0x5f, 0x60, 0x60, 0x60, 0x61, 0x9e, 0x9e, 0x62, 0x62, 0x63, 0x62, 0x63, 0x63, 0x63, 0x63, 0x63, 0x63, 0x63, 0x63, 0x63, 0x63, 0x63, 0x63, 0x63, 0x63, 0x63, 0x63, 0x63, 0x63, 0x63, 0x63, 0x63, 0x63, 0x63, 0x63, 0x63, 0x63, 0x63, 0x63, 0x63, 0x63, 0x63, 0x63, 0x63, 0x63, 0x63, 0x63, 0x63, 
  0x63, 0x63, 0x63, 0x63, 0x63, 0x63, 0x63, 0x63, 0x63, 0x63, 0x63, 0x63, 0x63, 0x63, 0x63, 0x63, 0x63, 0x63, 0x63, 0x63, 0x63, 0x63, 0x63, 0x63, 0x63, 0x63, 0x63, 0x63, 0x63, 0x63, 0x63, 0x63, 0x63, 0x63, 0x63, 0x63, 0x63, 0x62, 0x63, 0x75, 0x62, 0x9e, 0x61, 0x61, 0x60, 0x60, 0x5f, 0x5f, 0x5e, 0x5d, 0x5d, 0x5c, 0x5c, 0x5b, 0x5b, 0xa8, 0x5a, 0x59, 0x58, 0x58, 0x58, 0x57, 0x57, 0xc2, 0x56, 0x55, 0x55, 0x54, 0x54, 0x53, 0x52, 0x52, 0x7c, 0x7c, 0x51, 0x98, 0x50, 0x4f, 0x4f, 0x7b, 0x7b, 0x4e, 0xd7, 0x4d, 0x4c, 0x4c, 0x7a, 0x7a, 0x4b, 0x4b, 0x71, 0x4a, 0x4a, 0x49, 0x4a, 0x48, 0x49, 0x48, 0x70, 0x70, 0x46, 0x46, 0x45, 0x44, 0x44, 0x43, 0x6f, 0x90, 0x42, 0x41, 0x41, 0x40, 0x40, 0x3f, 0x6e, 0x3e, 0x3d, 0x3e, 0x3c, 0x3d, 0x3c, 0x3c, 0x3c, 0x8e, 0x3b, 0x3b, 0x3b, 0x3a, 0x3a, 0x3a, 0x39, 0x39, 0x38, 0x6c, 0x6c, 0x37, 0x37, 0x37, 0x36, 0x36, 0x36, 0x36, 0x36, 0x35, 0x36, 0x35, 0x35, 0xd1, 0x8c, 0x34, 0x34, 0x34, 0x34, 0x33, 0x34, 0x33, 0x33, 0x33, 0x33, 0x33, 0x32, 0x32, 0x32, 0x32, 0x32, 0x31, 0x31, 0x31, 0x6a, 0xa6, 0x6a, 0x31, 0x6a, 0x31, 0x31, 0x6a, 0x6a, 0x6a, 0x31, 0x6a, 0x31, 0x31, 0x31, 0x6a, 0xa6, 0x31, 0x31, 0x31, 0x31, 0x31, 0x31, 0x32, 0x32, 0x32, 0x32, 0x32, 0x33, 0x32, 0x33, 0x33, 0x32, 0x33, 0x33, 0x33, 0x34, 0x33, 0xd1, 0x34, 0x34, 0xd1, 0x8c, 0x8c, 0x6b, 0x35, 0x35, 0x35, 0x36, 0x36, 0x36, 0x36, 0x36, 0x37, 0x37, 0x6c, 0x38, 0x38, 0x39, 0x39, 0x39, 0x3a, 0x39, 0x3b, 0x3a, 0x3b, 0x3b, 0x8e, 0x6d, 0x6d, 0x3c, 0x3c, 0x3d, 0x3d, 0x3d, 0xc0, 0x6e, 0x3f, 0x3f, 0x40, 0x40, 0x41, 0x41, 0x42, 0x42, 0x6f, 0x43, 0x44, 0x44, 0x45, 0x45, 0x46, 0x46, 0x47, 0x48, 0x48, 0x49, 0x49, 0x4a, 0x4a, 0x71, 0x4b, 0x4b, 0x7a, 0x7a, 0x4c, 0x4c, 0x4d, 0xd7, 0x4e, 0x4e, 0x7b, 0x7b, 0x4f, 0x4f, 0x50, 0xd8, 0x51, 0x7c, 0x7c, 0x52, 0x72, 0x72, 0x54, 0x54, 0x55, 0x55, 0x56, 0x56, 0x73, 0x73, 0x57, 0x58, 0x58, 0x59, 0x5a, 0x5a, 0xd9, 0x5b, 0x5c, 0x5c, 0x5d, 0x5d, 0x5e, 0x9d, 0x5f, 0x60, 0x60, 0x61, 0x61, 0x61, 0x75, 0x62, 0x62, 0x63, 0x62, 0x63, 0x63, 0x63, 0x63, 0x63, 0x63, 0x63, 0x63, 0x63, 0x63, 0x63, 0x63, 0x63, 0x63, 0x63, 0x63, 0x63, 0x63, 0x63, 0x63, 0x63, 0x63, 0x63, 0x63, 0x63, 0x63, 0x63, 0x63, 0x63, 0x63, 0x63, 0x63, 0x63, 0x63, 0x63, 0x63, 
  0x63, 0x63, 0x63, 0x63, 0x63, 0x63, 0x63, 0x63, 0x63, 0x63, 0x63, 0x63, 0x63, 0x63, 0x63, 0x63, 0x63, 0x63, 0x63, 0x63, 0x63, 0x63, 0x63, 0x63, 0x63, 0x63, 0x63, 0x63, 0x63, 0x63, 0x63, 0x63, 0x63, 0x63, 0x63, 0x62, 0x63, 0x62, 0x62, 0x62, 0x75, 0x61, 0x61, 0x61, 0x60, 0x60, 0x5f, 0x5e, 0x5e, 0x5d, 0x5d, 0x5c, 0x5c, 0x5b, 0xa8, 0x5a, 0x59, 0x59, 0x58, 0x58, 0x57, 0x73, 0xc2, 0x9a, 0x55, 0x55, 0x55, 0x54, 0x53, 0x72, 0x72, 0x7c, 0x7c, 0x51, 0x51, 0x50, 0x4f, 0x4f, 0x7b, 0x7b, 0x7b, 0x96, 0x4d, 0x4c, 0x4c, 0x7a, 0x7a, 0x4b, 0x4b, 0x94, 0x4a, 0x4a, 0x49, 0x49, 0x49, 0x48, 0x47, 0x47, 0x70, 0x46, 0x45, 0x45, 0x45, 0x44, 0x43, 0x6f, 0x42, 0x41, 0x41, 0x41, 0x40, 0x3f, 0x8f, 0x3e, 0x3e, 0x3d, 0x3d, 0x3c, 0x3c, 0x6d, 0x6d, 0x3b, 0x3b, 0x3b, 0x3b, 0x3a, 0x39, 0x3a, 0x39, 0x39, 0x38, 0x6c, 0x37, 0x37, 0x37, 0x36, 0x36, 0x36, 0x36, 0x36, 0x35, 0x35, 0x35, 0x35, 0xd1, 0xd1, 0x34, 0x34, 0x34, 0x34, 0x33, 0x33, 0x33, 0x33, 0x32, 0x32, 0x32, 0x32, 0xa6, 0x31, 0xa6, 0xa6, 0x6a, 0x8a, 0x8a, 0x8a, 0x30, 0x30, 0x30, 0x30, 0x30, 0x30, 0x30, 0x30, 0x30, 0x30, 0x30, 0x30, 0x30, 0x30, 0x30, 0x30, 0x30, 0x30, 0x30, 0x30, 0x30, 0x30, 0x30, 0x30, 0x8a, 0x8a, 0x6a, 0xa6, 0x31, 0x31, 0x31, 0x31, 0x32, 0x32, 0x32, 0x33, 0x33, 0x33, 0x32, 0x34, 0x33, 0x33, 0x33, 0x34, 0x34, 0x34, 0x34, 0x8b, 0x8b, 0x35, 0x35, 0x35, 0x35, 0x36, 0x36, 0x36, 0x36, 0x37, 0x37, 0x6c, 0x6c, 0x38, 0x39, 0x39, 0x39, 0x3a, 0x3a, 0x3a, 0x3a, 0x3b, 0x3b, 0x8e, 0x6d, 0x6d, 0x3c, 0x3d, 0x3d, 0x3d, 0x3e, 0x3e, 0x6e, 0x3f, 0x40, 0x40, 0x41, 0x41, 0x42, 0x42, 0x6f, 0x43, 0x44, 0x44, 0x45, 0x45, 0x46, 0x46, 0x70, 0x48, 0x47, 0x49, 0x49, 0x4a, 0x4a, 0x94, 0x71, 0x4b, 0x7a, 0x7a, 0x7a, 0x4c, 0x4d, 0x4d, 0x4e, 0x4e, 0x7b, 0x7b, 0x4f, 0x4f, 0x50, 0x98, 0x51, 0x7c, 0x7c, 0x52, 0x52, 0x53, 0x54, 0x55, 0x55, 0x55, 0x56, 0x56, 0x73, 0x57, 0x57, 0x59, 0x58, 0x59, 0x5a, 0xd9, 0x5b, 0x5b, 0x5c, 0x5c, 0x5d, 0x5d, 0x5e, 0x5f, 0x5f, 0x60, 0x60, 0x60, 0x61, 0x9e, 0x75, 0x62, 0x62, 0x63, 0x63, 0x63, 0x63, 0x63, 0x63, 0x63, 0x63, 0x63, 0x63, 0x63, 0x63, 0x63, 0x63, 0x63, 0x63, 0x63, 0x63, 0x63, 0x63, 0x63, 0x63, 0x63, 0x63, 0x63, 0x63, 0x63, 0x63, 0x63, 0x63, 0x63, 0x63, 0x63, 0x63, 0x63, 0x63, 0x63, 
  0x63, 0x63, 0x63, 0x63, 0x63, 0x63, 0x63, 0x63, 0x63, 0x63, 0x63, 0x63, 0x63, 0x63, 0x63, 0x63, 0x63, 0x63, 0x63, 0x63, 0x63, 0x63, 0x63, 0x63, 0x63, 0x63, 0x63, 0x63, 0x63, 0x63, 0x63, 0x63, 0x63, 0x63, 0x63, 0x63, 0x62, 0x62, 0x62, 0x75, 0x9e, 0x61, 0x60, 0x60, 0x60, 0x5f, 0x9d, 0x5e, 0x5d, 0x5d, 0x5c, 0x5c, 0xd9, 0xa8, 0x5a, 0x59, 0x59, 0x58, 0x58, 0x57, 0x57, 0x73, 0x56, 0x55, 0x55, 0x55, 0x53, 0x53, 0x72, 0x52, 0x52, 0x7c, 0x51, 0x51, 0x50, 0x4f, 0x4f, 0x7b, 0x7b, 0x4e, 0x4d, 0x4d, 0x4c, 0x4c, 0x7a, 0x4b, 0x4b, 0x71, 0x94, 0x4a, 0x4a, 0x49, 0x49, 0x48, 0x48, 0x48, 0x70, 0x46, 0x46, 0x45, 0x45, 0x44, 0x44, 0x43, 0x42, 0x42, 0x41, 0x41, 0x40, 0x3f, 0x3f, 0x8f, 0x3e, 0x3d, 0x3d, 0x3d, 0x3c, 0x3c, 0x6d, 0x8e, 0xbf, 0x3b, 0x3b, 0x3a, 0x3a, 0x3a, 0x39, 0x39, 0x6c, 0x38, 0x37, 0x37, 0x36, 0x36, 0x36, 0x36, 0x36, 0x35, 0x35, 0x8c, 0x8c, 0x8c, 0xd1, 0x34, 0x34, 0x34, 0x34, 0x33, 0x33, 0x33, 0x33, 0x32, 0x33, 0x32, 0x31, 0x31, 0x6a, 0x6a, 0x8a, 0x30, 0x30, 0x30, 0x30, 0x2f, 0x30, 0x2f, 0x2f, 0x2f, 0x2f, 0x2f, 0x2f, 0x2f, 0x2f, 0x2f, 0x2f, 0x2f, 0x2f, 0x2f, 0x2f, 0x2f, 0x2f, 0x2f, 0x2f, 0x2f, 0x2f, 0x2f, 0x2f, 0x2f, 0x2f, 0x30, 0x30, 0x30, 0x30, 0x30, 0x30, 0x30, 0x30, 0x6a, 0x6a, 0x6a, 0x31, 0x31, 0x31, 0x32, 0x32, 0x32, 0x32, 0x33, 0x33, 0x33, 0x33, 0x33, 0x34, 0x33, 0x34, 0x34, 0x34, 0xd1, 0x35, 0x35, 0x35, 0x36, 0x36, 0x36, 0x36, 0x37, 0x37, 0x37, 0x6c, 0x6c, 0x38, 0x39, 0x39, 0x3a, 0x3a, 0x3a, 0x3a, 0x3b, 0x3b, 0x8e, 0x6d, 0x6d, 0x3d, 0x3d, 0x3d, 0x3e, 0x3e, 0x3e, 0x6e, 0x3f, 0x40, 0x40, 0x41, 0x42, 0x42, 0x42, 0x6f, 0x43, 0x44, 0x44, 0x45, 0x45, 0x46, 0x46, 0x47, 0x48, 0x49, 0x49, 0x49, 0x93, 0x94, 0x71, 0x4b, 0x4b, 0x4c, 0x7a, 0x4c, 0x4d, 0xd7, 0xd7, 0x4e, 0x7b, 0x7b, 0x4f, 0x4f, 0x50, 0x98, 0x51, 0x7c, 0x7c, 0x52, 0x99, 0x53, 0x54, 0x54, 0x55, 0x56, 0x55, 0x73, 0x56, 0x57, 0x57, 0x58, 0x59, 0x59, 0x5a, 0xa8, 0x5b, 0x5c, 0x5c, 0x5d, 0x5c, 0x5e, 0x9c, 0x5f, 0x5f, 0x60, 0x60, 0x61, 0x61, 0x9e, 0x62, 0x62, 0x62, 0x63, 0x63, 0x63, 0x63, 0x63, 0x63, 0x63, 0x63, 0x63, 0x63, 0x63, 0x63, 0x63, 0x63, 0x63, 0x63, 0x63, 0x63, 0x63, 0x63, 0x63, 0x63, 0x63, 0x63, 0x63, 0x63, 0x63, 0x63, 0x63, 0x63, 0x63, 0x63, 0x63, 0x63, 0x63, 0x63, 
  0x63, 0x63, 0x63, 0x63, 0x63, 0x63, 0x63, 0x63, 0x63, 0x63, 0x63, 0x63, 0x63, 0x63, 0x63, 0x63, 0x63, 0x63, 0x63, 0x63, 0x63, 0x63, 0x63, 0x63, 0x63, 0x63, 0x63, 0x63, 0x63, 0x63, 0x63, 0x63, 0x63, 0x63, 0x62, 0x63, 0x62, 0x62, 0x75, 0x9e, 0x61, 0x61, 0x60, 0x60, 0x5f, 0x9d, 0x5e, 0x5d, 0x5d, 0x5c, 0x5c, 0x5b, 0x5b, 0x5a, 0x59, 0x59, 0x58, 0x58, 0x57, 0x57, 0x73, 0x56, 0x56, 0x55, 0x55, 0x54, 0x53, 0x72, 0x52, 0x52, 0x51, 0x7c, 0x98, 0x50, 0x4f, 0x4f, 0x7b, 0x7b, 0x4e, 0x4e, 0x4d, 0x4c, 0x4c, 0x7a, 0x7a, 0x4b, 0x71, 0x94, 0x4a, 0x4a, 0x49, 0x49, 0x48, 0x48, 0x47, 0x70, 0x46, 0x46, 0x45, 0x45, 0x44, 0x43, 0x6f, 0x42, 0x42, 0x41, 0x41, 0x40, 0x3f, 0x6e, 0x3e, 0x3e, 0x3d, 0x3d, 0x3d, 0x6d, 0x3c, 0x8e, 0x3b, 0x3b, 0x3b, 0x3a, 0x3a, 0x39, 0x39, 0x39, 0x6c, 0x6c, 0x6c, 0x36, 0x37, 0x36, 0x36, 0x36, 0x35, 0x35, 0x35, 0x35, 0x8c, 0xd1, 0x34, 0x34, 0x34, 0x33, 0x33, 0x33, 0x32, 0x33, 0x32, 0x32, 0x31, 0x31, 0xa6, 0x6a, 0x6a, 0x30, 0x30, 0x30, 0x2f, 0x30, 0x2f, 0x2f, 0x2f, 0x2f, 0x2f, 0x2f, 0x2f, 0x2e, 0x2f, 0x2e, 0x2f, 0x2e, 0x2f, 0x2e, 0x2e, 0x2e, 0x2e, 0x2e, 0x2e, 0x2f, 0x2e, 0x2f, 0x2f, 0x2f, 0x2f, 0x2f, 0x2f, 0x2f, 0x2f, 0x2f, 0x2f, 0x2f, 0x2f, 0x2f, 0x2f, 0x2f, 0x30, 0x2f, 0x30, 0x30, 0x30, 0x30, 0x6a, 0x6a, 0x31, 0x31, 0x31, 0x32, 0x32, 0x32, 0x32, 0x33, 0x33, 0x33, 0x33, 0x33, 0x33, 0x34, 0x34, 0x8b, 0x35, 0xd1, 0x36, 0x35, 0x36, 0x36, 0x36, 0x37, 0x37, 0x37, 0x37, 0x6c, 0x6c, 0x39, 0x38, 0x3a, 0x3a, 0x3b, 0x3a, 0x3b, 0x8e, 0x8e, 0x6d, 0x3c, 0x3c, 0x3d, 0x3d, 0x3e, 0xc0, 0x6e, 0x3f, 0x40, 0x40, 0x41, 0x41, 0x41, 0x42, 0x6f, 0x43, 0x44, 0x45, 0x45, 0x45, 0x46, 0x70, 0xa7, 0x47, 0x49, 0x49, 0x49, 0x4a, 0x93, 0x4b, 0x71, 0x4b, 0x7a, 0x7a, 0x4c, 0x4c, 0x4d, 0x96, 0xd7, 0x7b, 0x7b, 0x4f, 0x4f, 0x50, 0x51, 0x51, 0x7c, 0x7c, 0x52, 0x72, 0x53, 0x54, 0x54, 0x55, 0x56, 0x56, 0x9a, 0x73, 0x57, 0x57, 0x58, 0x59, 0x59, 0x5a, 0xa8, 0x5b, 0x5c, 0x5c, 0x5c, 0x5d, 0x5e, 0x9d, 0x5f, 0x5f, 0x60, 0x60, 0x61, 0x9e, 0x9e, 0x62, 0x62, 0x63, 0x62, 0x63, 0x63, 0x63, 0x63, 0x63, 0x63, 0x63, 0x63, 0x63, 0x63, 0x63, 0x63, 0x63, 0x63, 0x63, 0x63, 0x63, 0x63, 0x63, 0x63, 0x63, 0x63, 0x63, 0x63, 0x63, 0x63, 0x63, 0x63, 0x63, 0x63, 0x63, 0x63, 0x63, 0x63, 
  0x63, 0x63, 0x63, 0x63, 0x63, 0x63, 0x63, 0x63, 0x63, 0x63, 0x63, 0x63, 0x63, 0x63, 0x63, 0x63, 0x63, 0x63, 0x63, 0x63, 0x63, 0x63, 0x63, 0x63, 0x63, 0x63, 0x63, 0x63, 0x63, 0x63, 0x63, 0x63, 0x63, 0x62, 0x63, 0x62, 0x62, 0x62, 0x9e, 0x61, 0x61, 0x60, 0x60, 0x5f, 0x9d, 0x74, 0x5e, 0x5d, 0x5c, 0x5c, 0x5b, 0x5b, 0x9b, 0x59, 0x59, 0x58, 0x58, 0x57, 0x57, 0x73, 0xc2, 0x55, 0x55, 0x55, 0x54, 0x54, 0x72, 0xc1, 0x52, 0x7c, 0x7c, 0xd8, 0x50, 0x4f, 0x4f, 0x7b, 0x7b, 0xd7, 0x4e, 0x4c, 0x4c, 0x7a, 0x7a, 0x4b, 0x4b, 0x94, 0x93, 0x4a, 0x49, 0x49, 0x49, 0x48, 0x48, 0x47, 0x70, 0x46, 0x45, 0x45, 0x44, 0x44, 0x43, 0x6f, 0x90, 0x41, 0x41, 0x40, 0x40, 0x3f, 0x8f, 0x3e, 0x3d, 0x3d, 0x3d, 0x3c, 0x6d, 0x8e, 0x3b, 0x3b, 0x3b, 0x3a, 0x3a, 0x39, 0x39, 0x39, 0x6c, 0x6c, 0xbe, 0x37, 0x36, 0x36, 0x36, 0x35, 0x35, 0x8c, 0x8c, 0x8b, 0x34, 0x34, 0x33, 0x33, 0x33, 0x33, 0x33, 0x32, 0x33, 0x32, 0x32, 0x32, 0x31, 0x6a, 0x6a, 0x30, 0x30, 0x30, 0x30, 0x2f, 0x2f, 0x2f, 0x2f, 0x2e, 0x2f, 0x2e, 0x2e, 0x2e, 0x2d, 0x2d, 0x2d, 0x2d, 0x2d, 0x2d, 0x2d, 0x2d, 0x2d, 0x2d, 0x2d, 0x2d, 0x2d, 0x2d, 0x2d, 0x2d, 0x89, 0x2d, 0x88, 0x2d, 0x89, 0x2d, 0x89, 0x2e, 0x2d, 0x2d, 0x2e, 0x2e, 0x2e, 0x2e, 0x2f, 0x2e, 0x2f, 0x2f, 0x2f, 0x2f, 0x2f, 0x30, 0x30, 0x30, 0x30, 0x30, 0x8a, 0x8a, 0x8a, 0x6a, 0xa6, 0x31, 0x31, 0x32, 0x32, 0x33, 0x33, 0x33, 0x33, 0x34, 0x33, 0x6b, 0x34, 0x35, 0x35, 0x35, 0x36, 0x36, 0x36, 0x36, 0x36, 0x8d, 0x37, 0x8d, 0x6c, 0x38, 0x38, 0x39, 0x3a, 0x3a, 0x3a, 0x8e, 0x8e, 0x6d, 0x3c, 0x3c, 0x3d, 0x3d, 0x3e, 0x3e, 0x6e, 0x6e, 0x3f, 0x40, 0x40, 0x41, 0x41, 0x41, 0x90, 0x6f, 0x43, 0x44, 0x45, 0x45, 0x46, 0x46, 0x70, 0x47, 0x48, 0x49, 0x49, 0x4a, 0x4a, 0x71, 0x4b, 0x4b, 0x7a, 0x7a, 0x4c, 0x4c, 0x4d, 0x96, 0x4e, 0x4e, 0x7b, 0x7b, 0x97, 0x97, 0x98, 0x51, 0x7c, 0x7c, 0x52, 0x52, 0x53, 0x54, 0x54, 0x55, 0x56, 0x56, 0x56, 0x73, 0x57, 0x58, 0x58, 0x59, 0x59, 0x5a, 0x5b, 0x5b, 0x5c, 0x5c, 0x5c, 0x5d, 0x5e, 0x5e, 0x5f, 0x5f, 0x60, 0x61, 0x60, 0x75, 0x75, 0x62, 0x62, 0x63, 0x62, 0x63, 0x63, 0x63, 0x63, 0x63, 0x63, 0x63, 0x63, 0x63, 0x63, 0x63, 0x63, 0x63, 0x63, 0x63, 0x63, 0x63, 0x63, 0x63, 0x63, 0x63, 0x63, 0x63, 0x63, 0x63, 0x63, 0x63, 0x63, 0x63, 0x63, 0x63, 0x63, 0x63, 
  0x63, 0x63, 0x63, 0x63, 0x63, 0x63, 0x63, 0x63, 0x63, 0x63, 0x63, 0x63, 0x63, 0x63, 0x63, 0x63, 0x63, 0x63, 0x63, 0x63, 0x63, 0x63, 0x63, 0x63, 0x63, 0x63, 0x63, 0x63, 0x63, 0x63, 0x63, 0x63, 0x62, 0x63, 0x62, 0x62, 0x62, 0x9e, 0x61, 0x61, 0x61, 0x60, 0x60, 0x5f, 0x74, 0x5d, 0x5d, 0x5c, 0x5c, 0x5b, 0x5b, 0xa8, 0x9b, 0x59, 0x58, 0x58, 0x57, 0x57, 0x9a, 0x9a, 0x56, 0x55, 0x55, 0x54, 0x54, 0x72, 0x52, 0x52, 0x7c, 0x51, 0x51, 0xd8, 0x4f, 0x4f, 0x7b, 0x7b, 0x4e, 0x4e, 0x95, 0x95, 0x7a, 0x7a, 0x7a, 0x4b, 0x71, 0x93, 0x4a, 0x4a, 0x49, 0x48, 0x48, 0x47, 0x47, 0x70, 0x46, 0x45, 0x45, 0x44, 0x44, 0x6f, 0x42, 0x42, 0x41, 0x41, 0x40, 0x3f, 0x8f, 0x3e, 0xc0, 0x3d, 0x3d, 0x3d, 0x3c, 0x6d, 0x8e, 0x3b, 0x3b, 0x3a, 0x3a, 0x39, 0x39, 0x39, 0x38, 0x6c, 0x37, 0x37, 0x36, 0x36, 0x36, 0x36, 0x35, 0x8c, 0x8c, 0x8b, 0x34, 0x34, 0x33, 0x33, 0x33, 0x33, 0x33, 0x32, 0x32, 0x32, 0x31, 0xa6, 0x6a, 0x6a, 0x30, 0x30, 0x30, 0x2f, 0x2f, 0x2f, 0x2e, 0x2f, 0x2e, 0x2e, 0x2e, 0x2d, 0x2d, 0x2d, 0x89, 0x88, 0x89, 0x88, 0x2c, 0x2c, 0x2c, 0x2c, 0x2c, 0x2c, 0x2c, 0x2c, 0x2c, 0x2c, 0x2c, 0x2c, 0x2c, 0x2c, 0x2c, 0x2c, 0x2c, 0x2c, 0x2c, 0x88, 0x88, 0x88, 0x89, 0x89, 0x88, 0x89, 0x2d, 0x2d, 0x2d, 0x2d, 0x2d, 0x2e, 0x2e, 0x2f, 0x2e, 0x2f, 0x2e, 0x2f, 0x2f, 0x30, 0x2f, 0x30, 0x2f, 0x30, 0x30, 0x30, 0x8a, 0xa6, 0x31, 0x32, 0x32, 0x32, 0x33, 0x33, 0x33, 0x34, 0x34, 0x34, 0xd1, 0x8c, 0x35, 0x35, 0x36, 0x36, 0x36, 0x36, 0x36, 0x37, 0x37, 0x8d, 0x38, 0x39, 0x38, 0x3a, 0x3a, 0x3a, 0x3b, 0x3b, 0x8e, 0x3c, 0x3c, 0x3d, 0x3d, 0x3d, 0x3e, 0xc0, 0x6e, 0x3f, 0x40, 0x40, 0x41, 0x41, 0x41, 0x90, 0x90, 0x43, 0x43, 0x45, 0x45, 0x46, 0x92, 0x70, 0x47, 0x48, 0x49, 0x49, 0x4a, 0x4a, 0x4a, 0x4b, 0x4b, 0x7a, 0x7a, 0x7a, 0x4c, 0x4d, 0x96, 0x4e, 0x4e, 0x7b, 0x7b, 0x4f, 0x97, 0x51, 0x51, 0x7c, 0x7c, 0x52, 0x52, 0x72, 0x54, 0x55, 0x54, 0x56, 0x56, 0x73, 0x57, 0x57, 0x58, 0x58, 0x59, 0x5a, 0x9b, 0x5b, 0x5b, 0x5c, 0x5c, 0x5c, 0x5d, 0x5e, 0x5f, 0x5f, 0x60, 0x60, 0x61, 0x61, 0x9e, 0x62, 0x62, 0x62, 0x63, 0x63, 0x63, 0x63, 0x63, 0x63, 0x63, 0x63, 0x63, 0x63, 0x63, 0x63, 0x63, 0x63, 0x63, 0x63, 0x63, 0x63, 0x63, 0x63, 0x63, 0x63, 0x63, 0x63, 0x63, 0x63, 0x63, 0x63, 0x63, 0x63, 0x63, 0x63, 0x63, 0x63, 
  0x63, 0x63, 0x63, 0x63, 0x63, 0x63, 0x63, 0x63, 0x63, 0x63, 0x63, 0x63, 0x63, 0x63, 0x63, 0x63, 0x63, 0x63, 0x63, 0x63, 0x63, 0x63, 0x63, 0x63, 0x63, 0x63, 0x63, 0x63, 0x63, 0x63, 0x63, 0x63, 0x63, 0x62, 0x62, 0x62, 0x75, 0x61, 0x61, 0x60, 0x60, 0x60, 0x5f, 0x5e, 0x5e, 0x5d, 0x5c, 0x5d, 0x5b, 0x5c, 0x5a, 0x9b, 0x59, 0x58, 0x58, 0x58, 0x57, 0x73, 0x73, 0x56, 0x55, 0x56, 0x54, 0x54, 0x53, 0x72, 0x52, 0x7c, 0x7c, 0x51, 0x98, 0x50, 0x4f, 0x7b, 0x7b, 0x4e, 0x96, 0x4d, 0x4c, 0x7a, 0x7a, 0x7a, 0x4b, 0x71, 0x94, 0x4a, 0x49, 0x49, 0x48, 0x48, 0x47, 0x70, 0x46, 0x46, 0x45, 0x45, 0x44, 0x43, 0x6f, 0x90, 0x42, 0x41, 0x41, 0x40, 0x3f, 0x3f, 0x3e, 0x3e, 0x3d, 0x3d, 0x3c, 0x3c, 0xbf, 0xbf, 0x3b, 0x3a, 0x3a, 0x39, 0x39, 0x39, 0x38, 0x6c, 0x37, 0x37, 0x36, 0x36, 0x36, 0x35, 0x35, 0x8c, 0xd1, 0x8b, 0x34, 0x33, 0x33, 0x33, 0x33, 0x33, 0x32, 0x32, 0x31, 0x31, 0x6a, 0x6a, 0x30, 0x30, 0x30, 0x30, 0x2f, 0x2f, 0x2f, 0x2f, 0x2f, 0x2e, 0x2e, 0x2d, 0x2d, 0x89, 0x89, 0x88, 0x88, 0x2c, 0x2c, 0x2c, 0x2c, 0x79, 0x2c, 0x2c, 0x79, 0x79, 0x79, 0x79, 0x79, 0x79, 0x79, 0x79, 0x79, 0x79, 0x79, 0x79, 0x79, 0x79, 0x79, 0x79, 0x2c, 0x79, 0x79, 0x2c, 0x2c, 0x2c, 0x2c, 0x2c, 0x2c, 0x2c, 0x2c, 0x88, 0x89, 0x88, 0x2e, 0x89, 0x2e, 0x2e, 0x2e, 0x2e, 0x2f, 0x2e, 0x2f, 0x2f, 0x2f, 0x2f, 0x2f, 0x30, 0x30, 0x30, 0x30, 0x6a, 0xa6, 0x31, 0x31, 0x32, 0x33, 0x32, 0x33, 0x33, 0x34, 0x34, 0x34, 0x8c, 0x6b, 0x35, 0x35, 0x36, 0x36, 0x36, 0x36, 0xbe, 0x37, 0x6c, 0x38, 0x39, 0x39, 0x3a, 0x3a, 0x3b, 0x3b, 0x3b, 0x6d, 0x3c, 0x3c, 0x3d, 0x3d, 0x3d, 0x3e, 0x3e, 0x6e, 0x3f, 0x40, 0x41, 0x41, 0x41, 0x90, 0x90, 0x91, 0x44, 0x45, 0x45, 0x46, 0x46, 0x70, 0x47, 0x48, 0x49, 0x49, 0x4a, 0x4a, 0x4a, 0x71, 0x4b, 0x7a, 0x7a, 0x7a, 0x4c, 0x4c, 0x96, 0x4e, 0x4e, 0x7b, 0x7b, 0x97, 0x4f, 0x51, 0x51, 0x7c, 0x7c, 0x52, 0x52, 0x53, 0x54, 0x55, 0x55, 0x56, 0x56, 0x73, 0x73, 0x57, 0x57, 0x58, 0x59, 0x59, 0xa8, 0xa8, 0x5b, 0x5c, 0x5d, 0x5c, 0x9d, 0x5e, 0x5f, 0x5f, 0x60, 0x60, 0x61, 0x61, 0x75, 0x62, 0x62, 0x62, 0x63, 0x63, 0x63, 0x63, 0x63, 0x63, 0x63, 0x63, 0x63, 0x63, 0x63, 0x63, 0x63, 0x63, 0x63, 0x63, 0x63, 0x63, 0x63, 0x63, 0x63, 0x63, 0x63, 0x63, 0x63, 0x63, 0x63, 0x63, 0x63, 0x63, 0x63, 0x63, 0x63, 
  0x63, 0x63, 0x63, 0x63, 0x63, 0x63, 0x63, 0x63, 0x63, 0x63, 0x63, 0x63, 0x63, 0x63, 0x63, 0x63, 0x63, 0x63, 0x63, 0x63, 0x63, 0x63, 0x63, 0x63, 0x63, 0x63, 0x63, 0x63, 0x63, 0x63, 0x63, 0x63, 0x62, 0x62, 0x62, 0x75, 0x9e, 0x61, 0x60, 0x60, 0x60, 0x5f, 0x5f, 0x5e, 0x5d, 0x5d, 0x5c, 0x5b, 0x5b, 0x5b, 0x5a, 0x59, 0x59, 0x58, 0x57, 0x57, 0x73, 0x73, 0x55, 0x56, 0x55, 0x54, 0x54, 0x53, 0x52, 0x52, 0x7c, 0x7c, 0x51, 0x98, 0x50, 0x4f, 0x7b, 0x7b, 0x4e, 0x4e, 0x4d, 0x4c, 0x4c, 0x7a, 0x7a, 0x4b, 0x94, 0x93, 0x4a, 0x49, 0x49, 0x48, 0x48, 0x70, 0x70, 0x46, 0x45, 0x45, 0x44, 0x44, 0x43, 0x6f, 0x42, 0x42, 0x40, 0x41, 0x3f, 0x3f, 0xc0, 0x8f, 0x3d, 0x3d, 0x3c, 0x3c, 0x6d, 0x8e, 0x3b, 0x3b, 0x3a, 0x3a, 0x39, 0x39, 0x38, 0x6c, 0x37, 0x37, 0x36, 0x36, 0x36, 0x35, 0x35, 0x35, 0xd1, 0x34, 0x8b, 0x33, 0x33, 0x33, 0x33, 0x32, 0x32, 0x31, 0x31, 0x6a, 0x30, 0x30, 0x30, 0x30, 0x2f, 0x2f, 0x2f, 0x2e, 0x2f, 0x2e, 0x2e, 0x2e, 0x2d, 0x89, 0x88, 0x88, 0x2c, 0x2c, 0x88, 0x79, 0x79, 0x79, 0x79, 0x2b, 0x79, 0x79, 0x79, 0x2b, 0x79, 0x2b, 0x79, 0x2b, 0x79, 0x2b, 0x79, 0x2b, 0x79, 0x2b, 0x79, 0x79, 0x79, 0x79, 0x79, 0x79, 0x2b, 0x79, 0x79, 0x79, 0x2b, 0x79, 0x79, 0x79, 0x79, 0x79, 0x2c, 0x2c, 0x2c, 0x2c, 0x2c, 0x2c, 0x2c, 0x2c, 0x89, 0x2d, 0x89, 0x2e, 0x2e, 0x2e, 0x2e, 0x2f, 0x2f, 0x2f, 0x2f, 0x2f, 0x2f, 0x30, 0x30, 0x8a, 0x6a, 0x31, 0x31, 0x32, 0x33, 0x33, 0x33, 0x33, 0x33, 0x34, 0x34, 0x8c, 0x8c, 0x35, 0x35, 0x36, 0x36, 0x36, 0x36, 0x37, 0x8d, 0x38, 0x38, 0x39, 0x39, 0x3a, 0x3a, 0x3b, 0x3b, 0x6d, 0x6d, 0x3c, 0x3c, 0x3d, 0x3d, 0x3e, 0xc0, 0x6e, 0x3f, 0x3f, 0x41, 0x41, 0x41, 0x42, 0x42, 0x91, 0x44, 0x44, 0x45, 0x45, 0x46, 0x92, 0x47, 0x48, 0x49, 0x48, 0x4a, 0x4a, 0x4a, 0x94, 0x4b, 0x4b, 0x7a, 0x7a, 0x4c, 0x95, 0x96, 0x4e, 0x7b, 0x7b, 0x7b, 0x4f, 0x4f, 0x51, 0x51, 0x7c, 0x7c, 0x52, 0x52, 0x72, 0x54, 0x55, 0x55, 0x56, 0x56, 0x73, 0x73, 0x57, 0x58, 0x58, 0x59, 0x5a, 0xa8, 0x5b, 0x5b, 0x5c, 0x5c, 0x5d, 0x5e, 0x9d, 0x5f, 0x5f, 0x60, 0x60, 0x61, 0x9e, 0x62, 0x75, 0x63, 0x62, 0x63, 0x63, 0x63, 0x63, 0x63, 0x63, 0x63, 0x63, 0x63, 0x63, 0x63, 0x63, 0x63, 0x63, 0x63, 0x63, 0x63, 0x63, 0x63, 0x63, 0x63, 0x63, 0x63, 0x63, 0x63, 0x63, 0x63, 0x63, 0x63, 0x63, 0x63, 0x63, 
  0x63, 0x63, 0x63, 0x63, 0x63, 0x63, 0x63, 0x63, 0x63, 0x63, 0x63, 0x63, 0x63, 0x63, 0x63, 0x63, 0x63, 0x63, 0x63, 0x63, 0x63, 0x63, 0x63, 0x63, 0x63, 0x63, 0x63, 0x63, 0x63, 0x63, 0x63, 0x62, 0x63, 0x62, 0x62, 0x75, 0x61, 0x61, 0x60, 0x60, 0x5f, 0x5f, 0x5e, 0x5e, 0x5d, 0x5c, 0x5c, 0x5b, 0x5b, 0x5a, 0x59, 0x58, 0x58, 0x58, 0x57, 0x57, 0xc2, 0x56, 0x56, 0x55, 0x55, 0x54, 0x54, 0x52, 0x52, 0x7c, 0x7c, 0x51, 0x51, 0x50, 0x4f, 0x4f, 0x7b, 0x4e, 0x4e, 0x95, 0x4c, 0x7a, 0x7a, 0x7a, 0x71, 0x94, 0x4a, 0x4a, 0x49, 0x49, 0x49, 0x48, 0x47, 0x70, 0x46, 0x45, 0x45, 0x44, 0x44, 0x43, 0x6f, 0x42, 0x41, 0x41, 0x40, 0x40, 0x3f, 0x3e, 0x3d, 0x3d, 0x3d, 0x3c, 0x3c, 0x8e, 0x3b, 0x3b, 0x3a, 0x3a, 0x39, 0x39, 0x38, 0x6c, 0x37, 0x37, 0x37, 0x36, 0x36, 0x35, 0x35, 0x35, 0x8c, 0x34, 0x34, 0x33, 0x33, 0x33, 0x32, 0x32, 0x31, 0xa6, 0x6a, 0x8a, 0x30, 0x30, 0x30, 0x2f, 0x2f, 0x2f, 0x2f, 0x2e, 0x2e, 0x2e, 0x2d, 0x2d, 0x89, 0x88, 0x2c, 0x2c, 0x2c, 0x79, 0x79, 0x79, 0x79, 0x79, 0x79, 0x79, 0x2b, 0x79, 0x2a, 0x2b, 0x2b, 0x2a, 0x2b, 0x2a, 0x2a, 0x2a, 0x2a, 0x2a, 0x2a, 0x2a, 0x2a, 0x2a, 0x2a, 0x87, 0x2a, 0x2a, 0x2a, 0x2a, 0x2b, 0x2a, 0x2a, 0x2b, 0x2b, 0x2b, 0x2b, 0x79, 0x2b, 0x79, 0x79, 0x2b, 0x79, 0x79, 0x79, 0x79, 0x2c, 0x2c, 0x2c, 0x2c, 0x2c, 0x88, 0x88, 0x89, 0x2d, 0x2d, 0x89, 0x2e, 0x2f, 0x2f, 0x2f, 0x2f, 0x2f, 0x30, 0x30, 0x30, 0x6a, 0x31, 0x31, 0x32, 0x32, 0x33, 0x33, 0x33, 0x33, 0x34, 0x34, 0x8b, 0x8c, 0x8c, 0x35, 0x36, 0x36, 0x36, 0x37, 0x37, 0x6c, 0x38, 0x39, 0x39, 0x3a, 0x3a, 0x3b, 0x3b, 0x3b, 0x6d, 0x3c, 0x3c, 0x3d, 0x3d, 0x3d, 0x3e, 0x3e, 0x6e, 0x3f, 0x40, 0x41, 0x41, 0x42, 0x90, 0x6f, 0x44, 0x44, 0x45, 0x45, 0x46, 0x46, 0x47, 0x48, 0x48, 0x49, 0x49, 0x4a, 0x4a, 0x94, 0x4b, 0x4b, 0x7a, 0x7a, 0x4c, 0x4c, 0x95, 0x4e, 0x4e, 0x7b, 0x4f, 0x4f, 0x50, 0x98, 0x51, 0x7c, 0x7c, 0x52, 0x72, 0x53, 0x54, 0x55, 0x55, 0x56, 0x56, 0x73, 0x73, 0x57, 0x58, 0x58, 0x59, 0x9b, 0xa8, 0x5b, 0x5c, 0x5c, 0x5c, 0x5d, 0x5e, 0x9d, 0x5f, 0x5f, 0x61, 0x61, 0x61, 0x9e, 0x62, 0x62, 0x62, 0x63, 0x63, 0x63, 0x63, 0x63, 0x63, 0x63, 0x63, 0x63, 0x63, 0x63, 0x63, 0x63, 0x63, 0x63, 0x63, 0x63, 0x63, 0x63, 0x63, 0x63, 0x63, 0x63, 0x63, 0x63, 0x63, 0x63, 0x63, 0x63, 0x63, 0x63, 0x63, 
  0x63, 0x63, 0x63, 0x63, 0x63, 0x63, 0x63, 0x63, 0x63, 0x63, 0x63, 0x63, 0x63, 0x63, 0x63, 0x63, 0x63, 0x63, 0x63, 0x63, 0x63, 0x63, 0x63, 0x63, 0x63, 0x63, 0x63, 0x63, 0x63, 0x63, 0x62, 0x63, 0x62, 0x62, 0x75, 0x9e, 0x61, 0x60, 0x61, 0x5f, 0x5f, 0x5e, 0x5d, 0x5d, 0x5c, 0x5c, 0x5b, 0x5b, 0xa8, 0x5a, 0x9b, 0x58, 0x58, 0x57, 0x57, 0x73, 0x56, 0x56, 0x55, 0x55, 0x54, 0x54, 0x72, 0x52, 0x52, 0x7c, 0x51, 0x51, 0x50, 0x4f, 0x4f, 0x7b, 0x4e, 0x4e, 0x96, 0x4c, 0x4c, 0x7a, 0x7a, 0x94, 0x4b, 0x71, 0x49, 0x4a, 0x49, 0x48, 0x48, 0x47, 0x46, 0x46, 0x45, 0x45, 0x44, 0x44, 0x43, 0x42, 0x42, 0x41, 0x41, 0x41, 0x3f, 0x3f, 0x3e, 0x3e, 0x3d, 0x3d, 0x3d, 0x6d, 0x8e, 0x3b, 0x3a, 0x3a, 0x3a, 0x39, 0x38, 0x6c, 0x37, 0x37, 0x37, 0x36, 0x36, 0x36, 0x35, 0x35, 0x8b, 0x34, 0x34, 0x33, 0x33, 0x33, 0x32, 0x32, 0x31, 0xa6, 0x6a, 0x30, 0x30, 0x30, 0x2f, 0x2f, 0x2e, 0x2f, 0x2e, 0x2e, 0x2d, 0x2d, 0x89, 0x88, 0x89, 0x2c, 0x2c, 0x2c, 0x79, 0x79, 0x79, 0x79, 0x79, 0x79, 0x2b, 0x2b, 0x2a, 0x2a, 0x2a, 0x2a, 0x2a, 0x69, 0x69, 0x69, 0x69, 0x69, 0x69, 0x29, 0x29, 0x29, 0x29, 0x29, 0x29, 0x29, 0x69, 0x87, 0x29, 0x87, 0x87, 0x69, 0x87, 0x2a, 0x69, 0x2a, 0x2a, 0x2a, 0x2a, 0x2a, 0x2a, 0x2b, 0x2a, 0x2b, 0x2b, 0x2b, 0x2b, 0x79, 0x2b, 0x79, 0x79, 0x79, 0x2c, 0x2c, 0x2c, 0x88, 0x88, 0x89, 0x89, 0x89, 0x2d, 0x2e, 0x2e, 0x2e, 0x2f, 0x2f, 0x2f, 0x2f, 0x30, 0x30, 0x30, 0x6a, 0x31, 0x32, 0x31, 0x33, 0x33, 0x33, 0x33, 0x34, 0x34, 0x8b, 0x35, 0x8c, 0x36, 0x35, 0x37, 0x36, 0x37, 0x37, 0x38, 0x38, 0x39, 0x3a, 0x3a, 0x3a, 0x3b, 0x3b, 0x8e, 0x6d, 0x3c, 0x3c, 0x3d, 0x3d, 0x3e, 0x3e, 0x3f, 0x3f, 0x40, 0x41, 0x41, 0x42, 0x90, 0x6f, 0x43, 0x44, 0x45, 0x45, 0x46, 0x46, 0x47, 0x48, 0x48, 0x49, 0x49, 0x4a, 0x4a, 0x94, 0x4b, 0x4b, 0x7a, 0x7a, 0x4c, 0x4c, 0x96, 0x4e, 0x4e, 0x7b, 0x4f, 0x4f, 0x50, 0xd8, 0x51, 0x7c, 0x7c, 0xc1, 0x72, 0x54, 0x54, 0x55, 0x55, 0x56, 0xc2, 0x9a, 0x57, 0x57, 0x58, 0x58, 0x59, 0x5a, 0x5b, 0x5b, 0x5c, 0x5c, 0x5d, 0x5d, 0x9d, 0x5f, 0x5f, 0x60, 0x60, 0x61, 0x61, 0x75, 0x62, 0x62, 0x63, 0x62, 0x63, 0x63, 0x63, 0x63, 0x63, 0x63, 0x63, 0x63, 0x63, 0x63, 0x63, 0x63, 0x63, 0x63, 0x63, 0x63, 0x63, 0x63, 0x63, 0x63, 0x63, 0x63, 0x63, 0x63, 0x63, 0x63, 0x63, 0x63, 0x63, 0x63, 
  0x63, 0x63, 0x63, 0x63, 0x63, 0x63, 0x63, 0x63, 0x63, 0x63, 0x63, 0x63, 0x63, 0x63, 0x63, 0x63, 0x63, 0x63, 0x63, 0x63, 0x63, 0x63, 0x63, 0x63, 0x63, 0x63, 0x63, 0x63, 0x63, 0x63, 0x63, 0x62, 0x62, 0x62, 0xd5, 0x61, 0x61, 0x60, 0x60, 0x5f, 0x9d, 0x5e, 0x5d, 0x5c, 0x5d, 0x5b, 0x5c, 0x5a, 0x9b, 0x59, 0x58, 0x58, 0x58, 0x57, 0x9a, 0x9a, 0x56, 0x55, 0x55, 0x54, 0x54, 0x53, 0x52, 0x52, 0x7c, 0x51, 0x51, 0x50, 0x4f, 0x4f, 0x7b, 0x7b, 0x4e, 0xd7, 0x4c, 0x4c, 0x7a, 0x7a, 0x71, 0x4b, 0x4a, 0x4a, 0x49, 0x49, 0x48, 0x48, 0x47, 0x46, 0x46, 0x45, 0x45, 0x44, 0x44, 0x6f, 0x42, 0x42, 0x41, 0x41, 0x40, 0x3f, 0x6e, 0xc0, 0x3d, 0x3d, 0x3c, 0x3c, 0x8e, 0x8e, 0x3b, 0x3a, 0x3a, 0x39, 0x39, 0x38, 0x6c, 0x37, 0x36, 0x36, 0x36, 0x36, 0x35, 0x35, 0xd1, 0x8b, 0x34, 0x33, 0x33, 0x33, 0x32, 0x32, 0x31, 0xa6, 0x8a, 0x30, 0x30, 0x2f, 0x2f, 0x2f, 0x2e, 0x2f, 0x2e, 0x2e, 0x2d, 0x89, 0x2c, 0x2c, 0x2c, 0x2c, 0x79, 0x79, 0x79, 0x79, 0x79, 0x79, 0x2b, 0x2b, 0x2a, 0x2a, 0x2a, 0x2a, 0x69, 0x87, 0xbd, 0x29, 0x29, 0x29, 0x29, 0x29, 0x29, 0x29, 0x29, 0x28, 0x28, 0x28, 0x28, 0x28, 0x28, 0x29, 0x28, 0x29, 0x28, 0x29, 0x28, 0x29, 0x29, 0x28, 0x69, 0x29, 0x29, 0x29, 0x29, 0x29, 0x29, 0x69, 0x69, 0x69, 0x69, 0x2a, 0x2a, 0x2a, 0x2b, 0x2b, 0x2b, 0x79, 0x2b, 0x79, 0x79, 0x79, 0x79, 0x2c, 0x2c, 0x2c, 0x89, 0x88, 0x2d, 0x2d, 0x2e, 0x2e, 0x2f, 0x2f, 0x2f, 0x2f, 0x2f, 0x30, 0x30, 0x6a, 0xa6, 0x31, 0x31, 0x33, 0x33, 0x33, 0x33, 0x34, 0x34, 0xd1, 0x35, 0x35, 0x36, 0x36, 0x36, 0x36, 0xbe, 0x6c, 0x38, 0x39, 0x39, 0x3a, 0x3a, 0x3b, 0x3b, 0x8e, 0x6d, 0x3c, 0x3c, 0x3d, 0x3d, 0x3d, 0x8f, 0x6e, 0x3f, 0x40, 0x40, 0x41, 0x41, 0x42, 0x6f, 0x43, 0x44, 0x44, 0x45, 0x46, 0x46, 0x70, 0x47, 0x48, 0x49, 0x49, 0x4a, 0x4a, 0x94, 0x4b, 0x4b, 0x7a, 0x7a, 0x4c, 0x4d, 0x96, 0x4e, 0x4e, 0x7b, 0x4f, 0x4f, 0x50, 0xd8, 0x51, 0x7c, 0x7c, 0x52, 0x72, 0x53, 0x54, 0x55, 0x55, 0x56, 0x9a, 0x73, 0x57, 0x58, 0x58, 0x59, 0x59, 0x5a, 0x5b, 0x5b, 0x5c, 0x5c, 0x5d, 0x5d, 0x5e, 0x5f, 0x5f, 0x60, 0x61, 0x61, 0x75, 0x75, 0x62, 0x62, 0x63, 0x62, 0x63, 0x63, 0x63, 0x63, 0x63, 0x63, 0x63, 0x63, 0x63, 0x63, 0x63, 0x63, 0x63, 0x63, 0x63, 0x63, 0x63, 0x63, 0x63, 0x63, 0x63, 0x63, 0x63, 0x63, 0x63, 0x63, 0x63, 0x63, 0x63, 
  0x63, 0x63, 0x63, 0x63, 0x63, 0x63, 0x63, 0x63, 0x63, 0x63, 0x63, 0x63, 0x63, 0x63, 0x63, 0x63, 0x63, 0x63, 0x63, 0x63, 0x63, 0x63, 0x63, 0x63, 0x63, 0x63, 0x63, 0x63, 0x62, 0x63, 0x62, 0x62, 0x62, 0x75, 0x61, 0x61, 0x60, 0x60, 0x5f, 0x5f, 0x5e, 0x5e, 0x5c, 0x5d, 0x5b, 0x5b, 0xa8, 0x9b, 0x59, 0x58, 0x58, 0x57, 0x57, 0x73, 0x56, 0x56, 0x55, 0x55, 0x55, 0x53, 0x53, 0x72, 0x52, 0x7c, 0x51, 0x51, 0xd8, 0x4f, 0x4f, 0x7b, 0x7b, 0x4e, 0x96, 0x4c, 0x4c, 0x7a, 0x7a, 0x4b, 0x94, 0x93, 0x4a, 0x49, 0x49, 0x48, 0x48, 0x70, 0x46, 0x46, 0x45, 0x45, 0x44, 0x43, 0x6f, 0x42, 0x42, 0x41, 0x41, 0x40, 0x3f, 0x3e, 0x3e, 0x3d, 0x3d, 0x3c, 0x6d, 0x6d, 0x3b, 0x3b, 0x3a, 0x39, 0x39, 0x38, 0x6c, 0x6c, 0x37, 0x37, 0x36, 0x36, 0x35, 0x35, 0xd1, 0x34, 0x8b, 0x33, 0x33, 0x33, 0x32, 0x31, 0x31, 0x6a, 0x30, 0x30, 0x2f, 0x30, 0x2e, 0x2f, 0x2e, 0x2e, 0x2e, 0x89, 0x89, 0x2c, 0x2c, 0x2c, 0x2c, 0x79, 0x79, 0x79, 0x79, 0x79, 0x2b, 0x2b, 0x2b, 0x2a, 0x2a, 0x69, 0x87, 0x29, 0x29, 0x29, 0x28, 0x29, 0x28, 0x28, 0x28, 0x28, 0x28, 0x28, 0x27, 0x28, 0x27, 0x28, 0x27, 0x28, 0x28, 0x27, 0x28, 0x27, 0x28, 0x27, 0x28, 0x28, 0x28, 0x28, 0x28, 0x28, 0x28, 0x28, 0x28, 0x28, 0x29, 0x28, 0x29, 0x29, 0x29, 0x29, 0x29, 0x29, 0x29, 0x69, 0x69, 0x2a, 0x2a, 0x2b, 0x2a, 0x79, 0x2b, 0x79, 0x79, 0x79, 0x79, 0x79, 0x2c, 0x2c, 0x2c, 0x2c, 0x89, 0x2d, 0x2e, 0x2e, 0x2e, 0x2f, 0x2f, 0x2f, 0x2f, 0x30, 0x30, 0x8a, 0x6a, 0xa6, 0x31, 0x32, 0x33, 0x33, 0x33, 0x34, 0x34, 0x8c, 0x35, 0x35, 0x36, 0x36, 0x36, 0x37, 0x37, 0x6c, 0x38, 0x39, 0x39, 0x3a, 0x3a, 0x3b, 0x3b, 0x8e, 0x3c, 0x6d, 0x3d, 0x3d, 0x3d, 0x3e, 0x8f, 0x3f, 0x40, 0x40, 0x41, 0x41, 0x42, 0x6f, 0x44, 0x44, 0x45, 0x45, 0x46, 0x92, 0x70, 0x47, 0x47, 0x49, 0x49, 0x49, 0x4a, 0x93, 0x4b, 0x4b, 0x7a, 0x7a, 0x4c, 0x4d, 0x96, 0x4e, 0x7b, 0x7b, 0x4f, 0x4f, 0x98, 0xd8, 0x7c, 0x7c, 0x52, 0x52, 0x53, 0x53, 0x54, 0x55, 0x56, 0x55, 0x73, 0x73, 0x57, 0x58, 0x58, 0x59, 0x59, 0x5a, 0x5b, 0x5b, 0x5c, 0x5c, 0x5d, 0x5e, 0x74, 0x5f, 0x60, 0x60, 0x61, 0x61, 0x9e, 0x62, 0x62, 0x62, 0x62, 0x63, 0x63, 0x63, 0x63, 0x63, 0x63, 0x63, 0x63, 0x63, 0x63, 0x63, 0x63, 0x63, 0x63, 0x63, 0x63, 0x63, 0x63, 0x63, 0x63, 0x63, 0x63, 0x63, 0x63, 0x63, 0x63, 0x63, 0x63, 0x63, 
  0x63, 0x63, 0x63, 0x63, 0x63, 0x63, 0x63, 0x63, 0x63, 0x63, 0x63, 0x63, 0x63, 0x63, 0x63, 0x63, 0x63, 0x63, 0x63, 0x63, 0x63, 0x63, 0x63, 0x63, 0x63, 0x63, 0x63, 0x63, 0x63, 0x62, 0x63, 0x75, 0x62, 0x61, 0x61, 0x60, 0x60, 0x60, 0x5f, 0x74, 0x5e, 0x5d, 0x5c, 0x5c, 0x5b, 0x5b, 0x5a, 0x59, 0x59, 0x58, 0x58, 0x57, 0x73, 0x73, 0x56, 0x56, 0x55, 0x55, 0x53, 0x53, 0x72, 0x52, 0x7c, 0x7c, 0x51, 0xd8, 0x4f, 0x4f, 0x7b, 0x7b, 0x4e, 0x96, 0x95, 0x4c, 0x7a, 0x7a, 0x4b, 0x71, 0x94, 0x4a, 0x4a, 0x49, 0x48, 0x48, 0x70, 0x70, 0x46, 0x45, 0x45, 0x44, 0x43, 0x6f, 0x42, 0x41, 0x41, 0x40, 0x40, 0x6e, 0x3e, 0x3e, 0x3d, 0x3d, 0x3c, 0x6d, 0x8e, 0x3b, 0x3b, 0x39, 0x3a, 0x39, 0x38, 0x6c, 0xbe, 0x36, 0x36, 0x36, 0x35, 0x35, 0xd1, 0x8b, 0x34, 0x33, 0x33, 0x33, 0x32, 0x32, 0x31, 0xa6, 0x30, 0x30, 0x2f, 0x2f, 0x2f, 0x2e, 0x2f, 0x2d, 0x2d, 0x89, 0x2c, 0x2c, 0x2c, 0x2c, 0x79, 0x79, 0x79, 0x2b, 0x79, 0x2b, 0x2b, 0x2a, 0x2a, 0x69, 0x69, 0x29, 0x87, 0x29, 0x29, 0x29, 0x28, 0x28, 0x28, 0x28, 0x28, 0x28, 0x27, 0x28, 0x27, 0x27, 0x28, 0x27, 0x27, 0x27, 0x26, 0x27, 0x26, 0x26, 0x27, 0x27, 0x27, 0x27, 0x27, 0x27, 0x27, 0x27, 0x27, 0x27, 0x27, 0x27, 0x28, 0x27, 0x28, 0x28, 0x28, 0x27, 0x28, 0x28, 0x28, 0x28, 0x29, 0x29, 0x29, 0x29, 0x29, 0x69, 0x2a, 0x69, 0x2b, 0x2b, 0x2a, 0x79, 0x79, 0x79, 0x79, 0x79, 0x79, 0x2c, 0x2c, 0x2c, 0x2c, 0x89, 0x2d, 0x2e, 0x2e, 0x2e, 0x2f, 0x2f, 0x2f, 0x2f, 0x8a, 0x30, 0xa6, 0x31, 0x32, 0x32, 0x33, 0x33, 0x34, 0x34, 0xd1, 0x35, 0x35, 0x36, 0x36, 0x36, 0x36, 0x37, 0x8d, 0x38, 0x38, 0x3a, 0x3a, 0x3a, 0x3b, 0x3a, 0x6d, 0x6d, 0x3c, 0x3d, 0x3d, 0x3d, 0x3e, 0x3e, 0x3f, 0x40, 0x40, 0x41, 0x42, 0x42, 0x6f, 0x43, 0x44, 0x44, 0x45, 0x45, 0x46, 0x70, 0x47, 0x48, 0x49, 0x49, 0x4a, 0x4a, 0x94, 0x4b, 0x4b, 0x7a, 0x4c, 0x4c, 0x4d, 0x96, 0x4e, 0x7b, 0x7b, 0x4f, 0x50, 0xd8, 0x51, 0x51, 0x7c, 0x52, 0x52, 0x53, 0x54, 0x54, 0x55, 0x56, 0xc2, 0x9a, 0x73, 0x58, 0x58, 0x59, 0x59, 0x59, 0xa8, 0x5b, 0x5b, 0x5c, 0x5d, 0x5d, 0x5e, 0x5f, 0x5f, 0x60, 0x60, 0x61, 0x61, 0x75, 0x62, 0x62, 0x63, 0x62, 0x63, 0x63, 0x63, 0x63, 0x63, 0x63, 0x63, 0x63, 0x63, 0x63, 0x63, 0x63, 0x63, 0x63, 0x63, 0x63, 0x63, 0x63, 0x63, 0x63, 0x63, 0x63, 0x63, 0x63, 0x63, 0x63, 0x63, 0x63, 
  0x63, 0x63, 0x63, 0x63, 0x63, 0x63, 0x63, 0x63, 0x63, 0x63, 0x63, 0x63, 0x63, 0x63, 0x63, 0x63, 0x63, 0x63, 0x63, 0x63, 0x63, 0x63, 0x63, 0x63, 0x63, 0x63, 0x63, 0x62, 0x63, 0x62, 0x62, 0x62, 0x9e, 0x61, 0x60, 0x61, 0x60, 0x60, 0x9d, 0x5e, 0x5d, 0x5c, 0x5c, 0x5b, 0x5b, 0xa8, 0x59, 0x59, 0x58, 0x58, 0x57, 0x57, 0x73, 0x56, 0x56, 0x55, 0x55, 0x54, 0x53, 0x72, 0x52, 0x7c, 0x7c, 0x51, 0x98, 0x50, 0x4f, 0x4f, 0x7b, 0x4e, 0x96, 0x4d, 0x4c, 0x7a, 0x7a, 0x4b, 0x71, 0x94, 0x4a, 0x4a, 0x49, 0x48, 0x48, 0x70, 0x46, 0x46, 0x45, 0x45, 0x44, 0x43, 0x6f, 0x42, 0x41, 0x41, 0x40, 0x40, 0x6e, 0x6e, 0x3d, 0x3d, 0x3d, 0x3c, 0x6d, 0x8e, 0x3b, 0x3a, 0x3a, 0x39, 0x39, 0x38, 0x6c, 0x37, 0x36, 0x36, 0x36, 0x6b, 0x35, 0xd1, 0x34, 0x34, 0x33, 0x33, 0x32, 0x32, 0x31, 0xa6, 0x8a, 0x30, 0x30, 0x2f, 0x2f, 0x2e, 0x2e, 0x2d, 0xd0, 0x89, 0x2c, 0x2c, 0x2c, 0x79, 0x79, 0x79, 0x2b, 0x2b, 0x2b, 0x2a, 0x2a, 0x2a, 0x69, 0x69, 0x29, 0x29, 0x29, 0x29, 0x28, 0x28, 0x27, 0x28, 0x28, 0x28, 0x27, 0x27, 0x27, 0x26, 0x26, 0x68, 0x26, 0x26, 0x86, 0x68, 0x68, 0x68, 0x26, 0x68, 0x26, 0x68, 0x68, 0x68, 0x68, 0x86, 0x26, 0x26, 0x26, 0x26, 0x26, 0x26, 0x26, 0x26, 0x26, 0x27, 0x27, 0x27, 0x27, 0x27, 0x28, 0x27, 0x28, 0x28, 0x28, 0x28, 0x28, 0x28, 0x29, 0x28, 0x29, 0x29, 0x69, 0x69, 0x2a, 0x2a, 0x2b, 0x2b, 0x79, 0x2b, 0x79, 0x79, 0x79, 0x79, 0x2c, 0x2c, 0x2c, 0x2c, 0x89, 0x2d, 0x2e, 0x2e, 0x2f, 0x2f, 0x30, 0x2f, 0x30, 0x8a, 0x31, 0x32, 0x33, 0x32, 0x33, 0x33, 0x34, 0x8b, 0xd1, 0x35, 0x35, 0x36, 0x36, 0x36, 0x37, 0xbe, 0x6c, 0x38, 0x38, 0x3a, 0x3a, 0x3b, 0x3a, 0x8e, 0x6d, 0x3c, 0x3c, 0x3d, 0x3d, 0x3e, 0x6e, 0x6e, 0x40, 0x40, 0x41, 0x41, 0x42, 0x6f, 0x43, 0x44, 0x45, 0x45, 0x46, 0x46, 0x70, 0x47, 0x48, 0x49, 0x49, 0x4a, 0x4a, 0x94, 0x4b, 0x4b, 0x7a, 0x7a, 0x4c, 0x4d, 0x4e, 0xd7, 0x7b, 0x7b, 0x4f, 0x50, 0x98, 0x51, 0x7c, 0x7c, 0x52, 0x72, 0x53, 0x54, 0x55, 0x55, 0x56, 0x9a, 0x73, 0x57, 0x58, 0x58, 0x59, 0x59, 0x5a, 0x5b, 0x5b, 0x5c, 0x5c, 0x5d, 0x5d, 0x5f, 0x5f, 0x60, 0x60, 0x61, 0x61, 0x9e, 0x62, 0x62, 0x62, 0x62, 0x63, 0x63, 0x63, 0x63, 0x63, 0x63, 0x63, 0x63, 0x63, 0x63, 0x63, 0x63, 0x63, 0x63, 0x63, 0x63, 0x63, 0x63, 0x63, 0x63, 0x63, 0x63, 0x63, 0x63, 0x63, 0x63, 0x63, 0x63, 
  0x63, 0x63, 0x63, 0x63, 0x63, 0x63, 0x63, 0x63, 0x63, 0x63, 0x63, 0x63, 0x63, 0x63, 0x63, 0x63, 0x63, 0x63, 0x63, 0x63, 0x63, 0x63, 0x63, 0x63, 0x63, 0x63, 0x63, 0x63, 0x62, 0x62, 0x62, 0x75, 0x61, 0x61, 0x61, 0x5f, 0x5f, 0x74, 0x5e, 0x5e, 0x5d, 0x5c, 0x5c, 0x5b, 0xa8, 0x9b, 0x59, 0x58, 0x58, 0x57, 0x57, 0x73, 0x56, 0x56, 0x55, 0x55, 0x54, 0x53, 0x72, 0x52, 0x7c, 0x7c, 0x51, 0x51, 0x50, 0x4f, 0x4f, 0x7b, 0x4e, 0x4e, 0x4d, 0x4c, 0x7a, 0x7a, 0x4b, 0x4b, 0x94, 0x4a, 0x4a, 0x48, 0x49, 0x48, 0x70, 0x92, 0x46, 0x45, 0x45, 0x44, 0x43, 0x6f, 0x42, 0x41, 0x41, 0x40, 0x3f, 0x6e, 0xc0, 0x3d, 0x3d, 0x3c, 0x3c, 0x8e, 0x8e, 0x3b, 0x3a, 0x3a, 0x39, 0x39, 0x6c, 0x37, 0x37, 0x36, 0x36, 0x36, 0xd1, 0x35, 0xd1, 0x34, 0x33, 0x33, 0x33, 0x32, 0x31, 0xa6, 0x30, 0x30, 0x2f, 0x2f, 0x2f, 0x2e, 0x2e, 0x2d, 0x2d, 0x88, 0x2c, 0x2c, 0x79, 0x79, 0x79, 0x79, 0x2b, 0x2b, 0x2a, 0x2a, 0x69, 0x69, 0x29, 0x29, 0x29, 0x28, 0x28, 0x28, 0x28, 0x28, 0x28, 0x28, 0x27, 0x28, 0x26, 0x27, 0x26, 0x26, 0x68, 0x68, 0x68, 0x68, 0x25, 0x25, 0x25, 0x25, 0x25, 0x24, 0x25, 0x24, 0x25, 0x24, 0x25, 0x25, 0x25, 0x24, 0x25, 0x25, 0x25, 0x25, 0x25, 0x25, 0x25, 0x25, 0x68, 0x68, 0x26, 0x68, 0x26, 0x26, 0x26, 0x26, 0x26, 0x26, 0x26, 0x27, 0x28, 0x28, 0x28, 0x28, 0x28, 0x28, 0x29, 0x29, 0x29, 0x69, 0x69, 0x2a, 0x2a, 0x2a, 0x2b, 0x2b, 0x79, 0x79, 0x79, 0x79, 0x79, 0x2c, 0x2c, 0x88, 0x89, 0x2d, 0x2e, 0x2e, 0x2e, 0x2f, 0x2f, 0x30, 0x30, 0x6a, 0x31, 0x31, 0x32, 0x33, 0x33, 0x34, 0x34, 0xd1, 0xd1, 0x35, 0x36, 0x36, 0x36, 0x37, 0x37, 0x6c, 0x38, 0x38, 0x39, 0x3a, 0x3a, 0x3b, 0xbf, 0x6d, 0x3c, 0x3c, 0x3d, 0x3d, 0x3e, 0x6e, 0x3f, 0x40, 0x40, 0x41, 0x41, 0x42, 0x6f, 0x43, 0x44, 0x44, 0x45, 0x45, 0x46, 0x70, 0xa7, 0x48, 0x48, 0x49, 0x4a, 0x4a, 0x71, 0x4b, 0x4b, 0x4c, 0x7a, 0x4d, 0x4d, 0xd7, 0x7b, 0x7b, 0x7b, 0x4f, 0x50, 0x98, 0x51, 0x7c, 0x7c, 0x52, 0x72, 0x53, 0x55, 0x55, 0x55, 0x56, 0x9a, 0x73, 0x57, 0x58, 0x58, 0x59, 0x59, 0x5a, 0x5b, 0x5c, 0x5c, 0x5d, 0x5d, 0x5e, 0x5f, 0x5f, 0x60, 0x60, 0x61, 0x61, 0x61, 0x62, 0x62, 0x63, 0x62, 0x63, 0x63, 0x63, 0x63, 0x63, 0x63, 0x63, 0x63, 0x63, 0x63, 0x63, 0x63, 0x63, 0x63, 0x63, 0x63, 0x63, 0x63, 0x63, 0x63, 0x63, 0x63, 0x63, 0x63, 0x63, 0x63, 0x63, 
  0x63, 0x63, 0x63, 0x63, 0x63, 0x63, 0x63, 0x63, 0x63, 0x63, 0x63, 0x63, 0x63, 0x63, 0x63, 0x63, 0x63, 0x63, 0x63, 0x63, 0x63, 0x63, 0x63, 0x63, 0x63, 0x63, 0x63, 0x62, 0x63, 0x62, 0x75, 0x9e, 0x61, 0x60, 0x60, 0x60, 0x5f, 0x9d, 0x5e, 0x5d, 0x5c, 0x5c, 0x5b, 0x5b, 0x5a, 0x9b, 0x58, 0x58, 0x58, 0x57, 0x73, 0x56, 0x56, 0x55, 0x55, 0x55, 0x53, 0x53, 0x52, 0x52, 0x7c, 0x7c, 0x51, 0xd8, 0x4f, 0x4f, 0x7b, 0x4e, 0x4e, 0x4d, 0x4c, 0x4c, 0x7a, 0x4b, 0x4b, 0x94, 0x4a, 0x4a, 0x49, 0x48, 0x48, 0x47, 0x46, 0x46, 0x45, 0x45, 0x44, 0x43, 0x6f, 0x42, 0x41, 0x40, 0x40, 0x3f, 0x6e, 0x3e, 0x3d, 0x3d, 0x3d, 0x3c, 0x6d, 0x3b, 0x3b, 0x3a, 0x39, 0x39, 0x39, 0x6c, 0x37, 0x37, 0x36, 0x36, 0x35, 0x6b, 0xd1, 0x34, 0x34, 0x33, 0x33, 0x32, 0x32, 0xa6, 0x6a, 0x30, 0x30, 0x2f, 0x2f, 0x2e, 0x2e, 0x2d, 0x89, 0x88, 0x2c, 0x2c, 0x79, 0x79, 0x79, 0x79, 0x2b, 0x2b, 0x2a, 0x2a, 0x69, 0x29, 0x29, 0x29, 0x28, 0x28, 0x28, 0x28, 0x27, 0x28, 0x27, 0x27, 0x26, 0x26, 0x26, 0x26, 0x68, 0x68, 0x25, 0x25, 0x25, 0x25, 0x25, 0x24, 0x24, 0x24, 0x24, 0x24, 0x24, 0x24, 0x24, 0x24, 0x24, 0x24, 0x24, 0x24, 0x24, 0x25, 0x24, 0x24, 0x24, 0x25, 0x24, 0x25, 0x24, 0x24, 0x25, 0x25, 0x25, 0x25, 0x25, 0x25, 0x25, 0x25, 0x26, 0x68, 0x26, 0x26, 0x26, 0x27, 0x27, 0x27, 0x28, 0x28, 0x28, 0x28, 0x28, 0x29, 0x29, 0x29, 0x29, 0x69, 0x69, 0x2a, 0x2b, 0x2b, 0x2b, 0x2b, 0x79, 0x79, 0x79, 0x79, 0x2c, 0x2c, 0x89, 0x2e, 0x2d, 0x2f, 0x2e, 0x2f, 0x2f, 0x30, 0x30, 0x6a, 0x31, 0x32, 0x32, 0x33, 0x33, 0x34, 0x34, 0xd1, 0x6b, 0x35, 0x36, 0x36, 0x36, 0x37, 0x37, 0x38, 0x38, 0x39, 0x3a, 0x3a, 0x3b, 0xbf, 0xd2, 0x3c, 0x3c, 0x3d, 0x3d, 0x3e, 0x6e, 0x6e, 0x40, 0x40, 0x41, 0x41, 0x42, 0x42, 0x91, 0x44, 0x44, 0x45, 0x45, 0x46, 0x70, 0x47, 0x48, 0x49, 0x49, 0x4a, 0x4a, 0x4b, 0x4b, 0x7a, 0x7a, 0x4c, 0x4d, 0xd7, 0x96, 0x7b, 0x7b, 0x4f, 0x4f, 0x50, 0x51, 0x51, 0x7c, 0x7c, 0x52, 0x53, 0x54, 0x55, 0x55, 0x56, 0x56, 0x73, 0x57, 0x57, 0x59, 0x58, 0x59, 0x5a, 0xa8, 0x5b, 0x5c, 0x5c, 0x5d, 0x9c, 0x5e, 0x5f, 0x5f, 0x60, 0x60, 0x61, 0x61, 0x9e, 0x62, 0x75, 0x63, 0x62, 0x63, 0x63, 0x63, 0x63, 0x63, 0x63, 0x63, 0x63, 0x63, 0x63, 0x63, 0x63, 0x63, 0x63, 0x63, 0x63, 0x63, 0x63, 0x63, 0x63, 0x63, 0x63, 0x63, 0x63, 0x63, 0x63, 
  0x63, 0x63, 0x63, 0x63, 0x63, 0x63, 0x63, 0x63, 0x63, 0x63, 0x63, 0x63, 0x63, 0x63, 0x63, 0x63, 0x63, 0x63, 0x63, 0x63, 0x63, 0x63, 0x63, 0x63, 0x63, 0x63, 0x62, 0x63, 0x75, 0x62, 0x9e, 0x61, 0x61, 0x60, 0x60, 0x5f, 0x9d, 0x5e, 0x5d, 0x5d, 0x5c, 0x5c, 0x5b, 0xa8, 0x59, 0x59, 0x58, 0x58, 0x57, 0x73, 0x73, 0x56, 0x56, 0x55, 0x54, 0x54, 0x72, 0x72, 0x7c, 0x7c, 0x51, 0x51, 0x50, 0x4f, 0x4f, 0x7b, 0x4e, 0x4e, 0x96, 0x4c, 0x4c, 0x7a, 0x4b, 0x4b, 0x71, 0x4a, 0x4a, 0x49, 0x48, 0x48, 0x70, 0x46, 0x46, 0x44, 0x45, 0x44, 0x6f, 0x6f, 0x42, 0x41, 0x41, 0x40, 0x3f, 0x6e, 0x3e, 0x3d, 0x3d, 0x3c, 0x3c, 0x6d, 0x3b, 0x3b, 0x3a, 0x3a, 0x39, 0x38, 0x6c, 0x37, 0x36, 0x36, 0x35, 0x35, 0x6b, 0x34, 0x34, 0x33, 0x33, 0x32, 0x32, 0x31, 0x6a, 0x30, 0x30, 0x2f, 0x2f, 0x2f, 0x2e, 0x2e, 0x2d, 0x89, 0x2c, 0x2c, 0x79, 0x79, 0x79, 0x2b, 0x2b, 0x2a, 0x2a, 0x69, 0x29, 0x29, 0x29, 0x28, 0x28, 0x28, 0x28, 0x28, 0x27, 0x27, 0x26, 0x26, 0x26, 0x68, 0x26, 0x68, 0x25, 0x25, 0x25, 0x25, 0x25, 0x24, 0x24, 0x24, 0x24, 0x24, 0x24, 0x24, 0x24, 0x24, 0x23, 0x24, 0x23, 0x24, 0x23, 0x24, 0x23, 0x24, 0x23, 0x23, 0x24, 0x24, 0x24, 0x23, 0x24, 0x24, 0x24, 0x24, 0x24, 0x24, 0x24, 0x24, 0x24, 0x24, 0x24, 0x24, 0x25, 0x25, 0x25, 0x25, 0x86, 0x68, 0x26, 0x26, 0x26, 0x27, 0x27, 0x27, 0x28, 0x28, 0x28, 0x28, 0x28, 0x29, 0x29, 0x29, 0x69, 0x69, 0x2a, 0x2b, 0x2b, 0x2b, 0x79, 0x79, 0x79, 0x2c, 0x79, 0x2c, 0x89, 0x2d, 0x2e, 0x2e, 0x2f, 0x2e, 0x30, 0x2f, 0x6a, 0x6a, 0x31, 0x32, 0x32, 0x33, 0x33, 0x34, 0x34, 0x8c, 0x35, 0x36, 0x36, 0x36, 0x37, 0x37, 0x38, 0x38, 0x39, 0x3a, 0x3a, 0x3b, 0x3b, 0x8e, 0x3c, 0x3c, 0x3c, 0x3e, 0x3d, 0x6e, 0x6e, 0x3f, 0x40, 0x41, 0x41, 0x42, 0x42, 0x43, 0x44, 0x44, 0x45, 0x45, 0x92, 0x70, 0x47, 0x48, 0x49, 0x49, 0x4a, 0x4a, 0x94, 0x4b, 0x7a, 0x7a, 0x4c, 0x4c, 0xd7, 0x4e, 0x7b, 0x7b, 0x4f, 0x4f, 0x98, 0x51, 0x51, 0x52, 0x7c, 0x53, 0x53, 0x54, 0x55, 0x55, 0x56, 0xc2, 0x73, 0x57, 0x57, 0x58, 0x59, 0x59, 0x5a, 0xa8, 0x5c, 0x5c, 0x5d, 0x5d, 0x5e, 0x9d, 0x5f, 0x60, 0x60, 0x61, 0x61, 0x9e, 0x62, 0x62, 0x62, 0x63, 0x62, 0x63, 0x63, 0x63, 0x63, 0x63, 0x63, 0x63, 0x63, 0x63, 0x63, 0x63, 0x63, 0x63, 0x63, 0x63, 0x63, 0x63, 0x63, 0x63, 0x63, 0x63, 0x63, 0x63, 0x63, 0x63, 
  0x63, 0x63, 0x63, 0x63, 0x63, 0x63, 0x63, 0x63, 0x63, 0x63, 0x63, 0x63, 0x63, 0x63, 0x63, 0x63, 0x63, 0x63, 0x63, 0x63, 0x63, 0x63, 0x63, 0x63, 0x63, 0x63, 0x63, 0x62, 0x62, 0x62, 0x61, 0x61, 0x61, 0x60, 0x60, 0x5f, 0x5e, 0x5e, 0x5d, 0x5c, 0x5b, 0x5b, 0xd9, 0x59, 0x59, 0x58, 0x58, 0x57, 0x73, 0x73, 0x56, 0x56, 0x55, 0x55, 0x54, 0x54, 0x72, 0x52, 0x52, 0x7c, 0x51, 0xd8, 0x50, 0x4f, 0x7b, 0x7b, 0x4e, 0x96, 0x4c, 0x4c, 0x7a, 0x4b, 0x4b, 0x71, 0x4a, 0x4a, 0x49, 0x49, 0x48, 0x47, 0x70, 0x46, 0x45, 0x45, 0x44, 0x43, 0x6f, 0x42, 0x41, 0x41, 0x40, 0x3f, 0x6e, 0x3e, 0x3d, 0x3d, 0x3c, 0x3c, 0x3b, 0x3b, 0x3b, 0x3a, 0x39, 0x39, 0x6c, 0x6c, 0x37, 0x36, 0x36, 0x36, 0x35, 0x6b, 0xd1, 0x34, 0x33, 0x33, 0x32, 0x31, 0x6a, 0x30, 0x30, 0x30, 0x2f, 0x2f, 0x2e, 0x2e, 0x2d, 0x89, 0x2c, 0x2c, 0x79, 0x79, 0x79, 0x2b, 0x2b, 0x69, 0x2a, 0x69, 0x29, 0x29, 0x29, 0x28, 0x28, 0x28, 0x28, 0x27, 0x27, 0x26, 0x26, 0x68, 0x68, 0x25, 0x25, 0x25, 0x68, 0x24, 0x25, 0x24, 0x24, 0x24, 0x24, 0x24, 0x24, 0x24, 0x23, 0x24, 0x23, 0x23, 0xcf, 0x23, 0x23, 0x23, 0x23, 0x23, 0x23, 0xcf, 0x23, 0x23, 0x23, 0x23, 0x67, 0x67, 0x23, 0x23, 0x23, 0x67, 0x24, 0x23, 0x24, 0x23, 0x24, 0x24, 0x24, 0x24, 0x24, 0x24, 0x24, 0x24, 0x24, 0x24, 0x24, 0x25, 0x25, 0x25, 0x68, 0x68, 0x26, 0x27, 0x27, 0x27, 0x27, 0x28, 0x28, 0x28, 0x29, 0x28, 0x29, 0x29, 0x29, 0x87, 0x69, 0x2a, 0x2b, 0x2b, 0x2b, 0x79, 0x79, 0x79, 0x2c, 0x2c, 0x89, 0x2d, 0x2e, 0x2e, 0x2f, 0x2f, 0x30, 0x30, 0x6a, 0x31, 0x33, 0x32, 0x33, 0x33, 0x34, 0x34, 0xd1, 0x35, 0x35, 0x36, 0x36, 0x36, 0x37, 0x6c, 0x38, 0x39, 0x39, 0x3a, 0x3b, 0x3b, 0xd2, 0x3c, 0x3c, 0x3d, 0x3d, 0x3e, 0x6e, 0x6e, 0x40, 0x40, 0x41, 0x41, 0x42, 0x42, 0x6f, 0x44, 0x44, 0x45, 0x45, 0x46, 0x70, 0x48, 0x48, 0x49, 0x49, 0x4a, 0x4a, 0x4b, 0x4b, 0x7a, 0x7a, 0x4c, 0x96, 0xd7, 0x4e, 0x7b, 0x7b, 0x4f, 0x50, 0x51, 0x51, 0x7c, 0x7c, 0x52, 0x72, 0x54, 0x54, 0x55, 0x56, 0x56, 0xd4, 0x58, 0x57, 0x59, 0x58, 0x59, 0x5a, 0xd9, 0x5b, 0x5c, 0x5c, 0x5d, 0x5e, 0x5e, 0x5f, 0x60, 0x60, 0x60, 0x61, 0x61, 0x9e, 0x62, 0x62, 0x62, 0x63, 0x63, 0x63, 0x63, 0x63, 0x63, 0x63, 0x63, 0x63, 0x63, 0x63, 0x63, 0x63, 0x63, 0x63, 0x63, 0x63, 0x63, 0x63, 0x63, 0x63, 0x63, 0x63, 0x63, 0x63, 0x63, 
  0x63, 0x63, 0x63, 0x63, 0x63, 0x63, 0x63, 0x63, 0x63, 0x63, 0x63, 0x63, 0x63, 0x63, 0x63, 0x63, 0x63, 0x63, 0x63, 0x63, 0x63, 0x63, 0x63, 0x63, 0x63, 0x62, 0x62, 0x62, 0x62, 0xd5, 0x61, 0x61, 0x60, 0x60, 0x5f, 0x5f, 0x5e, 0x5d, 0x5c, 0x5c, 0x5b, 0x5b, 0x59, 0x59, 0x59, 0x58, 0x57, 0x57, 0x73, 0x56, 0x56, 0x55, 0x55, 0x54, 0x54, 0x72, 0x52, 0x7c, 0x7c, 0xd8, 0x51, 0x50, 0x4f, 0x7b, 0x7b, 0x4e, 0x96, 0x4d, 0x4c, 0x7a, 0x7a, 0x4b, 0x4b, 0x4a, 0x4a, 0x49, 0x49, 0x48, 0x70, 0x70, 0x46, 0x45, 0x45, 0x44, 0x43, 0x6f, 0x42, 0x41, 0x41, 0x40, 0x3f, 0x6e, 0x3e, 0x3d, 0x3d, 0x3c, 0x3c, 0x3b, 0x3b, 0x3b, 0x39, 0x3a, 0x39, 0x6c, 0x37, 0x37, 0x36, 0x36, 0x35, 0x6b, 0xd1, 0x34, 0x33, 0x33, 0x32, 0x32, 0x31, 0x6a, 0x30, 0x2f, 0x2f, 0x2f, 0x2e, 0x2e, 0x2d, 0x89, 0x2c, 0x2c, 0x79, 0x79, 0x79, 0x2b, 0x2b, 0x2a, 0x69, 0x29, 0x29, 0x29, 0x28, 0x28, 0x28, 0x27, 0x28, 0x26, 0x26, 0x26, 0x68, 0x68, 0x25, 0x25, 0x25, 0x25, 0x24, 0x24, 0x24, 0x24, 0x24, 0x24, 0x24, 0x23, 0x24, 0xcf, 0x23, 0x67, 0xcf, 0xcf, 0xcf, 0x23, 0xbb, 0x22, 0x22, 0x22, 0x22, 0x22, 0x22, 0x22, 0x22, 0xcf, 0x22, 0x22, 0xcf, 0x67, 0xcf, 0x22, 0xcf, 0x67, 0xcf, 0xcf, 0x67, 0x67, 0x67, 0xcf, 0x23, 0xcf, 0x23, 0x23, 0x23, 0x24, 0x24, 0x24, 0x24, 0x24, 0x24, 0x25, 0x25, 0x25, 0x25, 0x68, 0x26, 0x27, 0x26, 0x27, 0x27, 0x27, 0x28, 0x28, 0x28, 0x28, 0x29, 0x29, 0x29, 0x69, 0x69, 0x2a, 0x2b, 0x2b, 0x2b, 0x79, 0x79, 0x2c, 0x2c, 0x2c, 0x2d, 0xd0, 0x2e, 0x2e, 0x2f, 0x30, 0x30, 0x30, 0x6a, 0x31, 0x32, 0x33, 0x33, 0x33, 0x34, 0x8b, 0x8c, 0x35, 0x36, 0x36, 0x36, 0x37, 0xbe, 0x38, 0x39, 0x39, 0x3a, 0x3b, 0x3b, 0x3b, 0x6d, 0x3c, 0x3c, 0x3d, 0x3e, 0x3e, 0x6e, 0x3f, 0x40, 0x41, 0x41, 0x42, 0x42, 0x43, 0x44, 0x44, 0x45, 0x46, 0x46, 0x70, 0x48, 0x48, 0x49, 0x4a, 0x4a, 0x4a, 0x4b, 0x4b, 0x7a, 0x4c, 0x4c, 0x4d, 0x4e, 0x4e, 0x7b, 0x4f, 0x4f, 0x50, 0x51, 0x51, 0x7c, 0x52, 0x52, 0x53, 0x54, 0x54, 0x55, 0x56, 0x56, 0xd4, 0x57, 0x57, 0x58, 0x59, 0x59, 0x5a, 0x5b, 0x5b, 0x5c, 0x5d, 0x5c, 0x9d, 0x74, 0x5f, 0x60, 0x60, 0x61, 0x61, 0x61, 0x75, 0x62, 0x63, 0x62, 0x63, 0x63, 0x63, 0x63, 0x63, 0x63, 0x63, 0x63, 0x63, 0x63, 0x63, 0x63, 0x63, 0x63, 0x63, 0x63, 0x63, 0x63, 0x63, 0x63, 0x63, 0x63, 0x63, 0x63, 0x63, 
  0x63, 0x63, 0x63, 0x63, 0x63, 0x63, 0x63, 0x63, 0x63, 0x63, 0x63, 0x63, 0x63, 0x63, 0x63, 0x63, 0x63, 0x63, 0x63, 0x63, 0x63, 0x63, 0x63, 0x63, 0x62, 0x63, 0x62, 0x62, 0x75, 0x61, 0x61, 0x61, 0x60, 0x5f, 0x5f, 0x5e, 0x5d, 0x5d, 0x5c, 0x5c, 0x5b, 0xa8, 0x59, 0x59, 0x58, 0x58, 0x57, 0x73, 0x56, 0x56, 0x55, 0x55, 0x54, 0x54, 0x72, 0x52, 0x7c, 0x7c, 0x51, 0xd8, 0x50, 0x4f, 0x4f, 0x7b, 0x4e, 0x4e, 0x4d, 0x4c, 0x4c, 0x7a, 0x4b, 0x71, 0x4a, 0x4a, 0x49, 0x49, 0x48, 0x47, 0x70, 0x46, 0x45, 0x44, 0x44, 0x43, 0x6f, 0x42, 0x41, 0x41, 0x40, 0x3f, 0x6e, 0x3e, 0x3d, 0x3d, 0x3c, 0x6d, 0x3b, 0x3b, 0x3a, 0x3a, 0x39, 0x39, 0x37, 0x37, 0x37, 0x36, 0x36, 0x35, 0x6b, 0x34, 0x34, 0x33, 0x33, 0x32, 0x32, 0x31, 0x30, 0x30, 0x2f, 0x2f, 0x2e, 0x2e, 0x2d, 0x89, 0x2c, 0x2c, 0x2c, 0x79, 0x79, 0x79, 0x2a, 0x2a, 0x69, 0x29, 0x29, 0x28, 0x28, 0x27, 0x28, 0x27, 0x27, 0x26, 0x26, 0x68, 0x25, 0x68, 0x24, 0x25, 0x24, 0x24, 0x24, 0x24, 0x24, 0x24, 0x23, 0x23, 0x23, 0x67, 0x67, 0xcf, 0xcf, 0xcf, 0x22, 0x22, 0x22, 0x22, 0x21, 0x22, 0x21, 0x22, 0x21, 0x21, 0x21, 0x21, 0x21, 0x21, 0x21, 0x22, 0x21, 0x22, 0x21, 0x22, 0x21, 0x22, 0x22, 0x22, 0x22, 0x22, 0x22, 0x22, 0x22, 0xcf, 0x22, 0xcf, 0xcf, 0x23, 0x23, 0x67, 0x23, 0x23, 0x23, 0x24, 0x24, 0x24, 0x24, 0x24, 0x24, 0x25, 0x25, 0x68, 0x25, 0x68, 0x26, 0x26, 0x27, 0x27, 0x27, 0x28, 0x28, 0x28, 0x28, 0x29, 0x29, 0x69, 0x69, 0x2a, 0x2b, 0x2b, 0x2b, 0x79, 0x79, 0x79, 0x2c, 0x2c, 0xd0, 0x2e, 0x2e, 0x2f, 0x2e, 0x30, 0x30, 0x6a, 0x31, 0x31, 0x32, 0x33, 0x33, 0x34, 0x34, 0x35, 0x6b, 0x36, 0x36, 0x36, 0x37, 0x37, 0x6c, 0x39, 0x39, 0x3a, 0x3a, 0x3b, 0x3b, 0x6d, 0x3c, 0x3c, 0x3d, 0x3d, 0x3e, 0x6e, 0x3f, 0x40, 0x41, 0x41, 0x42, 0x42, 0x43, 0x44, 0x45, 0x45, 0x45, 0x46, 0x70, 0x47, 0x49, 0x48, 0x4a, 0x4a, 0x4a, 0x4b, 0x4b, 0x7a, 0x4c, 0x4d, 0xd7, 0x4e, 0x4e, 0x7b, 0x4f, 0x4f, 0x50, 0xd8, 0x7c, 0x7c, 0x52, 0x72, 0x53, 0x54, 0x55, 0x55, 0x56, 0x56, 0x73, 0x57, 0x58, 0x58, 0x59, 0x59, 0xd9, 0x5b, 0x5b, 0x5c, 0x5d, 0x5e, 0x5e, 0x5f, 0x5f, 0x60, 0x60, 0x61, 0x61, 0x75, 0x62, 0x75, 0x63, 0x62, 0x63, 0x63, 0x63, 0x63, 0x63, 0x63, 0x63, 0x63, 0x63, 0x63, 0x63, 0x63, 0x63, 0x63, 0x63, 0x63, 0x63, 0x63, 0x63, 0x63, 0x63, 0x63, 0x63, 0x63, 
  0x63, 0x63, 0x63, 0x63, 0x63, 0x63, 0x63, 0x63, 0x63, 0x63, 0x63, 0x63, 0x63, 0x63, 0x63, 0x63, 0x63, 0x63, 0x63, 0x63, 0x63, 0x63, 0x63, 0x63, 0x63, 0x62, 0x62, 0x62, 0xd5, 0x61, 0x61, 0x60, 0x60, 0x5f, 0x9d, 0x5e, 0x5d, 0x5c, 0x5c, 0x5b, 0xd9, 0x5a, 0x59, 0x59, 0x58, 0x57, 0x57, 0x73, 0x56, 0x56, 0x55, 0x55, 0x53, 0x53, 0x52, 0x7c, 0x7c, 0x7c, 0xd8, 0x98, 0x50, 0x4f, 0x7b, 0x4e, 0x4e, 0x4d, 0x4c, 0x4c, 0x7a, 0x4b, 0x4b, 0x94, 0x4a, 0x4a, 0x49, 0x48, 0x47, 0x70, 0x46, 0x45, 0x45, 0x44, 0x43, 0x6f, 0x42, 0x41, 0x41, 0x40, 0x3f, 0x6e, 0x3e, 0x3d, 0x3d, 0x3c, 0x6d, 0x8e, 0x3b, 0x3a, 0x3a, 0x39, 0x39, 0x6c, 0x37, 0x37, 0x36, 0x36, 0x6b, 0x6b, 0xd1, 0x34, 0x32, 0x33, 0x32, 0x31, 0x6a, 0x30, 0x30, 0x2f, 0x2f, 0x2e, 0x2e, 0x89, 0x89, 0x2c, 0x2c, 0x79, 0x79, 0x2b, 0x2b, 0x69, 0x2a, 0x69, 0x29, 0x28, 0x29, 0x27, 0x28, 0x27, 0x27, 0x26, 0x68, 0x86, 0x25, 0x25, 0x24, 0x25, 0x24, 0x24, 0x24, 0x24, 0x24, 0x23, 0x23, 0x23, 0x67, 0x67, 0x67, 0xcf, 0x22, 0x22, 0x22, 0x22, 0x22, 0x21, 0x21, 0x21, 0x21, 0x21, 0x21, 0x21, 0x21, 0x21, 0x21, 0x21, 0x21, 0x21, 0x21, 0x21, 0x21, 0x21, 0x21, 0x21, 0x21, 0x21, 0x21, 0x21, 0x21, 0x21, 0x21, 0x21, 0x22, 0x21, 0x22, 0x22, 0x21, 0x22, 0x22, 0x22, 0xcf, 0x23, 0x23, 0x23, 0x23, 0x23, 0x24, 0x24, 0x24, 0x24, 0x24, 0x25, 0x25, 0x25, 0x25, 0x25, 0x68, 0x26, 0x26, 0x27, 0x27, 0x28, 0x28, 0x28, 0x28, 0x29, 0x29, 0x29, 0x69, 0x2a, 0x2b, 0x2b, 0x79, 0x79, 0x79, 0x2c, 0x2c, 0xd0, 0x2d, 0x2e, 0x2f, 0x2f, 0x2f, 0x30, 0x30, 0x6a, 0x31, 0x32, 0x33, 0x33, 0x34, 0x34, 0xd1, 0x35, 0x35, 0x36, 0x36, 0x37, 0x37, 0x6c, 0x39, 0x39, 0x3a, 0x3b, 0x3b, 0x3b, 0x6d, 0x3c, 0x3c, 0x3d, 0x3d, 0xc0, 0x6e, 0x3f, 0x40, 0x41, 0x41, 0x42, 0x42, 0x43, 0x44, 0x44, 0x45, 0x46, 0x46, 0x70, 0x48, 0x49, 0x49, 0x4a, 0x4a, 0x71, 0x4b, 0x7a, 0x7a, 0x4c, 0x4c, 0x96, 0x4e, 0x7b, 0x7b, 0x4f, 0x50, 0x98, 0x51, 0x7c, 0x7c, 0xc1, 0x72, 0x54, 0x54, 0x55, 0x56, 0x56, 0x73, 0x57, 0x58, 0x58, 0x59, 0x59, 0x5a, 0x5b, 0x5b, 0x5c, 0x5c, 0x5d, 0x5d, 0x9d, 0x5f, 0x5f, 0x60, 0x61, 0x61, 0x9e, 0xd5, 0x62, 0x62, 0x63, 0x63, 0x63, 0x63, 0x63, 0x63, 0x63, 0x63, 0x63, 0x63, 0x63, 0x63, 0x63, 0x63, 0x63, 0x63, 0x63, 0x63, 0x63, 0x63, 0x63, 0x63, 0x63, 0x63, 0x63, 
  0x63, 0x63, 0x63, 0x63, 0x63, 0x63, 0x63, 0x63, 0x63, 0x63, 0x63, 0x63, 0x63, 0x63, 0x63, 0x63, 0x63, 0x63, 0x63, 0x63, 0x63, 0x63, 0x63, 0x62, 0x63, 0x62, 0x62, 0x75, 0x61, 0x61, 0x60, 0x60, 0x5f, 0x5f, 0x5e, 0x5d, 0x5d, 0x5c, 0x5c, 0x5b, 0x5a, 0x59, 0x59, 0x58, 0x57, 0x57, 0x73, 0x56, 0x56, 0x55, 0x54, 0x54, 0x53, 0x52, 0x72, 0x7c, 0x7c, 0x51, 0xd8, 0x4f, 0x4f, 0x7b, 0x4e, 0x4e, 0xd7, 0x4c, 0x4c, 0x7a, 0x4b, 0x4b, 0x4a, 0x4a, 0x4a, 0x49, 0x48, 0x47, 0x70, 0x46, 0x45, 0x45, 0x44, 0x43, 0x6f, 0x42, 0x41, 0x41, 0x40, 0x6e, 0x3e, 0x3e, 0x3d, 0x3d, 0x3c, 0x6d, 0x3b, 0x3b, 0x3a, 0x3a, 0x39, 0x38, 0x6c, 0x37, 0x36, 0x36, 0x36, 0x35, 0xd1, 0x34, 0x34, 0x33, 0x33, 0x32, 0x31, 0x6a, 0x30, 0x2f, 0x2f, 0x2e, 0x2e, 0x2d, 0x89, 0x2c, 0x2c, 0x79, 0x2b, 0x79, 0x2b, 0x2a, 0x69, 0x69, 0x29, 0x29, 0x28, 0x28, 0x28, 0x27, 0x26, 0x26, 0x68, 0x25, 0x25, 0x25, 0x24, 0x24, 0x24, 0x23, 0x24, 0x23, 0x23, 0x23, 0x67, 0x67, 0x23, 0xcf, 0xcf, 0x22, 0x22, 0x22, 0x22, 0x21, 0x21, 0x21, 0x21, 0x21, 0x21, 0x21, 0x20, 0x21, 0x20, 0x20, 0x20, 0x20, 0x20, 0x20, 0x20, 0x20, 0x21, 0x20, 0x21, 0x20, 0x21, 0x20, 0x21, 0x20, 0x21, 0x21, 0x21, 0x21, 0x21, 0x21, 0x21, 0x21, 0x21, 0x21, 0x21, 0x22, 0x21, 0x22, 0x22, 0x21, 0x22, 0xcf, 0x67, 0x67, 0x67, 0x23, 0x23, 0x24, 0x24, 0x24, 0x24, 0x24, 0x24, 0x25, 0x25, 0x25, 0x68, 0x68, 0x26, 0x26, 0x27, 0x27, 0x28, 0x28, 0x28, 0x29, 0x29, 0x69, 0x69, 0x2a, 0x2b, 0x2b, 0x79, 0x79, 0x79, 0x2c, 0x2c, 0x2c, 0x2e, 0x2e, 0x2f, 0x2f, 0x2f, 0x30, 0x30, 0x31, 0x32, 0x32, 0x33, 0x33, 0x34, 0xd1, 0x35, 0x35, 0x36, 0x36, 0x37, 0x37, 0x6c, 0x39, 0x39, 0x3a, 0x3a, 0x3b, 0x3b, 0x6d, 0x3c, 0x3c, 0x3d, 0x3d, 0x3e, 0x6e, 0x3f, 0x3f, 0x41, 0x41, 0x42, 0x6f, 0x43, 0x44, 0x45, 0x45, 0x46, 0x70, 0x70, 0x48, 0x49, 0x49, 0x4a, 0x4a, 0x71, 0x4b, 0x7a, 0x4c, 0x4c, 0x4d, 0x4e, 0x4e, 0x7b, 0x7b, 0x4f, 0x50, 0xd8, 0x7c, 0x7c, 0x52, 0x52, 0x53, 0x54, 0x55, 0x55, 0x56, 0x56, 0x73, 0x57, 0x57, 0x58, 0x59, 0x59, 0xd9, 0xd9, 0x5c, 0x5c, 0x5d, 0x5d, 0x5e, 0x5f, 0x5f, 0x60, 0x60, 0x61, 0x61, 0x9e, 0x62, 0x62, 0x62, 0x62, 0x63, 0x63, 0x63, 0x63, 0x63, 0x63, 0x63, 0x63, 0x63, 0x63, 0x63, 0x63, 0x63, 0x63, 0x63, 0x63, 0x63, 0x63, 0x63, 0x63, 0x63, 0x63, 0x63, 
  0x63, 0x63, 0x63, 0x63, 0x63, 0x63, 0x63, 0x63, 0x63, 0x63, 0x63, 0x63, 0x63, 0x63, 0x63, 0x63, 0x63, 0x63, 0x63, 0x63, 0x63, 0x63, 0x63, 0x63, 0x62, 0x62, 0x62, 0x61, 0x61, 0x61, 0x60, 0x60, 0x74, 0x5e, 0x5e, 0x5d, 0x5c, 0x5c, 0x5b, 0xd9, 0x5a, 0x59, 0x58, 0x58, 0x57, 0x57, 0x56, 0x56, 0x55, 0x55, 0x54, 0x53, 0x72, 0x52, 0x7c, 0x7c, 0xd8, 0x98, 0x4f, 0x4f, 0x7b, 0x7b, 0x4e, 0x96, 0x4c, 0x4c, 0x7a, 0x7a, 0x4b, 0x71, 0x4a, 0x4a, 0x48, 0x48, 0x48, 0x70, 0x46, 0x45, 0x45, 0x44, 0x6f, 0x6f, 0x42, 0x41, 0x41, 0x40, 0x3f, 0x3e, 0x3e, 0x3d, 0x3d, 0x6d, 0x3c, 0x3b, 0x3b, 0x3a, 0x3a, 0x39, 0x38, 0x6c, 0x37, 0x36, 0x36, 0x35, 0x6b, 0xd1, 0x34, 0x33, 0x33, 0x32, 0x32, 0x6a, 0x30, 0x30, 0x2f, 0x2f, 0x2e, 0x2d, 0x89, 0x2c, 0x2c, 0x79, 0x79, 0x79, 0x2b, 0x2a, 0x2a, 0x69, 0x29, 0x29, 0x28, 0x28, 0x27, 0x27, 0x26, 0x68, 0x68, 0x25, 0x25, 0x24, 0x24, 0x24, 0x24, 0x24, 0x23, 0x24, 0x67, 0x23, 0xcf, 0x23, 0x22, 0x22, 0x22, 0x21, 0x22, 0x21, 0x21, 0x21, 0x21, 0x21, 0x21, 0x21, 0x21, 0x20, 0x20, 0x20, 0x21, 0xce, 0x20, 0x20, 0x20, 0x20, 0x20, 0x20, 0xa5, 0xce, 0x66, 0xce, 0x66, 0xce, 0xce, 0x66, 0x66, 0x66, 0x66, 0xce, 0x20, 0xce, 0x20, 0x20, 0x20, 0x20, 0x20, 0x21, 0x20, 0x21, 0x21, 0x21, 0x21, 0x22, 0x21, 0x22, 0x21, 0xcf, 0x22, 0xcf, 0x67, 0x67, 0x67, 0x67, 0x24, 0x24, 0x24, 0x24, 0x24, 0x24, 0x25, 0x25, 0x25, 0x68, 0x26, 0x26, 0x27, 0x27, 0x28, 0x28, 0x28, 0x29, 0x29, 0x29, 0x69, 0x2a, 0x2b, 0x2b, 0x79, 0x79, 0x2c, 0x2c, 0x2c, 0x2e, 0x2e, 0x2e, 0x2f, 0x2f, 0x30, 0x30, 0x6a, 0x31, 0x32, 0x33, 0x33, 0x34, 0x34, 0x6b, 0x35, 0x36, 0x36, 0x36, 0x6c, 0x6c, 0x38, 0x39, 0x3a, 0x3a, 0x3b, 0x3b, 0x8e, 0x3c, 0x3c, 0x3d, 0x3d, 0xc0, 0x6e, 0x3f, 0x40, 0x41, 0x41, 0x42, 0x42, 0x6f, 0x44, 0x45, 0x45, 0x46, 0x70, 0x47, 0x48, 0x49, 0x4a, 0x4a, 0x71, 0x4b, 0x4b, 0x7a, 0x7a, 0x4d, 0xd7, 0x4e, 0x4e, 0x7b, 0x7b, 0x4f, 0x50, 0x51, 0x7c, 0x7c, 0x52, 0x72, 0x54, 0x54, 0x55, 0x55, 0x56, 0x56, 0x73, 0x57, 0x58, 0x58, 0x59, 0x5a, 0x5b, 0x5b, 0x5c, 0x5c, 0x5d, 0x5d, 0x5e, 0x5f, 0x5f, 0x60, 0x61, 0x61, 0x61, 0x75, 0x62, 0x62, 0x63, 0x62, 0x63, 0x63, 0x63, 0x63, 0x63, 0x63, 0x63, 0x63, 0x63, 0x63, 0x63, 0x63, 0x63, 0x63, 0x63, 0x63, 0x63, 0x63, 0x63, 0x63, 0x63, 0x63, 
  0x63, 0x63, 0x63, 0x63, 0x63, 0x63, 0x63, 0x63, 0x63, 0x63, 0x63, 0x63, 0x63, 0x63, 0x63, 0x63, 0x63, 0x63, 0x63, 0x63, 0x63, 0x63, 0x63, 0x62, 0x62, 0x62, 0xd5, 0x61, 0x61, 0x60, 0x60, 0x5f, 0x9d, 0x5e, 0x5d, 0x5d, 0x5c, 0x5b, 0x5b, 0xd9, 0x59, 0x59, 0x58, 0x57, 0x57, 0x56, 0x56, 0x56, 0x55, 0x54, 0x54, 0x72, 0x52, 0x52, 0x7c, 0x7c, 0x98, 0x50, 0x4f, 0x7b, 0x7b, 0x4e, 0xd7, 0x4d, 0x4c, 0x7a, 0x7a, 0x4b, 0x94, 0x4a, 0x4a, 0x49, 0x49, 0x48, 0x70, 0x70, 0x45, 0x45, 0x44, 0x43, 0x6f, 0x42, 0x41, 0x41, 0x40, 0x3f, 0x6e, 0x3d, 0x3d, 0x3d, 0x3c, 0x6d, 0x3b, 0x3b, 0x3a, 0x3a, 0x39, 0x38, 0x6c, 0x37, 0x36, 0x36, 0x35, 0x35, 0xd1, 0x34, 0x33, 0x33, 0x32, 0x32, 0x6a, 0x6a, 0x2f, 0x2f, 0x2e, 0x2e, 0x2d, 0x89, 0x2c, 0x2c, 0x79, 0x79, 0x79, 0x2a, 0x2a, 0x69, 0x29, 0x29, 0x28, 0x28, 0x28, 0x27, 0x26, 0x26, 0x68, 0x25, 0x25, 0x24, 0x24, 0x24, 0x24, 0x23, 0x23, 0x23, 0x23, 0xcf, 0xcf, 0x22, 0x22, 0x22, 0x21, 0x22, 0x21, 0x21, 0x21, 0x21, 0x21, 0x21, 0x20, 0x66, 0x20, 0xce, 0x20, 0xce, 0x20, 0xce, 0x1f, 0x84, 0x1f, 0x1f, 0x1f, 0x1f, 0x1f, 0xce, 0x1f, 0x1f, 0x1f, 0x1f, 0x1f, 0x1f, 0x1f, 0x1f, 0xce, 0x1f, 0x1f, 0xce, 0x1f, 0x84, 0xce, 0xa5, 0xce, 0x20, 0xce, 0x20, 0x20, 0x20, 0x20, 0x21, 0x20, 0x21, 0x21, 0x21, 0x21, 0x22, 0x21, 0x22, 0x22, 0x22, 0xcf, 0xcf, 0x67, 0x23, 0x23, 0x24, 0x23, 0x24, 0x24, 0x24, 0x24, 0x25, 0x25, 0x68, 0x26, 0x26, 0x27, 0x27, 0x28, 0x28, 0x28, 0x29, 0x29, 0x69, 0x69, 0x2b, 0x2b, 0x79, 0x79, 0x2c, 0x2c, 0x2c, 0x2d, 0x2d, 0x2e, 0x2f, 0x2f, 0x30, 0x30, 0x6a, 0x31, 0x32, 0x33, 0x33, 0x34, 0xd1, 0x6b, 0x6b, 0x36, 0x36, 0x36, 0x37, 0x6c, 0x38, 0x39, 0x3a, 0x3a, 0x3b, 0x3b, 0x3b, 0x3c, 0x3c, 0x3d, 0x3d, 0xc0, 0x6e, 0x3f, 0x40, 0x41, 0x41, 0x42, 0x6f, 0x43, 0x44, 0x45, 0x45, 0x46, 0x70, 0x48, 0x48, 0x49, 0x4a, 0x4a, 0x71, 0x4b, 0x7a, 0x7a, 0x4c, 0x4c, 0x96, 0x4e, 0x4e, 0x7b, 0x4f, 0x50, 0x50, 0x7c, 0x7c, 0x52, 0x52, 0x53, 0x54, 0x55, 0x55, 0x56, 0x56, 0x73, 0x57, 0x57, 0x58, 0x59, 0x59, 0x5a, 0x5b, 0x5b, 0x5c, 0x5d, 0x5d, 0x5d, 0x9d, 0x5f, 0x60, 0x60, 0x61, 0x61, 0xd5, 0x62, 0x61, 0x63, 0x62, 0x63, 0x63, 0x63, 0x63, 0x63, 0x63, 0x63, 0x63, 0x63, 0x63, 0x63, 0x63, 0x63, 0x63, 0x63, 0x63, 0x63, 0x63, 0x63, 0x63, 0x63, 0x63, 
  0x63, 0x63, 0x63, 0x63, 0x63, 0x63, 0x63, 0x63, 0x63, 0x63, 0x63, 0x63, 0x63, 0x63, 0x63, 0x63, 0x63, 0x63, 0x63, 0x63, 0x63, 0x63, 0x62, 0x63, 0x75, 0x62, 0xd5, 0x61, 0x61, 0x60, 0x60, 0x5f, 0x74, 0x5e, 0x5c, 0x5c, 0x5c, 0x5b, 0xa8, 0x9b, 0x59, 0x58, 0x58, 0x57, 0x73, 0x56, 0x56, 0x55, 0x55, 0x54, 0x72, 0x72, 0x52, 0x7c, 0x51, 0x51, 0x50, 0x4f, 0x7b, 0x7b, 0x4e, 0x4e, 0x95, 0x4c, 0x7a, 0x7a, 0x4b, 0x71, 0x4a, 0x4a, 0x49, 0x48, 0x48, 0x47, 0x46, 0x46, 0x45, 0x45, 0x43, 0x6f, 0x42, 0x41, 0x41, 0x40, 0x3f, 0x3e, 0x3e, 0x3d, 0x3d, 0x6d, 0x6d, 0x3b, 0x3b, 0x3a, 0x3a, 0x39, 0x38, 0x6c, 0x37, 0x36, 0x36, 0x36, 0x6b, 0xd1, 0x34, 0x33, 0x33, 0x32, 0x32, 0x6a, 0x8a, 0x2f, 0x2f, 0x2f, 0x2e, 0x89, 0x2c, 0x2c, 0x79, 0x79, 0x2b, 0x2b, 0x2a, 0x69, 0x29, 0x29, 0x29, 0x28, 0x28, 0x27, 0x27, 0x26, 0x26, 0x25, 0x25, 0x24, 0x24, 0x24, 0x23, 0x23, 0x23, 0x23, 0xcf, 0x23, 0x22, 0x22, 0x22, 0x22, 0x21, 0x21, 0x21, 0x21, 0x21, 0x20, 0x21, 0x66, 0x20, 0x66, 0x20, 0xce, 0xce, 0x84, 0x1f, 0x1f, 0x1f, 0x1e, 0x1f, 0x1f, 0x1f, 0x1f, 0x1e, 0x1f, 0x1e, 0x1f, 0x1e, 0x1f, 0x1e, 0x1f, 0x1e, 0x1f, 0x1e, 0x1f, 0x1e, 0x1f, 0x1e, 0x1f, 0x1f, 0x1f, 0x1f, 0x1f, 0x1e, 0xce, 0x1f, 0x1f, 0xce, 0xce, 0xa5, 0x66, 0x20, 0x20, 0x20, 0x21, 0x21, 0x20, 0x21, 0x21, 0x21, 0x22, 0x22, 0x22, 0x22, 0xcf, 0x23, 0x23, 0x23, 0x23, 0x24, 0x24, 0x24, 0x24, 0x24, 0x25, 0x25, 0x68, 0x26, 0x26, 0x27, 0x27, 0x28, 0x28, 0x29, 0x29, 0x29, 0x69, 0x2b, 0x2b, 0x2b, 0x79, 0x79, 0x2c, 0x2c, 0x89, 0x2d, 0x2e, 0x2e, 0x2f, 0x2f, 0x30, 0x30, 0x31, 0x32, 0x33, 0x33, 0x34, 0x34, 0x6b, 0x35, 0x36, 0x36, 0x37, 0x37, 0x6c, 0x38, 0x39, 0x3a, 0x3a, 0x3b, 0x3b, 0x8e, 0x6d, 0x3d, 0x3d, 0x3d, 0x3e, 0x6e, 0x40, 0x40, 0x41, 0x42, 0x42, 0x6f, 0x44, 0x44, 0x46, 0x45, 0x70, 0x47, 0x48, 0x49, 0x49, 0x4a, 0x93, 0x71, 0x4b, 0x7a, 0x7a, 0x4c, 0x4d, 0x96, 0x7b, 0x7b, 0x7b, 0x4f, 0x50, 0xd8, 0x7c, 0x7c, 0x52, 0x72, 0x54, 0x54, 0x55, 0x55, 0x56, 0x56, 0x73, 0x57, 0x58, 0x58, 0x59, 0x59, 0x5b, 0x5b, 0x5c, 0x5c, 0x5d, 0x5d, 0x9d, 0x5f, 0x5f, 0x60, 0x60, 0x61, 0x61, 0x75, 0x62, 0x62, 0x62, 0x63, 0x63, 0x63, 0x63, 0x63, 0x63, 0x63, 0x63, 0x63, 0x63, 0x63, 0x63, 0x63, 0x63, 0x63, 0x63, 0x63, 0x63, 0x63, 0x63, 0x63, 0x63, 
  0x63, 0x63, 0x63, 0x63, 0x63, 0x63, 0x63, 0x63, 0x63, 0x63, 0x63, 0x63, 0x63, 0x63, 0x63, 0x63, 0x63, 0x63, 0x63, 0x63, 0x63, 0x63, 0x62, 0x62, 0x62, 0x9e, 0x61, 0x61, 0x60, 0x60, 0x5f, 0x74, 0x5d, 0x5e, 0x5c, 0x5c, 0x5b, 0x5b, 0x5a, 0x59, 0x58, 0x58, 0x57, 0x73, 0x56, 0x56, 0x55, 0x55, 0x54, 0x53, 0x72, 0x52, 0x7c, 0x51, 0x51, 0x50, 0x4f, 0x4f, 0x7b, 0x7b, 0x96, 0x4d, 0x4c, 0x7a, 0x7a, 0x4b, 0x71, 0x94, 0x4a, 0x49, 0x49, 0x48, 0x47, 0x46, 0x46, 0x45, 0x44, 0x43, 0x42, 0x42, 0x41, 0x40, 0x40, 0x3f, 0x3e, 0x3e, 0x3d, 0x3c, 0x3c, 0x3c, 0x3b, 0x3b, 0x3a, 0x3a, 0x39, 0x38, 0x37, 0x37, 0x36, 0x36, 0x35, 0x6b, 0x34, 0x34, 0x33, 0x33, 0x32, 0x32, 0x30, 0x30, 0x2f, 0x2f, 0x2e, 0x2d, 0x89, 0x2c, 0x2c, 0x79, 0x79, 0x2b, 0x2b, 0x2a, 0x87, 0x29, 0x28, 0x28, 0x28, 0x27, 0x27, 0x26, 0x68, 0x25, 0x25, 0x24, 0x24, 0x24, 0x23, 0x23, 0x23, 0x23, 0x85, 0x67, 0x21, 0x22, 0x21, 0x21, 0x21, 0x21, 0x21, 0x21, 0x20, 0x66, 0x20, 0x66, 0xce, 0xce, 0xce, 0x1f, 0x1f, 0x1f, 0x1f, 0x1f, 0x1e, 0x1e, 0x1e, 0x1e, 0x1e, 0x1e, 0x1e, 0x1e, 0x1e, 0x1e, 0x1e, 0x1e, 0x1e, 0x1e, 0x1e, 0x1e, 0x1e, 0x1e, 0x1e, 0x1e, 0x1e, 0x1e, 0x1e, 0x1e, 0x1e, 0x1e, 0x1e, 0x1e, 0x1f, 0x1e, 0x1e, 0x1e, 0x1f, 0x1f, 0x1f, 0x1f, 0x1f, 0xce, 0x66, 0x20, 0xce, 0x21, 0x20, 0x21, 0x21, 0x21, 0x21, 0x21, 0x21, 0x22, 0x21, 0x22, 0x85, 0x23, 0x23, 0x23, 0x23, 0x24, 0x24, 0x25, 0x24, 0x25, 0xbc, 0x68, 0x68, 0x26, 0x27, 0x27, 0x28, 0x28, 0x28, 0x29, 0x29, 0x69, 0x2a, 0x2b, 0x79, 0x79, 0x79, 0x2c, 0x2c, 0x89, 0x2e, 0x2e, 0x2f, 0x2f, 0x30, 0x30, 0x31, 0x32, 0x33, 0x32, 0x34, 0x34, 0x6b, 0x35, 0x35, 0x36, 0x36, 0x37, 0x37, 0x38, 0x38, 0x39, 0x3a, 0x3a, 0x3b, 0xbf, 0x3c, 0x3c, 0x3d, 0x3d, 0xc0, 0x6e, 0x40, 0x41, 0x40, 0x42, 0x42, 0x6f, 0x44, 0x44, 0x45, 0x46, 0x46, 0x70, 0x48, 0x49, 0x49, 0x4a, 0x93, 0x71, 0x4b, 0x7a, 0x7a, 0x4c, 0x4d, 0x4d, 0x4e, 0x7b, 0x4f, 0x4f, 0x98, 0xd8, 0x7c, 0x7c, 0x52, 0x72, 0x53, 0x55, 0x55, 0x56, 0x56, 0x73, 0x57, 0x57, 0x58, 0x58, 0x59, 0x5a, 0x5b, 0xd9, 0x5c, 0x5c, 0x5d, 0x5e, 0x5e, 0x5f, 0x5f, 0x60, 0x60, 0x61, 0x75, 0x75, 0x62, 0x62, 0x62, 0x63, 0x63, 0x63, 0x63, 0x63, 0x63, 0x63, 0x63, 0x63, 0x63, 0x63, 0x63, 0x63, 0x63, 0x63, 0x63, 0x63, 0x63, 0x63, 0x63, 0x63, 
  0x63, 0x63, 0x63, 0x63, 0x63, 0x63, 0x63, 0x63, 0x63, 0x63, 0x63, 0x63, 0x63, 0x63, 0x63, 0x63, 0x63, 0x63, 0x63, 0x63, 0x63, 0x62, 0x62, 0x62, 0x75, 0x9e, 0x61, 0x60, 0x60, 0x5f, 0x5f, 0x5e, 0x5e, 0x5d, 0x5c, 0x5c, 0x5b, 0xa8, 0x59, 0x59, 0x58, 0x58, 0x57, 0x73, 0xc2, 0x56, 0x55, 0x55, 0x53, 0x72, 0x52, 0x52, 0x7c, 0x51, 0x98, 0x50, 0x4f, 0x7b, 0x4e, 0x4e, 0x4d, 0x4c, 0x4c, 0x7a, 0x4b, 0x4b, 0x94, 0x4a, 0x49, 0x49, 0x48, 0x47, 0x70, 0x46, 0x44, 0x45, 0x44, 0x6f, 0x42, 0x41, 0x41, 0x40, 0x3f, 0x3e, 0x3e, 0x3d, 0x3d, 0x3c, 0x6d, 0xbf, 0x3b, 0x3a, 0x3a, 0x39, 0x38, 0x6c, 0x37, 0x36, 0x36, 0x6b, 0x35, 0x34, 0x34, 0x33, 0x32, 0x32, 0x31, 0x6a, 0x30, 0x2f, 0x2f, 0x2e, 0x89, 0x89, 0x2c, 0x79, 0x2c, 0x2b, 0x2b, 0x2a, 0x69, 0x29, 0x29, 0x28, 0x28, 0x27, 0x27, 0x26, 0x26, 0x25, 0x25, 0x24, 0x24, 0x24, 0x24, 0x23, 0x23, 0x23, 0x85, 0x22, 0x22, 0x21, 0x22, 0x21, 0x21, 0x21, 0x21, 0x20, 0x20, 0x20, 0xce, 0xa5, 0xce, 0xce, 0x1f, 0x1f, 0x1f, 0x1f, 0x1e, 0x1f, 0x1e, 0x1e, 0x1e, 0x1e, 0x1e, 0x1e, 0x1e, 0x1e, 0x1e, 0x1d, 0x1e, 0x1e, 0x1d, 0x1d, 0x1d, 0x1d, 0x1e, 0x1d, 0x1e, 0x1e, 0x1d, 0x1e, 0x1e, 0x1d, 0x1e, 0x1d, 0x1d, 0x1e, 0x1e, 0x1d, 0x1e, 0x1e, 0x1e, 0x1e, 0x1e, 0x1e, 0x1e, 0x1e, 0x1f, 0x1e, 0x1f, 0x1f, 0xce, 0xce, 0x20, 0x66, 0xa5, 0x20, 0x21, 0x21, 0x21, 0x21, 0x21, 0x21, 0x21, 0xbb, 0x22, 0xcf, 0x23, 0x23, 0x23, 0x24, 0x24, 0x24, 0x25, 0x25, 0x25, 0x68, 0x26, 0x26, 0x27, 0x27, 0x28, 0x28, 0x29, 0x29, 0x69, 0x2a, 0x2b, 0x2b, 0x79, 0x79, 0x2c, 0x2c, 0x89, 0x2d, 0x2e, 0x2f, 0x2f, 0x30, 0x30, 0x31, 0x32, 0x32, 0x33, 0x33, 0x34, 0xd1, 0x35, 0x35, 0x36, 0x36, 0x37, 0x37, 0x38, 0x38, 0x3a, 0x3a, 0x3a, 0x3b, 0x8e, 0x3c, 0x3c, 0x3d, 0x3d, 0x3e, 0x6e, 0x3f, 0x41, 0x41, 0x42, 0x42, 0x43, 0x44, 0x44, 0x45, 0x46, 0x70, 0x47, 0x48, 0x49, 0x4a, 0x4a, 0x94, 0x4b, 0x4b, 0x7a, 0x7a, 0x95, 0x4d, 0x4e, 0x4e, 0x7b, 0x4f, 0x50, 0x51, 0x51, 0x7c, 0x52, 0x52, 0x53, 0x54, 0x54, 0x55, 0x56, 0x56, 0x73, 0x57, 0x57, 0x59, 0x58, 0x5a, 0x5a, 0x5b, 0x5b, 0x5c, 0x5d, 0x5d, 0x9d, 0x5f, 0x5f, 0x60, 0x60, 0x61, 0x61, 0x9e, 0x75, 0x62, 0x63, 0x62, 0x63, 0x63, 0x63, 0x63, 0x63, 0x63, 0x63, 0x63, 0x63, 0x63, 0x63, 0x63, 0x63, 0x63, 0x63, 0x63, 0x63, 0x63, 0x63, 0x63, 
  0x63, 0x63, 0x63, 0x63, 0x63, 0x63, 0x63, 0x63, 0x63, 0x63, 0x63, 0x63, 0x63, 0x63, 0x63, 0x63, 0x63, 0x63, 0x63, 0x63, 0x62, 0x63, 0x62, 0x62, 0x75, 0x61, 0x61, 0x60, 0x60, 0x5f, 0x9d, 0x5e, 0x5d, 0x5c, 0x5c, 0x5b, 0x5b, 0x5a, 0x59, 0x58, 0x58, 0x57, 0x73, 0x9a, 0x56, 0x55, 0x55, 0x54, 0x53, 0x72, 0x52, 0x7c, 0x51, 0x98, 0x50, 0x4f, 0x7b, 0x7b, 0x4e, 0x96, 0x4c, 0x4c, 0x7a, 0x7a, 0x4b, 0x94, 0x4a, 0x49, 0x49, 0x48, 0x47, 0x70, 0x46, 0x45, 0x44, 0x44, 0x43, 0x42, 0x41, 0x41, 0x40, 0x3f, 0x3e, 0x3e, 0x3d, 0x3d, 0x6d, 0x6d, 0x8e, 0x3b, 0x3a, 0x3a, 0x39, 0x38, 0x6c, 0x37, 0x36, 0x36, 0x35, 0x8c, 0x34, 0x34, 0x33, 0x32, 0x32, 0x6a, 0x30, 0x30, 0x2f, 0x2f, 0x2e, 0x2d, 0x88, 0x2c, 0x79, 0x79, 0x2b, 0x2b, 0x2a, 0x69, 0x29, 0x29, 0x28, 0x28, 0x27, 0x27, 0x26, 0x68, 0x25, 0x25, 0x24, 0x24, 0x24, 0x23, 0x23, 0xcf, 0x85, 0x22, 0x22, 0x21, 0x21, 0x21, 0x20, 0x21, 0x20, 0x20, 0x66, 0x20, 0xce, 0xce, 0xce, 0x1f, 0x1f, 0x1f, 0x1e, 0x1e, 0x1e, 0x1e, 0x1e, 0x1e, 0x1d, 0x1e, 0x1d, 0x1d, 0x1d, 0xa4, 0x1d, 0xcd, 0x65, 0x1d, 0x65, 0x65, 0x1d, 0x1d, 0x1d, 0x65, 0x1d, 0x1d, 0x1d, 0x65, 0x1d, 0x1d, 0x65, 0x1d, 0x1d, 0x1d, 0x1d, 0xa4, 0x1d, 0x1d, 0x1d, 0x1d, 0x1d, 0x1d, 0x1e, 0x1e, 0x1e, 0x1e, 0x1e, 0x1e, 0x1f, 0x1e, 0x1f, 0x1f, 0x1f, 0xa5, 0xce, 0x20, 0x20, 0x20, 0x20, 0x20, 0x21, 0x21, 0x21, 0x21, 0x22, 0x21, 0x22, 0xcf, 0x23, 0x23, 0x23, 0x24, 0x24, 0x24, 0x25, 0x25, 0x68, 0x68, 0x26, 0x27, 0x27, 0x28, 0x28, 0x28, 0x29, 0x29, 0x2a, 0x2b, 0x2b, 0x79, 0x79, 0x79, 0x2c, 0x89, 0x2d, 0x2e, 0x2f, 0x2e, 0x30, 0x30, 0x6a, 0x32, 0x32, 0x33, 0x33, 0x34, 0xd1, 0x35, 0x6b, 0x36, 0x36, 0x37, 0x37, 0x38, 0x38, 0x39, 0x3a, 0x3a, 0x3b, 0x8e, 0x3c, 0x3d, 0x3d, 0x3e, 0x8f, 0x6e, 0x40, 0x40, 0x41, 0x42, 0x6f, 0x43, 0x44, 0x45, 0x45, 0x46, 0xa7, 0x47, 0x49, 0x49, 0x4a, 0x4a, 0x94, 0x4b, 0x7a, 0x7a, 0x4c, 0x4c, 0xd7, 0x4e, 0x7b, 0x7b, 0x4f, 0x51, 0xd8, 0x7c, 0x7c, 0x52, 0x72, 0x53, 0x54, 0x55, 0x55, 0x56, 0x9a, 0x57, 0x73, 0x58, 0x58, 0x59, 0x5a, 0xa8, 0x5b, 0x5c, 0x5c, 0x5d, 0x5d, 0x5e, 0x5f, 0x5f, 0x60, 0x60, 0x61, 0x61, 0x9e, 0x62, 0x75, 0x63, 0x62, 0x63, 0x63, 0x63, 0x63, 0x63, 0x63, 0x63, 0x63, 0x63, 0x63, 0x63, 0x63, 0x63, 0x63, 0x63, 0x63, 0x63, 0x63, 0x63, 
  0x63, 0x63, 0x63, 0x63, 0x63, 0x63, 0x63, 0x63, 0x63, 0x63, 0x63, 0x63, 0x63, 0x63, 0x63, 0x63, 0x63, 0x63, 0x63, 0x62, 0x63, 0x75, 0x62, 0x62, 0x9e, 0x61, 0x60, 0x60, 0x60, 0x9d, 0x5e, 0x5d, 0x5d, 0x5c, 0x5c, 0x5b, 0xa8, 0x59, 0x59, 0x58, 0x58, 0x57, 0x73, 0x56, 0x56, 0x55, 0x54, 0x53, 0x72, 0x52, 0x7c, 0x7c, 0x98, 0xd8, 0x4f, 0x7b, 0x7b, 0x4e, 0x96, 0x4d, 0x4c, 0x7a, 0x7a, 0x4b, 0x94, 0x4a, 0x4a, 0x49, 0x49, 0x48, 0x70, 0x46, 0x45, 0x45, 0x44, 0x6f, 0x42, 0x41, 0x41, 0x40, 0x3f, 0x6e, 0x3d, 0x3d, 0x3d, 0x3c, 0x6d, 0x8e, 0x3b, 0x3a, 0x3a, 0x39, 0x38, 0x6c, 0x37, 0x36, 0x36, 0x35, 0x35, 0x34, 0x34, 0x33, 0x33, 0x31, 0x6a, 0x8a, 0x2f, 0x2f, 0x2f, 0x2d, 0x89, 0x2c, 0x2c, 0x79, 0x79, 0x2b, 0x2b, 0x2a, 0x29, 0x29, 0x28, 0x28, 0x27, 0x27, 0x26, 0x68, 0x25, 0x25, 0x24, 0x24, 0x24, 0x23, 0x23, 0x23, 0x85, 0x22, 0x22, 0x21, 0x21, 0x21, 0x21, 0x21, 0x20, 0x21, 0xce, 0x20, 0xce, 0x84, 0x1f, 0x1f, 0x1e, 0x1f, 0x1e, 0x1e, 0x1e, 0x1e, 0x1e, 0x1d, 0x1d, 0x1d, 0x1d, 0xa4, 0x1d, 0x1d, 0xcd, 0xa4, 0x1c, 0xa4, 0xba, 0x1c, 0x1c, 0x1c, 0x1c, 0x1c, 0xcd, 0x1c, 0x1c, 0x1c, 0x1c, 0x1c, 0x1c, 0x1c, 0x1c, 0x1c, 0x1c, 0x1c, 0x1c, 0x1c, 0xba, 0xba, 0xcd, 0xa4, 0x65, 0x1d, 0x1d, 0x1d, 0x1d, 0x1d, 0x1e, 0x1e, 0x1e, 0x1e, 0x1e, 0x1e, 0x1f, 0x1f, 0x1f, 0x1f, 0x1f, 0xce, 0x20, 0x20, 0x20, 0x20, 0x20, 0x21, 0x21, 0x21, 0x22, 0x21, 0x23, 0x22, 0x23, 0x23, 0x23, 0x24, 0x24, 0x24, 0x25, 0x25, 0x25, 0x68, 0x26, 0x27, 0x27, 0x28, 0x28, 0x28, 0x87, 0x69, 0x2a, 0x2b, 0x79, 0x79, 0x79, 0x88, 0x2c, 0x2d, 0x2e, 0x2e, 0x2f, 0x30, 0x30, 0x6a, 0x31, 0x32, 0x33, 0x33, 0x34, 0x34, 0x8c, 0x35, 0x36, 0x36, 0x37, 0x37, 0x38, 0x38, 0x3a, 0x3a, 0x3a, 0x8e, 0x6d, 0x3c, 0x3c, 0x3d, 0x3e, 0x6e, 0x3f, 0x40, 0x40, 0x42, 0x41, 0x43, 0x91, 0x44, 0x45, 0x46, 0x46, 0x70, 0x48, 0x49, 0x49, 0x4a, 0x94, 0x71, 0x4b, 0x7a, 0x7a, 0x4c, 0x4d, 0x96, 0x7b, 0x7b, 0x4f, 0x4f, 0xd8, 0x51, 0x7c, 0x7c, 0x52, 0x72, 0x53, 0x55, 0x55, 0x55, 0xc2, 0x9a, 0x73, 0x57, 0x58, 0x58, 0x59, 0x5a, 0x5b, 0x5c, 0x5c, 0x5d, 0x5d, 0x9d, 0x5f, 0x5f, 0x60, 0x60, 0x61, 0x61, 0x9e, 0x75, 0x62, 0x62, 0x63, 0x63, 0x63, 0x63, 0x63, 0x63, 0x63, 0x63, 0x63, 0x63, 0x63, 0x63, 0x63, 0x63, 0x63, 0x63, 0x63, 0x63, 0x63, 0x63, 
  0x63, 0x63, 0x63, 0x63, 0x63, 0x63, 0x63, 0x63, 0x63, 0x63, 0x63, 0x63, 0x63, 0x63, 0x63, 0x63, 0x63, 0x63, 0x63, 0x63, 0x62, 0x62, 0x62, 0xd5, 0x61, 0x61, 0x60, 0x60, 0x5f, 0x9d, 0x5e, 0x5d, 0x5c, 0x5c, 0x5b, 0x5b, 0x5a, 0x59, 0x58, 0x58, 0x57, 0x73, 0x56, 0x56, 0x55, 0x54, 0x53, 0x72, 0x52, 0x52, 0x7c, 0x51, 0xd8, 0x50, 0x7b, 0x7b, 0x4e, 0x4e, 0x4d, 0x4c, 0x7a, 0x7a, 0x4b, 0x71, 0x4a, 0x4a, 0x49, 0x48, 0x47, 0x70, 0x46, 0x45, 0x45, 0x44, 0x6f, 0x42, 0x42, 0x41, 0x41, 0x3f, 0x6e, 0x8f, 0x3d, 0x3d, 0x3c, 0x6d, 0x8e, 0x3b, 0x3a, 0x3a, 0x39, 0x38, 0x6c, 0x37, 0x36, 0x36, 0x35, 0x8c, 0x34, 0x33, 0x33, 0x32, 0x31, 0x6a, 0x30, 0x30, 0x2f, 0x2e, 0x2e, 0x89, 0x2c, 0x2c, 0x79, 0x79, 0x2b, 0x2a, 0x69, 0x29, 0x29, 0x28, 0x28, 0x27, 0x26, 0x68, 0x25, 0x25, 0x25, 0x24, 0x24, 0x23, 0x23, 0x23, 0xcf, 0x22, 0xbb, 0x21, 0x21, 0x21, 0x21, 0x20, 0xa5, 0x20, 0x66, 0xce, 0x1f, 0x1f, 0x1f, 0x1e, 0x1e, 0x1e, 0x1e, 0x1e, 0x1e, 0x1e, 0x1d, 0x1d, 0x1d, 0x1d, 0x1d, 0xa4, 0xcd, 0xba, 0x1c, 0xba, 0xb9, 0x1c, 0x1c, 0x1c, 0x1c, 0x1c, 0x1c, 0xb9, 0x1c, 0xb9, 0x1c, 0xb9, 0x1c, 0x1c, 0xb9, 0x1c, 0x1c, 0xb9, 0x1c, 0xb9, 0xb9, 0xb9, 0x1c, 0x1c, 0xb9, 0xb9, 0x1c, 0x1c, 0x1c, 0x1c, 0xba, 0xcd, 0x1d, 0xcd, 0x1d, 0xcd, 0x1e, 0x1d, 0x1e, 0x1e, 0x1e, 0x1e, 0x1e, 0x1f, 0x1e, 0x1f, 0x84, 0x84, 0xce, 0xa5, 0x20, 0x20, 0x20, 0x21, 0x21, 0x22, 0x21, 0x22, 0xcf, 0xcf, 0x23, 0x23, 0x23, 0x24, 0x24, 0x24, 0x25, 0xbc, 0x68, 0x26, 0x27, 0x27, 0x28, 0x28, 0x29, 0xbd, 0x69, 0x2a, 0x2a, 0x79, 0x79, 0x79, 0x2c, 0x88, 0x2d, 0x2e, 0x2e, 0x2f, 0x2f, 0x30, 0x6a, 0x31, 0x32, 0x33, 0x33, 0x34, 0x8b, 0x8c, 0x35, 0x36, 0x36, 0x37, 0xbe, 0x6c, 0x38, 0x39, 0x3a, 0x3b, 0x3b, 0x8e, 0x3c, 0x3c, 0x3d, 0x3e, 0x3e, 0x3f, 0x40, 0x40, 0x41, 0x42, 0x6f, 0x44, 0x45, 0x45, 0x46, 0x70, 0x47, 0x48, 0x49, 0x49, 0x4a, 0x93, 0x71, 0x4b, 0x7a, 0x7a, 0x4c, 0x4d, 0xd7, 0x4e, 0x7b, 0x4f, 0x50, 0x98, 0x51, 0x7c, 0x52, 0x52, 0x53, 0x53, 0x55, 0x55, 0x56, 0x9a, 0x73, 0x57, 0x58, 0x58, 0x59, 0x59, 0xa8, 0xd9, 0x5c, 0x5c, 0x5d, 0x5e, 0x5e, 0x5f, 0x5f, 0x60, 0x60, 0x61, 0x9e, 0x75, 0x62, 0x62, 0x63, 0x62, 0x63, 0x63, 0x63, 0x63, 0x63, 0x63, 0x63, 0x63, 0x63, 0x63, 0x63, 0x63, 0x63, 0x63, 0x63, 0x63, 0x63, 0x63, 
  0x63, 0x63, 0x63, 0x63, 0x63, 0x63, 0x63, 0x63, 0x63, 0x63, 0x63, 0x63, 0x63, 0x63, 0x63, 0x63, 0x63, 0x63, 0x63, 0x62, 0x63, 0x75, 0x62, 0x9e, 0x61, 0x60, 0x60, 0x5f, 0x5f, 0x5e, 0x5d, 0x5c, 0x5c, 0x5b, 0x5b, 0x5a, 0x59, 0x58, 0x58, 0x57, 0x57, 0x73, 0x56, 0x55, 0x55, 0x54, 0x53, 0x72, 0x52, 0x7c, 0x51, 0x98, 0x97, 0x4f, 0x7b, 0x7b, 0x4e, 0x95, 0x4c, 0x7a, 0x7a, 0x4b, 0x4b, 0x94, 0x4a, 0x49, 0x49, 0x48, 0x47, 0x46, 0x46, 0x45, 0x44, 0x43, 0x42, 0x42, 0x40, 0x41, 0x3f, 0x8f, 0x3e, 0x3d, 0x3d, 0x3c, 0x6d, 0xbf, 0x3a, 0x3a, 0x3a, 0x39, 0x38, 0x6c, 0x37, 0x36, 0x36, 0x35, 0x35, 0xd1, 0x34, 0x33, 0x32, 0x32, 0x6a, 0x8a, 0x2f, 0x2f, 0x2e, 0x89, 0x88, 0x2c, 0x79, 0x79, 0x79, 0x2a, 0x2a, 0x69, 0xbd, 0x28, 0x28, 0x28, 0x27, 0x27, 0x26, 0x25, 0x25, 0x24, 0x24, 0x24, 0x23, 0x23, 0x85, 0xbb, 0x21, 0x22, 0x21, 0x21, 0x21, 0x20, 0x20, 0x20, 0x66, 0x84, 0x1f, 0x1f, 0x1f, 0x1e, 0x1f, 0x1e, 0x1e, 0x1e, 0x1d, 0x1e, 0xa4, 0x1d, 0xa4, 0xcd, 0xba, 0xba, 0x1c, 0xb9, 0x1c, 0x1c, 0xb9, 0xb9, 0x1c, 0xb9, 0xb9, 0x1b, 0xb9, 0x1b, 0xb9, 0xb9, 0xb9, 0xb9, 0xb9, 0xb9, 0xb9, 0xb9, 0xb9, 0xb9, 0x1b, 0xb9, 0x1b, 0xb9, 0xb9, 0xb9, 0xb9, 0xb9, 0xb9, 0xb9, 0xb9, 0xb9, 0xb9, 0xb9, 0x1c, 0xb9, 0xcd, 0x1c, 0x1c, 0xcd, 0x65, 0xa4, 0x65, 0x1d, 0x1d, 0x1d, 0x1e, 0x1d, 0x1e, 0x1e, 0x1e, 0x1e, 0x1f, 0x1f, 0xce, 0xa5, 0xa5, 0x20, 0x20, 0x21, 0x21, 0x21, 0x22, 0x22, 0xcf, 0x23, 0x23, 0x23, 0x24, 0x24, 0x24, 0x24, 0x86, 0xbc, 0x26, 0x86, 0x26, 0x27, 0x28, 0x28, 0xbd, 0x29, 0x69, 0x2a, 0x2b, 0x79, 0x79, 0x2c, 0x2c, 0x2d, 0x2e, 0x2e, 0x2f, 0x30, 0x30, 0x6a, 0x31, 0x32, 0x33, 0x33, 0x33, 0x8b, 0x8c, 0x35, 0x36, 0x36, 0x36, 0xbe, 0x6c, 0x39, 0x39, 0x3a, 0x3b, 0x3b, 0x6d, 0x3c, 0x3d, 0x3d, 0x3e, 0x3e, 0x3f, 0x40, 0x41, 0x41, 0x90, 0x90, 0x43, 0x45, 0x45, 0x92, 0x70, 0x47, 0x48, 0x49, 0x49, 0x93, 0x94, 0x4b, 0x7a, 0x7a, 0x4c, 0x4c, 0xd7, 0x4e, 0x7b, 0x7b, 0x4f, 0x50, 0x51, 0x7c, 0x7c, 0x7c, 0x99, 0x53, 0x54, 0x55, 0x55, 0x56, 0x73, 0x73, 0x57, 0x58, 0x58, 0x59, 0x5a, 0x5b, 0x5b, 0x5c, 0x5c, 0x5d, 0x5e, 0x5e, 0x5f, 0x60, 0x60, 0x61, 0x60, 0x9e, 0x75, 0x62, 0x62, 0x63, 0x63, 0x63, 0x63, 0x63, 0x63, 0x63, 0x63, 0x63, 0x63, 0x63, 0x63, 0x63, 0x63, 0x63, 0x63, 0x63, 0x63, 0x63, 
  0x63, 0x63, 0x63, 0x63, 0x63, 0x63, 0x63, 0x63, 0x63, 0x63, 0x63, 0x63, 0x63, 0x63, 0x63, 0x63, 0x63, 0x63, 0x63, 0x62, 0x62, 0x62, 0x75, 0x61, 0x61, 0x60, 0x60, 0x5f, 0x9d, 0x5e, 0x9c, 0x5c, 0x5c, 0x5b, 0x5b, 0x9b, 0x59, 0x58, 0x58, 0x57, 0x73, 0x56, 0x56, 0x55, 0x54, 0x53, 0x72, 0x52, 0x7c, 0x7c, 0x51, 0x98, 0x4f, 0x7b, 0x7b, 0x4e, 0xd7, 0x95, 0x7a, 0x7a, 0x4b, 0x4b, 0x94, 0x4a, 0x49, 0x49, 0x48, 0x47, 0x46, 0x46, 0x45, 0x44, 0x43, 0x42, 0x42, 0x41, 0x41, 0x3f, 0x8f, 0xc0, 0x3d, 0x3d, 0x3c, 0x6d, 0x8e, 0xbf, 0x3a, 0x3a, 0x39, 0x38, 0x37, 0x37, 0x36, 0x36, 0x35, 0x6b, 0x34, 0x34, 0x33, 0x33, 0x31, 0x6a, 0x8a, 0x2f, 0x2f, 0x2e, 0x2e, 0x88, 0x2c, 0x2c, 0x79, 0x2b, 0x2b, 0x2a, 0xbd, 0x29, 0x28, 0x28, 0x27, 0x27, 0x26, 0x68, 0x25, 0x24, 0x24, 0x24, 0x23, 0x23, 0x23, 0x85, 0xbb, 0x21, 0x21, 0x21, 0x21, 0x20, 0x20, 0x20, 0xa5, 0xce, 0x1f, 0x1f, 0x1e, 0x1e, 0x1e, 0x1e, 0x1e, 0x1d, 0x1d, 0x1d, 0x1d, 0xcd, 0xcd, 0xba, 0xba, 0x1c, 0x1c, 0x1c, 0xb9, 0xb9, 0xb9, 0xb9, 0xb9, 0xb9, 0x1b, 0x1b, 0x1b, 0xb9, 0x1b, 0x1b, 0x1b, 0x1b, 0x1b, 0x1b, 0x1b, 0x1b, 0x1b, 0x1b, 0x1b, 0x1b, 0x1b, 0x1b, 0x1b, 0x1b, 0x1b, 0x1b, 0x1b, 0x1b, 0x1b, 0x1b, 0xb9, 0x1b, 0xb9, 0xb9, 0x1b, 0x1c, 0xb9, 0xb9, 0x1c, 0xb9, 0x1c, 0x1c, 0x1c, 0xa4, 0x1d, 0x1d, 0xa4, 0x1e, 0x1d, 0x1e, 0x1e, 0x1e, 0x1e, 0x1e, 0x1f, 0x1f, 0x84, 0xce, 0x20, 0x20, 0x21, 0x21, 0x21, 0x21, 0x22, 0x22, 0xcf, 0x23, 0x23, 0x23, 0x24, 0x24, 0x24, 0x24, 0x25, 0x86, 0x26, 0x27, 0x27, 0x28, 0x28, 0x29, 0x29, 0x2a, 0x2a, 0x2b, 0x79, 0x79, 0x2c, 0x2c, 0x89, 0x2e, 0x2e, 0x2f, 0x2f, 0x30, 0x8a, 0x31, 0x31, 0x33, 0x33, 0x33, 0x34, 0x8c, 0x35, 0x36, 0x36, 0x36, 0x37, 0x38, 0x39, 0x3a, 0x3a, 0x3b, 0x3b, 0x6d, 0x3c, 0x3d, 0x3d, 0x3e, 0x3e, 0x3f, 0x40, 0x41, 0x41, 0x42, 0x91, 0x44, 0x45, 0x45, 0x46, 0xa7, 0x47, 0x49, 0x49, 0x4a, 0x4a, 0x71, 0x4b, 0x7a, 0x4c, 0x4c, 0x4d, 0x96, 0x4e, 0x7b, 0x4f, 0x4f, 0x98, 0x51, 0x7c, 0x7c, 0x99, 0x72, 0x54, 0x55, 0x55, 0x56, 0x56, 0x73, 0x57, 0x58, 0x58, 0x59, 0x5a, 0x5a, 0x5b, 0x5c, 0x5c, 0x5d, 0x5d, 0x5e, 0x5f, 0x5f, 0x60, 0x60, 0x61, 0x61, 0x75, 0x62, 0x62, 0x62, 0x62, 0x63, 0x63, 0x63, 0x63, 0x63, 0x63, 0x63, 0x63, 0x63, 0x63, 0x63, 0x63, 0x63, 0x63, 0x63, 0x63, 0x63, 
  0x63, 0x63, 0x63, 0x63, 0x63, 0x63, 0x63, 0x63, 0x63, 0x63, 0x63, 0x63, 0x63, 0x63, 0x63, 0x63, 0x63, 0x63, 0x62, 0x63, 0x75, 0x62, 0x9e, 0x61, 0x61, 0x60, 0x5f, 0x5f, 0x9d, 0x9c, 0x5d, 0x5c, 0x5c, 0x5b, 0xa8, 0x59, 0x59, 0x58, 0x57, 0x73, 0x73, 0x56, 0x55, 0x55, 0x54, 0x72, 0x99, 0x7c, 0x7c, 0x51, 0x98, 0x4f, 0x4f, 0x7b, 0x4e, 0x4e, 0x95, 0x4c, 0x7a, 0x7a, 0x4b, 0x71, 0x4a, 0x49, 0x49, 0x48, 0x47, 0x70, 0x46, 0x45, 0x44, 0x44, 0x6f, 0x42, 0x41, 0x41, 0x40, 0x3f, 0xc0, 0x3d, 0x3d, 0x3c, 0x3c, 0x8e, 0x3b, 0x3a, 0x3a, 0x39, 0x38, 0x6c, 0x37, 0x36, 0x36, 0x35, 0x35, 0x34, 0x34, 0x32, 0x33, 0x31, 0x6a, 0x8a, 0x2f, 0x2f, 0x2f, 0x89, 0x89, 0x2c, 0x2c, 0x79, 0x2b, 0x2b, 0x2a, 0x87, 0x29, 0x28, 0x28, 0x27, 0x27, 0x26, 0x68, 0x25, 0x24, 0x24, 0x24, 0x23, 0x23, 0xcf, 0x22, 0x22, 0x21, 0x21, 0x21, 0x20, 0x20, 0x20, 0x20, 0x84, 0x1f, 0x1f, 0x1e, 0x1e, 0x1e, 0x1e, 0x1e, 0x1d, 0x1d, 0x65, 0xcd, 0xba, 0x1c, 0x1c, 0x1c, 0x1c, 0xb9, 0xb9, 0xb9, 0xb9, 0xb9, 0xb9, 0x1b, 0x1b, 0x1b, 0x1b, 0x1b, 0x1b, 0x83, 0x83, 0x1b, 0x83, 0x1b, 0x83, 0xb8, 0x83, 0xb8, 0x83, 0xcc, 0xb8, 0x83, 0xb8, 0x83, 0x83, 0x83, 0x83, 0x1b, 0x1b, 0x83, 0x1b, 0x83, 0x1b, 0x83, 0x1b, 0x1b, 0x1b, 0x1b, 0x1b, 0xb9, 0x1b, 0xb9, 0xb9, 0xb9, 0xb9, 0x1c, 0x1c, 0x1c, 0xba, 0xcd, 0xba, 0x1d, 0x1d, 0x1d, 0x1d, 0x1e, 0x1e, 0x1e, 0x1e, 0x1f, 0x1f, 0x1f, 0xce, 0x20, 0x20, 0x20, 0x21, 0x21, 0x21, 0x22, 0x22, 0xcf, 0x23, 0x23, 0x23, 0x24, 0x24, 0x25, 0x24, 0x86, 0x26, 0x26, 0x27, 0x28, 0x28, 0x28, 0x87, 0x69, 0x2a, 0x2b, 0x2b, 0x79, 0x2c, 0x2c, 0x89, 0x2d, 0x2e, 0x2f, 0x2f, 0x8a, 0x8a, 0x31, 0x32, 0x33, 0x33, 0x34, 0x34, 0x8c, 0x35, 0x36, 0x36, 0x36, 0x37, 0x38, 0x39, 0x3a, 0x3a, 0x3b, 0x3b, 0x3c, 0x6d, 0x3d, 0x3d, 0x3e, 0x6e, 0x3f, 0x41, 0x41, 0x42, 0x90, 0x43, 0x44, 0x45, 0x92, 0x46, 0x47, 0x48, 0x48, 0x49, 0x4a, 0x94, 0x71, 0x4b, 0x7a, 0x7a, 0x4c, 0x4d, 0x4e, 0x7b, 0x7b, 0x4f, 0x50, 0x51, 0x51, 0x7c, 0x52, 0x99, 0x53, 0x54, 0x55, 0x55, 0xc2, 0x73, 0x73, 0x57, 0x58, 0x59, 0x59, 0x5a, 0x5b, 0x5b, 0x5c, 0x5c, 0x5d, 0x9c, 0x9d, 0x5f, 0x60, 0x60, 0x60, 0x61, 0x9e, 0x75, 0x62, 0x63, 0x63, 0x63, 0x63, 0x63, 0x63, 0x63, 0x63, 0x63, 0x63, 0x63, 0x63, 0x63, 0x63, 0x63, 0x63, 0x63, 0x63, 0x63, 
  0x63, 0x63, 0x63, 0x63, 0x63, 0x63, 0x63, 0x63, 0x63, 0x63, 0x63, 0x63, 0x63, 0x63, 0x63, 0x63, 0x63, 0x62, 0x63, 0x62, 0x62, 0x9e, 0x61, 0x61, 0x60, 0x60, 0x5f, 0x9d, 0x5d, 0x5d, 0x5c, 0x5c, 0x5b, 0x5b, 0x5a, 0x59, 0x58, 0x58, 0x57, 0x73, 0x56, 0x55, 0x56, 0x54, 0x53, 0x72, 0x52, 0x7c, 0x51, 0x98, 0x97, 0x4f, 0x7b, 0x7b, 0x4e, 0x95, 0x4c, 0x7a, 0x7a, 0x4b, 0x71, 0x71, 0x49, 0x4a, 0x48, 0x48, 0x70, 0x92, 0x45, 0x45, 0x44, 0x6f, 0x42, 0x41, 0x41, 0x40, 0x3f, 0x8f, 0x3e, 0x3d, 0x3c, 0x3c, 0x8e, 0x8e, 0x3a, 0x3a, 0x3a, 0x38, 0x6c, 0x37, 0x36, 0x36, 0x36, 0x35, 0x34, 0x34, 0x33, 0x32, 0x31, 0xa6, 0x8a, 0x2f, 0x2f, 0x2f, 0x2d, 0x88, 0x88, 0x79, 0x79, 0x2b, 0x2b, 0x2a, 0x69, 0x29, 0x28, 0x28, 0x27, 0x27, 0x26, 0x25, 0x25, 0x24, 0x24, 0x24, 0x23, 0x23, 0x85, 0x85, 0x21, 0x21, 0x21, 0x21, 0x20, 0x20, 0xa5, 0x84, 0x1f, 0x1f, 0x1f, 0x1e, 0x1e, 0x1e, 0x1e, 0x1d, 0x1d, 0x1d, 0xcd, 0x1c, 0x1c, 0x1c, 0xb9, 0xb9, 0xb9, 0xb9, 0xb9, 0xb9, 0x1b, 0x1b, 0x1b, 0x1b, 0x1b, 0x1b, 0x83, 0x83, 0xb8, 0xb8, 0xcc, 0x1a, 0xb8, 0x1a, 0x1a, 0x1a, 0x1a, 0x1a, 0x1a, 0x1a, 0x1a, 0x1a, 0x1a, 0x1a, 0x1a, 0x1a, 0xb7, 0x1a, 0x1a, 0x1a, 0x1a, 0x1a, 0x1a, 0xb7, 0x1a, 0xb8, 0xb8, 0x83, 0xcc, 0x1b, 0x1b, 0x1b, 0x1b, 0xb9, 0x1b, 0xb9, 0xb9, 0xb9, 0xb9, 0xb9, 0x1c, 0x1c, 0xba, 0xba, 0x65, 0xa4, 0x1d, 0x1d, 0x1d, 0x1e, 0x1e, 0x1e, 0x1f, 0x84, 0xce, 0xa5, 0x20, 0x20, 0x21, 0x21, 0x21, 0x21, 0x22, 0x85, 0x23, 0x23, 0x24, 0x23, 0x24, 0x24, 0x24, 0xbc, 0x26, 0x26, 0x26, 0x28, 0x28, 0x29, 0x29, 0x69, 0x2a, 0x2b, 0x79, 0x2b, 0x2c, 0x2c, 0x89, 0x2d, 0x2e, 0x2f, 0x2f, 0x30, 0x8a, 0xa6, 0xa6, 0x33, 0x33, 0x33, 0x34, 0x8c, 0x8c, 0x36, 0x36, 0x37, 0x8d, 0x38, 0x39, 0x3a, 0x3a, 0x3b, 0xbf, 0x3c, 0x3c, 0x3d, 0x3d, 0x3e, 0x3f, 0x3f, 0x41, 0x41, 0x42, 0x91, 0x43, 0x45, 0x45, 0x46, 0x46, 0x47, 0x48, 0x49, 0x4a, 0x4a, 0x71, 0x4b, 0x7a, 0x7a, 0x4c, 0x4c, 0x96, 0x4e, 0x7b, 0x7b, 0x4f, 0x97, 0x51, 0x7c, 0x7c, 0x52, 0x99, 0x54, 0x54, 0x55, 0x56, 0xc2, 0x73, 0x57, 0x57, 0x58, 0x59, 0x59, 0xd9, 0x5b, 0x5b, 0x5c, 0x5d, 0x5d, 0x9c, 0x5f, 0x5f, 0x60, 0x60, 0x61, 0x61, 0x9e, 0x62, 0x62, 0x62, 0x63, 0x63, 0x63, 0x63, 0x63, 0x63, 0x63, 0x63, 0x63, 0x63, 0x63, 0x63, 0x63, 0x63, 0x63, 0x63, 0x63, 
  0x63, 0x63, 0x63, 0x63, 0x63, 0x63, 0x63, 0x63, 0x63, 0x63, 0x63, 0x63, 0x63, 0x63, 0x63, 0x63, 0x63, 0x62, 0x63, 0x9e, 0x62, 0x61, 0x61, 0x60, 0x60, 0x60, 0x9d, 0x9d, 0x5d, 0x5c, 0x5c, 0x5c, 0x5b, 0xd9, 0x59, 0x59, 0x58, 0x57, 0x73, 0x73, 0x56, 0x56, 0x54, 0x54, 0x53, 0x52, 0x7c, 0x7c, 0x51, 0x50, 0x4f, 0x7b, 0x7b, 0x4e, 0x96, 0x4c, 0x7a, 0x7a, 0x7a, 0x4b, 0x94, 0x4a, 0x49, 0x49, 0x48, 0x47, 0x46, 0x46, 0x45, 0x44, 0x91, 0x42, 0x41, 0x41, 0x40, 0x3f, 0x8f, 0x3e, 0x3d, 0x3d, 0x6d, 0x6d, 0x3b, 0x3b, 0x3a, 0x3a, 0x38, 0x38, 0x37, 0x36, 0x36, 0x35, 0x35, 0xd1, 0x34, 0x33, 0x33, 0x32, 0x6a, 0x30, 0x2f, 0x2f, 0x2f, 0x89, 0x89, 0x2c, 0x79, 0x79, 0x79, 0x2a, 0x2a, 0x69, 0x29, 0x28, 0x28, 0x27, 0x26, 0x68, 0x25, 0x25, 0x24, 0x24, 0x23, 0x23, 0xcf, 0x85, 0x22, 0x21, 0x21, 0x21, 0x20, 0x20, 0xa5, 0x84, 0x1f, 0x1f, 0x1e, 0x1e, 0x1e, 0x1e, 0x1e, 0x1d, 0x1d, 0xa4, 0xcd, 0xcd, 0x1c, 0xb9, 0xb9, 0xb9, 0xb9, 0xb9, 0x1b, 0x1b, 0x1b, 0x83, 0x1b, 0x83, 0xb8, 0xb8, 0xb7, 0xb7, 0x1a, 0x1a, 0x1a, 0x1a, 0x1a, 0x1a, 0x1a, 0x1a, 0x19, 0x19, 0x19, 0x19, 0x19, 0x19, 0x19, 0x19, 0x19, 0x19, 0x19, 0x19, 0x19, 0x19, 0x19, 0x19, 0x19, 0x19, 0x1a, 0x1a, 0x1a, 0x1a, 0x1a, 0x1a, 0x1a, 0x1a, 0xb8, 0x83, 0x83, 0x83, 0x1b, 0x1b, 0x1b, 0x1b, 0xb9, 0xb9, 0xb9, 0xb9, 0xb9, 0x1c, 0x1c, 0xba, 0xcd, 0xa4, 0x1d, 0x1d, 0x1e, 0x1e, 0x1e, 0x1e, 0x1f, 0x1f, 0xce, 0x20, 0x20, 0x20, 0x21, 0x21, 0x21, 0x22, 0x22, 0x85, 0x85, 0x23, 0x24, 0x24, 0x25, 0x24, 0x86, 0x68, 0x26, 0x27, 0x27, 0x28, 0x28, 0x29, 0x69, 0x2a, 0x2a, 0x79, 0x79, 0x79, 0x2c, 0x89, 0x2d, 0x2e, 0x2f, 0x2f, 0x8a, 0x30, 0xa6, 0x31, 0x33, 0x33, 0x34, 0x34, 0x8c, 0x35, 0x36, 0x36, 0x37, 0x6c, 0x38, 0x39, 0x3a, 0x3a, 0x3b, 0x8e, 0x3c, 0x3c, 0x3d, 0x3d, 0x8f, 0x3f, 0x40, 0x41, 0x41, 0x42, 0x91, 0x44, 0x45, 0x45, 0x46, 0x70, 0x48, 0x48, 0x49, 0x4a, 0x4a, 0x71, 0x4b, 0x7a, 0x4c, 0x4c, 0x4d, 0x4e, 0x4e, 0x7b, 0x4f, 0x97, 0x98, 0x51, 0x7c, 0x52, 0x52, 0x53, 0x54, 0x55, 0x55, 0x56, 0x73, 0x73, 0x58, 0x58, 0x58, 0x59, 0x5a, 0x5b, 0x5b, 0x5c, 0x5c, 0x5c, 0x9c, 0x5e, 0x5f, 0x5f, 0x60, 0x61, 0x61, 0x9e, 0x75, 0x62, 0x63, 0x62, 0x63, 0x63, 0x63, 0x63, 0x63, 0x63, 0x63, 0x63, 0x63, 0x63, 0x63, 0x63, 0x63, 0x63, 0x63, 0x63, 
  0x63, 0x63, 0x63, 0x63, 0x63, 0x63, 0x63, 0x63, 0x63, 0x63, 0x63, 0x63, 0x63, 0x63, 0x63, 0x63, 0x63, 0x62, 0x62, 0x62, 0x75, 0x61, 0x61, 0x60, 0x60, 0x60, 0x5f, 0x5e, 0x9c, 0x5c, 0x5c, 0x5b, 0x5b, 0x5a, 0x59, 0x58, 0x58, 0x57, 0x73, 0x56, 0x56, 0x55, 0x54, 0x53, 0x72, 0x7c, 0x52, 0x51, 0x98, 0x50, 0x4f, 0x7b, 0x7b, 0x4e, 0x96, 0x4d, 0x7a, 0x7a, 0x4b, 0x71, 0x4a, 0x4a, 0x49, 0x48, 0x48, 0x46, 0x46, 0x45, 0x44, 0x43, 0x42, 0x42, 0x41, 0x41, 0x3f, 0x6e, 0x3e, 0x3d, 0x3d, 0x3c, 0x3c, 0x8e, 0x3b, 0x3a, 0x3a, 0x39, 0x38, 0x37, 0x37, 0x36, 0x36, 0x35, 0xd1, 0x34, 0x33, 0x33, 0x32, 0x6a, 0x30, 0x30, 0x2f, 0x2f, 0x2e, 0x89, 0x2c, 0x79, 0x79, 0x79, 0x2a, 0x2a, 0x29, 0x29, 0x28, 0x28, 0x27, 0x26, 0x68, 0x25, 0x25, 0x24, 0x24, 0x23, 0x23, 0xcf, 0x22, 0x22, 0x21, 0x21, 0x21, 0x20, 0x20, 0xce, 0x84, 0x1f, 0x1f, 0x1e, 0x1e, 0x1e, 0x1e, 0x1d, 0x1d, 0x1d, 0xcd, 0x1c, 0x1c, 0x1c, 0xb9, 0x1c, 0xb9, 0x1b, 0x1b, 0x1b, 0x1b, 0x1b, 0x1b, 0xb8, 0xb8, 0xb7, 0x1a, 0x1a, 0x1a, 0x1a, 0x1a, 0x19, 0x19, 0x19, 0x19, 0x19, 0x18, 0x19, 0x19, 0x19, 0x19, 0x19, 0x19, 0x19, 0x19, 0x19, 0x19, 0x19, 0x19, 0x19, 0x19, 0x19, 0x19, 0x19, 0x19, 0x19, 0x19, 0x19, 0x19, 0x19, 0x19, 0x19, 0x1a, 0x1a, 0x1a, 0x1a, 0x1a, 0xb7, 0xb8, 0x83, 0x83, 0x1b, 0x1b, 0x1b, 0x1b, 0xb9, 0xb9, 0xb9, 0xb9, 0x1c, 0x1c, 0x1c, 0xba, 0xcd, 0x1d, 0x1d, 0x1e, 0x1e, 0x1e, 0x1e, 0x1f, 0x1f, 0x66, 0xa5, 0x21, 0x20, 0x21, 0x21, 0x21, 0x22, 0x85, 0x23, 0x23, 0x23, 0x24, 0x24, 0x25, 0xbc, 0x68, 0x26, 0x27, 0x27, 0x28, 0x28, 0x29, 0x29, 0x69, 0x2a, 0x2b, 0x79, 0x79, 0x2c, 0x89, 0x2e, 0x2d, 0x2f, 0x2f, 0x30, 0x8a, 0x31, 0x31, 0x33, 0x33, 0x34, 0xd1, 0x35, 0x35, 0x36, 0x36, 0x37, 0x6c, 0x39, 0x39, 0x3a, 0x3a, 0x3b, 0x6d, 0x6d, 0x3d, 0x3d, 0x3e, 0x3f, 0x3f, 0x41, 0x41, 0x42, 0x90, 0x43, 0x45, 0x45, 0x46, 0x46, 0x47, 0x48, 0x49, 0x49, 0x4a, 0x94, 0x71, 0x4b, 0x7a, 0x4c, 0x4d, 0x96, 0x4e, 0x7b, 0x4f, 0x4f, 0x98, 0x51, 0x7c, 0x7c, 0x52, 0x72, 0x54, 0x54, 0x55, 0x56, 0x56, 0x73, 0x57, 0x57, 0x58, 0x59, 0x5a, 0xd9, 0xd9, 0x5b, 0x5c, 0x5c, 0x5d, 0x5e, 0x5f, 0x5f, 0x60, 0x60, 0x61, 0x9e, 0x75, 0x62, 0x62, 0x62, 0x63, 0x63, 0x63, 0x63, 0x63, 0x63, 0x63, 0x63, 0x63, 0x63, 0x63, 0x63, 0x63, 0x63, 0x63, 0x63, 
  0x63, 0x63, 0x63, 0x63, 0x63, 0x63, 0x63, 0x63, 0x63, 0x63, 0x63, 0x63, 0x63, 0x63, 0x63, 0x63, 0x62, 0x63, 0x62, 0x62, 0x9e, 0x61, 0x61, 0x60, 0x60, 0x5f, 0x9d, 0x5d, 0x5d, 0x5c, 0x5c, 0x5b, 0xa8, 0x59, 0x59, 0x58, 0x57, 0x57, 0x73, 0x56, 0x55, 0x55, 0x54, 0x72, 0xc1, 0x7c, 0x7c, 0x51, 0xd8, 0x4f, 0x7b, 0x7b, 0x96, 0x96, 0x4c, 0x7a, 0x7a, 0x4b, 0x71, 0x94, 0x4a, 0x49, 0x48, 0x48, 0x70, 0x46, 0x45, 0x45, 0x43, 0x91, 0x42, 0x41, 0x41, 0x3f, 0x6e, 0x3e, 0x3d, 0x3d, 0x3c, 0x6d, 0x8e, 0x3b, 0x3a, 0x39, 0x39, 0x38, 0x37, 0x37, 0x36, 0x36, 0x35, 0xd1, 0x34, 0x33, 0x33, 0x32, 0x6a, 0x8a, 0x2f, 0x2f, 0x2e, 0x2d, 0x89, 0x2c, 0x79, 0x79, 0x2b, 0x2a, 0x69, 0xbd, 0x29, 0x28, 0x28, 0x27, 0x26, 0x68, 0xbc, 0x24, 0x24, 0x24, 0x23, 0x23, 0x85, 0x22, 0x21, 0x21, 0x21, 0x20, 0x20, 0xa5, 0x84, 0x1f, 0x1e, 0x1e, 0x1e, 0x1e, 0x1e, 0x1d, 0x1d, 0x1d, 0xcd, 0xcd, 0x1c, 0x1c, 0xb9, 0xb9, 0xb9, 0x1b, 0x1b, 0x1b, 0x83, 0xcc, 0xb7, 0xb7, 0x1a, 0x1a, 0x1a, 0x19, 0x19, 0x19, 0x19, 0x19, 0x19, 0x19, 0x19, 0x19, 0x18, 0x19, 0x18, 0x18, 0x18, 0x18, 0x18, 0x18, 0x18, 0x81, 0x18, 0x18, 0x18, 0x18, 0x18, 0x18, 0x18, 0x18, 0x18, 0x18, 0x18, 0x18, 0x18, 0x18, 0x19, 0x18, 0x19, 0x19, 0x19, 0x18, 0x19, 0x19, 0x1a, 0x19, 0x1a, 0x1a, 0x1a, 0xb7, 0xb8, 0x83, 0x1b, 0x1b, 0x1b, 0x1b, 0xb9, 0x1b, 0x1c, 0xb9, 0x1c, 0x1c, 0xcd, 0x1d, 0x65, 0x1d, 0x1e, 0x1e, 0x1e, 0x1f, 0x1e, 0xce, 0x1f, 0x20, 0x20, 0x21, 0x21, 0x21, 0x22, 0x22, 0x85, 0x23, 0x23, 0x24, 0x24, 0x24, 0x25, 0x68, 0x26, 0x27, 0x27, 0x28, 0x28, 0x29, 0x29, 0x69, 0x2a, 0x2b, 0x79, 0x79, 0x2c, 0x2c, 0x89, 0x2e, 0x2f, 0x2f, 0x30, 0x8a, 0x31, 0x32, 0x33, 0x33, 0x34, 0xd1, 0x35, 0x36, 0x36, 0x37, 0x37, 0x6c, 0x38, 0x3a, 0x3a, 0x3b, 0x3b, 0x6d, 0x3c, 0x3d, 0x3d, 0x3e, 0x6e, 0x3f, 0x41, 0x41, 0x42, 0x42, 0x44, 0x45, 0x45, 0x46, 0x70, 0x47, 0x48, 0x49, 0x4a, 0x4a, 0x94, 0x4b, 0x7a, 0x7a, 0x4c, 0x95, 0x96, 0x4e, 0x7b, 0x4f, 0x4f, 0x98, 0x51, 0x7c, 0x7c, 0xc1, 0x53, 0x54, 0x54, 0x55, 0x56, 0x56, 0x73, 0x57, 0x58, 0x58, 0x59, 0x5a, 0xa8, 0x5b, 0x5c, 0x5c, 0x5d, 0x5d, 0x9d, 0x5f, 0x60, 0x60, 0x61, 0x61, 0x9e, 0x62, 0x62, 0x63, 0x62, 0x63, 0x63, 0x63, 0x63, 0x63, 0x63, 0x63, 0x63, 0x63, 0x63, 0x63, 0x63, 0x63, 0x63, 0x63, 
  0x63, 0x63, 0x63, 0x63, 0x63, 0x63, 0x63, 0x63, 0x63, 0x63, 0x63, 0x63, 0x63, 0x63, 0x63, 0x62, 0x63, 0x62, 0x62, 0x75, 0x61, 0x61, 0x60, 0x60, 0x5f, 0x9d, 0x9c, 0x5d, 0x5c, 0x5c, 0x5b, 0x5b, 0x5a, 0x59, 0x58, 0x58, 0x57, 0xc2, 0x56, 0x56, 0x55, 0x54, 0x53, 0x99, 0x7c, 0x7c, 0x51, 0x98, 0x97, 0x4f, 0x7b, 0x4e, 0x4e, 0x95, 0x4c, 0x7a, 0x7a, 0x71, 0x71, 0x4a, 0x49, 0x49, 0x48, 0x47, 0x46, 0x46, 0x45, 0x44, 0x91, 0x42, 0x41, 0x41, 0x40, 0x8f, 0x8f, 0x3d, 0x3d, 0x3c, 0x6d, 0x8e, 0x3b, 0x3a, 0x3a, 0x39, 0x38, 0x37, 0x37, 0x36, 0x36, 0x35, 0xd1, 0x8b, 0x33, 0x33, 0x32, 0x31, 0x30, 0x30, 0x2f, 0x2f, 0x2e, 0x2c, 0x88, 0x79, 0x79, 0x79, 0x2a, 0x69, 0x29, 0x29, 0x28, 0x27, 0x27, 0x26, 0x68, 0x25, 0x24, 0x24, 0x24, 0x23, 0xcf, 0x22, 0x22, 0x21, 0x21, 0x21, 0x20, 0x20, 0xa5, 0x84, 0x1f, 0x1e, 0x1e, 0x1e, 0x1e, 0x1d, 0x1d, 0xa4, 0xcd, 0xcd, 0x1c, 0x1c, 0xb9, 0xb9, 0xb9, 0x1b, 0x1b, 0x1b, 0x83, 0xb8, 0xb7, 0x1a, 0x1a, 0x1a, 0x19, 0x19, 0x19, 0x19, 0x19, 0x19, 0x18, 0x19, 0x18, 0x18, 0x18, 0x18, 0x18, 0xc9, 0x18, 0xc9, 0xc9, 0xc9, 0xc9, 0xc9, 0xc9, 0x81, 0xc9, 0xc9, 0x81, 0xc9, 0xc9, 0xc9, 0x81, 0xc9, 0x81, 0xc9, 0x81, 0x18, 0x81, 0x18, 0xc9, 0x18, 0x18, 0x18, 0x18, 0x19, 0x18, 0x19, 0x19, 0x19, 0x19, 0x19, 0x19, 0x1a, 0x1a, 0x1a, 0xb7, 0xb8, 0x83, 0x1b, 0x1b, 0x1b, 0xb9, 0xb9, 0xb9, 0xb9, 0x1c, 0x1c, 0xcd, 0x1d, 0x1d, 0x1d, 0x1e, 0x1e, 0x1f, 0x1e, 0x1f, 0x84, 0x20, 0x20, 0x20, 0x21, 0x21, 0x21, 0x22, 0xcf, 0x23, 0x23, 0x24, 0x24, 0x24, 0x25, 0x25, 0x26, 0x26, 0x27, 0x28, 0x28, 0x29, 0x29, 0x2a, 0x2a, 0x2b, 0x79, 0x79, 0x2c, 0x88, 0x2d, 0x2e, 0x2f, 0x2f, 0x30, 0x6a, 0x31, 0x32, 0x33, 0x33, 0x8b, 0xd1, 0x6b, 0x36, 0x36, 0x37, 0x37, 0x38, 0x6c, 0x3a, 0x3a, 0x3b, 0xbf, 0x6d, 0x3c, 0x3d, 0x3d, 0x3e, 0x3f, 0x40, 0x41, 0x41, 0x42, 0x43, 0x44, 0x45, 0x45, 0x46, 0x70, 0x48, 0x49, 0x49, 0x4a, 0x4a, 0x71, 0x4b, 0x7a, 0x7a, 0x4c, 0x96, 0x4e, 0x7b, 0x7b, 0x4f, 0x50, 0x51, 0x7c, 0x7c, 0x52, 0x72, 0x54, 0x54, 0x55, 0x56, 0x56, 0x73, 0x57, 0x58, 0x58, 0x59, 0x59, 0xa8, 0x5b, 0x5b, 0x5c, 0x5c, 0x5d, 0x5e, 0x9d, 0x5f, 0x60, 0x60, 0x61, 0x9e, 0x75, 0x62, 0x62, 0x63, 0x63, 0x63, 0x63, 0x63, 0x63, 0x63, 0x63, 0x63, 0x63, 0x63, 0x63, 0x63, 0x63, 0x63, 0x63, 
  0x63, 0x63, 0x63, 0x63, 0x63, 0x63, 0x63, 0x63, 0x63, 0x63, 0x63, 0x63, 0x63, 0x63, 0x63, 0x62, 0x62, 0x62, 0x62, 0x9e, 0x61, 0x61, 0x60, 0x60, 0x5f, 0x5f, 0x9c, 0x5d, 0x5c, 0x5c, 0x5b, 0xa8, 0x5a, 0x59, 0x58, 0x58, 0x73, 0x73, 0x56, 0x55, 0x54, 0x54, 0x72, 0x52, 0x7c, 0x7c, 0x51, 0x98, 0x4f, 0x7b, 0x7b, 0x4e, 0x96, 0x4c, 0x4c, 0x7a, 0x4b, 0x71, 0x4a, 0x4a, 0x49, 0x48, 0x48, 0x70, 0x46, 0x45, 0x44, 0x44, 0x6f, 0x42, 0x41, 0x40, 0x3f, 0x8f, 0x3e, 0x3d, 0x3d, 0x3c, 0x8e, 0x3b, 0x3b, 0x3a, 0x39, 0x38, 0x6c, 0x37, 0x36, 0x36, 0x35, 0x35, 0x34, 0x34, 0x33, 0x32, 0x31, 0x8a, 0x30, 0x2f, 0x2e, 0x2e, 0x2d, 0x2c, 0x2c, 0x79, 0x2b, 0x2b, 0x69, 0xbd, 0x29, 0x27, 0x28, 0x27, 0x26, 0x68, 0x25, 0x24, 0x24, 0x24, 0x67, 0x23, 0x22, 0x22, 0x21, 0x21, 0x21, 0x20, 0x20, 0xce, 0x1f, 0x1f, 0x1e, 0x1e, 0x1e, 0x1d, 0x1d, 0x1d, 0xcd, 0x1c, 0x1c, 0x1c, 0xb9, 0xb9, 0x1b, 0xb9, 0xcc, 0x1b, 0x83, 0xb8, 0x1a, 0x1a, 0x1a, 0x19, 0x19, 0x19, 0x19, 0x19, 0x18, 0x19, 0x18, 0x18, 0x81, 0x81, 0x18, 0x81, 0xc9, 0xc9, 0xc9, 0x17, 0x17, 0x17, 0x17, 0x17, 0x17, 0x17, 0x17, 0x17, 0x17, 0x17, 0x17, 0x17, 0x17, 0x17, 0x17, 0x17, 0x17, 0x17, 0x17, 0x17, 0xc9, 0xc9, 0xc9, 0xc9, 0xc9, 0xc9, 0x81, 0x81, 0x81, 0x18, 0x18, 0x18, 0x19, 0x19, 0x19, 0x19, 0x19, 0x19, 0x1a, 0x1a, 0xb8, 0xb8, 0xb8, 0x1b, 0x1b, 0x1b, 0xb9, 0xb9, 0xb9, 0xb9, 0x1c, 0x1c, 0xcd, 0x1d, 0x1d, 0x1e, 0x1d, 0x1e, 0x1e, 0x1f, 0x84, 0xa5, 0x20, 0x20, 0x21, 0x21, 0x21, 0x22, 0x22, 0xcf, 0x23, 0x23, 0x24, 0x24, 0x25, 0x25, 0x68, 0x26, 0x27, 0x27, 0x28, 0x28, 0x29, 0x87, 0x2a, 0x2b, 0x79, 0x2c, 0x2c, 0x89, 0x2d, 0x2e, 0x2f, 0x30, 0x30, 0x6a, 0x31, 0x32, 0x33, 0x34, 0xd1, 0x6b, 0x35, 0x36, 0x36, 0x37, 0x37, 0x38, 0x39, 0x3a, 0x3a, 0x3b, 0x6d, 0x3c, 0x3d, 0x3d, 0x3e, 0xc0, 0x3f, 0x40, 0x41, 0x42, 0x6f, 0x44, 0x44, 0x45, 0x46, 0x70, 0x47, 0x48, 0x49, 0x4a, 0x4a, 0x94, 0x71, 0x7a, 0x7a, 0x4c, 0x4c, 0x96, 0x4e, 0x7b, 0x4f, 0x50, 0x98, 0x51, 0x7c, 0x52, 0x52, 0x72, 0x54, 0x55, 0x55, 0x56, 0x73, 0x73, 0x57, 0x58, 0x58, 0x59, 0x59, 0xa8, 0x5b, 0x5c, 0x5c, 0x5d, 0x5d, 0x9d, 0x5f, 0x60, 0x60, 0x61, 0x61, 0x9e, 0x62, 0x62, 0x63, 0x62, 0x63, 0x63, 0x63, 0x63, 0x63, 0x63, 0x63, 0x63, 0x63, 0x63, 0x63, 0x63, 0x63, 0x63, 
  0x63, 0x63, 0x63, 0x63, 0x63, 0x63, 0x63, 0x63, 0x63, 0x63, 0x63, 0x63, 0x63, 0x63, 0x62, 0x63, 0x62, 0x62, 0x75, 0x9e, 0x61, 0x60, 0x60, 0x5f, 0x5f, 0x5e, 0x5d, 0x5d, 0x5c, 0x5c, 0x5b, 0x5a, 0x59, 0x58, 0x58, 0x57, 0x73, 0x56, 0x56, 0x55, 0x54, 0x53, 0x72, 0x52, 0x7c, 0x51, 0x98, 0x50, 0x7b, 0x4f, 0x4e, 0xd7, 0x4d, 0x4c, 0x7a, 0x7a, 0x4b, 0x94, 0x4a, 0x49, 0x49, 0x48, 0x70, 0x46, 0x45, 0x45, 0x44, 0x6f, 0x42, 0x41, 0x41, 0x40, 0x6e, 0x3e, 0x3d, 0x3d, 0x3c, 0x6d, 0x3b, 0x3b, 0x3a, 0x39, 0x38, 0x6c, 0xbe, 0x36, 0x36, 0x36, 0x6b, 0x34, 0x34, 0x33, 0x33, 0x31, 0x6a, 0x30, 0x2f, 0x2f, 0x2d, 0x2d, 0x2c, 0x2c, 0x79, 0x2b, 0x2b, 0x2a, 0x29, 0x29, 0x28, 0x27, 0x27, 0x26, 0x25, 0x25, 0x24, 0x24, 0x24, 0x23, 0xcf, 0x22, 0x22, 0x21, 0x21, 0x21, 0x20, 0x20, 0xce, 0x1f, 0x1f, 0x1e, 0x1e, 0x1e, 0x1d, 0x1d, 0x65, 0xcd, 0x1c, 0x1c, 0x1c, 0xb9, 0xb9, 0x1b, 0x1b, 0x83, 0x1b, 0x1a, 0x1a, 0x1a, 0x1a, 0x19, 0x19, 0x19, 0x18, 0x19, 0x18, 0x18, 0x18, 0x81, 0x81, 0xc9, 0xc9, 0xc9, 0x17, 0x17, 0x17, 0x17, 0x17, 0x17, 0x17, 0xb5, 0xb5, 0xb5, 0xb5, 0xb5, 0xb5, 0xb5, 0xb5, 0xb5, 0xb5, 0xb5, 0xb5, 0xb5, 0xb5, 0x17, 0x17, 0xb5, 0x17, 0xb5, 0x17, 0x17, 0x17, 0x17, 0x17, 0x17, 0x17, 0xc9, 0x81, 0xc9, 0x81, 0x81, 0x18, 0x81, 0x19, 0x18, 0x19, 0x19, 0x1a, 0x19, 0x1a, 0x1a, 0x1a, 0x1a, 0xcc, 0xb8, 0x1b, 0x1b, 0x1b, 0xb9, 0xb9, 0xb9, 0x1c, 0x1c, 0xcd, 0x1d, 0x1d, 0x1e, 0x1e, 0x1f, 0x1e, 0x1f, 0xce, 0x20, 0x20, 0x21, 0x21, 0x21, 0x22, 0xcf, 0x23, 0x67, 0x24, 0x24, 0x24, 0x25, 0xbc, 0x68, 0x26, 0x27, 0x28, 0x28, 0x28, 0x29, 0x69, 0x2b, 0x2b, 0x79, 0x79, 0x2c, 0x89, 0x2d, 0x2f, 0x2e, 0x30, 0x30, 0xa6, 0x32, 0x32, 0x33, 0x34, 0xd1, 0x35, 0x35, 0x36, 0x36, 0x37, 0x6c, 0x38, 0x39, 0x3a, 0x3a, 0x3b, 0x8e, 0x3c, 0x3d, 0x3d, 0x3e, 0x6e, 0x40, 0x40, 0x42, 0x42, 0x6f, 0x45, 0x44, 0x46, 0x46, 0x70, 0x48, 0x48, 0x49, 0x4a, 0x4a, 0x71, 0x4b, 0x7a, 0x7a, 0x4c, 0x4d, 0x4e, 0x7b, 0x7b, 0x4f, 0x50, 0x51, 0x51, 0x7c, 0x52, 0x72, 0x53, 0x55, 0x55, 0x56, 0x56, 0x73, 0x57, 0x57, 0x58, 0x58, 0x59, 0xa8, 0x5b, 0x5c, 0x5c, 0x5d, 0x5d, 0x5e, 0x9d, 0x5f, 0x60, 0x61, 0x61, 0x61, 0x62, 0x62, 0x62, 0x63, 0x63, 0x63, 0x63, 0x63, 0x63, 0x63, 0x63, 0x63, 0x63, 0x63, 0x63, 0x63, 0x63, 0x63, 
  0x63, 0x63, 0x63, 0x63, 0x63, 0x63, 0x63, 0x63, 0x63, 0x63, 0x63, 0x63, 0x63, 0x63, 0x63, 0x62, 0x62, 0x62, 0x75, 0x61, 0x61, 0x60, 0x60, 0x5f, 0x9d, 0x5e, 0x5d, 0x5c, 0x5c, 0x5b, 0xd9, 0x5a, 0x59, 0x58, 0x58, 0x57, 0x73, 0x56, 0x55, 0x55, 0x54, 0x72, 0xc1, 0x7c, 0x51, 0x51, 0x50, 0x4f, 0x7b, 0x7b, 0x4e, 0x96, 0x4c, 0x4c, 0x7a, 0x4b, 0x71, 0x4a, 0x4a, 0x49, 0x48, 0x48, 0x70, 0x46, 0x45, 0x44, 0x44, 0x42, 0x42, 0x41, 0x40, 0x3f, 0x3e, 0x3d, 0x3d, 0x3c, 0x6d, 0x8e, 0x3b, 0x3a, 0x3a, 0x39, 0x38, 0x6c, 0x37, 0x36, 0x36, 0x6b, 0xd1, 0x34, 0x33, 0x32, 0x32, 0x6a, 0x8a, 0x2f, 0x2f, 0x2d, 0x89, 0x88, 0x79, 0x79, 0x79, 0x2b, 0x2a, 0x29, 0x29, 0x27, 0x28, 0x27, 0x27, 0x68, 0x25, 0x24, 0x24, 0x24, 0xcf, 0x23, 0x22, 0x21, 0x21, 0x21, 0x21, 0x20, 0x20, 0x84, 0x1f, 0x1e, 0x1e, 0x1e, 0x1d, 0x1d, 0x1d, 0xcd, 0x1c, 0x1c, 0xb9, 0xb9, 0xb9, 0x1b, 0xb9, 0xcc, 0x83, 0xcc, 0x1a, 0x1a, 0x19, 0x19, 0x19, 0x19, 0x18, 0x18, 0x18, 0x81, 0x18, 0xc9, 0xc9, 0xc9, 0x17, 0x17, 0x17, 0x17, 0x17, 0xb5, 0x17, 0xb5, 0xb5, 0x16, 0xb5, 0xb5, 0xb5, 0xb5, 0xb5, 0x16, 0xb5, 0x16, 0x16, 0x16, 0x16, 0xb5, 0x16, 0xb5, 0x16, 0xb5, 0x16, 0xb5, 0xb5, 0xb5, 0xb5, 0xb5, 0xb5, 0xb5, 0xb5, 0xb5, 0xb5, 0x17, 0x17, 0x17, 0x17, 0xb6, 0xb6, 0x81, 0x81, 0x81, 0x18, 0x18, 0x18, 0x1a, 0x19, 0x19, 0x1a, 0x1a, 0x1a, 0x1a, 0xcc, 0x83, 0x1b, 0x1b, 0xb9, 0xb9, 0xb9, 0x1c, 0x1c, 0x1c, 0x1d, 0x1d, 0x1d, 0x1e, 0x1e, 0x1e, 0x84, 0x1f, 0x66, 0x20, 0x21, 0x21, 0x21, 0x22, 0xcf, 0xcf, 0x23, 0x24, 0x24, 0x24, 0x24, 0x86, 0x68, 0x26, 0x27, 0x28, 0x28, 0x28, 0x87, 0x69, 0x2b, 0x2b, 0x79, 0x2c, 0x2c, 0x89, 0x2e, 0x2e, 0x2f, 0x30, 0x6a, 0x31, 0x32, 0x33, 0x33, 0x34, 0xd1, 0x35, 0x35, 0x36, 0x36, 0xbe, 0x6c, 0x38, 0x3a, 0x3a, 0x3b, 0x3b, 0x6d, 0x3c, 0x3d, 0x3e, 0x3e, 0x3f, 0x41, 0x41, 0x42, 0x6f, 0x44, 0x44, 0x45, 0x46, 0x46, 0x47, 0x48, 0x49, 0x49, 0x4a, 0x94, 0x4b, 0x4b, 0x7a, 0x4c, 0x4c, 0x96, 0x4e, 0x7b, 0x4f, 0x4f, 0x98, 0x7c, 0x7c, 0x52, 0x72, 0x53, 0x54, 0x55, 0x55, 0x56, 0x73, 0x73, 0x58, 0x58, 0x58, 0x5a, 0x59, 0xa8, 0x5b, 0x5c, 0x5c, 0x5d, 0x5e, 0x9d, 0x5f, 0x60, 0x60, 0x61, 0x61, 0x62, 0x62, 0x62, 0x62, 0x63, 0x63, 0x63, 0x63, 0x63, 0x63, 0x63, 0x63, 0x63, 0x63, 0x63, 0x63, 0x63, 0x63, 
  0x63, 0x63, 0x63, 0x63, 0x63, 0x63, 0x63, 0x63, 0x63, 0x63, 0x63, 0x63, 0x63, 0x62, 0x63, 0x62, 0x62, 0x62, 0x61, 0x61, 0x60, 0x60, 0x5f, 0x5f, 0x5e, 0x5e, 0x5d, 0x5c, 0x5c, 0xd9, 0xd9, 0x59, 0x59, 0x58, 0x57, 0x57, 0x56, 0x56, 0x55, 0x54, 0x53, 0xc1, 0x7c, 0x7c, 0x51, 0x98, 0x97, 0x4f, 0x7b, 0x4e, 0x4e, 0x4d, 0x4d, 0x7a, 0x7a, 0x4b, 0x71, 0x4a, 0x49, 0x49, 0x48, 0x47, 0x46, 0x45, 0x45, 0x44, 0x6f, 0x42, 0x41, 0x41, 0x3f, 0x8f, 0x6e, 0x3d, 0x3d, 0x3c, 0x8e, 0x3b, 0x3a, 0x3a, 0x39, 0x38, 0x6c, 0x37, 0x36, 0x36, 0x35, 0xd1, 0x34, 0x33, 0x33, 0x32, 0x31, 0x8a, 0x2f, 0x2f, 0x2e, 0x89, 0x2c, 0x2c, 0x79, 0x79, 0x2b, 0x2a, 0x69, 0x29, 0x28, 0x28, 0x27, 0x26, 0x68, 0x25, 0x24, 0x24, 0x24, 0x23, 0xcf, 0x22, 0x22, 0x21, 0x21, 0x20, 0x20, 0xce, 0x84, 0x1f, 0x1e, 0x1e, 0x1e, 0x1e, 0x1d, 0x1d, 0xcd, 0x1c, 0x1c, 0xb9, 0xb9, 0xb9, 0x1b, 0x1b, 0xcc, 0x1a, 0x1a, 0x1a, 0x19, 0x19, 0x19, 0x19, 0x18, 0x18, 0x18, 0x81, 0xc9, 0xc9, 0xb6, 0x17, 0x17, 0x17, 0x17, 0xb5, 0xb5, 0x16, 0xb5, 0xb5, 0x16, 0xb5, 0x16, 0x16, 0x16, 0x16, 0x16, 0x16, 0x80, 0x16, 0x80, 0x16, 0x16, 0x16, 0x16, 0x80, 0x16, 0x16, 0x16, 0x16, 0x16, 0x16, 0x16, 0x16, 0xb5, 0x16, 0xb5, 0xb5, 0xb5, 0xb5, 0xb5, 0xb5, 0xb5, 0xb5, 0xb5, 0x17, 0x17, 0x17, 0x17, 0xc9, 0x81, 0x18, 0x18, 0x18, 0x18, 0x19, 0x19, 0x19, 0x1a, 0x1a, 0x1a, 0x1a, 0xb8, 0xcc, 0x1b, 0x1b, 0xb9, 0xb9, 0xb9, 0x1c, 0x1c, 0xcd, 0x1d, 0x1d, 0x1e, 0x1e, 0x1e, 0x1f, 0x1f, 0xce, 0x20, 0x20, 0x21, 0x21, 0x22, 0x85, 0xcf, 0x67, 0x23, 0x24, 0x24, 0x24, 0xbc, 0x68, 0x26, 0x26, 0x28, 0x28, 0x29, 0x29, 0x2a, 0x2b, 0x79, 0x2b, 0x2c, 0x2c, 0xd0, 0x2e, 0x2f, 0x2e, 0x30, 0x6a, 0x31, 0x32, 0x33, 0x33, 0x8b, 0xd1, 0x35, 0x36, 0x36, 0x36, 0x37, 0x38, 0x39, 0x39, 0x3a, 0x3b, 0x8e, 0x3c, 0x3d, 0x3d, 0x3e, 0x6e, 0x40, 0x41, 0x41, 0x42, 0x6f, 0x44, 0x44, 0x45, 0x46, 0x70, 0x48, 0x48, 0x49, 0x4a, 0x4a, 0x94, 0x4b, 0x7a, 0x7a, 0x4c, 0x4d, 0x4e, 0x4e, 0x7b, 0x4f, 0xd8, 0x50, 0x7c, 0x51, 0x52, 0x72, 0x54, 0x54, 0x55, 0x56, 0xc2, 0x73, 0x73, 0x58, 0x58, 0x59, 0x59, 0xa8, 0x5b, 0x5c, 0x5c, 0x5c, 0x5e, 0x5e, 0x74, 0x60, 0x60, 0x61, 0x61, 0x9e, 0x62, 0x62, 0x63, 0x62, 0x63, 0x63, 0x63, 0x63, 0x63, 0x63, 0x63, 0x63, 0x63, 0x63, 0x63, 0x63, 0x63, 
  0x63, 0x63, 0x63, 0x63, 0x63, 0x63, 0x63, 0x63, 0x63, 0x63, 0x63, 0x63, 0x63, 0x63, 0x62, 0x62, 0x62, 0x9e, 0x61, 0x61, 0x60, 0x60, 0x5f, 0x9d, 0x5e, 0x5d, 0x5c, 0x5c, 0x5b, 0xd9, 0x5a, 0x59, 0x58, 0x58, 0x57, 0x73, 0x56, 0x56, 0x54, 0x54, 0x72, 0x52, 0x7c, 0x7c, 0x51, 0xd8, 0x4f, 0x7b, 0x7b, 0x4e, 0x4e, 0x4c, 0x4c, 0x7a, 0x4b, 0x71, 0x94, 0x4a, 0x49, 0x48, 0x47, 0x70, 0x46, 0x45, 0x45, 0x43, 0x42, 0x42, 0x41, 0x40, 0x3f, 0x3e, 0x3d, 0x3d, 0x3c, 0x6d, 0x3b, 0x3b, 0x3a, 0x39, 0x39, 0x6c, 0x37, 0x36, 0x36, 0x35, 0x6b, 0x34, 0x34, 0x33, 0x32, 0x31, 0x6a, 0x30, 0x2f, 0x2e, 0x2d, 0x89, 0x2c, 0x79, 0x79, 0x2b, 0x2a, 0x29, 0x29, 0x28, 0x28, 0x27, 0x26, 0x68, 0x25, 0x24, 0x24, 0x24, 0xcf, 0x23, 0x22, 0x21, 0x21, 0x21, 0x20, 0x20, 0x20, 0x84, 0x1f, 0x1e, 0x1e, 0x1e, 0x1d, 0x1d, 0xcd, 0x1c, 0x1c, 0xb9, 0xb9, 0x1b, 0xb9, 0xcc, 0x1b, 0xb8, 0x1a, 0x1a, 0x1a, 0x19, 0x19, 0x19, 0x18, 0x18, 0x18, 0x81, 0xc9, 0x17, 0x17, 0x17, 0x17, 0xb5, 0xb5, 0xb5, 0xb5, 0x16, 0xb5, 0x16, 0x16, 0x16, 0x16, 0x78, 0x16, 0x80, 0x80, 0x78, 0x78, 0x78, 0x78, 0xc8, 0x78, 0xc8, 0xb4, 0x78, 0xc8, 0x78, 0xc8, 0x78, 0xc8, 0x78, 0xc8, 0x78, 0xc8, 0x16, 0xc8, 0x80, 0x78, 0x16, 0x16, 0x16, 0x16, 0x16, 0xb5, 0xb5, 0xb5, 0xb5, 0xb5, 0xb5, 0x17, 0x17, 0x17, 0xc9, 0xc9, 0x81, 0x18, 0x18, 0x18, 0x19, 0x19, 0x19, 0x19, 0x1a, 0x1a, 0x1a, 0xb8, 0xcc, 0x1b, 0x1b, 0xb9, 0xb9, 0x1c, 0x1c, 0xcd, 0x1d, 0x1d, 0x1e, 0x1e, 0x1e, 0x1f, 0x1f, 0xce, 0x20, 0x20, 0x21, 0x21, 0x22, 0x22, 0xcf, 0x67, 0x23, 0x24, 0x24, 0x24, 0x25, 0x68, 0x26, 0x27, 0x28, 0x28, 0x29, 0x69, 0x2a, 0x2b, 0x79, 0x79, 0x2c, 0x2c, 0x2d, 0x2e, 0x2e, 0x2f, 0x30, 0x30, 0x31, 0x32, 0x33, 0x33, 0x34, 0xd1, 0x35, 0x36, 0x36, 0x37, 0x37, 0x38, 0x39, 0x3a, 0x3a, 0xbf, 0xd2, 0x3c, 0x3d, 0x3d, 0xc0, 0x3f, 0x40, 0x41, 0x42, 0x42, 0x6f, 0x44, 0x45, 0x45, 0x46, 0x47, 0x47, 0x49, 0x49, 0x4a, 0x94, 0x71, 0x4b, 0x7a, 0x4c, 0x4c, 0x4d, 0x4e, 0x7b, 0x4f, 0x4f, 0xd8, 0xd8, 0x7c, 0x7c, 0x52, 0x72, 0x54, 0x55, 0x55, 0x56, 0x56, 0x57, 0x57, 0x58, 0x58, 0x59, 0x5a, 0xa8, 0x5b, 0x5c, 0x5d, 0x5d, 0x5e, 0x9d, 0x5f, 0x60, 0x60, 0x61, 0x61, 0x62, 0x62, 0x62, 0x63, 0x63, 0x63, 0x63, 0x63, 0x63, 0x63, 0x63, 0x63, 0x63, 0x63, 0x63, 0x63, 0x63, 
  0x63, 0x63, 0x63, 0x63, 0x63, 0x63, 0x63, 0x63, 0x63, 0x63, 0x63, 0x63, 0x63, 0x63, 0x62, 0x62, 0x75, 0x9e, 0x61, 0x61, 0x60, 0x5f, 0x5f, 0x5e, 0x5d, 0x5d, 0x5c, 0x5c, 0x5b, 0xd9, 0x59, 0x59, 0x58, 0x57, 0x57, 0x56, 0x56, 0x55, 0x54, 0x54, 0x52, 0x52, 0x7c, 0x51, 0x50, 0x50, 0x7b, 0x4f, 0x4e, 0x4e, 0x4d, 0x4c, 0x7a, 0x7a, 0x4b, 0xd3, 0x4a, 0x49, 0x49, 0x48, 0x70, 0x46, 0x45, 0x45, 0x44, 0x42, 0x42, 0x41, 0x40, 0x3f, 0x3f, 0x3d, 0x3e, 0x3c, 0x6d, 0x3b, 0x3b, 0x3a, 0x3a, 0x39, 0x38, 0x6c, 0x37, 0x36, 0x36, 0x35, 0xd1, 0x34, 0x33, 0x32, 0x31, 0x6a, 0x30, 0x2f, 0x2f, 0x2d, 0x2c, 0x2c, 0x79, 0x79, 0x2b, 0x2a, 0x69, 0x69, 0x28, 0x29, 0x27, 0x27, 0x68, 0x25, 0x25, 0x24, 0x24, 0x23, 0x67, 0x22, 0x21, 0x21, 0x21, 0x20, 0x20, 0xce, 0x84, 0x1e, 0x1e, 0x1e, 0x1e, 0x1d, 0x1d, 0xcd, 0x1c, 0x1c, 0xb9, 0xb9, 0xb9, 0x1b, 0x1b, 0xb8, 0x1a, 0x1a, 0x19, 0x1a, 0x18, 0x19, 0x18, 0x18, 0x81, 0xc9, 0xb6, 0x17, 0x17, 0x17, 0xb5, 0xb5, 0xb5, 0xb5, 0xb5, 0xb5, 0x16, 0x16, 0x16, 0x80, 0x78, 0xc8, 0x78, 0xc8, 0x15, 0x15, 0x15, 0x15, 0x15, 0x15, 0x15, 0x15, 0x15, 0x15, 0x15, 0x15, 0x15, 0x15, 0x15, 0x15, 0xc8, 0xc8, 0xc8, 0xc8, 0x15, 0xc8, 0x78, 0x78, 0xc8, 0x78, 0xc8, 0x80, 0x16, 0x80, 0x16, 0x16, 0x16, 0x16, 0x16, 0xb5, 0xb5, 0xb5, 0xb5, 0x17, 0x17, 0xc9, 0xc9, 0xc9, 0x18, 0x18, 0x18, 0x19, 0x19, 0x19, 0x19, 0x1a, 0x1a, 0x83, 0xcc, 0x83, 0x1b, 0x1b, 0xb9, 0xb9, 0x1c, 0x1c, 0x1d, 0x65, 0x1e, 0x1e, 0x1e, 0x1f, 0x1f, 0x1f, 0x21, 0x20, 0x21, 0x21, 0x21, 0x22, 0xcf, 0x23, 0x23, 0x24, 0x24, 0x24, 0x25, 0x25, 0x26, 0x26, 0x28, 0x28, 0x29, 0x29, 0x2a, 0x2b, 0x79, 0x79, 0x2c, 0x2c, 0x2d, 0x2e, 0x2f, 0x2f, 0x30, 0x6a, 0x32, 0x32, 0x33, 0x33, 0x34, 0x6b, 0x35, 0x36, 0x36, 0x37, 0x6c, 0x38, 0x3a, 0x3a, 0x3b, 0xd2, 0x6d, 0x3d, 0x3d, 0x3e, 0x6e, 0x3f, 0x41, 0x41, 0x42, 0x6f, 0x44, 0x44, 0x45, 0x46, 0x46, 0x47, 0x48, 0x49, 0x49, 0x4a, 0x94, 0x4b, 0x4b, 0x7a, 0x4c, 0x4d, 0xd7, 0x7b, 0x7b, 0x4f, 0x98, 0xd8, 0x7c, 0x7c, 0x52, 0x52, 0x53, 0x54, 0x55, 0x55, 0x56, 0x73, 0x57, 0x58, 0x58, 0x59, 0x5a, 0xd9, 0x5b, 0x5c, 0x5c, 0x5d, 0x5e, 0x5f, 0x5f, 0x60, 0x60, 0x61, 0xd5, 0x75, 0x62, 0x62, 0x62, 0x63, 0x63, 0x63, 0x63, 0x63, 0x63, 0x63, 0x63, 0x63, 0x63, 0x63, 0x63, 0x63, 
  0x63, 0x63, 0x63, 0x63, 0x63, 0x63, 0x63, 0x63, 0x63, 0x63, 0x63, 0x63, 0x62, 0x63, 0x62, 0x62, 0x75, 0x61, 0x61, 0x60, 0x60, 0x5f, 0x5f, 0x5e, 0x5d, 0x5c, 0x5c, 0x5b, 0xd9, 0x59, 0x59, 0x58, 0x58, 0x73, 0x73, 0x56, 0x56, 0x55, 0x54, 0x53, 0x52, 0x7c, 0x7c, 0x51, 0x50, 0x4f, 0x7b, 0x7b, 0x4e, 0xd7, 0x4d, 0x4c, 0x7a, 0x7a, 0xd3, 0x71, 0x4a, 0x49, 0x49, 0x47, 0x70, 0x46, 0x45, 0x44, 0x43, 0x42, 0x41, 0x41, 0x40, 0x3f, 0x3e, 0x3d, 0x3d, 0x3c, 0x6d, 0x3b, 0x3b, 0x3a, 0x3a, 0x38, 0x38, 0x37, 0x36, 0x36, 0xd1, 0x6b, 0x34, 0x33, 0x33, 0x32, 0x6a, 0x30, 0x2f, 0x2f, 0x2d, 0x89, 0x2c, 0x2c, 0x79, 0x2b, 0x2a, 0x69, 0x29, 0x28, 0x28, 0x27, 0x27, 0x68, 0x25, 0x25, 0x24, 0x24, 0x67, 0x67, 0x22, 0x22, 0x21, 0x21, 0x20, 0x20, 0xce, 0x84, 0x1f, 0x1e, 0x1e, 0x1e, 0xcd, 0x1d, 0xcd, 0x1c, 0xb9, 0xb9, 0xb9, 0x1b, 0x1b, 0xcc, 0x83, 0x1a, 0x1a, 0x19, 0x1a, 0x18, 0x19, 0x18, 0x81, 0x18, 0xc9, 0x17, 0x17, 0xb5, 0xb5, 0xb5, 0xb5, 0x16, 0xb5, 0x16, 0x16, 0x16, 0xc8, 0x78, 0xc8, 0xc8, 0xc8, 0x15, 0x15, 0x15, 0x15, 0xb3, 0x15, 0xb3, 0xb3, 0xb3, 0xb3, 0xb3, 0xb3, 0xb3, 0xb3, 0xb3, 0xb3, 0xb3, 0xb3, 0xb3, 0xb3, 0x15, 0xb3, 0x15, 0xb3, 0x15, 0x15, 0x15, 0x15, 0x15, 0x15, 0x15, 0xc8, 0x78, 0x78, 0x80, 0x80, 0x16, 0x16, 0x16, 0x16, 0xb5, 0xb5, 0xb5, 0xb5, 0x17, 0x17, 0x17, 0xc9, 0xc9, 0x18, 0x18, 0x18, 0x19, 0x19, 0x19, 0x19, 0x1a, 0x1a, 0xcc, 0x83, 0x1b, 0x1b, 0xb9, 0xb9, 0x1c, 0x1c, 0xcd, 0x1d, 0x1e, 0x1e, 0x1e, 0x1f, 0x1f, 0xce, 0x66, 0x20, 0x21, 0x21, 0x21, 0x22, 0xcf, 0x67, 0x23, 0x24, 0x24, 0x24, 0x25, 0x86, 0x26, 0x27, 0x28, 0x28, 0x29, 0x69, 0x2a, 0x2b, 0x2b, 0x79, 0x2c, 0x2c, 0x2e, 0x2e, 0x2f, 0x2f, 0x30, 0x30, 0x32, 0x32, 0x33, 0x34, 0x8b, 0x35, 0x35, 0x36, 0x36, 0xbe, 0x38, 0x39, 0x39, 0x3a, 0x3b, 0xd2, 0x3c, 0x3c, 0x3e, 0x3e, 0x6e, 0x40, 0x41, 0x41, 0x42, 0x6f, 0x44, 0x45, 0x45, 0x46, 0x70, 0x47, 0x48, 0x49, 0x4a, 0x4a, 0x71, 0x4b, 0x7a, 0x4c, 0x4c, 0xd7, 0xd7, 0x7b, 0x7b, 0x4f, 0x98, 0xd8, 0x7c, 0x7c, 0x52, 0x72, 0x54, 0x55, 0x55, 0x56, 0x9a, 0x73, 0x57, 0x58, 0x59, 0x59, 0x5a, 0x5b, 0x5b, 0x5c, 0x5d, 0x5d, 0x5e, 0x5f, 0x5f, 0x60, 0x61, 0x61, 0x75, 0x75, 0x62, 0x63, 0x62, 0x63, 0x63, 0x63, 0x63, 0x63, 0x63, 0x63, 0x63, 0x63, 0x63, 0x63, 0x63, 
  0x63, 0x63, 0x63, 0x63, 0x63, 0x63, 0x63, 0x63, 0x63, 0x63, 0x63, 0x63, 0x63, 0x62, 0x62, 0x62, 0x9e, 0x61, 0x61, 0x60, 0x5f, 0x5f, 0x5e, 0x5d, 0x5d, 0x5c, 0x5c, 0x5b, 0x5a, 0x59, 0x59, 0x58, 0x57, 0x57, 0x56, 0x56, 0x55, 0x54, 0x54, 0x72, 0x52, 0x52, 0x51, 0x98, 0x98, 0x7b, 0x4f, 0x4e, 0x4e, 0x4d, 0x4c, 0x7a, 0x7a, 0x4b, 0x71, 0x4a, 0x49, 0x49, 0x48, 0x70, 0x46, 0x45, 0x44, 0x44, 0x6f, 0x42, 0x41, 0x40, 0x3f, 0x3f, 0x3d, 0x3e, 0x3c, 0x6d, 0x8e, 0x3b, 0x3a, 0x3a, 0x39, 0x6c, 0x37, 0x36, 0x36, 0x35, 0xd1, 0x34, 0x34, 0x33, 0x32, 0x31, 0x30, 0x30, 0x2f, 0x2e, 0x2d, 0x2c, 0x79, 0x79, 0x2b, 0x2a, 0x69, 0xbd, 0x28, 0x28, 0x28, 0x27, 0x68, 0x25, 0x25, 0x24, 0x24, 0x23, 0xcf, 0x22, 0x22, 0x21, 0x21, 0x20, 0x20, 0xce, 0x84, 0x1e, 0x1e, 0x1e, 0x1d, 0x1d, 0xcd, 0x1c, 0x1c, 0xb9, 0xb9, 0x1b, 0x1b, 0x1b, 0xcc, 0x1a, 0x1a, 0x1a, 0x19, 0x19, 0x19, 0x18, 0xc9, 0x81, 0xc9, 0xc9, 0xb5, 0x17, 0xb5, 0xb5, 0xb5, 0x16, 0x16, 0x16, 0x78, 0x78, 0xc8, 0xc8, 0x15, 0x15, 0x15, 0xb3, 0x15, 0xb3, 0xb3, 0xb3, 0xb3, 0xb3, 0xb3, 0xb3, 0xb3, 0xb3, 0xb3, 0x14, 0xb3, 0x14, 0xb3, 0x14, 0xb3, 0x14, 0xb3, 0xb3, 0xb3, 0x14, 0xb3, 0xb3, 0xb3, 0xb3, 0xb3, 0xb3, 0xb3, 0xb3, 0xb3, 0x15, 0x15, 0x15, 0x15, 0x15, 0xc8, 0xc8, 0xb4, 0x16, 0x80, 0x16, 0x16, 0x16, 0xb5, 0x16, 0x17, 0xb5, 0x17, 0x17, 0xc9, 0xc9, 0x18, 0xc9, 0x19, 0x18, 0x19, 0x19, 0x1a, 0x1a, 0xb8, 0xb8, 0x1b, 0x1b, 0xb9, 0xb9, 0x1c, 0x1c, 0xcd, 0x1d, 0x1d, 0x1e, 0x1e, 0x1e, 0x1f, 0xce, 0x66, 0xce, 0x21, 0x21, 0x21, 0x22, 0xcf, 0x23, 0x23, 0x24, 0x24, 0x24, 0x25, 0x68, 0x26, 0x27, 0x28, 0x28, 0x29, 0x69, 0x2a, 0x2b, 0x79, 0x79, 0x2c, 0x2c, 0x2e, 0x2e, 0x2f, 0x30, 0x30, 0x6a, 0x32, 0x32, 0x33, 0x33, 0x6b, 0x35, 0x36, 0x36, 0x37, 0x37, 0x38, 0x39, 0x3a, 0x3b, 0x3b, 0xd2, 0x3d, 0x3c, 0x3e, 0x3e, 0x3f, 0x40, 0x41, 0x42, 0x42, 0x43, 0x44, 0x45, 0x45, 0x46, 0x47, 0x48, 0x49, 0x49, 0x4a, 0x71, 0x4b, 0x4b, 0x7a, 0x4c, 0x96, 0xd7, 0x7b, 0x7b, 0x4f, 0x50, 0xd8, 0x51, 0x7c, 0x52, 0x72, 0x53, 0x54, 0x55, 0x55, 0xc2, 0x73, 0x57, 0x57, 0x58, 0x59, 0x5a, 0xd9, 0x5b, 0x5c, 0x5c, 0x5d, 0x5e, 0x5f, 0x5f, 0x60, 0x60, 0x61, 0x61, 0x62, 0x62, 0x62, 0x63, 0x63, 0x63, 0x63, 0x63, 0x63, 0x63, 0x63, 0x63, 0x63, 0x63, 0x63, 0x63, 
  0x63, 0x63, 0x63, 0x63, 0x63, 0x63, 0x63, 0x63, 0x63, 0x63, 0x63, 0x63, 0x62, 0x63, 0x75, 0x62, 0x61, 0x61, 0x61, 0x5f, 0x60, 0x5f, 0x5e, 0x5d, 0x5c, 0x5c, 0x5b, 0xd9, 0x5a, 0x5a, 0x58, 0x58, 0x57, 0x73, 0x56, 0x56, 0x55, 0x54, 0x54, 0x52, 0x52, 0x7c, 0x51, 0x51, 0x4f, 0x4f, 0x4e, 0x7b, 0xd7, 0x4d, 0x4c, 0x7a, 0x7a, 0xd3, 0x71, 0x4a, 0x49, 0x49, 0x47, 0x47, 0x46, 0x45, 0x45, 0x43, 0x42, 0x41, 0x41, 0x40, 0x3f, 0x3e, 0x3d, 0x3d, 0x3c, 0x6d, 0x3b, 0x3b, 0x3a, 0x39, 0x38, 0x6c, 0x37, 0x36, 0x36, 0x6b, 0xd1, 0x34, 0x33, 0x32, 0x32, 0x30, 0x30, 0x2e, 0x2f, 0x2d, 0x89, 0x2c, 0x79, 0x79, 0x2b, 0x2a, 0x69, 0x29, 0x28, 0x28, 0x26, 0x26, 0x68, 0x25, 0x24, 0x24, 0x23, 0x67, 0xcf, 0x22, 0x21, 0x21, 0xa5, 0x20, 0xce, 0x84, 0x1e, 0x1e, 0x1e, 0x1d, 0x1d, 0xcd, 0xba, 0x1c, 0xb9, 0xb9, 0x1b, 0x1b, 0xcc, 0x83, 0x1a, 0x1a, 0x19, 0x19, 0x19, 0x18, 0x18, 0x18, 0xc9, 0x17, 0x17, 0xb5, 0x17, 0x16, 0xb5, 0x16, 0x16, 0x16, 0xc8, 0x78, 0xc8, 0xc8, 0x15, 0x15, 0x15, 0xb3, 0xb3, 0xb3, 0xb3, 0xb3, 0xb3, 0x14, 0xb3, 0x14, 0x14, 0x14, 0x14, 0x14, 0x14, 0x14, 0x14, 0x14, 0x14, 0x14, 0x14, 0x14, 0x14, 0x14, 0x14, 0xb3, 0x14, 0x14, 0x14, 0xb3, 0xb3, 0xb3, 0xb3, 0xb3, 0xb3, 0xb3, 0xb3, 0xb3, 0xb3, 0x15, 0x15, 0x15, 0x15, 0xc8, 0xc8, 0xc8, 0x80, 0x16, 0x16, 0xb5, 0xb5, 0xb5, 0xb5, 0x17, 0x17, 0x17, 0xc9, 0xc9, 0x18, 0x18, 0x18, 0x19, 0x19, 0x19, 0x1a, 0x1a, 0xb8, 0x1b, 0x1b, 0xb9, 0xb9, 0x1c, 0x1c, 0x65, 0x1d, 0x1d, 0x1e, 0x1e, 0x1e, 0x1f, 0x1f, 0x20, 0x20, 0x21, 0x21, 0x21, 0xbb, 0xcf, 0x23, 0x23, 0x24, 0x24, 0x24, 0x86, 0x68, 0x27, 0x27, 0x28, 0x28, 0x29, 0x69, 0x2b, 0x2b, 0x79, 0x2c, 0x2c, 0x2c, 0x2e, 0x2e, 0x2f, 0x30, 0x30, 0x31, 0x32, 0x33, 0x33, 0xd1, 0xd1, 0x35, 0x36, 0x36, 0x37, 0x6c, 0x39, 0x3a, 0x3a, 0x3b, 0x3b, 0x3c, 0x3d, 0x3d, 0x3e, 0x6e, 0x40, 0x41, 0x41, 0x42, 0x6f, 0x44, 0x44, 0x46, 0x45, 0x47, 0x70, 0x49, 0x49, 0x4a, 0x4a, 0x71, 0x4b, 0x7a, 0x4c, 0x4c, 0x96, 0x4e, 0x7b, 0x4f, 0x4f, 0x98, 0x51, 0x7c, 0x52, 0x52, 0x72, 0x54, 0x55, 0x55, 0x56, 0x9a, 0x57, 0x57, 0x58, 0x59, 0x59, 0x5a, 0x5c, 0x5c, 0x5c, 0x5d, 0x5d, 0x5e, 0x60, 0x60, 0x60, 0x61, 0x61, 0x75, 0x75, 0x62, 0x63, 0x62, 0x63, 0x63, 0x63, 0x63, 0x63, 0x63, 0x63, 0x63, 0x63, 0x63, 0x63, 
  0x63, 0x63, 0x63, 0x63, 0x63, 0x63, 0x63, 0x63, 0x63, 0x63, 0x63, 0x63, 0x63, 0x62, 0x62, 0x75, 0x61, 0x61, 0x60, 0x60, 0x5f, 0x9d, 0x5e, 0x5e, 0x5c, 0x5c, 0x5b, 0xd9, 0x59, 0x59, 0x58, 0x57, 0x57, 0x73, 0x56, 0x55, 0x54, 0x54, 0x52, 0x52, 0x7c, 0x7c, 0x51, 0x50, 0x4f, 0x7b, 0x7b, 0x4e, 0x4d, 0x4d, 0x7a, 0x7a, 0x4b, 0x71, 0x4a, 0x49, 0x49, 0x48, 0x47, 0x70, 0x45, 0x45, 0x44, 0x6f, 0x42, 0x41, 0x40, 0x3f, 0x3e, 0x3e, 0x3d, 0x3c, 0x6d, 0xbf, 0x3b, 0x3a, 0x39, 0x39, 0x6c, 0x37, 0x36, 0x36, 0x35, 0xd1, 0x34, 0x33, 0x32, 0x32, 0x6a, 0x30, 0x2f, 0x2f, 0x2e, 0x88, 0x2c, 0x79, 0x79, 0x2b, 0x2a, 0x29, 0x29, 0x28, 0x28, 0x27, 0x26, 0x25, 0x25, 0x24, 0x24, 0x23, 0x23, 0xcf, 0x22, 0x21, 0x21, 0x20, 0xa5, 0x1f, 0x1f, 0x1e, 0x1e, 0x1e, 0x1d, 0x1d, 0xcd, 0x1c, 0x1c, 0xb9, 0xb9, 0x1b, 0x1b, 0xcc, 0x1a, 0x1a, 0x1a, 0x19, 0x19, 0x18, 0x18, 0x18, 0x81, 0xc9, 0x17, 0x17, 0xb5, 0xb5, 0xb5, 0x16, 0x16, 0x80, 0x80, 0xc8, 0xc8, 0x15, 0x15, 0x15, 0x15, 0xb3, 0xb3, 0xb3, 0xb3, 0x14, 0xb3, 0x14, 0x14, 0x14, 0x14, 0x77, 0x14, 0x77, 0x77, 0x77, 0x77, 0x77, 0x77, 0xc7, 0x77, 0xc7, 0x77, 0xc7, 0x77, 0xc7, 0x14, 0xc7, 0x14, 0x77, 0x14, 0x77, 0x14, 0x14, 0x14, 0x14, 0x14, 0xb3, 0x14, 0xb3, 0xb3, 0xb3, 0xb3, 0xb3, 0xb3, 0x15, 0x15, 0x15, 0x15, 0x16, 0xc8, 0x16, 0x16, 0x16, 0xb5, 0xb5, 0xb5, 0xb5, 0x17, 0x17, 0xc9, 0x81, 0x18, 0x18, 0x18, 0x19, 0x19, 0x1a, 0x1a, 0xb8, 0xb8, 0x1b, 0xb9, 0xb9, 0x1c, 0x1c, 0xcd, 0x65, 0x1d, 0x1d, 0x1e, 0x1e, 0x1f, 0x1f, 0x66, 0xa5, 0x21, 0x21, 0x21, 0x22, 0xcf, 0x23, 0x23, 0x24, 0x24, 0x25, 0x25, 0x26, 0x26, 0x27, 0x28, 0x29, 0x29, 0x2a, 0x2b, 0x2b, 0x79, 0x79, 0x89, 0x2c, 0x2e, 0x2e, 0x2f, 0x30, 0x6a, 0x31, 0x32, 0x33, 0x34, 0xd1, 0x6b, 0x36, 0x36, 0x37, 0x6c, 0x38, 0x39, 0x3a, 0x3b, 0x3b, 0x6d, 0x3c, 0x3d, 0x3e, 0x3e, 0x3f, 0x40, 0x41, 0x41, 0x42, 0x91, 0x44, 0x45, 0x45, 0x46, 0x70, 0x48, 0x48, 0x4a, 0x4a, 0x71, 0x4b, 0x7a, 0x7a, 0x4c, 0x4d, 0x4e, 0x4e, 0x7b, 0x4f, 0x50, 0x50, 0x7c, 0x51, 0x52, 0x72, 0x53, 0x54, 0x55, 0x56, 0xc2, 0x73, 0x57, 0x58, 0x58, 0x59, 0x5a, 0x5a, 0x5c, 0x5c, 0x5d, 0x5d, 0x5e, 0x5e, 0x60, 0x60, 0x61, 0x61, 0x9e, 0x75, 0x62, 0x62, 0x63, 0x63, 0x63, 0x63, 0x63, 0x63, 0x63, 0x63, 0x63, 0x63, 0x63, 0x63, 
  0x63, 0x63, 0x63, 0x63, 0x63, 0x63, 0x63, 0x63, 0x63, 0x63, 0x63, 0x62, 0x63, 0x62, 0x62, 0x9e, 0x61, 0x61, 0x60, 0x60, 0x5f, 0x9d, 0x5d, 0x5d, 0x5c, 0x5c, 0xd9, 0x5a, 0x59, 0x58, 0x58, 0x57, 0x73, 0x56, 0x56, 0x55, 0x54, 0x53, 0xc1, 0x52, 0x7c, 0x7c, 0xd8, 0x50, 0x4f, 0x7b, 0x7b, 0x4d, 0x4d, 0x4c, 0x7a, 0x4b, 0x4b, 0x4a, 0x4a, 0x49, 0x49, 0x47, 0x70, 0x46, 0x45, 0x45, 0x43, 0x6f, 0x42, 0x41, 0x40, 0x3f, 0x3e, 0x3d, 0x3d, 0x3c, 0x8e, 0x3b, 0x3a, 0x3a, 0x39, 0x38, 0x37, 0x37, 0x36, 0x35, 0x6b, 0x34, 0x33, 0x33, 0x32, 0x6a, 0x8a, 0x30, 0x2f, 0x2e, 0x2d, 0x2c, 0x2c, 0x79, 0x2b, 0x2a, 0x29, 0x29, 0x28, 0x28, 0x27, 0x68, 0x68, 0x24, 0x25, 0x23, 0x24, 0xcf, 0xcf, 0x21, 0x22, 0x21, 0x20, 0x20, 0xce, 0x1f, 0x1e, 0x1e, 0x1e, 0x1d, 0x1d, 0x1c, 0x1c, 0xb9, 0xb9, 0x1b, 0x1b, 0x83, 0xcc, 0xb7, 0x1a, 0x19, 0x19, 0x18, 0x19, 0x18, 0x81, 0x81, 0xb6, 0x17, 0xb5, 0x17, 0x16, 0xb5, 0x16, 0x16, 0x80, 0xc8, 0xc8, 0x15, 0x15, 0xb3, 0xb3, 0xb3, 0xb3, 0x14, 0xb3, 0x14, 0x14, 0x14, 0x77, 0x14, 0x77, 0x77, 0xc7, 0x77, 0x13, 0x13, 0xb2, 0x13, 0x13, 0x13, 0x13, 0x13, 0x13, 0x13, 0x13, 0x13, 0x13, 0x13, 0x13, 0x13, 0x13, 0xc7, 0xb2, 0x77, 0xc7, 0x77, 0x77, 0x77, 0xa3, 0x14, 0x14, 0x14, 0x14, 0x14, 0xb3, 0xb3, 0xb3, 0xb3, 0xb3, 0x15, 0xb3, 0xc8, 0x15, 0xc8, 0xc8, 0x80, 0x16, 0x16, 0xb5, 0xb5, 0xb5, 0x17, 0x17, 0xb6, 0x81, 0x81, 0x18, 0x18, 0x19, 0x19, 0x1a, 0x1a, 0xb7, 0xb8, 0x1b, 0x1b, 0xb9, 0xb9, 0x1c, 0x1c, 0xcd, 0x1d, 0x1d, 0x1e, 0x1e, 0x1f, 0x1f, 0xa5, 0x66, 0x21, 0x21, 0x21, 0x85, 0xcf, 0x23, 0x23, 0x24, 0x24, 0x25, 0x25, 0x68, 0x26, 0x27, 0x28, 0x29, 0x29, 0x69, 0x2b, 0x2b, 0x2c, 0x79, 0x2c, 0x2d, 0x2e, 0x2e, 0x2f, 0x8a, 0x6a, 0x31, 0x32, 0x33, 0x34, 0x8b, 0x35, 0x36, 0x36, 0x37, 0x37, 0x38, 0x39, 0x3a, 0x3b, 0x3b, 0x3c, 0x3c, 0x3d, 0x3e, 0x6e, 0x40, 0x40, 0x42, 0x41, 0x43, 0x44, 0x44, 0x45, 0x46, 0x46, 0x47, 0x48, 0x49, 0x4a, 0x4a, 0x94, 0x4b, 0x7a, 0x7a, 0x4c, 0x4d, 0x4e, 0x7b, 0x7b, 0x50, 0xd8, 0x51, 0x7c, 0x7c, 0xc1, 0x72, 0x54, 0x55, 0x55, 0x56, 0x73, 0x57, 0x57, 0x58, 0x59, 0x59, 0xd9, 0x5b, 0x5c, 0x5c, 0x5d, 0x5e, 0x5f, 0x5f, 0x60, 0x60, 0x61, 0x61, 0x75, 0x62, 0x62, 0x63, 0x62, 0x63, 0x63, 0x63, 0x63, 0x63, 0x63, 0x63, 0x63, 0x63, 0x63, 
  0x63, 0x63, 0x63, 0x63, 0x63, 0x63, 0x63, 0x63, 0x63, 0x63, 0x63, 0x63, 0x62, 0x62, 0x75, 0x61, 0x61, 0x60, 0x60, 0x5f, 0x9d, 0x9d, 0x5d, 0x5d, 0x5c, 0x5b, 0xd9, 0x5a, 0x59, 0x58, 0x58, 0x57, 0x73, 0x56, 0x55, 0x55, 0x54, 0x53, 0x52, 0x7c, 0x7c, 0x51, 0x98, 0x4f, 0x4f, 0x7b, 0x4e, 0xd7, 0x4c, 0x4c, 0x7a, 0x4b, 0x71, 0x4a, 0x4a, 0x49, 0x48, 0x47, 0x46, 0x46, 0x45, 0x44, 0x90, 0x42, 0x41, 0x40, 0x3f, 0x3f, 0x3d, 0x3e, 0x3c, 0x3c, 0x8e, 0x3b, 0x3a, 0x3a, 0x39, 0x6c, 0x37, 0x36, 0x36, 0x35, 0x35, 0x33, 0x34, 0x32, 0x31, 0x6a, 0x30, 0x2f, 0x2e, 0x2d, 0x88, 0x2c, 0x79, 0x2b, 0x2a, 0x2a, 0x29, 0x29, 0x28, 0x27, 0x27, 0x68, 0x68, 0x24, 0x24, 0x24, 0x23, 0xcf, 0x22, 0x21, 0x21, 0x20, 0x20, 0x84, 0x1f, 0x1e, 0x1e, 0x1d, 0x1d, 0xcd, 0x1c, 0x1c, 0xb9, 0x1c, 0x1b, 0x1b, 0x83, 0xb8, 0x1a, 0x1a, 0x19, 0x19, 0x19, 0x18, 0x18, 0xc9, 0x17, 0x17, 0xb5, 0xb5, 0xb5, 0x16, 0xb5, 0x80, 0x80, 0xc8, 0x15, 0x15, 0x15, 0xb3, 0xb3, 0xb3, 0xb3, 0xb3, 0x14, 0x14, 0x14, 0x14, 0x77, 0xc7, 0x77, 0x13, 0x13, 0x13, 0x13, 0x13, 0x13, 0x13, 0x12, 0x12, 0x13, 0x12, 0x13, 0x12, 0x13, 0x12, 0x13, 0x12, 0x13, 0x12, 0x13, 0x13, 0x13, 0x13, 0x13, 0x13, 0x13, 0x13, 0x13, 0xc7, 0xb2, 0xc7, 0x77, 0xc7, 0x14, 0x77, 0x14, 0x14, 0x14, 0xb3, 0xb3, 0xb3, 0x15, 0xb3, 0x15, 0x15, 0x78, 0xc8, 0x16, 0x80, 0x16, 0x16, 0xb5, 0xb5, 0xb5, 0x17, 0x17, 0xb6, 0x81, 0x81, 0x19, 0x18, 0x19, 0x19, 0x1a, 0xb8, 0xcc, 0x1b, 0x1b, 0xb9, 0xb9, 0x1c, 0x1c, 0x65, 0x1d, 0x1e, 0x1e, 0x1e, 0x1f, 0x1f, 0xce, 0x20, 0x20, 0x21, 0x21, 0xbb, 0xcf, 0x23, 0x23, 0x24, 0x24, 0x25, 0x68, 0x26, 0x27, 0x28, 0x28, 0x29, 0x69, 0x2a, 0x2b, 0x79, 0x79, 0x2c, 0x2c, 0x89, 0x2e, 0x2f, 0x2f, 0x8a, 0x6a, 0x32, 0x33, 0x33, 0x34, 0x6b, 0x35, 0x36, 0x36, 0x37, 0x38, 0x39, 0x39, 0x3b, 0x3b, 0x6d, 0x3c, 0x3d, 0x3e, 0x3e, 0x6e, 0x40, 0x41, 0x41, 0x42, 0x91, 0x44, 0x44, 0x45, 0x46, 0x47, 0x48, 0x49, 0x49, 0x4a, 0x71, 0x4b, 0x7a, 0x7a, 0x4c, 0xd7, 0xd7, 0x7b, 0x7b, 0x4f, 0x50, 0x98, 0x51, 0x7c, 0x52, 0x52, 0x54, 0x54, 0x55, 0x56, 0xc2, 0x73, 0x58, 0x58, 0x59, 0x59, 0x5a, 0xd9, 0x5c, 0x5c, 0x5d, 0x5e, 0x5e, 0x5f, 0x5f, 0x60, 0x61, 0x61, 0x61, 0x62, 0x62, 0x62, 0x63, 0x63, 0x63, 0x63, 0x63, 0x63, 0x63, 0x63, 0x63, 0x63, 0x63, 
  0x63, 0x63, 0x63, 0x63, 0x63, 0x63, 0x63, 0x63, 0x63, 0x63, 0x62, 0x63, 0x62, 0x62, 0x75, 0x61, 0x61, 0x60, 0x60, 0x5f, 0x5f, 0x5d, 0x5d, 0x5c, 0x5c, 0x5b, 0xd9, 0x59, 0x59, 0x58, 0x57, 0x73, 0x56, 0x56, 0x55, 0x55, 0x72, 0x53, 0x7c, 0x7c, 0x51, 0x51, 0x50, 0x4f, 0x7b, 0x4e, 0x4e, 0x4d, 0x4c, 0x7a, 0x7a, 0x4b, 0x94, 0x4a, 0x49, 0x48, 0x48, 0x70, 0x46, 0x45, 0x44, 0x43, 0x42, 0x41, 0x41, 0x40, 0x3f, 0x3e, 0x3e, 0x3c, 0x3c, 0x6d, 0x3b, 0x3b, 0x3a, 0x39, 0x6c, 0x6c, 0x37, 0x36, 0x35, 0x6b, 0x34, 0x33, 0x33, 0x31, 0x31, 0x30, 0x2f, 0x2e, 0x2e, 0x89, 0x2c, 0x79, 0x79, 0x2b, 0x2a, 0x29, 0x29, 0x27, 0x28, 0x26, 0x68, 0x25, 0x24, 0x24, 0x24, 0xcf, 0x23, 0x21, 0x22, 0x21, 0x21, 0x20, 0xce, 0x1f, 0x1e, 0x1e, 0x1e, 0x1d, 0x1d, 0xcd, 0x1c, 0xb9, 0xb9, 0x1b, 0x1b, 0xb8, 0xcc, 0x1a, 0x19, 0x19, 0x19, 0x18, 0x18, 0x81, 0xc9, 0x17, 0x17, 0xb5, 0xb5, 0xb5, 0x16, 0x16, 0x78, 0x80, 0xc8, 0x15, 0x15, 0xb3, 0x15, 0xb3, 0xb3, 0x14, 0x14, 0x14, 0x77, 0x14, 0xc7, 0xc7, 0x13, 0x13, 0x13, 0x13, 0x12, 0x13, 0x12, 0x12, 0x12, 0x12, 0x12, 0x12, 0x12, 0x12, 0x12, 0x12, 0x12, 0x12, 0x12, 0x12, 0x12, 0x12, 0x12, 0x12, 0x11, 0x12, 0x12, 0x12, 0x12, 0x12, 0x13, 0x12, 0xb2, 0x13, 0x13, 0x13, 0x13, 0xc7, 0x77, 0xc7, 0x14, 0x14, 0x14, 0x14, 0xb3, 0xb3, 0xb3, 0xb3, 0x15, 0x15, 0x15, 0xc8, 0x80, 0x16, 0x16, 0x16, 0xb5, 0xb5, 0xb5, 0x17, 0x17, 0x81, 0x81, 0x18, 0x18, 0x19, 0x1a, 0x1a, 0x1a, 0xcc, 0x1b, 0x1b, 0xb9, 0xb9, 0x1c, 0x1c, 0xcd, 0x1d, 0x1d, 0x1e, 0x1e, 0x1f, 0x1f, 0xce, 0x20, 0x21, 0x21, 0x21, 0x22, 0xcf, 0x23, 0x24, 0x24, 0x24, 0x25, 0x68, 0x26, 0x27, 0x28, 0x28, 0x29, 0x69, 0x2a, 0x2b, 0x79, 0x79, 0x2c, 0x89, 0x2d, 0x2e, 0x30, 0x2f, 0xa6, 0x31, 0x32, 0x33, 0x34, 0xd1, 0x35, 0x36, 0x36, 0x37, 0x6c, 0x38, 0x3a, 0x3a, 0x3b, 0x6d, 0x6d, 0x3c, 0x3d, 0x3e, 0x6e, 0x3f, 0x40, 0x42, 0x41, 0x91, 0x43, 0x44, 0x45, 0x46, 0x46, 0x48, 0x48, 0x49, 0x49, 0x4a, 0x71, 0x4b, 0x7a, 0x4c, 0x4c, 0xd7, 0x4e, 0x7b, 0x7b, 0x97, 0x50, 0x51, 0x7c, 0x7c, 0x52, 0x53, 0x54, 0x55, 0x56, 0x56, 0x73, 0x57, 0x58, 0x58, 0x59, 0x5a, 0xa8, 0x5b, 0x5c, 0x5c, 0x5d, 0x5e, 0x5f, 0x5f, 0x60, 0x60, 0x61, 0x61, 0x62, 0x62, 0x62, 0x62, 0x63, 0x63, 0x63, 0x63, 0x63, 0x63, 0x63, 0x63, 0x63, 0x63, 
  0x63, 0x63, 0x63, 0x63, 0x63, 0x63, 0x63, 0x63, 0x63, 0x63, 0x63, 0x62, 0x62, 0x62, 0xd5, 0x61, 0x60, 0x61, 0x5f, 0x5f, 0x9c, 0x5e, 0x5c, 0x5d, 0x5b, 0x5b, 0x5a, 0x59, 0x58, 0x58, 0x57, 0x73, 0x9a, 0x55, 0x55, 0x54, 0x53, 0x52, 0x52, 0x7c, 0x51, 0xd8, 0x50, 0x4f, 0x7b, 0x7b, 0xd7, 0x4d, 0x4c, 0x7a, 0x4b, 0x71, 0x4a, 0x4a, 0x49, 0x48, 0xa7, 0x46, 0x46, 0x45, 0x44, 0x91, 0x42, 0x42, 0x40, 0x40, 0x6e, 0x3e, 0x3d, 0x3d, 0x3c, 0xbf, 0x3b, 0x3a, 0x39, 0x38, 0x6c, 0x37, 0x36, 0x36, 0x6b, 0x8c, 0x33, 0x34, 0x32, 0x31, 0x30, 0x30, 0x2f, 0x2e, 0x2d, 0x2c, 0x79, 0x79, 0x2b, 0x2a, 0x29, 0x29, 0x28, 0x27, 0x27, 0x68, 0x25, 0x25, 0x24, 0x24, 0x23, 0xcf, 0xcf, 0x21, 0x21, 0x21, 0x20, 0xce, 0x84, 0x1e, 0x1e, 0x1e, 0x1d, 0xa4, 0x1c, 0x1c, 0xb9, 0xb9, 0xb9, 0x83, 0xb8, 0x1a, 0x1a, 0x19, 0x1a, 0x18, 0x18, 0x81, 0x81, 0xb6, 0x17, 0x17, 0xb5, 0xb5, 0xb5, 0x16, 0x80, 0x78, 0xc8, 0x15, 0x15, 0xb3, 0xb3, 0xb3, 0x14, 0x14, 0x14, 0x14, 0x77, 0x77, 0xc7, 0x13, 0x13, 0x13, 0x13, 0x12, 0x12, 0x12, 0x12, 0x12, 0x12, 0x11, 0x12, 0x11, 0x11, 0x11, 0x11, 0x11, 0x11, 0x11, 0x11, 0x11, 0x11, 0x11, 0x11, 0x12, 0x11, 0x12, 0x11, 0x12, 0x11, 0x12, 0x12, 0x12, 0x12, 0x12, 0x12, 0x12, 0x12, 0x13, 0x13, 0x13, 0x13, 0xc7, 0xc7, 0xc7, 0x14, 0x77, 0x14, 0x14, 0x14, 0xb3, 0xb3, 0xb3, 0x15, 0x15, 0x15, 0x78, 0x80, 0x16, 0x16, 0xb5, 0xb5, 0xb5, 0x17, 0x17, 0x17, 0x81, 0x18, 0x18, 0x19, 0x19, 0x1a, 0xb7, 0x1a, 0x1b, 0xcc, 0xb9, 0x1b, 0x1c, 0x1c, 0xcd, 0x1d, 0x1d, 0x1e, 0x1e, 0x1f, 0x1f, 0x66, 0xa5, 0x21, 0x21, 0x21, 0x22, 0x23, 0xcf, 0x24, 0x24, 0x24, 0x25, 0x68, 0x68, 0x28, 0x28, 0x28, 0x29, 0x69, 0x2b, 0x2b, 0x79, 0x79, 0x2c, 0x89, 0x2e, 0x2f, 0x2f, 0x30, 0x6a, 0x32, 0x32, 0x33, 0x34, 0xd1, 0x6b, 0x36, 0x36, 0x37, 0x6c, 0x39, 0x39, 0x3a, 0x3b, 0x6d, 0x3c, 0x3c, 0x3e, 0x3e, 0x3f, 0x3f, 0x41, 0x41, 0x42, 0x6f, 0x44, 0x44, 0x45, 0x46, 0x70, 0x48, 0x49, 0x49, 0x4a, 0x94, 0x4b, 0x7a, 0x7a, 0x4c, 0x4d, 0x96, 0x7b, 0x7b, 0x4f, 0x50, 0x51, 0x7c, 0x7c, 0x52, 0x99, 0x53, 0x55, 0x54, 0x56, 0xc2, 0x57, 0x73, 0x59, 0x58, 0x5a, 0xd9, 0x5b, 0x5c, 0x5c, 0x5d, 0x5e, 0x9d, 0x5f, 0x60, 0x60, 0x61, 0x61, 0x75, 0x62, 0x62, 0x63, 0x63, 0x63, 0x63, 0x63, 0x63, 0x63, 0x63, 0x63, 0x63, 0x63, 
  0x63, 0x63, 0x63, 0x63, 0x63, 0x63, 0x63, 0x63, 0x63, 0x63, 0x62, 0x63, 0x75, 0x62, 0x9e, 0x61, 0x60, 0x60, 0x5f, 0x9d, 0x5e, 0x5d, 0x5c, 0x5c, 0x5b, 0x5b, 0x5a, 0x59, 0x58, 0x57, 0x57, 0x56, 0x56, 0x55, 0x55, 0x54, 0x72, 0x52, 0x7c, 0x7c, 0x51, 0xd8, 0x4f, 0x7b, 0x7b, 0xd7, 0x96, 0x4c, 0x7a, 0x7a, 0x4b, 0x71, 0x4a, 0x49, 0x49, 0x48, 0x70, 0x46, 0x45, 0x44, 0x43, 0x90, 0x41, 0x41, 0x40, 0x40, 0x3e, 0x3e, 0x3d, 0x3c, 0xd2, 0x3b, 0x3b, 0x3a, 0x39, 0x38, 0x37, 0x36, 0x36, 0x35, 0x6b, 0x34, 0x33, 0x33, 0x31, 0x31, 0x30, 0x2f, 0x2f, 0x2d, 0x89, 0x2c, 0x79, 0x79, 0x2b, 0x69, 0x29, 0x29, 0x28, 0x27, 0x26, 0x68, 0x25, 0x24, 0x24, 0x23, 0x23, 0xcf, 0x22, 0x21, 0x21, 0x20, 0xce, 0x84, 0x1f, 0x1e, 0x1e, 0x1d, 0x1d, 0xcd, 0x1c, 0xb9, 0xb9, 0x1b, 0x1b, 0xcc, 0xb7, 0x1a, 0x19, 0x19, 0x18, 0x18, 0x18, 0xc9, 0x17, 0x17, 0xb5, 0xb5, 0x16, 0xb5, 0x16, 0x16, 0x80, 0xc8, 0x15, 0xb3, 0x15, 0x14, 0xb3, 0x14, 0x14, 0x14, 0xc7, 0x77, 0xc7, 0x13, 0x13, 0x13, 0x12, 0x12, 0x12, 0x12, 0x12, 0x11, 0x12, 0x11, 0x11, 0x11, 0x11, 0x10, 0x11, 0x10, 0x10, 0x10, 0x10, 0x10, 0x11, 0x10, 0x10, 0x10, 0x10, 0x10, 0x10, 0x10, 0x11, 0x11, 0x11, 0x11, 0x11, 0x11, 0x12, 0x11, 0x12, 0x12, 0x12, 0x12, 0x12, 0x12, 0x12, 0x13, 0x13, 0x13, 0xc7, 0x77, 0x77, 0x77, 0x14, 0x14, 0x14, 0xb3, 0xb3, 0xb3, 0x15, 0x15, 0x78, 0xc8, 0x80, 0x16, 0x16, 0xb5, 0xb5, 0xb5, 0x17, 0xc9, 0x81, 0x18, 0x18, 0x19, 0x19, 0x1a, 0x1a, 0xb8, 0x83, 0x1b, 0xb9, 0xb9, 0xb9, 0xcd, 0xcd, 0x1d, 0x1d, 0x1e, 0x1e, 0x1f, 0x1f, 0xa5, 0x66, 0x21, 0x21, 0x21, 0x22, 0xcf, 0x23, 0x24, 0x24, 0x25, 0x25, 0x26, 0x27, 0x27, 0x29, 0x28, 0x69, 0x87, 0x2b, 0x2b, 0x79, 0x2c, 0x2c, 0x2d, 0x2e, 0x2f, 0x30, 0x30, 0x31, 0x32, 0x33, 0x34, 0x34, 0x35, 0x35, 0x36, 0x37, 0x37, 0x38, 0x39, 0x3a, 0x3b, 0x3b, 0x6d, 0x3d, 0x3d, 0x3e, 0xc0, 0x3f, 0x40, 0x41, 0x42, 0x6f, 0x43, 0x44, 0x45, 0x46, 0x70, 0x47, 0x48, 0x49, 0x4a, 0x4a, 0x71, 0x4b, 0x7a, 0x4c, 0x4c, 0x96, 0x4e, 0x7b, 0x7b, 0x97, 0xd8, 0x51, 0x7c, 0x52, 0x52, 0x53, 0x54, 0x55, 0x56, 0x56, 0x73, 0x57, 0x58, 0x58, 0x5a, 0x59, 0x5b, 0x5b, 0x5d, 0x5c, 0x5e, 0x5e, 0x5f, 0x5f, 0x60, 0x61, 0x61, 0x9e, 0x75, 0x62, 0x62, 0x63, 0x63, 0x63, 0x63, 0x63, 0x63, 0x63, 0x63, 0x63, 0x63, 
  0x63, 0x63, 0x63, 0x63, 0x63, 0x63, 0x63, 0x63, 0x63, 0x62, 0x63, 0x62, 0x62, 0x9e, 0x61, 0x61, 0x61, 0x5f, 0x5f, 0x74, 0x5e, 0x5d, 0x5c, 0x5b, 0x5b, 0xd9, 0x59, 0x59, 0x58, 0x57, 0x73, 0x56, 0x56, 0x55, 0x54, 0x53, 0x99, 0x52, 0x7c, 0x51, 0x51, 0x50, 0x4f, 0x4f, 0x4e, 0x4e, 0x4d, 0x4c, 0x4c, 0x7a, 0x71, 0x71, 0x49, 0x4a, 0x48, 0x47, 0x92, 0x45, 0x45, 0x44, 0x91, 0x6f, 0x41, 0x41, 0x40, 0x6e, 0x3e, 0x3d, 0x3c, 0x3c, 0x6d, 0x3b, 0x3a, 0x39, 0x39, 0x6c, 0x37, 0x36, 0x36, 0x35, 0xd1, 0x34, 0x33, 0x32, 0x31, 0x30, 0x30, 0x2f, 0x2e, 0x2d, 0x2c, 0x2c, 0x79, 0x2b, 0x2a, 0x29, 0x29, 0x28, 0x27, 0x27, 0x68, 0x25, 0x24, 0x24, 0x23, 0x23, 0x85, 0x22, 0x21, 0x21, 0x20, 0x66, 0x1f, 0x1f, 0x1e, 0x1e, 0x1d, 0x1d, 0xcd, 0x1c, 0xb9, 0xb9, 0x1b, 0x1b, 0xb8, 0x1a, 0x1a, 0x19, 0x19, 0x18, 0x18, 0x81, 0xc9, 0x17, 0x17, 0xb5, 0xb5, 0xb5, 0x16, 0x16, 0x80, 0xc8, 0x15, 0x15, 0xb3, 0xb3, 0xb3, 0x14, 0x14, 0x14, 0x14, 0x77, 0xc7, 0x77, 0x12, 0x13, 0x12, 0x12, 0x12, 0x12, 0x11, 0x11, 0x11, 0x10, 0x10, 0x10, 0xa2, 0x0f, 0x10, 0x0f, 0x0f, 0x0f, 0x0f, 0x0f, 0x0f, 0x0e, 0x0f, 0x0f, 0x0f, 0x0f, 0x0f, 0x0f, 0xb1, 0x0f, 0x0f, 0x0f, 0x0f, 0x0f, 0xa2, 0x10, 0x10, 0x11, 0x11, 0x11, 0x12, 0x11, 0x12, 0x12, 0x12, 0x12, 0x12, 0x13, 0x13, 0x13, 0x13, 0x77, 0x77, 0x14, 0x77, 0x14, 0x14, 0xb3, 0xb3, 0xb3, 0x15, 0x15, 0x78, 0x80, 0x16, 0x16, 0xb5, 0xb5, 0xb5, 0x17, 0xc9, 0xc9, 0x18, 0x18, 0x19, 0x19, 0x1a, 0x1a, 0xcc, 0x83, 0x1b, 0x1b, 0xb9, 0xb9, 0x1c, 0xa4, 0x1d, 0x1d, 0x1e, 0x1e, 0x1f, 0x84, 0x20, 0x20, 0x21, 0x21, 0x22, 0x22, 0x23, 0x23, 0x24, 0x24, 0x25, 0x25, 0x27, 0x26, 0x28, 0x28, 0x29, 0x29, 0x2a, 0x2b, 0x79, 0x79, 0x2c, 0x88, 0x2e, 0x2f, 0x2f, 0x30, 0x6a, 0x32, 0x32, 0x33, 0x34, 0x6b, 0x35, 0x36, 0x36, 0x37, 0x8d, 0x39, 0x39, 0x3a, 0xbf, 0x8e, 0x6d, 0x3d, 0x3d, 0x3e, 0x3f, 0x3f, 0x41, 0x41, 0x42, 0x43, 0x44, 0x45, 0x46, 0x46, 0x47, 0x48, 0x49, 0x49, 0x4a, 0x71, 0x4b, 0x7a, 0x7a, 0x4c, 0x96, 0x4e, 0x7b, 0x7b, 0x4f, 0x98, 0x51, 0x7c, 0x7c, 0x52, 0x53, 0x54, 0x55, 0x55, 0x56, 0x73, 0x57, 0x58, 0x58, 0x59, 0x59, 0x5b, 0x5b, 0x5c, 0x5c, 0x5d, 0x5d, 0x5f, 0x5f, 0x60, 0x60, 0x61, 0x61, 0x62, 0x75, 0x63, 0x62, 0x63, 0x63, 0x63, 0x63, 0x63, 0x63, 0x63, 0x63, 0x63, 
  0x63, 0x63, 0x63, 0x63, 0x63, 0x63, 0x63, 0x63, 0x63, 0x63, 0x62, 0x62, 0x62, 0x9e, 0x61, 0x60, 0x60, 0x5f, 0x5f, 0x5e, 0x5d, 0x5d, 0x5c, 0x5b, 0x5b, 0x59, 0x59, 0x58, 0x58, 0x57, 0x73, 0x56, 0x55, 0x55, 0x54, 0x53, 0xc1, 0x7c, 0x7c, 0x51, 0xd8, 0x4f, 0x4f, 0x7b, 0x4e, 0x4e, 0x4c, 0x4c, 0x7a, 0x4b, 0x4b, 0x4a, 0x4a, 0x48, 0x48, 0x70, 0x46, 0x45, 0x45, 0x44, 0x6f, 0x90, 0x41, 0x41, 0x3f, 0x6e, 0x3e, 0x3d, 0x3d, 0x6d, 0xbf, 0x3b, 0x3a, 0x39, 0x39, 0x37, 0x37, 0x36, 0x35, 0x35, 0x34, 0x33, 0x33, 0x32, 0x6a, 0x8a, 0x2f, 0x2f, 0x2d, 0x89, 0x2c, 0x79, 0x2b, 0x2b, 0x69, 0x29, 0x28, 0x28, 0x27, 0x68, 0x25, 0x25, 0x24, 0x23, 0x23, 0xcf, 0x22, 0x21, 0x21, 0x20, 0x20, 0xce, 0x1f, 0x1e, 0x1e, 0x1d, 0x1d, 0xcd, 0x1c, 0xb9, 0xb9, 0x1b, 0x1b, 0xcc, 0x1a, 0x1a, 0x19, 0x19, 0x18, 0x18, 0x81, 0xc9, 0x17, 0x17, 0xb5, 0xb5, 0x16, 0x16, 0x16, 0x80, 0xb4, 0x15, 0x15, 0xb3, 0xb3, 0xb3, 0x14, 0x14, 0x77, 0x77, 0xc7, 0x13, 0x13, 0x12, 0x13, 0x11, 0x12, 0x11, 0x12, 0x10, 0x11, 0x10, 0x10, 0xa2, 0x0f, 0x0f, 0xb1, 0x0e, 0x0e, 0x0e, 0x0e, 0x0e, 0x0e, 0x0e, 0x0e, 0x0e, 0x0e, 0x0e, 0x0e, 0x0e, 0x0e, 0x0e, 0x0e, 0x0e, 0x0e, 0x0e, 0x0e, 0x0e, 0x0e, 0xb1, 0x0f, 0x0f, 0x0f, 0x10, 0x10, 0x11, 0x11, 0x11, 0x11, 0x12, 0x12, 0x12, 0x12, 0x12, 0x13, 0x13, 0x13, 0xb2, 0x77, 0x77, 0x14, 0x14, 0xb3, 0xb3, 0xb3, 0x15, 0x15, 0xb4, 0x78, 0x80, 0x16, 0x16, 0xb5, 0xb5, 0x17, 0x17, 0xc9, 0x81, 0x18, 0x18, 0x19, 0x1a, 0x1a, 0x83, 0x83, 0x1b, 0xb9, 0xb9, 0x1c, 0x1c, 0xcd, 0x1d, 0x1e, 0x1e, 0x1e, 0x1f, 0xce, 0x20, 0x20, 0x21, 0x21, 0x22, 0xcf, 0x23, 0x23, 0x24, 0x24, 0x25, 0x25, 0x26, 0x27, 0x28, 0x28, 0x29, 0x69, 0x2a, 0x79, 0x79, 0x2c, 0x2c, 0x2d, 0x2e, 0x2f, 0x30, 0x30, 0x31, 0x32, 0x33, 0x34, 0x34, 0x6b, 0x35, 0x36, 0x37, 0x37, 0x6c, 0x39, 0x3a, 0x3a, 0x8e, 0x6d, 0x3c, 0x3d, 0x3e, 0x3e, 0x3f, 0x40, 0x42, 0x41, 0x43, 0x44, 0x44, 0x45, 0x46, 0x70, 0x47, 0x48, 0x49, 0x4a, 0x4a, 0x71, 0x4b, 0x7a, 0x4c, 0x4c, 0x4e, 0x4e, 0x7b, 0x7b, 0x98, 0xd8, 0x51, 0x52, 0x7c, 0x53, 0x53, 0x54, 0x56, 0x56, 0xc2, 0x73, 0x57, 0x58, 0x59, 0x59, 0xd9, 0x5b, 0x5c, 0x5c, 0x5d, 0x5d, 0x9d, 0x5f, 0x5f, 0x61, 0x60, 0x9e, 0x9e, 0x62, 0x62, 0x63, 0x63, 0x63, 0x63, 0x63, 0x63, 0x63, 0x63, 0x63, 0x63, 
  0x63, 0x63, 0x63, 0x63, 0x63, 0x63, 0x63, 0x63, 0x63, 0x62, 0x62, 0x62, 0x75, 0x61, 0x61, 0x60, 0x60, 0x60, 0x9d, 0x9d, 0x5d, 0x5c, 0x5c, 0x5b, 0x5b, 0x59, 0x59, 0x58, 0x57, 0x73, 0x73, 0x56, 0x55, 0x55, 0x54, 0x99, 0xc1, 0x7c, 0x7c, 0x51, 0xd8, 0x4f, 0x7b, 0x7b, 0x4e, 0x4d, 0x4c, 0x7a, 0x7a, 0x4b, 0x93, 0x4a, 0x49, 0x48, 0x48, 0x92, 0x46, 0x45, 0x44, 0x43, 0x42, 0x42, 0x41, 0x40, 0x3f, 0x3e, 0x3d, 0x3d, 0x3c, 0x6d, 0x3b, 0x3a, 0x3a, 0x39, 0x37, 0x37, 0x36, 0x36, 0x35, 0x8c, 0x33, 0x34, 0x32, 0x31, 0x8a, 0x30, 0x2f, 0x2e, 0x2d, 0x2c, 0x79, 0x79, 0x2b, 0x2a, 0x29, 0x28, 0x28, 0x27, 0x26, 0x68, 0x25, 0x24, 0x24, 0x23, 0xcf, 0x85, 0x21, 0x21, 0x20, 0x20, 0xce, 0x84, 0x1e, 0x1e, 0x1e, 0x1d, 0xcd, 0x1c, 0xb9, 0xb9, 0x1b, 0x1b, 0xcc, 0x1a, 0x1a, 0x19, 0x19, 0x18, 0x18, 0x81, 0xb6, 0x17, 0x17, 0xb5, 0xb5, 0x16, 0xb5, 0x80, 0x78, 0xb4, 0x15, 0x15, 0xb3, 0xb3, 0x14, 0x14, 0x14, 0xc7, 0x77, 0x13, 0x13, 0x13, 0x12, 0x12, 0x11, 0x12, 0x11, 0x11, 0x10, 0xa2, 0xa2, 0xb1, 0xb1, 0x0e, 0x0e, 0x0e, 0x0e, 0x0e, 0x0e, 0xb0, 0xb0, 0xb0, 0xb0, 0xb0, 0xb0, 0xb0, 0xb0, 0xb0, 0xb0, 0xb0, 0xb0, 0xb0, 0xb0, 0xb0, 0xb0, 0xb0, 0xb0, 0xb0, 0xb0, 0x0e, 0x0e, 0x0e, 0x0e, 0x0e, 0x0f, 0x0f, 0x0f, 0x10, 0x10, 0x11, 0x11, 0x11, 0x12, 0x12, 0x12, 0x12, 0x12, 0x13, 0x13, 0x77, 0xa3, 0x77, 0x14, 0x14, 0xb3, 0xb3, 0xb3, 0x15, 0x15, 0x78, 0x80, 0x16, 0x16, 0xb5, 0xb5, 0x17, 0x17, 0xc9, 0x81, 0x18, 0x19, 0x18, 0x1a, 0x1a, 0xcc, 0x83, 0x1b, 0xb9, 0xb9, 0x1c, 0xba, 0xa4, 0xcd, 0x1e, 0x1e, 0x1f, 0x1f, 0x66, 0x20, 0x21, 0x21, 0x21, 0x22, 0xcf, 0x23, 0x24, 0x24, 0x24, 0xbc, 0x68, 0x26, 0x27, 0x28, 0x28, 0x87, 0x2a, 0x2a, 0x79, 0x79, 0x2c, 0x89, 0x2d, 0x2e, 0x2f, 0x30, 0x6a, 0x32, 0x32, 0x34, 0x33, 0xd1, 0x35, 0x36, 0x36, 0x37, 0x8d, 0x38, 0x3a, 0x3a, 0x3b, 0x6d, 0x3c, 0x3c, 0x3e, 0x3e, 0x3f, 0x40, 0x41, 0x41, 0x42, 0x91, 0x44, 0x45, 0x45, 0x46, 0x70, 0x48, 0x49, 0x49, 0x93, 0x71, 0x4b, 0x7a, 0x4c, 0x95, 0x96, 0x4e, 0x7b, 0x4f, 0x4f, 0x50, 0x51, 0x7c, 0x7c, 0x52, 0x53, 0x55, 0x54, 0x56, 0x56, 0x73, 0x57, 0x58, 0x58, 0x59, 0x5a, 0x5b, 0x5b, 0x5c, 0x5d, 0x5d, 0x9d, 0x5f, 0x5f, 0x60, 0x60, 0x61, 0x61, 0x62, 0x62, 0x62, 0x62, 0x63, 0x63, 0x63, 0x63, 0x63, 0x63, 0x63, 0x63, 
  0x63, 0x63, 0x63, 0x63, 0x63, 0x63, 0x63, 0x63, 0x62, 0x63, 0x62, 0x62, 0x75, 0x61, 0x61, 0x61, 0x5f, 0x5f, 0x9d, 0x5e, 0x5d, 0x5c, 0x5c, 0xa8, 0xd9, 0x59, 0x58, 0x58, 0x57, 0x73, 0xc2, 0x55, 0x55, 0x54, 0x53, 0x99, 0x7c, 0x7c, 0x51, 0xd8, 0x50, 0x4f, 0x7b, 0x7b, 0xd7, 0x4d, 0x4c, 0x7a, 0x4b, 0x71, 0x94, 0x49, 0x49, 0x48, 0xa7, 0x46, 0x45, 0x45, 0x44, 0x91, 0x42, 0x41, 0x40, 0x3f, 0x6e, 0x3e, 0x3d, 0x3d, 0x3c, 0x3b, 0x3b, 0x3a, 0x39, 0x39, 0x37, 0x37, 0x36, 0x35, 0x8c, 0x34, 0x33, 0x33, 0xa6, 0x31, 0x30, 0x2f, 0x2f, 0x2d, 0x89, 0x2c, 0x79, 0x79, 0x2a, 0x69, 0x29, 0x28, 0x28, 0x27, 0x68, 0xbc, 0x24, 0x24, 0x23, 0x23, 0x85, 0x22, 0x21, 0x21, 0xa5, 0x20, 0x84, 0x1e, 0x1e, 0x1e, 0x1d, 0xa4, 0x1c, 0x1c, 0xb9, 0xb9, 0x1b, 0x83, 0x1a, 0x1a, 0x19, 0x19, 0x18, 0x18, 0x81, 0xb6, 0x17, 0xb5, 0xb5, 0xb5, 0x16, 0x16, 0x80, 0xb4, 0x15, 0x15, 0xb3, 0xb3, 0xb3, 0x14, 0x14, 0x14, 0xc7, 0xc7, 0x13, 0x13, 0x12, 0x12, 0x12, 0x11, 0x12, 0x10, 0x11, 0xa2, 0x0e, 0xb1, 0x0e, 0x0e, 0xb0, 0xb0, 0xb0, 0xb0, 0xb0, 0xb0, 0xb0, 0xb0, 0xb0, 0xb0, 0xb0, 0xb0, 0xb0, 0xb0, 0xb0, 0x0d, 0xb0, 0x0d, 0xb0, 0x0d, 0xb0, 0xb0, 0xb0, 0xb0, 0xb0, 0xb0, 0xb0, 0xb0, 0xb0, 0xb0, 0xb0, 0x0e, 0x0e, 0x0e, 0x0e, 0x0f, 0x0f, 0x10, 0x10, 0x10, 0x11, 0x11, 0x12, 0x12, 0x12, 0x12, 0x12, 0xb2, 0x13, 0xb2, 0x77, 0xa3, 0x14, 0x14, 0xb3, 0xb3, 0x15, 0x15, 0xc8, 0x78, 0x80, 0xb5, 0x16, 0xb5, 0xb5, 0x17, 0xc9, 0x81, 0x18, 0x18, 0x19, 0x19, 0xb7, 0xb8, 0x83, 0x1b, 0xb9, 0xb9, 0x1c, 0x1c, 0x65, 0x1d, 0x1e, 0x1e, 0x1f, 0x1f, 0x66, 0x20, 0x21, 0x21, 0x22, 0x22, 0xcf, 0x23, 0x24, 0x24, 0x25, 0x25, 0x68, 0x27, 0x27, 0x28, 0x29, 0x29, 0x2a, 0x2b, 0x79, 0x2c, 0x2c, 0x2d, 0x2f, 0x2f, 0x30, 0x30, 0x31, 0x32, 0x33, 0x33, 0x8c, 0xd1, 0x35, 0x36, 0x36, 0x37, 0x8d, 0x38, 0x3a, 0x3a, 0x8e, 0x6d, 0x3d, 0x3d, 0x3e, 0x8f, 0x40, 0x40, 0x42, 0x42, 0x6f, 0x44, 0x44, 0x46, 0x45, 0x47, 0x47, 0x48, 0x49, 0x4a, 0x93, 0x4b, 0x4b, 0x7a, 0x4c, 0x4d, 0x4e, 0x4e, 0x7b, 0x4f, 0x50, 0x98, 0x7c, 0x7c, 0x52, 0x52, 0x54, 0x55, 0x55, 0x56, 0x73, 0x73, 0x57, 0x59, 0x58, 0xa8, 0x5a, 0x5b, 0x5c, 0x5c, 0x5d, 0x9c, 0x5f, 0x5f, 0x60, 0x60, 0x61, 0x9e, 0x75, 0x62, 0x62, 0x63, 0x63, 0x63, 0x63, 0x63, 0x63, 0x63, 0x63, 0x63, 
  0x63, 0x63, 0x63, 0x63, 0x63, 0x63, 0x63, 0x63, 0x63, 0x62, 0x62, 0x75, 0x9e, 0x61, 0x60, 0x60, 0x5f, 0x5f, 0x5e, 0x5d, 0x5d, 0x5c, 0x5b, 0x5b, 0x59, 0x5a, 0x58, 0x58, 0x57, 0x9a, 0x73, 0x55, 0x55, 0x54, 0x53, 0x52, 0x52, 0x7c, 0x51, 0xd8, 0x4f, 0x4f, 0x7b, 0x4e, 0x96, 0x4c, 0x4c, 0x7a, 0x4b, 0xd3, 0x94, 0x49, 0x49, 0x48, 0x70, 0x92, 0x45, 0x44, 0x44, 0x90, 0x42, 0x41, 0x41, 0x3f, 0x3e, 0x3e, 0x3d, 0x3c, 0x6d, 0x8e, 0x3a, 0x3a, 0x39, 0x6c, 0x37, 0x36, 0x36, 0x35, 0x8b, 0x34, 0x33, 0x33, 0x31, 0x8a, 0x30, 0x2f, 0x2e, 0x2d, 0x2c, 0x2c, 0x79, 0x2a, 0x2a, 0x29, 0x29, 0x28, 0x27, 0x26, 0x25, 0x24, 0x24, 0x24, 0x23, 0x85, 0x22, 0x21, 0x21, 0x20, 0xa5, 0x84, 0x1f, 0x1e, 0x1e, 0x1d, 0x1d, 0xcd, 0x1c, 0xb9, 0xb9, 0x1b, 0xcc, 0xb8, 0x1a, 0x19, 0x19, 0x18, 0x18, 0x81, 0xb6, 0x17, 0xb5, 0xb5, 0xb5, 0x16, 0x16, 0x80, 0xc8, 0x15, 0x15, 0xb3, 0xb3, 0xb3, 0x14, 0x14, 0xc7, 0x77, 0x13, 0x13, 0x13, 0x12, 0x12, 0x12, 0x11, 0x11, 0x10, 0xa2, 0x0f, 0xb1, 0x0e, 0x0e, 0x0e, 0xb0, 0xb0, 0xb0, 0xb0, 0xb0, 0xb0, 0x0d, 0x0d, 0x0d, 0x0d, 0x0d, 0x0d, 0x0d, 0x0d, 0x0d, 0x0d, 0x0d, 0x0d, 0x0d, 0x0d, 0x0d, 0x0d, 0x0d, 0x0d, 0x0d, 0x0d, 0x0d, 0xb0, 0x0d, 0xb0, 0xb0, 0xb0, 0xb0, 0xb0, 0x0e, 0xb0, 0x0e, 0x0e, 0x0e, 0x0e, 0x0f, 0xa2, 0x10, 0x10, 0x11, 0x11, 0x12, 0x12, 0x12, 0x12, 0x13, 0xb2, 0xa3, 0x77, 0x14, 0x14, 0xb3, 0xb3, 0xb3, 0x15, 0x15, 0x80, 0x80, 0x16, 0xb5, 0xb5, 0xb5, 0x17, 0x17, 0x81, 0x18, 0x19, 0x19, 0x19, 0x1a, 0xb8, 0x83, 0x83, 0xb9, 0xb9, 0x1c, 0x1c, 0x1d, 0x1d, 0x1e, 0x1e, 0x1f, 0x1f, 0x20, 0x20, 0x21, 0x21, 0x21, 0x22, 0x23, 0x23, 0x24, 0x24, 0x24, 0x86, 0x26, 0x26, 0x28, 0x28, 0x29, 0x69, 0x2b, 0x79, 0x79, 0x2c, 0x89, 0x2e, 0x2f, 0x2f, 0x30, 0x6a, 0x32, 0x33, 0x33, 0x34, 0xd1, 0x35, 0x35, 0x36, 0x36, 0x8d, 0x38, 0x39, 0x3a, 0x3b, 0x6d, 0x3c, 0x3d, 0x3d, 0x3e, 0x3f, 0x40, 0x40, 0x42, 0x6f, 0x43, 0x44, 0x45, 0x45, 0x70, 0x47, 0x48, 0x49, 0x49, 0x93, 0x94, 0x7a, 0x7a, 0x7a, 0x95, 0x4e, 0x4e, 0x7b, 0x4f, 0x50, 0xd8, 0x51, 0x7c, 0x7c, 0x53, 0x53, 0x55, 0x55, 0x56, 0xc2, 0x57, 0x57, 0x58, 0x58, 0x59, 0xa8, 0xa8, 0x5c, 0x5c, 0x5d, 0x9c, 0x5f, 0x5f, 0x60, 0x60, 0x61, 0x61, 0x75, 0x62, 0x62, 0x62, 0x63, 0x63, 0x63, 0x63, 0x63, 0x63, 0x63, 0x63, 
  0x63, 0x63, 0x63, 0x63, 0x63, 0x63, 0x63, 0x63, 0x62, 0x63, 0x75, 0x62, 0x61, 0x61, 0x60, 0x60, 0x5f, 0x5f, 0x5d, 0x5d, 0x5c, 0x5c, 0x5b, 0xa8, 0x5a, 0x58, 0x59, 0x57, 0x57, 0x73, 0x55, 0x55, 0x55, 0x53, 0x53, 0x52, 0x7c, 0x7c, 0x51, 0x50, 0x4f, 0x7b, 0x7b, 0xd7, 0x4e, 0x4c, 0x7a, 0x4b, 0x4b, 0x94, 0x4a, 0x49, 0x48, 0x47, 0x92, 0x46, 0x45, 0x44, 0x43, 0x42, 0x42, 0x41, 0x40, 0x3f, 0x3e, 0x3d, 0x3d, 0x3c, 0x8e, 0x3b, 0x3a, 0x3a, 0x38, 0x38, 0x36, 0x36, 0x36, 0x8b, 0x8c, 0x33, 0x33, 0x32, 0xa6, 0x30, 0x2f, 0x2f, 0x2d, 0x89, 0x2c, 0x79, 0x2b, 0x2b, 0x29, 0x29, 0x28, 0x27, 0x26, 0x68, 0x25, 0x24, 0x24, 0x23, 0xcf, 0x22, 0x21, 0x21, 0x20, 0x20, 0xa5, 0x1f, 0x1e, 0x1e, 0x1d, 0x1e, 0x1c, 0xba, 0xb9, 0xb9, 0x1b, 0x83, 0x83, 0x1a, 0x19, 0x19, 0x18, 0x18, 0x81, 0xb6, 0x17, 0xb5, 0xb5, 0xb5, 0x16, 0x16, 0x80, 0x78, 0xb4, 0x15, 0xb3, 0x15, 0x14, 0x14, 0x14, 0x77, 0xc7, 0x13, 0x13, 0x12, 0x13, 0x11, 0x12, 0x10, 0x11, 0xa2, 0x0f, 0x0f, 0xb1, 0x0e, 0xb0, 0xb0, 0xb0, 0xb0, 0xb0, 0x0d, 0x0d, 0x0d, 0x0d, 0x0d, 0x0d, 0x0d, 0x7f, 0x0d, 0x7f, 0x7f, 0x7f, 0x7f, 0xc6, 0xc6, 0x7f, 0x7f, 0x0d, 0x7f, 0x7f, 0x7f, 0x7f, 0x0d, 0x0d, 0x0d, 0x7f, 0x0d, 0x0d, 0x0d, 0x0d, 0x0d, 0xb0, 0x0d, 0xb0, 0xb0, 0xb0, 0xb0, 0x0e, 0x0e, 0x0e, 0x0f, 0x0f, 0x10, 0x10, 0x11, 0x12, 0x12, 0x12, 0x12, 0x13, 0x13, 0x77, 0x77, 0x14, 0x14, 0xb3, 0xb3, 0xb3, 0x15, 0x15, 0xc8, 0x80, 0x16, 0x16, 0xb5, 0xb5, 0x17, 0x17, 0x81, 0x18, 0x18, 0x19, 0x19, 0xb7, 0x1a, 0x1b, 0x1b, 0xb9, 0xb9, 0x1c, 0xcd, 0x1d, 0x1e, 0x1e, 0x1e, 0x1f, 0xce, 0x20, 0x20, 0x21, 0x21, 0x22, 0x22, 0x23, 0x23, 0x24, 0x24, 0xbc, 0x86, 0x26, 0x28, 0x28, 0x29, 0x29, 0x2a, 0x2b, 0x79, 0x2c, 0x2c, 0x89, 0x2e, 0x2f, 0x30, 0x30, 0x31, 0x32, 0x33, 0x34, 0x34, 0x8c, 0x35, 0x36, 0x36, 0x8d, 0x38, 0x39, 0x3a, 0x3a, 0xbf, 0x6d, 0x3d, 0x3d, 0x3e, 0x6e, 0x3f, 0x41, 0x41, 0x42, 0x6f, 0x44, 0x45, 0x45, 0x46, 0x70, 0x48, 0x49, 0x4a, 0x4a, 0x94, 0x4b, 0x7a, 0x7a, 0x95, 0x4d, 0x4e, 0x7b, 0x4f, 0x4f, 0xd8, 0x51, 0x7c, 0x52, 0x52, 0x53, 0x54, 0x55, 0x56, 0x56, 0x73, 0x57, 0x58, 0x58, 0x9b, 0x5a, 0x5b, 0x5b, 0x5c, 0x5c, 0x9c, 0x9d, 0x5f, 0x60, 0x60, 0x61, 0x61, 0x9e, 0x75, 0x62, 0x63, 0x63, 0x63, 0x63, 0x63, 0x63, 0x63, 0x63, 0x63, 
  0x63, 0x63, 0x63, 0x63, 0x63, 0x63, 0x63, 0x62, 0x63, 0x62, 0x62, 0x61, 0x9e, 0x60, 0x61, 0x5f, 0x5f, 0x5e, 0x5e, 0x5c, 0x5d, 0x5b, 0x5b, 0x5a, 0x59, 0x59, 0x58, 0x57, 0x73, 0x9a, 0x56, 0x55, 0x54, 0x53, 0x52, 0x52, 0x52, 0x51, 0x51, 0x50, 0x4f, 0x7b, 0x7b, 0x4e, 0x4c, 0x4c, 0x7a, 0x7a, 0x71, 0x93, 0x49, 0x49, 0x48, 0xa7, 0x46, 0x45, 0x45, 0x44, 0x6f, 0x42, 0x41, 0x41, 0x3f, 0x6e, 0x3e, 0x3e, 0x3c, 0x3c, 0x3b, 0x3b, 0x3a, 0x39, 0x38, 0x8d, 0x36, 0x36, 0x35, 0x8b, 0x34, 0x33, 0x33, 0x31, 0x30, 0x30, 0x2f, 0x2e, 0x2d, 0x2c, 0x79, 0x79, 0x2b, 0x2a, 0x29, 0x29, 0x28, 0x27, 0x68, 0x86, 0x24, 0x24, 0x23, 0x23, 0x85, 0x21, 0x21, 0x21, 0x20, 0x84, 0x84, 0x1e, 0x1e, 0x1d, 0x1d, 0xcd, 0x1c, 0xb9, 0xb9, 0x1b, 0x1b, 0xb8, 0x1a, 0x19, 0x19, 0x18, 0x18, 0x81, 0xb6, 0x17, 0xb5, 0xb5, 0xb5, 0x16, 0x80, 0x80, 0xb4, 0x15, 0xb3, 0xb3, 0xb3, 0x14, 0x14, 0x14, 0xc7, 0xc7, 0x13, 0x13, 0x12, 0x12, 0x12, 0x11, 0x11, 0x10, 0x0f, 0xb1, 0x0e, 0x0e, 0xb0, 0xb0, 0xb0, 0xb0, 0xb0, 0x0d, 0x0d, 0x0d, 0x0d, 0x7f, 0x7f, 0x7f, 0xc6, 0xc6, 0xc6, 0xc6, 0x7e, 0xc6, 0x7e, 0x7e, 0x0c, 0xc6, 0xc6, 0x7e, 0x7e, 0x7e, 0x0c, 0xc6, 0x7e, 0x7e, 0xc6, 0x7f, 0xc6, 0xc6, 0x0d, 0x7f, 0x0d, 0x0d, 0x0d, 0xb0, 0x0d, 0xb0, 0xb0, 0xb0, 0xb0, 0xb0, 0xb0, 0x0e, 0x0e, 0x0f, 0x0f, 0xa2, 0x10, 0x11, 0x11, 0x12, 0x12, 0x12, 0x13, 0xb2, 0x77, 0x77, 0x14, 0x14, 0xb3, 0xb3, 0xb3, 0x15, 0xc8, 0x16, 0x80, 0x16, 0xb5, 0xb5, 0x17, 0x17, 0x81, 0x18, 0x18, 0x19, 0x19, 0x1a, 0xb7, 0x1b, 0x1b, 0xb9, 0xb9, 0x1c, 0xa4, 0xcd, 0x1e, 0x1e, 0x1e, 0x1f, 0xce, 0x20, 0x20, 0x21, 0x21, 0x22, 0x85, 0x23, 0x23, 0x24, 0x24, 0x25, 0x26, 0x26, 0x27, 0x29, 0x28, 0x2a, 0x2a, 0x79, 0x79, 0x2c, 0x89, 0x2d, 0x2f, 0x2f, 0x30, 0x6a, 0x31, 0x32, 0x33, 0x34, 0xd1, 0x8c, 0x35, 0x36, 0x36, 0xbe, 0x38, 0x3a, 0x3a, 0x3b, 0x6d, 0x3c, 0x3d, 0x3e, 0x3e, 0x3f, 0x40, 0x42, 0x41, 0x42, 0x43, 0x44, 0x45, 0x46, 0x92, 0x47, 0x48, 0x49, 0x49, 0x93, 0x4b, 0x4b, 0x7a, 0x7a, 0x4d, 0x96, 0x4e, 0x7b, 0x4f, 0x97, 0x51, 0x51, 0x7c, 0x52, 0x72, 0x54, 0x55, 0x55, 0x56, 0x73, 0x57, 0x58, 0x58, 0x59, 0x9b, 0xa8, 0x5b, 0x5c, 0x5c, 0x9c, 0x5e, 0x5f, 0x5f, 0x60, 0x60, 0x61, 0x9e, 0x75, 0x62, 0x62, 0x62, 0x63, 0x63, 0x63, 0x63, 0x63, 0x63, 0x63, 
  0x63, 0x63, 0x63, 0x63, 0x63, 0x63, 0x63, 0x63, 0x62, 0x62, 0x62, 0x75, 0x61, 0x61, 0x5f, 0x60, 0x5f, 0x5e, 0x5d, 0x5d, 0x5b, 0x5c, 0xa8, 0x5a, 0x59, 0x58, 0x58, 0x57, 0x73, 0x9a, 0x56, 0x54, 0x55, 0x53, 0x52, 0x52, 0x51, 0x7c, 0x98, 0x4f, 0x4f, 0x7b, 0x4e, 0xd7, 0x4c, 0x7a, 0x7a, 0x4b, 0x94, 0x4a, 0x49, 0x49, 0xa7, 0x70, 0x46, 0x45, 0x45, 0x91, 0x6f, 0x42, 0x41, 0x40, 0x3f, 0x3e, 0x3e, 0x3d, 0x3c, 0x3c, 0x3b, 0x3a, 0x3a, 0x38, 0x38, 0x37, 0x36, 0x36, 0x8c, 0xd1, 0x33, 0x33, 0x32, 0xa6, 0x30, 0x2f, 0x2f, 0x2e, 0x2d, 0x2c, 0x79, 0x79, 0x2b, 0x69, 0x29, 0x28, 0x27, 0x26, 0x86, 0x25, 0x24, 0x24, 0x23, 0xcf, 0xbb, 0x21, 0x21, 0xa5, 0x20, 0x84, 0x1f, 0x1e, 0x1e, 0x1d, 0x1d, 0xa4, 0x1c, 0xb9, 0xb9, 0x1b, 0xb8, 0x1a, 0x1a, 0x19, 0x19, 0x18, 0x81, 0xc9, 0x17, 0xb5, 0xb5, 0x16, 0x16, 0x16, 0x80, 0xb4, 0x15, 0xb3, 0x15, 0xb3, 0xb3, 0x14, 0x14, 0xc7, 0x77, 0x13, 0x13, 0x12, 0x12, 0x11, 0x11, 0x11, 0x10, 0x0f, 0xb1, 0x0e, 0xb0, 0xb0, 0x0e, 0xb0, 0x0d, 0x0d, 0x0d, 0x0d, 0x7f, 0x7f, 0x7f, 0xc6, 0xc6, 0xc6, 0x0c, 0x0c, 0x0c, 0x0c, 0x0c, 0x0c, 0x0c, 0xc5, 0x0c, 0xc5, 0x0c, 0x0c, 0xc5, 0x0c, 0xc5, 0xc5, 0x0c, 0x0c, 0x0c, 0x0c, 0x0c, 0x0c, 0xc6, 0xc6, 0x7f, 0xc6, 0x7f, 0x7f, 0x0d, 0x0d, 0x0d, 0x0d, 0xb0, 0xb0, 0xb0, 0xb0, 0x0e, 0x0e, 0xb1, 0x0f, 0xa2, 0x10, 0x11, 0x11, 0x12, 0x12, 0x12, 0x13, 0x13, 0x77, 0x14, 0x14, 0x14, 0xb3, 0xb3, 0xb3, 0x15, 0x15, 0x80, 0x80, 0x16, 0xb5, 0xb5, 0x17, 0xb6, 0x81, 0x18, 0x18, 0x19, 0x1a, 0x1a, 0x83, 0x1b, 0xb9, 0xb9, 0x1c, 0x1c, 0xcd, 0x1d, 0x1e, 0x1e, 0x1e, 0x84, 0xce, 0x20, 0x20, 0x21, 0x21, 0x22, 0xcf, 0x23, 0x24, 0x24, 0x25, 0x25, 0x26, 0x27, 0x28, 0x29, 0x69, 0x2a, 0x2b, 0x79, 0x2c, 0x2c, 0x2d, 0x2e, 0x2f, 0x30, 0x8a, 0x31, 0x32, 0x33, 0x33, 0x8b, 0x8c, 0x35, 0x36, 0x36, 0x6c, 0x8d, 0x39, 0x3a, 0x3b, 0x8e, 0x3c, 0x3c, 0x3d, 0x3e, 0x3f, 0x40, 0x41, 0x41, 0x6f, 0x43, 0x44, 0x45, 0x45, 0x46, 0xa7, 0x48, 0x49, 0x4a, 0x4a, 0x71, 0x4b, 0x7a, 0x4c, 0x4d, 0x96, 0x7b, 0x7b, 0x4f, 0x50, 0x98, 0x7c, 0x7c, 0x52, 0x52, 0x53, 0x54, 0x55, 0x56, 0x56, 0x73, 0x57, 0x58, 0x58, 0x9b, 0x5a, 0x5b, 0x5c, 0x5c, 0x5d, 0x5e, 0x5e, 0x60, 0x60, 0x60, 0x61, 0x61, 0x9e, 0x62, 0x63, 0x62, 0x63, 0x63, 0x63, 0x63, 0x63, 0x63, 0x63, 
  0x63, 0x63, 0x63, 0x63, 0x63, 0x63, 0x63, 0x62, 0x63, 0x62, 0x75, 0x9e, 0x61, 0x60, 0x60, 0x5f, 0x9d, 0x5e, 0x5d, 0x5c, 0x5c, 0x5b, 0x5b, 0x59, 0x9b, 0x58, 0x57, 0x57, 0x73, 0x56, 0x55, 0x55, 0x53, 0x53, 0x52, 0x7c, 0x7c, 0x51, 0x50, 0x50, 0x7b, 0x7b, 0x4e, 0x4c, 0x4d, 0x7a, 0x7a, 0x71, 0x71, 0x49, 0x4a, 0x48, 0x48, 0x92, 0x46, 0x45, 0x44, 0x43, 0x90, 0x41, 0x41, 0x40, 0x3f, 0x3e, 0x3d, 0x3c, 0x3c, 0x3b, 0x3b, 0x3a, 0x3a, 0x38, 0x37, 0x37, 0x36, 0x35, 0x6b, 0x8c, 0x33, 0x33, 0x31, 0x31, 0x2f, 0x30, 0x2e, 0x2d, 0x2c, 0x2c, 0x79, 0x2a, 0x2a, 0x29, 0x28, 0x28, 0x27, 0x68, 0x25, 0x24, 0x24, 0x23, 0x23, 0x85, 0x21, 0x21, 0x21, 0x20, 0xa5, 0x1f, 0x1e, 0x1e, 0x1e, 0x1d, 0xcd, 0x1c, 0xb9, 0xb9, 0x83, 0x1b, 0x1a, 0x1a, 0x19, 0x19, 0x18, 0x81, 0xc9, 0x17, 0xb5, 0xb5, 0xb5, 0xb5, 0x16, 0x80, 0x78, 0x15, 0xb3, 0xb3, 0xb3, 0x14, 0x14, 0x14, 0x77, 0x13, 0x13, 0x13, 0x12, 0x12, 0x11, 0x11, 0x10, 0x0f, 0x0f, 0x0e, 0x0e, 0xb0, 0xb0, 0xb0, 0xb0, 0x0d, 0xb0, 0x0d, 0x7f, 0x7f, 0xc6, 0xc6, 0x0c, 0x0c, 0x0c, 0x0c, 0xc5, 0x0c, 0xc5, 0xc5, 0xc5, 0xc5, 0xc5, 0xc5, 0xc5, 0xc5, 0xc5, 0xc5, 0xc5, 0xc5, 0xc5, 0xc5, 0xc5, 0xc5, 0xc5, 0x0c, 0xc5, 0x0c, 0x0c, 0x0c, 0x0c, 0x0c, 0xc6, 0xc6, 0xc6, 0x0d, 0x7f, 0x0d, 0x0d, 0x0d, 0x0d, 0xb0, 0xb0, 0xb0, 0x0e, 0x0e, 0xb1, 0x0f, 0x10, 0x11, 0x10, 0x12, 0x12, 0x12, 0x13, 0x13, 0x13, 0x14, 0xa3, 0x14, 0x14, 0xb3, 0xb3, 0x15, 0x15, 0x80, 0x16, 0x16, 0xb5, 0xb5, 0x17, 0xb6, 0x18, 0x18, 0x19, 0x19, 0x1a, 0xb8, 0x83, 0x1b, 0xb9, 0xb9, 0x1c, 0x1c, 0x1d, 0x1d, 0x1e, 0x1e, 0x1f, 0x1f, 0x20, 0x20, 0x21, 0x21, 0x22, 0x85, 0x23, 0x23, 0x24, 0x25, 0xbc, 0x68, 0x27, 0x28, 0x28, 0xbd, 0x69, 0x2b, 0x79, 0x79, 0x2c, 0x89, 0x2e, 0x2f, 0x2f, 0x30, 0x6a, 0x32, 0x33, 0x33, 0x34, 0x8c, 0x35, 0x36, 0x36, 0xbe, 0x6c, 0x39, 0x3a, 0x3a, 0x3b, 0x3c, 0x3c, 0x3d, 0x3e, 0x6e, 0x40, 0x41, 0x41, 0x42, 0x6f, 0x43, 0x45, 0x45, 0x46, 0x70, 0x48, 0x49, 0x49, 0x93, 0x93, 0x7a, 0x4b, 0x4c, 0x4c, 0x4d, 0xd7, 0x7b, 0x7b, 0x4f, 0xd8, 0xd8, 0x7c, 0x7c, 0x52, 0x53, 0x54, 0x55, 0x55, 0x56, 0x57, 0x57, 0x58, 0x59, 0x59, 0x5a, 0x5b, 0x5c, 0x5c, 0x5d, 0x5d, 0x9d, 0x5f, 0x60, 0x60, 0x61, 0x61, 0x9e, 0x75, 0x62, 0x62, 0x63, 0x63, 0x63, 0x63, 0x63, 0x63, 0x63, 
  0x63, 0x63, 0x63, 0x63, 0x63, 0x63, 0x63, 0x63, 0x62, 0x62, 0x75, 0x9e, 0x61, 0x60, 0x60, 0x5f, 0x5e, 0x5e, 0x5c, 0x5d, 0x5b, 0x5b, 0x5a, 0x59, 0x58, 0x58, 0x57, 0x73, 0x9a, 0x56, 0x55, 0x55, 0x53, 0x53, 0x52, 0x7c, 0x7c, 0xd8, 0x50, 0x4f, 0x7b, 0x7b, 0xd7, 0x96, 0x4c, 0x7a, 0x4b, 0x94, 0x4a, 0x49, 0x49, 0x48, 0xa7, 0x46, 0x45, 0x45, 0x44, 0x6f, 0x42, 0x41, 0x41, 0x40, 0x6e, 0x3e, 0x3d, 0x3d, 0x6d, 0x8e, 0x3b, 0x3a, 0x39, 0x6c, 0x8d, 0x36, 0x36, 0x35, 0x8b, 0x33, 0x33, 0x32, 0xa6, 0x30, 0x2f, 0x2f, 0x2e, 0x89, 0x2c, 0x79, 0x79, 0x2b, 0x69, 0x29, 0x28, 0x28, 0x26, 0x86, 0x24, 0x24, 0x23, 0x23, 0x85, 0x21, 0x21, 0x20, 0x20, 0xce, 0x1f, 0x1e, 0x1e, 0x1e, 0xa4, 0xcd, 0xba, 0xb9, 0xb9, 0x1b, 0x1b, 0xb8, 0x1a, 0x19, 0x19, 0x18, 0x18, 0xc9, 0x17, 0xb5, 0xb5, 0x16, 0x16, 0x78, 0xc8, 0x15, 0x15, 0xb3, 0xb3, 0xb3, 0x14, 0x14, 0x77, 0xc7, 0x13, 0x13, 0x12, 0x13, 0x11, 0x12, 0x11, 0x10, 0x0f, 0x0e, 0x0e, 0xb0, 0xb0, 0xb0, 0xb0, 0x0d, 0x0d, 0x0d, 0x7f, 0xc6, 0xc6, 0xc6, 0x0c, 0x0c, 0x0c, 0xc5, 0xc5, 0xc5, 0xc5, 0xc5, 0xc5, 0xc5, 0xc5, 0x0b, 0xc5, 0x0b, 0xc5, 0x0b, 0xc5, 0x0b, 0xc5, 0x0b, 0xc5, 0x0b, 0xc5, 0x0b, 0xc5, 0xc5, 0xc5, 0xc5, 0xc5, 0xc5, 0xc5, 0x0c, 0x0c, 0xc6, 0x0c, 0xc6, 0xc6, 0x7f, 0x0d, 0x7f, 0x0d, 0x0d, 0xb0, 0xb0, 0xb0, 0xb0, 0xb0, 0x0e, 0x0e, 0x0f, 0x10, 0x11, 0x11, 0x12, 0x12, 0x13, 0x13, 0xc7, 0x77, 0x14, 0x14, 0x14, 0xb3, 0xb3, 0x15, 0x15, 0x78, 0x80, 0x16, 0xb5, 0xb5, 0x17, 0x17, 0x81, 0x18, 0x19, 0x19, 0x1a, 0xb8, 0xcc, 0x1b, 0xb9, 0xb9, 0x1c, 0xcd, 0x1d, 0x1d, 0x1e, 0x1e, 0x1f, 0x1f, 0xa5, 0x20, 0x21, 0x21, 0x22, 0x22, 0x23, 0x23, 0x24, 0x24, 0x86, 0x26, 0x27, 0x28, 0x29, 0xbd, 0x2a, 0x2b, 0x79, 0x2c, 0x2c, 0x2d, 0x2e, 0x2f, 0x30, 0x30, 0xa6, 0x32, 0x33, 0x33, 0x34, 0x8b, 0x35, 0x36, 0x36, 0xbe, 0x38, 0x39, 0x3b, 0x3b, 0xd2, 0x3c, 0x3d, 0x3e, 0x3e, 0x3f, 0x40, 0x41, 0x41, 0x90, 0x43, 0x44, 0x45, 0x45, 0x92, 0x47, 0x48, 0x49, 0x49, 0x71, 0x94, 0x7a, 0x7a, 0x4c, 0x4d, 0x4e, 0x4e, 0x4f, 0x4f, 0x50, 0x51, 0x7c, 0x7c, 0x52, 0x72, 0x54, 0x55, 0x55, 0x9a, 0xc2, 0x57, 0x57, 0x58, 0x59, 0x59, 0x5b, 0x5b, 0x5c, 0x5d, 0x5d, 0x9d, 0x5f, 0x5f, 0x60, 0x60, 0x61, 0x61, 0x75, 0x62, 0x63, 0x62, 0x63, 0x63, 0x63, 0x63, 0x63, 0x63, 
  0x63, 0x63, 0x63, 0x63, 0x63, 0x63, 0x63, 0x62, 0x62, 0x62, 0x75, 0x61, 0x60, 0x61, 0x5f, 0x5f, 0x9d, 0x5d, 0x5c, 0x5c, 0x5b, 0xa8, 0x5a, 0x5a, 0x58, 0x58, 0x57, 0x73, 0x56, 0x56, 0x55, 0x54, 0x53, 0x52, 0x52, 0x7c, 0x51, 0xd8, 0x50, 0x4f, 0x7b, 0x4e, 0x96, 0x4c, 0x7a, 0x7a, 0x4b, 0x4a, 0x94, 0x49, 0x49, 0x48, 0x70, 0x92, 0x45, 0x45, 0x44, 0x43, 0x42, 0x41, 0x40, 0x40, 0x6e, 0x3e, 0x3d, 0x3c, 0x6d, 0x8e, 0x3a, 0x3a, 0x39, 0x8d, 0x37, 0x36, 0x35, 0x35, 0x34, 0x34, 0x33, 0x32, 0x31, 0x2f, 0x30, 0x2e, 0x2e, 0x2c, 0x2c, 0x79, 0x2b, 0x2a, 0x69, 0x28, 0x28, 0x26, 0x26, 0x24, 0x25, 0x23, 0x24, 0x85, 0xcf, 0x21, 0x21, 0x20, 0x20, 0x84, 0x1f, 0x1e, 0x1e, 0x1d, 0x1d, 0x65, 0xb9, 0x1c, 0x1b, 0x1b, 0xb8, 0x1a, 0x1a, 0x19, 0x18, 0x18, 0xc9, 0x17, 0x17, 0xb5, 0xb5, 0x16, 0x16, 0xc8, 0x80, 0xb3, 0x15, 0xb3, 0xb3, 0x14, 0x14, 0x77, 0x77, 0x13, 0x13, 0x12, 0x12, 0x12, 0x11, 0x11, 0x10, 0x0f, 0x0e, 0x0e, 0xb0, 0xb0, 0x0d, 0xb0, 0x0d, 0x0d, 0x7f, 0x7f, 0x7f, 0xc6, 0x0c, 0x0c, 0xc5, 0xc5, 0xc5, 0xc5, 0xc5, 0xc5, 0xc5, 0x0b, 0x0b, 0x0b, 0x0b, 0x0b, 0x0b, 0x0b, 0x0b, 0x0b, 0x0b, 0x0b, 0x0b, 0x0b, 0x0b, 0x0b, 0x0b, 0xc5, 0x0b, 0x0b, 0x0b, 0x0b, 0xc5, 0xc5, 0xc5, 0xc5, 0xc5, 0xc5, 0xc5, 0x0c, 0x0c, 0x0c, 0xc6, 0xc6, 0x0d, 0x0d, 0x0d, 0x0d, 0x0d, 0xb0, 0xb0, 0xb0, 0x0e, 0x0e, 0x0f, 0xa2, 0x10, 0x12, 0x11, 0x12, 0x12, 0x13, 0x13, 0xc7, 0x77, 0x14, 0x14, 0xb3, 0xb3, 0x15, 0x15, 0x80, 0x16, 0x16, 0xb5, 0xb5, 0x17, 0xc9, 0x81, 0x18, 0x19, 0x19, 0x1a, 0xb8, 0x1b, 0x1b, 0xb9, 0x1c, 0x1c, 0xcd, 0x1d, 0x1d, 0x1e, 0x1e, 0x1f, 0x84, 0x20, 0x20, 0x21, 0x21, 0x22, 0x23, 0x23, 0x24, 0x24, 0x25, 0x68, 0x27, 0x28, 0x28, 0x29, 0x69, 0x2b, 0x2b, 0x2c, 0x2c, 0x2d, 0x2e, 0x2f, 0x2f, 0x30, 0xa6, 0x31, 0x33, 0x33, 0x34, 0x8c, 0x35, 0x36, 0x36, 0x37, 0x38, 0x3a, 0x39, 0x3b, 0x3b, 0x3c, 0x3c, 0x3d, 0x3e, 0x6e, 0x40, 0x41, 0x41, 0x42, 0x6f, 0x44, 0x45, 0x45, 0x46, 0xa7, 0x48, 0x49, 0x4a, 0x93, 0x4b, 0x4b, 0x7a, 0x4c, 0x4d, 0xd7, 0x4e, 0x7b, 0x4f, 0x50, 0xd8, 0x7c, 0x7c, 0x52, 0x72, 0x54, 0x54, 0x56, 0x55, 0x73, 0x57, 0x57, 0x58, 0x59, 0x59, 0xa8, 0x5b, 0x5c, 0x5c, 0x5d, 0x5e, 0x74, 0x5f, 0x60, 0x60, 0x61, 0xc3, 0x75, 0x62, 0x62, 0x63, 0x63, 0x63, 0x63, 0x63, 0x63, 0x63, 
  0x63, 0x63, 0x63, 0x63, 0x63, 0x63, 0x62, 0x63, 0x62, 0x62, 0xd5, 0x61, 0x61, 0x60, 0x5f, 0x5f, 0x5e, 0x5d, 0x5c, 0x5c, 0x5b, 0xa8, 0x5a, 0x58, 0x59, 0x57, 0x57, 0x73, 0x56, 0x56, 0x55, 0x54, 0x53, 0x72, 0x52, 0x7c, 0x51, 0xd8, 0x4f, 0x7b, 0x7b, 0x4e, 0x4d, 0x4c, 0x7a, 0x7a, 0x94, 0x94, 0x4a, 0x49, 0x49, 0x47, 0xa7, 0x46, 0x45, 0x45, 0x6f, 0x6f, 0x42, 0x40, 0x40, 0x6e, 0x3e, 0x3d, 0x3d, 0x3c, 0x3b, 0x3b, 0x3a, 0x3a, 0x38, 0x37, 0x36, 0x36, 0x35, 0x35, 0x34, 0x33, 0x32, 0x32, 0x6a, 0x30, 0x2f, 0x2e, 0x2d, 0x2c, 0x2c, 0x2b, 0x2b, 0x69, 0x29, 0x28, 0x28, 0x26, 0x68, 0x25, 0x24, 0x23, 0x23, 0xcf, 0x22, 0x21, 0x21, 0x20, 0xa5, 0x1f, 0x1f, 0x1e, 0x1e, 0x1d, 0x65, 0xb9, 0x1c, 0x1b, 0x1b, 0xcc, 0x1a, 0x1a, 0x19, 0x18, 0x18, 0x81, 0xb6, 0x17, 0xb5, 0xb5, 0x16, 0x16, 0x80, 0xb4, 0x15, 0xb3, 0xb3, 0xb3, 0x14, 0x14, 0xc7, 0xc7, 0x13, 0x13, 0x12, 0x12, 0x12, 0x11, 0x10, 0xa2, 0x0f, 0x0e, 0x0e, 0xb0, 0x0e, 0x0d, 0xb0, 0x0d, 0x0d, 0x7f, 0xc6, 0xc6, 0x0c, 0x0c, 0xc5, 0xc5, 0xc5, 0xc5, 0xc5, 0x0b, 0x0b, 0x0b, 0x0b, 0x0b, 0x0b, 0x0b, 0x7d, 0xd6, 0x0b, 0x7d, 0x0b, 0x7d, 0x7d, 0x7d, 0x7d, 0x7d, 0x0b, 0x7d, 0xd6, 0x7d, 0x7d, 0x0b, 0x0b, 0x0b, 0x0b, 0x0b, 0x0b, 0xc5, 0xc5, 0xc5, 0xc5, 0xc5, 0xc5, 0x0c, 0x0c, 0x0c, 0xc6, 0x7f, 0x7f, 0x0d, 0x0d, 0x0d, 0xb0, 0xb0, 0xb0, 0xb0, 0x0e, 0x0e, 0x0f, 0x10, 0x11, 0x11, 0x12, 0x12, 0x13, 0x13, 0xc7, 0x77, 0x14, 0x14, 0xb3, 0xb3, 0x15, 0xb4, 0x80, 0x16, 0x16, 0x17, 0xb5, 0xc9, 0xc9, 0x18, 0x18, 0x19, 0x1a, 0x1a, 0xcc, 0x1b, 0x1b, 0xb9, 0x1c, 0x1c, 0xcd, 0x1d, 0x1e, 0x1e, 0x1f, 0x84, 0x20, 0x20, 0x21, 0x21, 0x22, 0xbb, 0x23, 0x23, 0x24, 0x25, 0x25, 0x26, 0x27, 0x28, 0x29, 0x69, 0x2a, 0x79, 0x79, 0x2c, 0x2c, 0x2d, 0x2e, 0x2f, 0x30, 0x30, 0x31, 0x32, 0x33, 0x34, 0x34, 0x35, 0x36, 0x36, 0x37, 0x37, 0x39, 0x3a, 0x3b, 0x3b, 0x6d, 0x3c, 0x3d, 0x3e, 0x3e, 0x3f, 0x40, 0x41, 0x42, 0x6f, 0x44, 0x44, 0x45, 0x46, 0x70, 0x48, 0x48, 0x49, 0x93, 0x94, 0x4b, 0x7a, 0x4c, 0x4c, 0x96, 0x4e, 0x7b, 0x4f, 0x4f, 0x50, 0x51, 0x7c, 0x52, 0x52, 0x53, 0x54, 0x55, 0x56, 0x73, 0x73, 0x57, 0x58, 0x58, 0x9b, 0x5a, 0x5b, 0x5c, 0x5c, 0x5d, 0x5d, 0x5e, 0x60, 0x60, 0x60, 0x61, 0x61, 0x75, 0x62, 0x62, 0x63, 0x62, 0x63, 0x63, 0x63, 0x63, 0x63, 
  0x63, 0x63, 0x63, 0x63, 0x63, 0x63, 0x63, 0x62, 0x62, 0x75, 0x9e, 0x61, 0x60, 0x60, 0x5f, 0x9d, 0x5d, 0x5e, 0x5c, 0x5c, 0x5b, 0x5a, 0x59, 0x59, 0x57, 0x58, 0x73, 0x73, 0x56, 0x55, 0x55, 0x54, 0x72, 0x52, 0x7c, 0x7c, 0x7c, 0x50, 0x50, 0x7b, 0x7b, 0x4e, 0x4d, 0x4c, 0x7a, 0x4b, 0x71, 0x4a, 0x4a, 0x49, 0x48, 0x47, 0x46, 0x46, 0x45, 0x44, 0x43, 0x42, 0x42, 0x41, 0x40, 0x6e, 0x3e, 0x3e, 0x3c, 0x3c, 0x3b, 0x3b, 0x3a, 0x39, 0x6c, 0x6c, 0x36, 0x36, 0x35, 0x8b, 0x33, 0x33, 0x32, 0x31, 0x30, 0x2f, 0x2f, 0x2e, 0x88, 0x2c, 0x79, 0x2b, 0x2b, 0x29, 0x29, 0x28, 0x27, 0x26, 0xbc, 0x24, 0x24, 0x23, 0xcf, 0x22, 0x21, 0x21, 0x20, 0x20, 0x1f, 0x1f, 0x1e, 0x1e, 0x1d, 0x1d, 0x1c, 0x1c, 0xb9, 0x1b, 0x1b, 0xb8, 0x1a, 0x19, 0x19, 0x18, 0x81, 0xc9, 0x17, 0xb5, 0xb5, 0x16, 0x16, 0x78, 0x80, 0xb3, 0x15, 0xb3, 0xb3, 0x14, 0x14, 0x77, 0xc7, 0x13, 0x13, 0x12, 0x13, 0x11, 0x11, 0x11, 0x10, 0x0f, 0x0e, 0xb0, 0xb0, 0xb0, 0xb0, 0x0d, 0x0d, 0x7f, 0x7f, 0xc6, 0x0c, 0x0c, 0xc5, 0xc5, 0xc5, 0x0b, 0xc5, 0x0b, 0x0b, 0x0b, 0x0b, 0x7d, 0x7d, 0x7d, 0x0a, 0x7d, 0x0a, 0x0a, 0x0a, 0x0a, 0x0a, 0x0a, 0xae, 0xae, 0x0a, 0x0a, 0x0a, 0x0a, 0x0a, 0x0a, 0x0a, 0x7d, 0x7d, 0x0a, 0x0b, 0x0b, 0x0b, 0x0b, 0x0b, 0x0b, 0x0b, 0x0b, 0xc5, 0xc5, 0xc5, 0x0c, 0x0c, 0x0c, 0xc6, 0x7f, 0x7f, 0x0d, 0x0d, 0x0d, 0xb0, 0x0e, 0xb0, 0x0e, 0x0f, 0x0f, 0x11, 0x11, 0x11, 0x12, 0x12, 0x12, 0x13, 0x77, 0x77, 0x14, 0x14, 0xb3, 0xb3, 0x15, 0x78, 0x80, 0x16, 0x16, 0xb5, 0x17, 0x17, 0x18, 0x18, 0x19, 0x19, 0x1a, 0x1a, 0x83, 0x1b, 0xb9, 0xb9, 0x1c, 0xcd, 0xa4, 0x1d, 0x1e, 0x1e, 0x1f, 0x84, 0x20, 0x20, 0x21, 0x21, 0x22, 0x23, 0x23, 0x24, 0x24, 0x25, 0x68, 0x27, 0x28, 0x28, 0x69, 0x69, 0x2b, 0x79, 0x79, 0x2c, 0x89, 0x2e, 0x2f, 0x2f, 0x30, 0xa6, 0x32, 0x33, 0x33, 0x34, 0x35, 0x35, 0x36, 0x37, 0x37, 0x38, 0x39, 0x3a, 0x3b, 0x8e, 0x3c, 0x3d, 0x3d, 0x3e, 0x3f, 0x40, 0x41, 0x41, 0x42, 0x91, 0x44, 0x45, 0x45, 0x92, 0x48, 0x48, 0x49, 0x4a, 0x94, 0x4b, 0x7a, 0x7a, 0x4d, 0x4d, 0x4e, 0x7b, 0x7b, 0x50, 0x50, 0x51, 0x7c, 0x7c, 0x52, 0x53, 0x54, 0x55, 0x56, 0xc2, 0x73, 0x57, 0x58, 0x58, 0x59, 0x5a, 0x5b, 0x5c, 0x5c, 0x5d, 0x5e, 0x74, 0x5e, 0x60, 0x60, 0x61, 0x61, 0x9e, 0x62, 0x62, 0x63, 0x63, 0x63, 0x63, 0x63, 0x63, 0x63, 
  0x63, 0x63, 0x63, 0x63, 0x63, 0x63, 0x62, 0x63, 0x75, 0x62, 0x61, 0x61, 0x60, 0x60, 0x5f, 0x74, 0x5d, 0x5d, 0x5c, 0x5c, 0x5b, 0x5a, 0x59, 0x58, 0x58, 0x57, 0x73, 0x73, 0x55, 0x56, 0x54, 0x54, 0x72, 0x52, 0x7c, 0x7c, 0x50, 0x50, 0x4f, 0x7b, 0x4e, 0x96, 0x4d, 0x4c, 0x7a, 0x4b, 0x71, 0x93, 0x49, 0x49, 0x48, 0x47, 0x46, 0x46, 0x44, 0x45, 0x6f, 0x42, 0x41, 0x41, 0x40, 0x6e, 0x3e, 0x3d, 0x3c, 0x6d, 0x3b, 0x3a, 0x3a, 0x38, 0x38, 0x36, 0x36, 0x35, 0x35, 0x34, 0x33, 0x33, 0x32, 0x8a, 0x30, 0x2f, 0x2f, 0x2d, 0xd0, 0x2c, 0x79, 0x79, 0x69, 0x29, 0x28, 0x28, 0x27, 0x25, 0x25, 0x24, 0x24, 0x23, 0x85, 0x22, 0x21, 0x21, 0x20, 0x20, 0x1f, 0x1f, 0x1e, 0x1e, 0x1d, 0x65, 0x1c, 0xb9, 0xb9, 0x1b, 0xb8, 0x1a, 0x1a, 0x19, 0x18, 0x18, 0xc9, 0x17, 0x17, 0xb5, 0xb5, 0x16, 0x80, 0xb4, 0x15, 0xb3, 0xb3, 0xb3, 0x14, 0x14, 0xc7, 0xc7, 0x13, 0x13, 0x12, 0x12, 0x11, 0x11, 0x10, 0x10, 0x0e, 0x0e, 0x0e, 0xb0, 0xb0, 0x0d, 0x0d, 0x0d, 0x7f, 0xc6, 0xc6, 0x0c, 0x0c, 0xc5, 0xc5, 0xc5, 0xc5, 0x0b, 0xc5, 0x7d, 0x0b, 0x7d, 0x0a, 0x0a, 0x0a, 0x0a, 0x0a, 0x09, 0x09, 0x09, 0x09, 0x09, 0x09, 0x09, 0x09, 0x09, 0x09, 0x09, 0x09, 0x09, 0x09, 0x09, 0x09, 0xae, 0x0a, 0x0a, 0x0a, 0x0a, 0x0a, 0xd6, 0xd6, 0x0b, 0x0b, 0x0b, 0xc5, 0x0b, 0xc5, 0xc5, 0xc5, 0x0c, 0x0c, 0x7e, 0xc6, 0x7f, 0x7f, 0x0d, 0x0d, 0xb0, 0xb0, 0xb0, 0x0e, 0x0e, 0x0f, 0x10, 0x11, 0x11, 0x12, 0x12, 0x13, 0x13, 0x77, 0x77, 0xb3, 0x14, 0xb3, 0x15, 0xb3, 0x80, 0x16, 0x16, 0xb5, 0xb5, 0x17, 0xc9, 0x81, 0x19, 0x19, 0x1a, 0x1a, 0xcc, 0x83, 0x1b, 0xb9, 0xb9, 0x1c, 0xcd, 0x1d, 0x1e, 0x1e, 0x1e, 0x1f, 0xce, 0x20, 0x21, 0x21, 0x22, 0x22, 0x23, 0x24, 0x24, 0x25, 0x68, 0x26, 0x27, 0x28, 0x29, 0x69, 0x2b, 0x2b, 0x79, 0x2c, 0x88, 0x2d, 0x2f, 0x2f, 0x8a, 0x6a, 0x31, 0x32, 0x33, 0x34, 0xd1, 0x35, 0x36, 0x36, 0x37, 0x38, 0x39, 0x3a, 0x3b, 0x3b, 0x3c, 0x3d, 0x3d, 0x3e, 0x6e, 0x40, 0x41, 0x41, 0x42, 0x91, 0x44, 0x45, 0x46, 0x46, 0x47, 0x48, 0x4a, 0x49, 0x71, 0x71, 0x4b, 0x4c, 0x7a, 0x96, 0xd7, 0x7b, 0x7b, 0x50, 0x50, 0x51, 0x7c, 0x7c, 0x72, 0x53, 0x54, 0x55, 0x55, 0x9a, 0x73, 0x57, 0x58, 0x58, 0x5a, 0x5a, 0x5b, 0x5b, 0x5c, 0x5d, 0x5d, 0x5e, 0x5f, 0x5f, 0x60, 0x60, 0x61, 0x9e, 0x75, 0x62, 0x62, 0x63, 0x63, 0x63, 0x63, 0x63, 0x63, 
  0x63, 0x63, 0x63, 0x63, 0x63, 0x63, 0x63, 0x62, 0x62, 0x75, 0x61, 0x61, 0x60, 0x5f, 0x5f, 0x5e, 0x5d, 0x5c, 0x5c, 0x5b, 0x5b, 0x5a, 0x59, 0x58, 0x58, 0x57, 0x73, 0x56, 0x56, 0x55, 0x54, 0x53, 0x72, 0x52, 0x7c, 0x51, 0xd8, 0x4f, 0x4f, 0x7b, 0x4e, 0x96, 0x4c, 0x4c, 0x7a, 0x4b, 0x94, 0x4a, 0x4a, 0x48, 0x48, 0x47, 0x46, 0x45, 0x45, 0x44, 0x42, 0x42, 0x41, 0x40, 0x3f, 0x3e, 0x3e, 0x3d, 0x3c, 0x6d, 0x8e, 0x3a, 0x3a, 0x38, 0x37, 0x37, 0x36, 0x35, 0x35, 0x33, 0x34, 0x32, 0x31, 0x8a, 0x2f, 0x2f, 0x2e, 0xd0, 0x2c, 0x79, 0x79, 0x2b, 0x69, 0x29, 0x28, 0x27, 0x26, 0x86, 0x24, 0x24, 0x23, 0x23, 0x22, 0x21, 0x21, 0x20, 0xa5, 0x1f, 0x1f, 0x1e, 0x1e, 0x1d, 0xcd, 0x1c, 0x1c, 0xb9, 0x1b, 0x1b, 0x1a, 0x1a, 0x19, 0x18, 0x18, 0x81, 0x17, 0x17, 0xb5, 0xb5, 0x16, 0x80, 0x78, 0x15, 0x15, 0xb3, 0xb3, 0x14, 0x14, 0xc7, 0x77, 0x13, 0x13, 0x12, 0x12, 0x11, 0x11, 0x10, 0x0f, 0x0e, 0x0e, 0xb0, 0xb0, 0xb0, 0x0d, 0x0d, 0x0d, 0x7f, 0xc6, 0x0c, 0x0c, 0xc5, 0xc5, 0xc5, 0xc5, 0x0b, 0x0b, 0x0b, 0xd6, 0x7d, 0x7d, 0x0a, 0x0a, 0x09, 0x09, 0x09, 0x09, 0xae, 0x08, 0x09, 0x09, 0x08, 0x08, 0x08, 0x09, 0x08, 0x08, 0x09, 0x08, 0x08, 0x09, 0x09, 0x09, 0x09, 0x09, 0x09, 0x09, 0x0a, 0x7d, 0x0a, 0x7d, 0x7d, 0x0b, 0x0b, 0x0b, 0x0b, 0xc5, 0x0b, 0xc5, 0xc5, 0xc5, 0x0c, 0x0c, 0xc6, 0x0d, 0x7f, 0x0d, 0x0d, 0xb0, 0x0d, 0x0e, 0xb0, 0x0e, 0x0e, 0x10, 0x11, 0x11, 0x12, 0x12, 0x13, 0x13, 0x77, 0x77, 0xb3, 0x14, 0xb3, 0x15, 0xc8, 0xc8, 0x16, 0x16, 0xb5, 0x17, 0x17, 0xc9, 0x18, 0x18, 0x19, 0x1a, 0x1a, 0xb8, 0x1b, 0x1b, 0xb9, 0x1c, 0x1c, 0xa4, 0x65, 0x1e, 0x1e, 0x1e, 0x1f, 0xa5, 0x20, 0x21, 0x21, 0x22, 0xcf, 0x67, 0x24, 0x24, 0x25, 0x68, 0x27, 0x28, 0x28, 0x29, 0x2a, 0x2b, 0x79, 0x2c, 0x2c, 0x2d, 0x2e, 0x2f, 0x30, 0x30, 0x31, 0x32, 0x33, 0x33, 0x34, 0x35, 0x35, 0x36, 0x37, 0x6c, 0x39, 0x3a, 0x3b, 0x3b, 0x6d, 0x3c, 0x3d, 0x3d, 0x3f, 0x6e, 0x41, 0x41, 0x42, 0x6f, 0x43, 0x44, 0x45, 0x46, 0x70, 0x48, 0x49, 0x49, 0x93, 0x71, 0x7a, 0x4b, 0x4c, 0x4d, 0x96, 0x4e, 0x7b, 0x4f, 0x50, 0xd8, 0x7c, 0x7c, 0x52, 0x72, 0x53, 0x54, 0x56, 0x55, 0x73, 0x57, 0x58, 0x58, 0x59, 0x59, 0xa8, 0x5b, 0x5c, 0x5c, 0x5d, 0x5e, 0x5f, 0x5f, 0x60, 0x60, 0x61, 0x9e, 0x75, 0x62, 0x62, 0x63, 0x63, 0x63, 0x63, 0x63, 0x63, 
  0x63, 0x63, 0x63, 0x63, 0x63, 0x62, 0x63, 0x62, 0x62, 0x61, 0x61, 0x61, 0x60, 0x5f, 0x5f, 0x5e, 0x5d, 0x5c, 0x5c, 0x5b, 0xd9, 0x9b, 0x59, 0x58, 0x57, 0x57, 0x73, 0x56, 0x55, 0x55, 0x54, 0x53, 0x52, 0x7c, 0x7c, 0x51, 0x98, 0x4f, 0x4f, 0x4e, 0x4e, 0x4d, 0x4c, 0x7a, 0x7a, 0x71, 0x94, 0x4a, 0x49, 0x48, 0x48, 0x70, 0x46, 0x45, 0x44, 0x44, 0x6f, 0x42, 0x41, 0x40, 0x3f, 0x6e, 0x3d, 0x3d, 0x6d, 0xbf, 0x3b, 0x3a, 0x39, 0x38, 0x37, 0x36, 0x36, 0x35, 0xd1, 0x34, 0x32, 0x33, 0x6a, 0x30, 0x2f, 0x2f, 0x2e, 0x89, 0x2c, 0x79, 0x79, 0x2a, 0x29, 0x29, 0x27, 0x27, 0x68, 0x25, 0x24, 0x24, 0x23, 0xcf, 0x22, 0x21, 0x21, 0x20, 0x20, 0x1f, 0x1f, 0x1e, 0x1e, 0x65, 0xcd, 0x1c, 0xb9, 0xb9, 0x1b, 0xcc, 0x1a, 0x19, 0x19, 0x18, 0x81, 0xc9, 0x17, 0xb5, 0xb5, 0x16, 0x16, 0x78, 0x15, 0x15, 0xb3, 0xb3, 0xb3, 0x14, 0x77, 0x77, 0xc7, 0x13, 0x12, 0x12, 0x11, 0x11, 0x10, 0x0f, 0x0e, 0x0e, 0xb0, 0xb0, 0xb0, 0x0d, 0x0d, 0x7f, 0x7f, 0x7e, 0x0c, 0x0c, 0xc5, 0xc5, 0xc5, 0x0b, 0xc5, 0xd6, 0x0b, 0x7d, 0x7d, 0xd6, 0x0a, 0x09, 0x09, 0x09, 0x08, 0x09, 0x08, 0x08, 0x08, 0x09, 0x08, 0x08, 0x08, 0x08, 0x08, 0x08, 0x08, 0x08, 0x08, 0x08, 0x08, 0x08, 0x08, 0x08, 0x09, 0x08, 0x09, 0x08, 0x0a, 0x09, 0x09, 0x0a, 0x0a, 0x7d, 0x0b, 0x0b, 0x0b, 0x0b, 0xc5, 0xc5, 0xc5, 0xc5, 0x0c, 0x0c, 0x0c, 0xc6, 0x0d, 0x0d, 0x0d, 0xb0, 0x0d, 0x0e, 0xb0, 0x0e, 0x0e, 0x10, 0x11, 0x11, 0x12, 0x12, 0x13, 0x13, 0x77, 0xa3, 0x14, 0xb3, 0xb3, 0x15, 0xc8, 0x80, 0x16, 0xb5, 0xb5, 0x17, 0xc9, 0xc9, 0x19, 0x19, 0x19, 0x1a, 0x1a, 0x83, 0x1b, 0xb9, 0xb9, 0x1c, 0x1c, 0x1d, 0x1d, 0x1e, 0x1e, 0x1f, 0xce, 0x20, 0x21, 0x21, 0x22, 0xcf, 0x67, 0x24, 0x24, 0x25, 0x68, 0x26, 0x28, 0x28, 0x69, 0x87, 0x2b, 0x2b, 0x79, 0x2c, 0x89, 0x2e, 0x2f, 0x2f, 0x30, 0x6a, 0x32, 0x33, 0x33, 0xd1, 0xd1, 0x36, 0x36, 0x37, 0x37, 0x39, 0x39, 0x3a, 0x3b, 0x6d, 0x3c, 0x3d, 0x3e, 0x3e, 0x3f, 0x40, 0x41, 0x41, 0x90, 0x43, 0x45, 0x45, 0x46, 0x70, 0x48, 0x49, 0x49, 0x4a, 0x71, 0x4b, 0x7a, 0x4c, 0x4c, 0x96, 0x4e, 0x7b, 0x4f, 0x4f, 0x98, 0x51, 0x7c, 0x7c, 0x53, 0x53, 0x55, 0x55, 0x56, 0x73, 0x73, 0x57, 0x58, 0x59, 0x59, 0xd9, 0x5b, 0x5c, 0x5c, 0x5e, 0x5e, 0x9d, 0x5f, 0x60, 0x60, 0x61, 0x61, 0x62, 0x62, 0x63, 0x62, 0x63, 0x63, 0x63, 0x63, 0x63, 
  0x63, 0x63, 0x63, 0x63, 0x63, 0x63, 0x62, 0x62, 0x75, 0x9e, 0x61, 0x60, 0x60, 0x60, 0x5e, 0x5e, 0x5d, 0x5c, 0x5c, 0x5b, 0x5a, 0x5a, 0x58, 0x59, 0x57, 0x57, 0x56, 0x56, 0x55, 0x55, 0x54, 0x53, 0x72, 0x7c, 0x7c, 0x51, 0x50, 0x4f, 0x7b, 0x7b, 0x4e, 0x4d, 0x4c, 0x7a, 0x4b, 0x71, 0x4a, 0x4a, 0x49, 0x48, 0x47, 0x46, 0x46, 0x45, 0x45, 0x6f, 0x6f, 0x41, 0x41, 0x40, 0x6e, 0x3e, 0x3e, 0x3c, 0x6d, 0x3b, 0x3a, 0x39, 0x39, 0x6c, 0x37, 0x36, 0x36, 0x35, 0x34, 0x34, 0x33, 0x32, 0x6a, 0x6a, 0x2f, 0x2e, 0x2d, 0x2c, 0x79, 0x79, 0x2b, 0x2a, 0x29, 0x28, 0x28, 0x26, 0x68, 0x25, 0x24, 0x23, 0x23, 0x85, 0x21, 0x21, 0x21, 0x20, 0x1f, 0x1f, 0x1e, 0x1e, 0x1d, 0x65, 0x1c, 0xb9, 0xb9, 0x1b, 0x83, 0x83, 0x19, 0x1a, 0x18, 0x81, 0xc9, 0x17, 0xb5, 0xb5, 0x16, 0x16, 0x78, 0x78, 0x15, 0x15, 0xb3, 0xb3, 0x14, 0x14, 0x77, 0x13, 0x13, 0x12, 0x12, 0x11, 0x11, 0x10, 0x0f, 0x0e, 0x0e, 0xb0, 0xb0, 0xb0, 0x0d, 0x0d, 0x7f, 0xc6, 0xc6, 0x0c, 0x0c, 0xc5, 0xc5, 0x0b, 0xc5, 0x0b, 0xd6, 0x0b, 0xd6, 0x0a, 0x0a, 0x0a, 0x08, 0x09, 0x09, 0x08, 0x08, 0x08, 0x08, 0x08, 0x08, 0x07, 0x08, 0x08, 0x08, 0x08, 0x07, 0x08, 0x08, 0x08, 0x08, 0x08, 0x08, 0x08, 0x08, 0x08, 0x08, 0x09, 0x08, 0x09, 0x08, 0x09, 0x08, 0x09, 0x09, 0xae, 0x0a, 0x7d, 0x7d, 0x0b, 0x0b, 0x0b, 0xc5, 0xc5, 0xc5, 0xc5, 0x0c, 0xc6, 0xc6, 0xc6, 0x0d, 0x0d, 0xb0, 0x0d, 0x0e, 0xb0, 0x0e, 0xb1, 0x10, 0x10, 0x11, 0x12, 0x12, 0x13, 0x13, 0x77, 0x14, 0x14, 0xb3, 0xb3, 0x15, 0xc8, 0x16, 0x16, 0xb5, 0xb5, 0x17, 0xc9, 0x18, 0x18, 0x19, 0x1a, 0x1a, 0xcc, 0x83, 0x1b, 0xb9, 0xb9, 0x1c, 0xcd, 0x1d, 0x1d, 0x1f, 0x1e, 0x84, 0xce, 0x20, 0x21, 0x21, 0x22, 0xcf, 0x67, 0x24, 0x24, 0x25, 0x26, 0x27, 0x28, 0x29, 0x29, 0x2b, 0x2b, 0x79, 0x2c, 0x2c, 0x2d, 0x2e, 0x2f, 0x30, 0x30, 0x31, 0x33, 0x33, 0x34, 0xd1, 0x6b, 0x36, 0x36, 0x37, 0x38, 0x39, 0x3a, 0x3b, 0x8e, 0x3c, 0x3c, 0x3d, 0x3e, 0x6e, 0x40, 0x41, 0x41, 0x42, 0x43, 0x44, 0x45, 0x46, 0x70, 0x48, 0x49, 0x49, 0x4a, 0x71, 0x4b, 0x7a, 0x7a, 0x4c, 0x4d, 0x4e, 0x7b, 0x7b, 0x4f, 0xd8, 0x51, 0x7c, 0x7c, 0x52, 0x53, 0x54, 0x55, 0x56, 0xc2, 0x73, 0x58, 0x58, 0x58, 0x5a, 0x5a, 0xd9, 0x5c, 0x5c, 0x5d, 0x5d, 0x5e, 0x5f, 0x60, 0x60, 0x61, 0x61, 0x75, 0x62, 0x62, 0x63, 0x63, 0x63, 0x63, 0x63, 0x63, 
  0x63, 0x63, 0x63, 0x63, 0x63, 0x62, 0x63, 0x75, 0x62, 0x61, 0x61, 0x60, 0x60, 0x5f, 0x5e, 0x5e, 0x5d, 0x5c, 0x5c, 0xd9, 0x5a, 0x59, 0x58, 0x58, 0x57, 0x57, 0x56, 0x56, 0x55, 0x54, 0x54, 0x72, 0x52, 0x7c, 0x7c, 0xd8, 0x50, 0x4f, 0x7b, 0x4e, 0x96, 0x95, 0x4c, 0x7a, 0x4b, 0x71, 0x93, 0x49, 0x49, 0x48, 0x47, 0x70, 0x45, 0x45, 0x44, 0x6f, 0x42, 0x41, 0x41, 0x3f, 0x6e, 0x3e, 0x3c, 0x3c, 0x6d, 0x3b, 0x3a, 0x3a, 0x38, 0x6c, 0x37, 0x35, 0x36, 0xd1, 0x34, 0x33, 0x32, 0x31, 0x6a, 0x30, 0x2f, 0x2e, 0x2d, 0x2c, 0x79, 0x79, 0x2a, 0x69, 0x29, 0x28, 0x27, 0x26, 0x25, 0x24, 0x24, 0x23, 0x67, 0x22, 0x21, 0x21, 0x20, 0xce, 0x1f, 0x1f, 0x1e, 0x1e, 0x65, 0xcd, 0x1c, 0xb9, 0xb9, 0x1b, 0x1a, 0x1a, 0x1a, 0x18, 0x18, 0x81, 0xc9, 0xb5, 0x17, 0x16, 0xb5, 0x16, 0xc8, 0x15, 0x15, 0xb3, 0xb3, 0x14, 0x14, 0xc7, 0xc7, 0x13, 0x12, 0x12, 0x11, 0x11, 0x10, 0x0f, 0x0e, 0x0e, 0xb0, 0xb0, 0x0d, 0x0d, 0x0d, 0x7f, 0xc6, 0x0c, 0x0c, 0xc5, 0xc5, 0xc5, 0xc5, 0x0b, 0x0b, 0xd6, 0x7d, 0x0a, 0x0a, 0x09, 0x09, 0x08, 0x09, 0x08, 0x08, 0x08, 0x08, 0x08, 0x08, 0x07, 0x08, 0x07, 0x08, 0x07, 0x07, 0x07, 0x07, 0x07, 0x07, 0x08, 0x07, 0x07, 0x07, 0x08, 0x08, 0x08, 0x08, 0x07, 0x08, 0x08, 0x08, 0x08, 0x09, 0x08, 0x09, 0x09, 0x09, 0xae, 0x0a, 0x7d, 0x0b, 0x0b, 0x0b, 0xc5, 0xc5, 0xc5, 0xc5, 0xc5, 0xc6, 0xc6, 0xc6, 0x7f, 0x0d, 0x0d, 0xb0, 0xb0, 0xb0, 0x0e, 0x0f, 0x0f, 0x10, 0x11, 0x12, 0x12, 0x13, 0xc7, 0x77, 0x14, 0x14, 0xb3, 0x15, 0x15, 0x78, 0x16, 0xb5, 0xb5, 0x17, 0x17, 0xc9, 0x18, 0x18, 0x19, 0x1a, 0x1a, 0x83, 0x1b, 0xb9, 0xb9, 0x1c, 0x1c, 0x1d, 0x1d, 0x1e, 0x1e, 0x1f, 0xce, 0x66, 0x21, 0x21, 0x22, 0xcf, 0x67, 0x24, 0x24, 0x25, 0x25, 0x26, 0x27, 0x28, 0x29, 0x87, 0x2b, 0x79, 0x79, 0x2c, 0x89, 0x2e, 0x2f, 0x30, 0x30, 0x31, 0x32, 0x33, 0x33, 0x34, 0x6b, 0x36, 0x36, 0x37, 0x6c, 0x39, 0x3a, 0x3a, 0x3b, 0x3c, 0x3c, 0x3d, 0x3e, 0x6e, 0x3f, 0x40, 0x42, 0x41, 0x43, 0x44, 0x45, 0x46, 0x46, 0x47, 0x48, 0x49, 0x4a, 0x4a, 0x71, 0x7a, 0x4c, 0x7a, 0x96, 0x4e, 0x4e, 0x4f, 0x7b, 0x98, 0x51, 0x51, 0x52, 0x52, 0x53, 0x54, 0x55, 0x56, 0x56, 0x73, 0x57, 0x58, 0x59, 0x59, 0x5a, 0x5b, 0x5b, 0x5c, 0x5c, 0x5d, 0x5e, 0x5f, 0x60, 0x60, 0x61, 0x61, 0x9e, 0x62, 0x62, 0x62, 0x63, 0x63, 0x63, 0x63, 0x63, 
  0x63, 0x63, 0x63, 0x63, 0x63, 0x63, 0x62, 0x62, 0x9e, 0x75, 0x60, 0x61, 0x5f, 0x5f, 0x5e, 0x5d, 0x5d, 0x5c, 0x5b, 0x5b, 0x5a, 0x5a, 0x58, 0x58, 0x57, 0x73, 0x56, 0x55, 0x56, 0x54, 0x53, 0x72, 0x52, 0x7c, 0x51, 0x98, 0x50, 0x4f, 0x7b, 0x4e, 0xd7, 0x4c, 0x7a, 0x7a, 0x4b, 0x4a, 0x4a, 0x49, 0x49, 0x48, 0x47, 0x46, 0x46, 0x45, 0x44, 0x6f, 0x42, 0x41, 0x40, 0x3f, 0x3e, 0x3d, 0x3d, 0x3c, 0x3b, 0x3b, 0x3a, 0x39, 0x38, 0x37, 0x36, 0x36, 0x35, 0xd1, 0x34, 0x33, 0x32, 0x31, 0x30, 0x2f, 0x2f, 0x2e, 0x2c, 0x2c, 0x79, 0x2b, 0x2a, 0x29, 0x28, 0x28, 0x27, 0x25, 0x25, 0x24, 0x23, 0x23, 0x22, 0x21, 0x21, 0x21, 0x20, 0xce, 0x1f, 0x1e, 0x1e, 0x1d, 0xcd, 0x1c, 0x1c, 0xb9, 0x1b, 0xcc, 0xb8, 0x1a, 0x19, 0x19, 0x18, 0xc9, 0x17, 0x17, 0xb5, 0x16, 0x16, 0x78, 0x15, 0x15, 0xb3, 0xb3, 0x14, 0x14, 0x77, 0x13, 0x13, 0x12, 0x12, 0x11, 0x11, 0x10, 0x0f, 0x0e, 0x0e, 0xb0, 0xb0, 0xb0, 0x0d, 0x0d, 0x7f, 0xc6, 0x0c, 0x0c, 0xc5, 0xc5, 0xc5, 0xc5, 0x0b, 0x0b, 0xd6, 0x0a, 0x0a, 0x09, 0x09, 0x08, 0x09, 0x08, 0x08, 0x08, 0x08, 0x08, 0x08, 0x07, 0x07, 0x07, 0x07, 0x07, 0x07, 0x07, 0x07, 0x07, 0x07, 0x07, 0x64, 0x07, 0x07, 0x07, 0x07, 0x07, 0x08, 0x07, 0x07, 0x08, 0x08, 0x08, 0x08, 0x08, 0x08, 0x08, 0x09, 0x08, 0x09, 0x09, 0x09, 0x0a, 0x0a, 0x0b, 0xd6, 0x0b, 0x0b, 0xc5, 0xc5, 0xc5, 0x0c, 0x0c, 0xc6, 0xc6, 0x7f, 0x0d, 0x0d, 0xb0, 0x0e, 0xb0, 0x0e, 0x0e, 0xa2, 0x10, 0x12, 0x12, 0x12, 0x13, 0xc7, 0xa3, 0x14, 0xb3, 0xb3, 0x15, 0xc8, 0x78, 0x16, 0xb5, 0xb5, 0x17, 0xc9, 0x81, 0x18, 0x19, 0x19, 0x1a, 0xcc, 0x83, 0x1b, 0x1b, 0xb9, 0x1c, 0xcd, 0x1d, 0x1e, 0x1e, 0x1f, 0x1f, 0x66, 0x20, 0x21, 0x21, 0x22, 0xcf, 0x67, 0x24, 0x24, 0x25, 0x27, 0x27, 0x28, 0x29, 0x29, 0x2a, 0x79, 0x79, 0x2c, 0x2c, 0x2e, 0x2f, 0x2f, 0x30, 0x6a, 0x32, 0x33, 0x33, 0x34, 0xd1, 0x35, 0x36, 0x37, 0x37, 0x38, 0x3a, 0x3a, 0x3b, 0x3c, 0x3c, 0x3d, 0x3e, 0x3e, 0x3f, 0x41, 0x40, 0x42, 0x6f, 0x44, 0x45, 0x45, 0x46, 0x48, 0x48, 0x49, 0x4a, 0x94, 0x4b, 0x4b, 0x7a, 0x4c, 0x4c, 0x4e, 0x4e, 0x7b, 0x4f, 0x50, 0x51, 0x51, 0x7c, 0x7c, 0x53, 0x54, 0x55, 0x55, 0x56, 0x73, 0x73, 0x58, 0x58, 0x59, 0x5a, 0xa8, 0x5b, 0x5c, 0x5d, 0x5d, 0x5e, 0x5f, 0x5f, 0x60, 0x60, 0x61, 0x75, 0x61, 0x63, 0x62, 0x63, 0x63, 0x63, 0x63, 0x63, 
  0x63, 0x63, 0x63, 0x63, 0x63, 0x62, 0x62, 0x62, 0x75, 0x61, 0x61, 0x60, 0x5f, 0x5f, 0x5e, 0x5d, 0x5c, 0x5c, 0x5b, 0x5b, 0x5a, 0x59, 0x58, 0x58, 0x73, 0x73, 0x56, 0x56, 0x55, 0x54, 0x54, 0x72, 0x52, 0x7c, 0x7c, 0x50, 0x50, 0x7b, 0x7b, 0x4e, 0x4d, 0x4c, 0x7a, 0x7a, 0x71, 0x71, 0x4a, 0x49, 0x49, 0x47, 0x70, 0x46, 0x45, 0x45, 0x43, 0x6f, 0x42, 0x40, 0x41, 0x6e, 0x3e, 0x3d, 0x3d, 0x6d, 0xd2, 0x3a, 0x3a, 0x39, 0x6c, 0x37, 0x36, 0x36, 0x35, 0x34, 0x33, 0x33, 0x32, 0x31, 0x30, 0x2f, 0x2f, 0x2d, 0x2c, 0x2c, 0x79, 0x2b, 0x69, 0x29, 0x28, 0x28, 0x26, 0x25, 0x24, 0x24, 0x23, 0x23, 0x22, 0x21, 0x21, 0x20, 0xa5, 0x1f, 0x1f, 0x1e, 0x1e, 0x65, 0x1d, 0x1c, 0xb9, 0xb9, 0x1b, 0xcc, 0x1a, 0x1a, 0x18, 0x18, 0xb6, 0x17, 0x17, 0x16, 0xb5, 0x16, 0x80, 0xc8, 0x15, 0xb3, 0xb3, 0x14, 0xb3, 0xc7, 0xc7, 0x13, 0x12, 0x13, 0x11, 0x11, 0x11, 0x0f, 0x0e, 0x0e, 0xb0, 0xb0, 0xb0, 0x0d, 0x0d, 0xc6, 0x7f, 0xc6, 0x0c, 0xc5, 0xc5, 0xc5, 0x0b, 0x0b, 0xd6, 0x7d, 0x0a, 0x0a, 0x09, 0x09, 0x09, 0x08, 0x08, 0x08, 0x08, 0x08, 0x07, 0x07, 0x07, 0x07, 0x07, 0x07, 0x07, 0xa1, 0x07, 0xcb, 0xcb, 0xcb, 0x64, 0xcb, 0xcb, 0xcb, 0xcb, 0x07, 0x64, 0x07, 0x07, 0x64, 0x07, 0x64, 0x07, 0x07, 0x07, 0x07, 0x08, 0x08, 0x08, 0x08, 0x08, 0x09, 0x09, 0x09, 0x09, 0x0a, 0x0a, 0xd6, 0x0b, 0x0b, 0xc5, 0xc5, 0xc5, 0xc5, 0x0c, 0x0c, 0xc6, 0x7f, 0x0d, 0x0d, 0x0d, 0xb0, 0xb0, 0x0e, 0x0f, 0x10, 0x11, 0x12, 0x12, 0x13, 0x13, 0x77, 0x14, 0x14, 0xb3, 0x15, 0x15, 0x16, 0x16, 0x16, 0xb5, 0x17, 0x17, 0xc9, 0x18, 0x18, 0x19, 0x19, 0xb7, 0x83, 0x1b, 0x1b, 0xb9, 0x1c, 0xcd, 0x1d, 0x1d, 0x1e, 0x1e, 0xce, 0xce, 0x20, 0x21, 0x21, 0x22, 0xcf, 0x23, 0x24, 0x24, 0x25, 0x25, 0x27, 0x27, 0x28, 0x29, 0x2a, 0x2a, 0x79, 0x2c, 0x2c, 0x2e, 0x2e, 0x30, 0x30, 0x6a, 0x32, 0x32, 0x33, 0xd1, 0xd1, 0x35, 0x36, 0x36, 0x37, 0x38, 0x39, 0x3a, 0x3b, 0x3b, 0x3c, 0x3d, 0x3d, 0x3e, 0x3f, 0x40, 0x41, 0x42, 0x42, 0x44, 0x44, 0x46, 0x46, 0x70, 0x48, 0x49, 0x4a, 0x4a, 0x71, 0x4b, 0x7a, 0x4c, 0x4d, 0xd7, 0x4e, 0x7b, 0x4f, 0x4f, 0x98, 0x7c, 0x7c, 0x52, 0x72, 0x54, 0x55, 0x56, 0x56, 0x56, 0x57, 0x58, 0x58, 0x59, 0x5a, 0xd9, 0x5b, 0x5c, 0x5c, 0x5d, 0x5e, 0x9d, 0x60, 0x60, 0x60, 0x61, 0x9e, 0x75, 0x62, 0x62, 0x63, 0x63, 0x63, 0x63, 0x63, 
  0x63, 0x63, 0x63, 0x63, 0x62, 0x63, 0x62, 0x62, 0x9e, 0x61, 0x61, 0x60, 0x5f, 0x5f, 0x5e, 0x5e, 0x5c, 0x5c, 0x5b, 0x5a, 0x5a, 0x58, 0x59, 0x57, 0x57, 0xd4, 0x56, 0x55, 0x54, 0x55, 0x72, 0x72, 0x7c, 0x7c, 0xd8, 0x50, 0x4f, 0x7b, 0x7b, 0x96, 0x4d, 0x4c, 0x7a, 0x4b, 0x71, 0x4a, 0x4a, 0x49, 0x48, 0x47, 0x70, 0x46, 0x45, 0x44, 0x43, 0x42, 0x42, 0x41, 0x40, 0x6e, 0x3e, 0x3d, 0x3c, 0x6d, 0x8e, 0x3a, 0x3a, 0x38, 0x8d, 0x37, 0x36, 0x36, 0x6b, 0x34, 0x34, 0x32, 0x32, 0x6a, 0x30, 0x2f, 0x2e, 0xd0, 0x2c, 0x79, 0x2b, 0x2a, 0x69, 0x29, 0x28, 0x27, 0x25, 0x86, 0x24, 0x24, 0x23, 0x22, 0x22, 0x21, 0x21, 0x20, 0xce, 0xce, 0x1e, 0x1e, 0x1d, 0x1d, 0x1c, 0x1c, 0xb9, 0x1b, 0x83, 0x1a, 0x1a, 0x19, 0x19, 0x18, 0xc9, 0x17, 0xb5, 0xb5, 0x16, 0x80, 0xc8, 0x15, 0x15, 0xb3, 0xb3, 0x14, 0x77, 0xc7, 0x77, 0x12, 0x13, 0x11, 0x12, 0x10, 0x10, 0x0e, 0x0e, 0xb0, 0x0e, 0x0d, 0x0d, 0x0d, 0x7f, 0xc6, 0x0c, 0x0c, 0xc5, 0xc5, 0xc5, 0x0b, 0x0b, 0xd6, 0x7d, 0x0a, 0x0a, 0x09, 0x09, 0x09, 0x08, 0x08, 0x08, 0x07, 0x08, 0x07, 0x07, 0x07, 0x07, 0x07, 0xcb, 0xad, 0xad, 0x06, 0x06, 0xcb, 0xad, 0x06, 0x06, 0x06, 0x06, 0xad, 0x06, 0x06, 0xad, 0x06, 0xcb, 0xcb, 0xcb, 0x64, 0xa1, 0x07, 0x07, 0x07, 0x07, 0x07, 0x08, 0x08, 0x08, 0x08, 0x08, 0x08, 0x09, 0x09, 0x0a, 0x7d, 0xd6, 0x0b, 0xd6, 0xc5, 0x0b, 0x0c, 0xc5, 0x0c, 0xc6, 0xc6, 0x7f, 0x0d, 0x0d, 0xb0, 0xb0, 0x0e, 0x0e, 0x0f, 0x10, 0x11, 0x12, 0x12, 0x13, 0xc7, 0x77, 0x14, 0xb3, 0xb3, 0x15, 0x15, 0x16, 0x16, 0xb5, 0xb5, 0x17, 0xc9, 0x81, 0x18, 0x19, 0x19, 0x1a, 0x1a, 0x83, 0x1b, 0x1b, 0xb9, 0x1c, 0xa4, 0x65, 0x1e, 0x1e, 0x1f, 0x1f, 0x66, 0x20, 0x21, 0x21, 0x22, 0xcf, 0x23, 0x24, 0x24, 0x25, 0x26, 0x27, 0x28, 0x29, 0x69, 0x2b, 0x79, 0x79, 0x2c, 0x89, 0x2e, 0x2f, 0x2f, 0x30, 0x31, 0x32, 0x33, 0x34, 0x34, 0x6b, 0x36, 0x36, 0x37, 0x6c, 0x39, 0x3a, 0x3b, 0x8e, 0x3c, 0x3d, 0x3d, 0x3e, 0x6e, 0x40, 0x41, 0x41, 0x42, 0x44, 0x44, 0x45, 0x46, 0x47, 0x48, 0x49, 0x49, 0x4a, 0x94, 0x4b, 0x7a, 0x7a, 0x4c, 0x96, 0x4e, 0x7b, 0x7b, 0x50, 0x98, 0x51, 0x51, 0x52, 0x52, 0x53, 0x54, 0x55, 0x56, 0x73, 0x73, 0x58, 0x58, 0x59, 0x5a, 0xa8, 0x5b, 0x5c, 0x5c, 0x5d, 0x5e, 0x9d, 0x5f, 0x60, 0x60, 0x61, 0x61, 0x62, 0x75, 0x63, 0x62, 0x63, 0x63, 0x63, 0x63, 
  0x63, 0x63, 0x63, 0x63, 0x63, 0x62, 0x62, 0x62, 0xd5, 0x61, 0x61, 0x5f, 0x60, 0x9d, 0x5e, 0x5d, 0x5c, 0x5c, 0x5b, 0x5b, 0x59, 0x59, 0x58, 0x57, 0x57, 0x56, 0x56, 0x55, 0x55, 0x53, 0x72, 0x52, 0x7c, 0x7c, 0x51, 0x50, 0x4f, 0x7b, 0x4e, 0x4e, 0x4d, 0x4c, 0x7a, 0x4b, 0x71, 0x94, 0x4a, 0x49, 0x49, 0x70, 0x92, 0x45, 0x45, 0x44, 0x6f, 0x42, 0x41, 0x40, 0x6e, 0x6e, 0x3e, 0x3d, 0x3c, 0x3c, 0x3b, 0x3a, 0x39, 0x38, 0x37, 0x37, 0x36, 0x35, 0xd1, 0x34, 0x33, 0x32, 0x32, 0x30, 0x2f, 0x2e, 0x2e, 0x2c, 0x2c, 0x79, 0x2b, 0x69, 0x29, 0x28, 0x28, 0x26, 0x26, 0x24, 0x24, 0x24, 0xcf, 0xcf, 0x21, 0x21, 0x20, 0x20, 0x1f, 0x1f, 0x1e, 0x1e, 0x65, 0xa4, 0x1c, 0xb9, 0xb9, 0x1b, 0x83, 0x1a, 0x1a, 0x19, 0x18, 0x81, 0xc9, 0x17, 0xb5, 0xb5, 0x16, 0x80, 0xc8, 0x15, 0xb3, 0xb3, 0x14, 0x14, 0x77, 0x13, 0x13, 0x12, 0x12, 0x11, 0x11, 0x0f, 0xb1, 0x0e, 0x0e, 0xb0, 0xb0, 0x0d, 0x0d, 0x7f, 0xc6, 0xc6, 0x0c, 0xc5, 0xc5, 0x0b, 0x0b, 0x0b, 0x7d, 0x0a, 0x0a, 0x09, 0x09, 0x08, 0x08, 0x08, 0x08, 0x08, 0x07, 0x08, 0x07, 0x07, 0xcb, 0x07, 0xcb, 0xcb, 0x06, 0x06, 0x06, 0x06, 0x06, 0x06, 0xac, 0x06, 0xac, 0x06, 0xac, 0x06, 0x06, 0x06, 0x06, 0x06, 0x06, 0xad, 0x06, 0x06, 0xcb, 0xcb, 0xcb, 0x07, 0x07, 0x07, 0x07, 0x07, 0x08, 0x08, 0x08, 0x09, 0x08, 0x09, 0x09, 0x09, 0x0a, 0x0a, 0xd6, 0x0b, 0x0b, 0xc5, 0xc5, 0xc5, 0x0c, 0x0c, 0xc6, 0x7f, 0x0d, 0x0d, 0xb0, 0xb0, 0x0e, 0x0e, 0x0f, 0x10, 0x11, 0x12, 0x12, 0x13, 0xc7, 0x77, 0x14, 0xb3, 0xb3, 0x15, 0x15, 0x78, 0xb5, 0xb5, 0xb5, 0x17, 0xc9, 0x81, 0x18, 0x19, 0x19, 0x1a, 0xb8, 0x1b, 0x1b, 0xb9, 0x1c, 0x1c, 0x65, 0x1d, 0x1e, 0x1e, 0x1f, 0xce, 0x20, 0x21, 0x21, 0x22, 0xcf, 0x23, 0x24, 0x24, 0x86, 0x68, 0x27, 0x28, 0x29, 0x29, 0x2a, 0x2b, 0x79, 0x2c, 0x2c, 0x2d, 0x2e, 0x30, 0x30, 0x6a, 0x31, 0x32, 0x33, 0x34, 0x6b, 0x35, 0x36, 0x37, 0x6c, 0x38, 0x3a, 0x3a, 0x8e, 0x6d, 0x3c, 0x3d, 0x3e, 0xc0, 0x40, 0x40, 0x42, 0x42, 0x6f, 0x44, 0x45, 0x46, 0x70, 0x48, 0x48, 0x4a, 0x49, 0x71, 0x4b, 0x7a, 0x7a, 0x4d, 0x4d, 0x4e, 0x7b, 0x4f, 0x4f, 0x50, 0x51, 0x7c, 0x52, 0x52, 0x53, 0x54, 0x55, 0x56, 0x56, 0x73, 0x57, 0x58, 0x58, 0x59, 0x5a, 0x5b, 0x5c, 0x5c, 0x5d, 0x5d, 0x74, 0x5f, 0x60, 0x60, 0x61, 0x61, 0x75, 0x62, 0x62, 0x63, 0x63, 0x63, 0x63, 0x63, 
  0x63, 0x63, 0x63, 0x63, 0x62, 0x63, 0x62, 0x75, 0x9e, 0x61, 0x60, 0x60, 0x5f, 0x5e, 0x5e, 0x5c, 0x5c, 0x5b, 0x5b, 0xd9, 0x59, 0x59, 0x58, 0x57, 0x57, 0x56, 0x56, 0x56, 0x55, 0x54, 0x72, 0x52, 0x52, 0x51, 0x98, 0x4f, 0x4f, 0x7b, 0x4e, 0x96, 0x4c, 0x4c, 0x7a, 0x4b, 0x71, 0x4a, 0x4a, 0x49, 0x48, 0x47, 0x70, 0x46, 0x44, 0x44, 0x6f, 0x42, 0x41, 0x41, 0x3f, 0x3e, 0x3d, 0x3d, 0x3c, 0x3b, 0x3b, 0x3a, 0x39, 0x38, 0x37, 0x37, 0x35, 0x36, 0x8b, 0x34, 0x33, 0x32, 0x6a, 0x30, 0x30, 0x2e, 0x2d, 0x2c, 0x2c, 0x79, 0x2b, 0x2a, 0x28, 0x29, 0x27, 0x26, 0x86, 0x24, 0x24, 0x23, 0xcf, 0x22, 0x22, 0x21, 0x20, 0x66, 0x1f, 0x1f, 0x1e, 0x1e, 0x1d, 0xcd, 0x1c, 0x1c, 0x1b, 0x1b, 0x1a, 0x1a, 0x19, 0x19, 0x18, 0xc9, 0x17, 0xb5, 0xb5, 0x16, 0x80, 0xc8, 0xc8, 0xb3, 0xb3, 0xb3, 0xb3, 0x77, 0xc7, 0x13, 0x13, 0x12, 0x12, 0x11, 0x10, 0xb1, 0x0e, 0xb0, 0xb0, 0xb0, 0x0d, 0x7f, 0x7f, 0xc6, 0xc6, 0x0c, 0xc5, 0xc5, 0xc5, 0x0b, 0x0b, 0xd6, 0x0a, 0x0a, 0x09, 0x09, 0x08, 0x09, 0x08, 0x08, 0x07, 0x08, 0x07, 0x07, 0xcb, 0xcb, 0x06, 0x06, 0xac, 0x06, 0x06, 0xac, 0x06, 0xac, 0xac, 0xac, 0x06, 0xac, 0x06, 0xac, 0x06, 0xac, 0xac, 0xac, 0x06, 0xac, 0x06, 0xac, 0x06, 0x06, 0x06, 0xad, 0xad, 0xcb, 0x07, 0xcb, 0x07, 0x07, 0x08, 0x07, 0x08, 0x08, 0x09, 0x08, 0x09, 0x09, 0x0a, 0xd6, 0x7d, 0x0b, 0x0b, 0x0b, 0xc5, 0xc5, 0xc5, 0xc5, 0x7e, 0x7f, 0x7f, 0x0d, 0x0d, 0xb0, 0xb0, 0x0e, 0x0f, 0x10, 0x11, 0x12, 0x12, 0x13, 0xc7, 0x77, 0x14, 0x14, 0x15, 0xb3, 0xc8, 0x78, 0x16, 0x16, 0xb5, 0x17, 0x17, 0x81, 0x18, 0x19, 0x19, 0x1a, 0x1a, 0x1b, 0x1b, 0xb9, 0xb9, 0x1c, 0x65, 0x1d, 0x1e, 0x1e, 0x1f, 0xce, 0x66, 0x21, 0x21, 0x22, 0x22, 0x23, 0x23, 0x24, 0x24, 0xbc, 0x26, 0x27, 0x28, 0x29, 0x69, 0x2b, 0x79, 0x79, 0x88, 0x2e, 0x2f, 0x2e, 0x30, 0x6a, 0x32, 0x33, 0x33, 0x34, 0x35, 0x35, 0x36, 0x36, 0x8d, 0x38, 0x39, 0x3b, 0x3b, 0x6d, 0x3c, 0x3c, 0x3e, 0x6e, 0x40, 0x40, 0x41, 0x42, 0x6f, 0x45, 0x44, 0x46, 0x70, 0x48, 0x48, 0x49, 0x4a, 0x4a, 0x4b, 0x4b, 0x7a, 0x4c, 0x4d, 0x4e, 0x4e, 0x7b, 0x4f, 0x50, 0x98, 0x7c, 0x7c, 0x52, 0x72, 0x55, 0x55, 0x56, 0x56, 0x73, 0x57, 0x58, 0x59, 0x59, 0x5a, 0x5b, 0x5c, 0x5c, 0x5d, 0x5d, 0x5e, 0x9d, 0x60, 0x60, 0x61, 0x61, 0x75, 0x75, 0x63, 0x62, 0x63, 0x63, 0x63, 0x63, 
  0x63, 0x63, 0x63, 0x63, 0x63, 0x62, 0x62, 0x75, 0x9e, 0x61, 0x60, 0x60, 0x5f, 0x9d, 0x5d, 0x5d, 0x5c, 0x5c, 0x5b, 0x5a, 0x59, 0x58, 0x58, 0x57, 0x73, 0x56, 0x56, 0x55, 0x54, 0x53, 0x72, 0x52, 0x7c, 0x51, 0x51, 0x4f, 0x4f, 0x4e, 0x4e, 0x96, 0x4d, 0x7a, 0x7a, 0x4b, 0x94, 0x4a, 0x49, 0x49, 0x48, 0x70, 0x46, 0x45, 0x45, 0x44, 0x6f, 0x42, 0x40, 0x40, 0x6e, 0x3e, 0x3d, 0x3d, 0x6d, 0x6d, 0x3a, 0x3a, 0x39, 0x6c, 0x37, 0x36, 0x36, 0xd1, 0x34, 0x33, 0x33, 0x32, 0x6a, 0x30, 0x2e, 0x2f, 0x2c, 0x2c, 0x79, 0x2b, 0x2a, 0x29, 0x28, 0x28, 0x27, 0x26, 0x25, 0x24, 0x24, 0x23, 0x23, 0x21, 0x21, 0x21, 0x20, 0xce, 0x1f, 0x1e, 0x1e, 0x1d, 0x65, 0x1c, 0xb9, 0xb9, 0x1b, 0xb8, 0x1a, 0x1a, 0x19, 0x18, 0x18, 0xb6, 0x17, 0xb5, 0x16, 0x16, 0x80, 0xc8, 0x15, 0xb3, 0xb3, 0x14, 0x77, 0x77, 0x13, 0x13, 0x12, 0x12, 0x11, 0x10, 0x0f, 0x0e, 0x0e, 0xb0, 0xb0, 0x0d, 0x0d, 0x7f, 0xc6, 0xc6, 0xc5, 0xc5, 0xc5, 0x0b, 0x0b, 0x0b, 0x7d, 0x0a, 0x0a, 0x09, 0x09, 0x08, 0x08, 0x08, 0x08, 0x08, 0x07, 0x07, 0x07, 0xcb, 0xa1, 0x06, 0x06, 0x06, 0xac, 0xac, 0xac, 0xac, 0xac, 0xac, 0xac, 0x05, 0x05, 0xac, 0xac, 0xac, 0x05, 0xac, 0x06, 0xac, 0xac, 0xac, 0xac, 0x06, 0xac, 0xac, 0xac, 0xac, 0x06, 0x06, 0x06, 0xcb, 0xcb, 0xa1, 0x07, 0x07, 0x07, 0x08, 0x08, 0x08, 0x08, 0x09, 0x09, 0x09, 0x0a, 0x7d, 0xd6, 0x0b, 0x0b, 0x0b, 0xc5, 0xc5, 0x0c, 0xaf, 0x7f, 0x0d, 0x0d, 0xb0, 0xb0, 0x0e, 0x0e, 0x0f, 0x10, 0x11, 0x12, 0x12, 0x13, 0xc7, 0x77, 0x14, 0xb3, 0xb3, 0x15, 0x15, 0x16, 0x16, 0xb5, 0xb5, 0x17, 0xb6, 0x81, 0x18, 0x19, 0x1a, 0x1a, 0x1a, 0x1b, 0x1b, 0xb9, 0x1c, 0x1c, 0x1d, 0x1d, 0x1e, 0x1e, 0x1f, 0x1f, 0x20, 0x20, 0x21, 0x22, 0x85, 0x23, 0x24, 0x24, 0x68, 0x68, 0x28, 0x28, 0x29, 0x69, 0x2b, 0x2b, 0x2c, 0x2c, 0x88, 0x2e, 0x2f, 0x2f, 0x30, 0x6a, 0x32, 0x33, 0x33, 0x34, 0x35, 0x36, 0x36, 0x6c, 0x38, 0x39, 0x3a, 0x3b, 0x8e, 0x3c, 0x3d, 0x3d, 0x3e, 0x3f, 0x40, 0x42, 0x41, 0x43, 0x43, 0x45, 0x45, 0x46, 0x70, 0x48, 0x49, 0x49, 0x93, 0x71, 0x4b, 0x7a, 0x4c, 0x4c, 0x96, 0x7b, 0x7b, 0x4f, 0x4f, 0x51, 0x7c, 0x7c, 0x72, 0x53, 0x54, 0x55, 0x55, 0x56, 0x73, 0x57, 0x58, 0x58, 0x59, 0x5a, 0xd9, 0x5b, 0x5c, 0x5c, 0x5d, 0x5e, 0x5f, 0x5f, 0x60, 0x60, 0x61, 0x9e, 0x62, 0x62, 0x63, 0x63, 0x63, 0x63, 0x63, 
  0x63, 0x63, 0x63, 0x62, 0x63, 0x62, 0x62, 0x75, 0x61, 0x61, 0x60, 0x60, 0x60, 0x5e, 0x5d, 0x5d, 0x5c, 0x5b, 0x5b, 0x5a, 0x5a, 0x58, 0x58, 0x57, 0x73, 0x56, 0x55, 0x56, 0x54, 0x53, 0x52, 0x52, 0x7c, 0x7c, 0x98, 0x4f, 0x4f, 0x7b, 0x4e, 0x96, 0x4c, 0x4c, 0x7a, 0x4b, 0x4a, 0x4a, 0x4a, 0x48, 0x48, 0x46, 0x46, 0x45, 0x44, 0x43, 0x42, 0x41, 0x41, 0x40, 0x6e, 0x3e, 0x3e, 0x3c, 0x6d, 0x3b, 0x3b, 0x3a, 0x39, 0x6c, 0x37, 0x36, 0x36, 0x35, 0xd1, 0x33, 0x33, 0x31, 0x30, 0x30, 0x2f, 0x2e, 0x89, 0x2c, 0x2c, 0x2b, 0x2a, 0x69, 0x28, 0x28, 0x27, 0x25, 0x25, 0x24, 0x24, 0x23, 0x22, 0x22, 0x21, 0x20, 0x66, 0x1f, 0x1f, 0x1e, 0x1d, 0x1d, 0x1c, 0x1c, 0xb9, 0x1b, 0x1b, 0xb8, 0x1a, 0x19, 0x19, 0x18, 0x81, 0x17, 0xb5, 0xb5, 0xb5, 0x80, 0xc8, 0x15, 0x15, 0xb3, 0x14, 0x14, 0x77, 0xc7, 0x13, 0x12, 0x12, 0x11, 0x10, 0x0f, 0x0e, 0x0e, 0xb0, 0xb0, 0x0d, 0xb0, 0x7f, 0xc6, 0x0c, 0xc5, 0x0c, 0x0b, 0xc5, 0x0b, 0x0b, 0x7d, 0x0a, 0x0a, 0x08, 0x09, 0x08, 0x08, 0x08, 0x08, 0x07, 0x07, 0x07, 0x07, 0xcb, 0xad, 0x06, 0x06, 0xac, 0xac, 0xac, 0xac, 0xac, 0xac, 0x05, 0x05, 0x05, 0xac, 0x05, 0x05, 0x05, 0x05, 0xac, 0x05, 0xac, 0x05, 0x05, 0xac, 0x05, 0xac, 0xac, 0xac, 0x06, 0xac, 0x06, 0xac, 0x06, 0x06, 0xad, 0xcb, 0xcb, 0x64, 0x08, 0x07, 0x08, 0x08, 0x08, 0x08, 0x08, 0x09, 0x09, 0x0a, 0x7d, 0x7d, 0x0b, 0xc5, 0x0b, 0xc5, 0xc5, 0x0c, 0xc6, 0x7f, 0x0d, 0x0d, 0xb0, 0xb0, 0x0e, 0x0e, 0x0f, 0x11, 0x11, 0x12, 0x12, 0xc7, 0x77, 0x14, 0x14, 0xb3, 0xb3, 0x15, 0x80, 0x16, 0xb5, 0xb5, 0x17, 0x17, 0x18, 0x18, 0x19, 0x19, 0x1a, 0xcc, 0xcc, 0xb9, 0x1b, 0x1c, 0x1c, 0x65, 0x1d, 0x1e, 0x1e, 0x1f, 0x1f, 0x20, 0x20, 0x21, 0x22, 0x22, 0x23, 0x23, 0x24, 0xbc, 0x68, 0x27, 0x28, 0x29, 0x69, 0x2b, 0x2b, 0x79, 0x2c, 0x2c, 0x2e, 0x2f, 0x2f, 0x30, 0x6a, 0x32, 0x33, 0x33, 0x34, 0x35, 0x35, 0x36, 0x37, 0x6c, 0x39, 0x3a, 0x3b, 0x3b, 0x3c, 0x3c, 0x3d, 0x3e, 0x6e, 0x40, 0x40, 0x42, 0x42, 0x43, 0x44, 0x45, 0x46, 0x47, 0x48, 0x49, 0x49, 0x4a, 0x94, 0x4b, 0x7a, 0x7a, 0x4d, 0x96, 0x4e, 0x7b, 0x4f, 0x4f, 0x98, 0x51, 0x7c, 0x52, 0x72, 0x54, 0x55, 0x55, 0x56, 0x73, 0x57, 0x58, 0x58, 0x59, 0x59, 0x5b, 0x5b, 0x5c, 0x5c, 0x5d, 0x9c, 0x5f, 0x5f, 0x60, 0x60, 0x61, 0x61, 0x62, 0x62, 0x62, 0x63, 0x63, 0x63, 0x63, 
  0x63, 0x63, 0x63, 0x63, 0x62, 0x62, 0x62, 0x75, 0x61, 0x61, 0x60, 0x60, 0x9d, 0x5f, 0x5d, 0x5d, 0x5c, 0x5c, 0x5a, 0x5a, 0x59, 0x58, 0x58, 0x57, 0x73, 0x56, 0x55, 0x55, 0x54, 0x53, 0x52, 0x7c, 0x7c, 0x51, 0xd8, 0x4f, 0x7b, 0x4e, 0x4e, 0x96, 0x4c, 0x7a, 0x4b, 0x4b, 0x4a, 0x4a, 0x49, 0x48, 0x48, 0x70, 0x46, 0x44, 0x44, 0x43, 0x42, 0x41, 0x41, 0x3f, 0x6e, 0x3e, 0x3c, 0x3c, 0x6d, 0xbf, 0x3a, 0x39, 0x39, 0xbe, 0x37, 0x36, 0x35, 0xd1, 0x34, 0x33, 0x33, 0x6a, 0x6a, 0x2f, 0x2f, 0x2d, 0x89, 0x2c, 0x2b, 0x2b, 0x69, 0x29, 0x28, 0x27, 0x26, 0x25, 0x24, 0x24, 0x23, 0x23, 0x22, 0x21, 0x21, 0x20, 0x20, 0x1f, 0x1e, 0x1e, 0x1d, 0x1d, 0xcd, 0x1c, 0x1b, 0xb9, 0xcc, 0xb7, 0x19, 0x19, 0x18, 0x18, 0xb6, 0x17, 0xb5, 0xb5, 0x78, 0x16, 0xc8, 0x15, 0xb3, 0xb3, 0x14, 0x77, 0xc7, 0x13, 0x13, 0x12, 0x11, 0x11, 0x10, 0x0e, 0x0e, 0xb0, 0xb0, 0x0d, 0x0d, 0x7f, 0x7f, 0x7e, 0x0c, 0xc5, 0xc5, 0xc5, 0x0b, 0x0b, 0x7d, 0x0a, 0x0a, 0x09, 0x09, 0x08, 0x09, 0x08, 0x08, 0x07, 0x08, 0x64, 0xa1, 0xa1, 0xad, 0x06, 0xac, 0xac, 0xac, 0xac, 0xac, 0x05, 0x05, 0x05, 0x05, 0x05, 0x05, 0x05, 0x05, 0xa0, 0x05, 0x05, 0xa0, 0x05, 0x05, 0x05, 0x05, 0x05, 0x05, 0x05, 0x05, 0x05, 0xac, 0xac, 0xac, 0xac, 0x06, 0xac, 0x06, 0x06, 0xcb, 0xcb, 0xad, 0x07, 0x07, 0x08, 0x08, 0x08, 0x08, 0x08, 0x09, 0x09, 0x0a, 0x7d, 0x0b, 0x0b, 0x0b, 0xc5, 0xc5, 0x0c, 0x0c, 0xc6, 0x7f, 0x0d, 0x0d, 0xb0, 0xb0, 0x0e, 0x0f, 0x10, 0x11, 0x12, 0x13, 0x12, 0xc7, 0x77, 0x14, 0xb3, 0xb3, 0x15, 0x78, 0x80, 0x16, 0xb5, 0xb5, 0x17, 0xb6, 0x18, 0x18, 0x19, 0x1a, 0x1a, 0xcc, 0x1b, 0xb9, 0xb9, 0x1c, 0xcd, 0x1d, 0x1d, 0x1e, 0x1e, 0x1f, 0xce, 0x20, 0x21, 0x21, 0x22, 0x85, 0x23, 0x24, 0x24, 0x68, 0x26, 0x28, 0x28, 0x29, 0x69, 0x2b, 0x79, 0x2c, 0x2c, 0x2e, 0x2e, 0x2f, 0x30, 0x30, 0x31, 0x32, 0x34, 0x33, 0x8c, 0x35, 0x36, 0x36, 0x38, 0x39, 0x3a, 0x3a, 0x3b, 0x6d, 0x3d, 0x3d, 0x3e, 0x6e, 0x40, 0x41, 0x42, 0x42, 0x43, 0x44, 0x46, 0x46, 0x70, 0x48, 0x48, 0x4a, 0x49, 0x71, 0x71, 0x7a, 0x7a, 0x4c, 0x4d, 0x4e, 0x7b, 0x7b, 0x4f, 0x98, 0x7c, 0x7c, 0x52, 0x72, 0x54, 0x54, 0x56, 0x56, 0xd4, 0x57, 0x57, 0x58, 0x59, 0x5a, 0x5a, 0x5c, 0x5b, 0x5d, 0x5c, 0x5e, 0x9d, 0x5f, 0x60, 0x61, 0x61, 0x9e, 0x75, 0x62, 0x63, 0x62, 0x63, 0x63, 0x63, 
  0x63, 0x63, 0x63, 0x62, 0x63, 0x62, 0x75, 0x75, 0x61, 0x61, 0x60, 0x5f, 0x5f, 0x9d, 0x5d, 0x5d, 0x5c, 0x5b, 0xa8, 0xd9, 0x58, 0x59, 0x57, 0x57, 0x73, 0x56, 0x55, 0x55, 0x54, 0x53, 0x52, 0x52, 0x51, 0x51, 0x97, 0x97, 0x7b, 0x7b, 0xd7, 0x96, 0x7a, 0x4c, 0x4b, 0x4b, 0x4a, 0x4a, 0x49, 0x48, 0x47, 0x46, 0x46, 0x45, 0x44, 0x6f, 0x42, 0x41, 0x41, 0x3f, 0x8f, 0x3d, 0x3d, 0x3c, 0x6d, 0x3a, 0x3b, 0x39, 0x38, 0x37, 0x36, 0x36, 0x35, 0xd1, 0x34, 0x33, 0x32, 0x31, 0x30, 0x30, 0x2e, 0x2d, 0x2c, 0x79, 0x79, 0x2a, 0x87, 0x29, 0x28, 0x26, 0x26, 0x68, 0x24, 0x24, 0x23, 0xcf, 0x22, 0x22, 0x20, 0x21, 0x1f, 0x1f, 0x1e, 0x1e, 0x1d, 0xba, 0x1c, 0xb9, 0xb9, 0x1b, 0x83, 0xb8, 0x19, 0x19, 0x18, 0x81, 0xb6, 0xb5, 0xb5, 0x16, 0x16, 0xc8, 0x15, 0x15, 0xb3, 0x14, 0x14, 0x77, 0xc7, 0x13, 0x13, 0x12, 0x12, 0x10, 0x0f, 0x0e, 0xb0, 0xb0, 0xb0, 0x0d, 0x0d, 0x7f, 0xc6, 0x0c, 0xc5, 0xc5, 0xc5, 0x0b, 0x0b, 0xd6, 0x0a, 0x0a, 0x08, 0x09, 0x08, 0x08, 0x08, 0x07, 0x07, 0x07, 0x07, 0xcb, 0x06, 0x06, 0xac, 0xac, 0x06, 0xac, 0xac, 0xac, 0x05, 0x05, 0x05, 0xa0, 0xca, 0xa0, 0xca, 0xa0, 0xca, 0xa0, 0xca, 0x04, 0xab, 0x04, 0xa0, 0xa0, 0xa0, 0xa0, 0xa0, 0x05, 0x05, 0x05, 0x05, 0xac, 0x05, 0xac, 0xac, 0x06, 0xac, 0x06, 0x06, 0xa1, 0xcb, 0x64, 0x07, 0x07, 0x07, 0x08, 0x08, 0x08, 0x08, 0x09, 0x09, 0xae, 0xae, 0x0b, 0x0b, 0x0b, 0xc5, 0xc5, 0x0c, 0xc6, 0xc6, 0x0d, 0x0d, 0xb0, 0xb0, 0x0e, 0x0e, 0x0f, 0x11, 0x11, 0x12, 0x12, 0x13, 0x77, 0x14, 0x14, 0xb3, 0x15, 0x15, 0x78, 0x16, 0xb5, 0xb5, 0x17, 0xc9, 0x18, 0x18, 0x19, 0x19, 0x1a, 0xb8, 0x1b, 0x1b, 0xb9, 0x1c, 0x1c, 0x1d, 0x1d, 0x1e, 0x1e, 0x1f, 0x84, 0x20, 0x20, 0x21, 0x21, 0x85, 0x23, 0x24, 0x24, 0x25, 0x26, 0x27, 0x28, 0x29, 0x69, 0x2b, 0x2b, 0x2c, 0x2c, 0x2d, 0x2e, 0x2f, 0x2f, 0x30, 0x8a, 0x33, 0x32, 0x34, 0x8b, 0x35, 0x36, 0x36, 0xbe, 0x38, 0x3a, 0x3a, 0x3b, 0x3c, 0x3c, 0x3d, 0x3e, 0x6e, 0x40, 0x41, 0x41, 0x42, 0x43, 0x44, 0x44, 0x46, 0x46, 0x48, 0x48, 0x49, 0x4a, 0x93, 0x4b, 0x4b, 0x7a, 0x4c, 0x96, 0x4e, 0x7b, 0x7b, 0x4f, 0x50, 0x51, 0x7c, 0x52, 0x72, 0x54, 0x54, 0x56, 0x55, 0x73, 0x57, 0x57, 0x58, 0x58, 0x5a, 0x5a, 0x5b, 0x5c, 0x5c, 0x5d, 0x5d, 0x9d, 0x5f, 0x5f, 0x60, 0x61, 0x61, 0x62, 0x62, 0x62, 0x63, 0x63, 0x63, 0x63, 
  0x63, 0x63, 0x63, 0x63, 0x62, 0x62, 0x62, 0x9e, 0x61, 0x61, 0x60, 0x5f, 0x5f, 0x5e, 0x5d, 0x5c, 0x5c, 0x5c, 0x5a, 0x59, 0x59, 0x58, 0x57, 0x57, 0x56, 0x56, 0x55, 0x55, 0x54, 0x53, 0x52, 0x7c, 0x7c, 0x51, 0x50, 0x4f, 0x7b, 0x4e, 0x4e, 0x4d, 0x4c, 0x7a, 0x4b, 0x71, 0x4a, 0x4a, 0x49, 0x48, 0x48, 0x46, 0x45, 0x45, 0x44, 0x6f, 0x42, 0x41, 0x40, 0x3f, 0x8f, 0x3d, 0x3d, 0x3c, 0x8e, 0x3b, 0x3a, 0x39, 0x38, 0x37, 0x36, 0x36, 0x35, 0x34, 0x34, 0x33, 0x32, 0x6a, 0x30, 0x2f, 0x2e, 0x2e, 0x2c, 0x79, 0x79, 0x2a, 0x69, 0x29, 0x28, 0x27, 0x26, 0x25, 0x24, 0x24, 0x23, 0xcf, 0x22, 0x21, 0x21, 0xce, 0x84, 0x1f, 0x1e, 0x1e, 0xcd, 0x65, 0xb9, 0xb9, 0x1b, 0x1b, 0xb8, 0x1a, 0x19, 0x19, 0x18, 0x81, 0x17, 0xb5, 0xb5, 0x16, 0x16, 0xb4, 0x15, 0xb3, 0xb3, 0x14, 0x77, 0xc7, 0x13, 0x13, 0x11, 0x12, 0x10, 0x10, 0x0f, 0x0e, 0xb0, 0xb0, 0x0d, 0x0d, 0x7f, 0xc6, 0x0c, 0x0c, 0xc5, 0xc5, 0x0b, 0x0b, 0x7d, 0x0a, 0x0a, 0x09, 0x08, 0x09, 0x08, 0x08, 0x08, 0x07, 0x07, 0x07, 0xcb, 0xa1, 0x06, 0xac, 0x06, 0xac, 0xac, 0x05, 0xac, 0xa0, 0x05, 0x04, 0xa0, 0x04, 0x04, 0xab, 0x04, 0x03, 0xab, 0x04, 0x04, 0x03, 0x03, 0x04, 0xab, 0x03, 0xa0, 0x04, 0x04, 0x05, 0x05, 0xa0, 0x05, 0x05, 0x05, 0x05, 0x05, 0xac, 0xac, 0xac, 0xac, 0x06, 0x06, 0x06, 0xcb, 0x07, 0x07, 0x07, 0x08, 0x08, 0x08, 0x08, 0x09, 0x09, 0x0a, 0x7d, 0x0b, 0x0b, 0x0b, 0xc5, 0xc5, 0x0c, 0x7e, 0x7f, 0x7f, 0x0d, 0xb0, 0xb0, 0x0e, 0x0e, 0x10, 0x11, 0x12, 0x12, 0x13, 0xb2, 0x77, 0x14, 0xb3, 0xb3, 0x15, 0x78, 0x80, 0x16, 0xb5, 0xb5, 0x17, 0xc9, 0x18, 0x18, 0x1a, 0x19, 0xcc, 0x83, 0x1b, 0xb9, 0xb9, 0x1c, 0x1c, 0x1d, 0x1e, 0x1e, 0x1e, 0x84, 0x66, 0x20, 0x21, 0x22, 0x85, 0x23, 0x24, 0x24, 0x25, 0x68, 0x27, 0x28, 0x29, 0x29, 0x2a, 0x79, 0x79, 0x2c, 0x2c, 0x2e, 0x2e, 0x30, 0x30, 0x31, 0x32, 0x33, 0x33, 0x8b, 0x35, 0x36, 0x36, 0x6c, 0x8d, 0x39, 0x3a, 0x8e, 0x3b, 0x3c, 0x3d, 0x3e, 0xc0, 0x3f, 0x40, 0x42, 0x42, 0x6f, 0x44, 0x45, 0x46, 0x46, 0x47, 0x48, 0x49, 0x49, 0x71, 0x4b, 0x4b, 0x4c, 0x7a, 0x96, 0xd7, 0x4e, 0x7b, 0x4f, 0x50, 0x51, 0x7c, 0x52, 0x52, 0x53, 0x54, 0x55, 0x56, 0x56, 0x57, 0x57, 0x58, 0x59, 0x59, 0x5a, 0x5b, 0x5b, 0x5c, 0x5d, 0x5d, 0x5e, 0x5f, 0x60, 0x60, 0x61, 0x61, 0x75, 0x62, 0x63, 0x62, 0x63, 0x63, 0x63, 
  0x63, 0x63, 0x63, 0x62, 0x63, 0x62, 0x75, 0x9e, 0x61, 0x60, 0x60, 0x60, 0x9d, 0x5e, 0x5e, 0x5c, 0x5c, 0x5b, 0x5b, 0x59, 0x59, 0x58, 0x58, 0x73, 0x73, 0x55, 0x56, 0x54, 0x53, 0x53, 0x7c, 0x52, 0x51, 0x51, 0x97, 0x4f, 0x7b, 0x4e, 0x96, 0x4c, 0x4c, 0x7a, 0x4b, 0x71, 0x4a, 0x49, 0x49, 0x48, 0x92, 0x70, 0x45, 0x45, 0x43, 0x90, 0x42, 0x41, 0x40, 0x3f, 0x8f, 0x3d, 0x3d, 0x6d, 0x8e, 0x3a, 0x3a, 0x39, 0x6c, 0x37, 0x36, 0x36, 0x35, 0x34, 0x33, 0x32, 0x31, 0x8a, 0x30, 0x2f, 0x2e, 0x88, 0x2c, 0x79, 0x2b, 0x2a, 0xbd, 0x28, 0x27, 0x27, 0x86, 0x25, 0x24, 0x24, 0x23, 0x22, 0x22, 0x21, 0x21, 0x20, 0x1f, 0x1e, 0x1e, 0x1d, 0xa4, 0x1c, 0x1c, 0xb9, 0x1b, 0x83, 0xb7, 0x19, 0x19, 0x18, 0x18, 0xc9, 0x17, 0xb5, 0x16, 0x16, 0xc8, 0x78, 0xb3, 0x15, 0x14, 0x14, 0x77, 0xb2, 0x13, 0x12, 0x12, 0x11, 0x10, 0xb1, 0x0e, 0xb0, 0xb0, 0x0d, 0xb0, 0x7f, 0xc6, 0x0c, 0xc5, 0xc5, 0xc5, 0x0b, 0x0b, 0xd6, 0x7d, 0x0a, 0x09, 0x09, 0x08, 0x08, 0x08, 0x07, 0x07, 0x07, 0x07, 0xad, 0x06, 0x06, 0xac, 0xac, 0xac, 0x05, 0xac, 0x05, 0x05, 0xca, 0xa0, 0xca, 0x04, 0xab, 0x04, 0x03, 0x03, 0x03, 0x03, 0x03, 0x03, 0x03, 0x03, 0x03, 0x03, 0x03, 0xab, 0xab, 0x04, 0x04, 0xa0, 0x04, 0xa0, 0xa0, 0xa0, 0x05, 0xac, 0x05, 0xac, 0xac, 0xac, 0x06, 0xac, 0x06, 0x06, 0x64, 0xa1, 0x07, 0x07, 0x07, 0x08, 0x08, 0x08, 0x09, 0x09, 0x0a, 0x7d, 0x0b, 0x0b, 0xc5, 0xc5, 0xc5, 0x0c, 0xc6, 0x0d, 0x0d, 0xb0, 0xb0, 0x0e, 0x0e, 0x0f, 0x10, 0x11, 0x12, 0x12, 0x13, 0x77, 0x14, 0x14, 0xb3, 0xb3, 0xb4, 0x16, 0x80, 0xb5, 0xb5, 0x17, 0xc9, 0x81, 0x19, 0x18, 0x1a, 0x1a, 0x83, 0x1b, 0xb9, 0xb9, 0x1c, 0x1c, 0xa4, 0x1d, 0x1e, 0x1e, 0x1f, 0x84, 0x20, 0x21, 0x21, 0x22, 0x23, 0x23, 0x24, 0x25, 0x68, 0x27, 0x27, 0x28, 0x29, 0x2a, 0x2b, 0x79, 0x2c, 0x2c, 0x2e, 0x2e, 0x2f, 0x30, 0x8a, 0x31, 0x33, 0x33, 0x34, 0x8c, 0x35, 0x36, 0x36, 0x38, 0x39, 0x3a, 0x3b, 0x8e, 0x3c, 0x3d, 0x3d, 0x3e, 0x40, 0x40, 0x41, 0x42, 0x90, 0x43, 0x45, 0x45, 0x46, 0xa7, 0x48, 0x49, 0x49, 0x93, 0x4b, 0x4b, 0x7a, 0x4c, 0x4d, 0x4e, 0x4e, 0x7b, 0x4f, 0x50, 0x51, 0x7c, 0x7c, 0x52, 0x53, 0x54, 0x55, 0x55, 0xc2, 0x73, 0x57, 0x58, 0x58, 0x59, 0x5a, 0x5b, 0x5c, 0x5c, 0x5c, 0x5e, 0x9d, 0x5f, 0x5f, 0x60, 0x61, 0x61, 0x9e, 0x62, 0x62, 0x63, 0x63, 0x63, 0x63, 
  0x63, 0x63, 0x63, 0x63, 0x62, 0x62, 0x62, 0x61, 0x61, 0x60, 0x60, 0x5f, 0x5f, 0x5e, 0x5d, 0x5c, 0x5c, 0x5b, 0xa8, 0x5a, 0x59, 0x57, 0x58, 0x73, 0x9a, 0x56, 0x55, 0x54, 0x54, 0x99, 0x52, 0x7c, 0x51, 0x51, 0x4f, 0x7b, 0x7b, 0x4e, 0x96, 0x4d, 0x4c, 0x7a, 0x4b, 0x4b, 0x4a, 0x49, 0x49, 0x48, 0x70, 0x46, 0x45, 0x44, 0x44, 0x90, 0x41, 0x41, 0x3f, 0x3f, 0x3d, 0x3d, 0x3c, 0x3c, 0x3b, 0x3a, 0x3a, 0x39, 0x6c, 0x37, 0x36, 0x35, 0x8c, 0x34, 0x33, 0x33, 0x31, 0x8a, 0x2f, 0x2f, 0x2d, 0x88, 0x2c, 0x79, 0x2b, 0x2a, 0x29, 0x28, 0x28, 0x26, 0x26, 0x24, 0x24, 0x23, 0x23, 0x22, 0x21, 0x21, 0x20, 0xce, 0x1f, 0x1e, 0x1e, 0x1d, 0x1d, 0x1c, 0xb9, 0xb9, 0x1b, 0x83, 0x1a, 0x1a, 0x19, 0x18, 0x18, 0xb6, 0x17, 0xb5, 0xb5, 0x78, 0x78, 0x15, 0xb3, 0xb3, 0x14, 0x14, 0xc7, 0x13, 0x13, 0x12, 0x12, 0xa2, 0xa2, 0x0e, 0x0e, 0xb0, 0xb0, 0x0d, 0x0d, 0xaf, 0x7f, 0x0c, 0xc5, 0xc5, 0x0b, 0x0b, 0x0b, 0x7d, 0x0a, 0x09, 0x09, 0x08, 0x08, 0x08, 0x07, 0x08, 0x07, 0x07, 0xad, 0x06, 0xac, 0x06, 0xac, 0xac, 0x05, 0x05, 0x05, 0xa0, 0xa0, 0x04, 0x04, 0xca, 0x04, 0x03, 0x03, 0xaa, 0xaa, 0xaa, 0xaa, 0x03, 0xaa, 0xaa, 0xaa, 0xaa, 0xaa, 0xaa, 0xaa, 0xab, 0x03, 0x03, 0xab, 0xab, 0xab, 0xca, 0xa0, 0x05, 0x05, 0x05, 0x05, 0x05, 0xac, 0xac, 0x06, 0x06, 0xac, 0xa1, 0xad, 0x07, 0x07, 0x07, 0x08, 0x08, 0x08, 0x08, 0xae, 0xae, 0x0a, 0x0b, 0x7d, 0x0b, 0xc5, 0xc5, 0xc5, 0x0c, 0x7f, 0x0d, 0x0d, 0xb0, 0xb0, 0x0e, 0xb1, 0xa2, 0x11, 0x11, 0x12, 0xb2, 0xb2, 0xa3, 0x14, 0xb3, 0xb3, 0xb4, 0xb4, 0x16, 0x16, 0xb5, 0x17, 0x17, 0x81, 0x18, 0x19, 0x19, 0x1a, 0xb8, 0xcc, 0x1b, 0xb9, 0xb9, 0x1c, 0xa4, 0x1d, 0x1e, 0x1e, 0x1f, 0x84, 0xa5, 0x20, 0x21, 0x22, 0x85, 0x24, 0x24, 0x25, 0x25, 0x26, 0x27, 0x29, 0x28, 0x2a, 0x2b, 0x79, 0x79, 0x2c, 0x2d, 0x2e, 0x2f, 0x2f, 0x8a, 0xa6, 0x32, 0x33, 0x8b, 0x8b, 0x36, 0x36, 0x37, 0x6c, 0x39, 0x3a, 0x3b, 0x3b, 0x3c, 0x3d, 0x3d, 0x6e, 0x8f, 0x40, 0x41, 0x42, 0x42, 0x43, 0x44, 0x45, 0x92, 0x92, 0x47, 0x49, 0x49, 0x93, 0x93, 0x4b, 0x7a, 0x4c, 0x4c, 0x96, 0x4e, 0x7b, 0x4f, 0x50, 0x51, 0x7c, 0x7c, 0x72, 0x53, 0x54, 0x55, 0x56, 0x56, 0x73, 0x57, 0x58, 0x58, 0x9b, 0x9b, 0x5b, 0x5b, 0x5c, 0x5d, 0x5d, 0x5e, 0x5f, 0x5f, 0x61, 0x60, 0x75, 0x61, 0x62, 0x62, 0x62, 0x63, 0x63, 0x63, 
  0x63, 0x63, 0x63, 0x62, 0x63, 0x62, 0x75, 0x9e, 0x61, 0x60, 0x60, 0x60, 0x9d, 0x5d, 0x5d, 0x5c, 0x5c, 0x5b, 0xd9, 0x59, 0x59, 0x58, 0x57, 0x57, 0xc2, 0x56, 0x55, 0x55, 0x53, 0x72, 0x52, 0x7c, 0x51, 0x51, 0x97, 0x4f, 0x7b, 0x7b, 0x96, 0x4c, 0x4c, 0x7a, 0x4b, 0x71, 0x4a, 0x4a, 0x48, 0x48, 0x92, 0x46, 0x45, 0x45, 0x91, 0x91, 0x41, 0x41, 0x40, 0x8f, 0x3e, 0x3d, 0x3c, 0x3c, 0x3a, 0x3b, 0x39, 0x38, 0x37, 0x37, 0x36, 0x35, 0xd1, 0x34, 0x33, 0x32, 0x6a, 0x6a, 0x2f, 0x2f, 0x2d, 0x88, 0x79, 0x79, 0x2b, 0x69, 0x87, 0x28, 0x27, 0x26, 0x25, 0x25, 0x24, 0x23, 0xcf, 0xcf, 0x21, 0x21, 0x20, 0xce, 0x1f, 0x1e, 0x1e, 0x1d, 0xba, 0x1c, 0xb9, 0x1b, 0x1b, 0xb7, 0xb7, 0x19, 0x19, 0x18, 0x81, 0x17, 0xb5, 0xb5, 0x16, 0x80, 0xb4, 0x15, 0xb3, 0xb3, 0x14, 0x77, 0x13, 0x13, 0x12, 0x12, 0x11, 0x10, 0x0f, 0x0e, 0xb0, 0xb0, 0xb0, 0x0d, 0x7f, 0xc6, 0x0c, 0x0c, 0xc5, 0x0b, 0xc5, 0x0b, 0x7d, 0x0a, 0x09, 0x09, 0x08, 0x08, 0x08, 0x07, 0x07, 0x07, 0xad, 0x07, 0xac, 0x06, 0xac, 0xac, 0xac, 0x05, 0x05, 0x05, 0xa0, 0x04, 0x04, 0xab, 0x03, 0x04, 0xaa, 0x03, 0xaa, 0x03, 0xaa, 0xaa, 0xaa, 0xaa, 0xaa, 0xaa, 0xaa, 0xaa, 0xaa, 0xaa, 0x03, 0xaa, 0x03, 0xaa, 0x04, 0xaa, 0x03, 0xab, 0x04, 0x04, 0xa0, 0xa0, 0x05, 0x05, 0xac, 0xac, 0xac, 0xac, 0x06, 0x06, 0x06, 0xad, 0x07, 0x07, 0x07, 0x07, 0x08, 0x08, 0x08, 0x09, 0xae, 0xae, 0x0b, 0x0b, 0x0b, 0xc5, 0x0c, 0x0c, 0xc6, 0x0d, 0x0d, 0x0d, 0xb0, 0xb0, 0x0e, 0x0f, 0x10, 0x12, 0x12, 0x12, 0xb2, 0x77, 0xa3, 0xb3, 0xb3, 0x15, 0xb4, 0x16, 0x16, 0xb5, 0xb5, 0x17, 0x81, 0x18, 0x19, 0x19, 0x1a, 0xb8, 0x1b, 0x1b, 0xb9, 0xb9, 0x1c, 0xba, 0x1d, 0x1d, 0x1e, 0x1e, 0x84, 0x20, 0x20, 0x21, 0x22, 0xcf, 0xcf, 0x24, 0x24, 0x25, 0x68, 0x27, 0x28, 0x29, 0x87, 0x69, 0x79, 0x79, 0x2c, 0x89, 0x2e, 0x2f, 0x2f, 0x30, 0xa6, 0x32, 0x33, 0x34, 0xd1, 0x35, 0x36, 0x36, 0x6c, 0x39, 0x39, 0x3a, 0x3b, 0x6d, 0x3d, 0x3d, 0xc0, 0x6e, 0x40, 0x40, 0x41, 0x42, 0x43, 0x44, 0x45, 0x45, 0x47, 0xa7, 0x49, 0x49, 0x93, 0x71, 0x4b, 0x7a, 0x7a, 0x95, 0xd7, 0x4e, 0x7b, 0x4f, 0x50, 0x98, 0x7c, 0x7c, 0x52, 0x72, 0x54, 0x55, 0x55, 0xc2, 0x73, 0x57, 0x58, 0x58, 0x59, 0x5a, 0x5b, 0x5b, 0x5c, 0x5c, 0x5d, 0x5e, 0x5f, 0x5f, 0x60, 0x60, 0x61, 0x75, 0x9e, 0x63, 0x62, 0x63, 0x63, 0x63, 
  0x63, 0x63, 0x63, 0x63, 0x62, 0x62, 0x75, 0x61, 0x61, 0x60, 0x60, 0x5f, 0x5f, 0x5d, 0x5d, 0x5c, 0x5c, 0x5b, 0xd9, 0x59, 0x59, 0x57, 0x58, 0x73, 0x56, 0x56, 0x55, 0x54, 0x53, 0x99, 0x52, 0x7c, 0x51, 0x51, 0x4f, 0x4f, 0x4e, 0x4e, 0xd7, 0x4c, 0x7a, 0x4b, 0x4b, 0x94, 0x4a, 0x49, 0x48, 0x48, 0x70, 0x46, 0x45, 0x44, 0x43, 0x90, 0x41, 0x41, 0x3f, 0x8f, 0x3e, 0x3d, 0x3c, 0x8e, 0x3b, 0x3a, 0x39, 0x39, 0x37, 0x36, 0x36, 0x35, 0x35, 0x34, 0x33, 0x32, 0xa6, 0x30, 0x2f, 0x2e, 0x89, 0x88, 0x79, 0x79, 0x2a, 0x87, 0x29, 0x28, 0x27, 0x26, 0x25, 0x24, 0x24, 0x23, 0x23, 0x22, 0x21, 0x21, 0xce, 0xa5, 0x1f, 0x1e, 0x1d, 0x1d, 0xcd, 0x1c, 0xb9, 0x1b, 0x1b, 0xb8, 0x1a, 0x19, 0x19, 0x18, 0xc9, 0x17, 0xb5, 0xb5, 0x16, 0x80, 0xc8, 0xb3, 0x15, 0x14, 0x14, 0x77, 0x13, 0x13, 0x12, 0x12, 0xa2, 0xa2, 0xb1, 0x0e, 0xb0, 0xb0, 0x0d, 0x0d, 0x7f, 0x0c, 0x0c, 0xc5, 0xc5, 0x0b, 0x0b, 0x0b, 0x7d, 0x09, 0x09, 0x08, 0x09, 0x07, 0x08, 0x07, 0x07, 0x64, 0xa1, 0x06, 0x06, 0xac, 0xac, 0xac, 0x05, 0x05, 0x05, 0xca, 0x04, 0x03, 0x03, 0x03, 0xaa, 0x03, 0xaa, 0x03, 0xaa, 0xaa, 0xaa, 0xaa, 0xaa, 0xaa, 0x02, 0x02, 0xaa, 0xaa, 0xaa, 0x02, 0xaa, 0xaa, 0xaa, 0xaa, 0xaa, 0x03, 0x03, 0xaa, 0x03, 0x03, 0x04, 0xca, 0x05, 0x05, 0x05, 0xac, 0xac, 0xac, 0xac, 0xac, 0x06, 0xad, 0xad, 0x07, 0x07, 0x07, 0x08, 0x07, 0x09, 0x08, 0xae, 0x0a, 0x7d, 0x0b, 0x0b, 0xc5, 0xc5, 0x0c, 0x0c, 0xc6, 0x0d, 0x0d, 0xb0, 0xb0, 0x0e, 0xb1, 0x10, 0x11, 0x12, 0x12, 0xb2, 0xb2, 0x77, 0x14, 0xb3, 0xb3, 0x15, 0xc8, 0x16, 0xb5, 0xb5, 0x17, 0xc9, 0x81, 0x18, 0x19, 0x19, 0x1a, 0x1a, 0x1b, 0x1b, 0xb9, 0xb9, 0xba, 0xa4, 0x1d, 0x1e, 0x1e, 0x84, 0x84, 0x21, 0x20, 0x22, 0x22, 0x23, 0x24, 0x24, 0xbc, 0x68, 0x27, 0x28, 0x29, 0x29, 0x2a, 0x2b, 0x79, 0x2c, 0x2c, 0x2d, 0x2f, 0x2f, 0x8a, 0x6a, 0x32, 0x33, 0x33, 0x8b, 0x35, 0x36, 0x36, 0x6c, 0x38, 0x39, 0x3b, 0x3b, 0x6d, 0x3c, 0x3d, 0x3e, 0x6e, 0x3f, 0x41, 0x41, 0x6f, 0x43, 0x44, 0x45, 0x46, 0x92, 0x47, 0x49, 0x49, 0x94, 0x94, 0x4b, 0x7a, 0x7a, 0x4d, 0x4d, 0x7b, 0x7b, 0x4f, 0x4f, 0x98, 0x51, 0x52, 0x7c, 0x53, 0x54, 0x55, 0x55, 0x56, 0x9a, 0x57, 0x58, 0x58, 0x59, 0x59, 0xa8, 0x5b, 0x5c, 0x5c, 0x9c, 0x5e, 0x5f, 0x5f, 0x60, 0x61, 0x61, 0x9e, 0x75, 0x62, 0x62, 0x63, 0x63, 0x63, 
  0x63, 0x63, 0x63, 0x62, 0x62, 0x62, 0x62, 0x61, 0x61, 0x60, 0x60, 0x5f, 0x5e, 0x5d, 0x5d, 0x5c, 0x5c, 0x5b, 0xd9, 0x59, 0x58, 0x58, 0x57, 0x73, 0x9a, 0x55, 0x55, 0x55, 0x53, 0xc1, 0x7c, 0x7c, 0x51, 0x98, 0x4f, 0x7b, 0x7b, 0x4e, 0x4c, 0x4d, 0x7a, 0x7a, 0x4b, 0x4a, 0x4a, 0x49, 0x48, 0x47, 0x92, 0x45, 0x45, 0x44, 0x91, 0x90, 0x41, 0x40, 0x3f, 0x3f, 0x3d, 0x3d, 0x3c, 0x6d, 0x3a, 0x3b, 0x39, 0x38, 0x6c, 0x36, 0x36, 0x35, 0x34, 0x34, 0x33, 0x31, 0xa6, 0x2f, 0x2f, 0x2e, 0x88, 0x88, 0x79, 0x2b, 0x2a, 0x87, 0x28, 0x28, 0x27, 0x86, 0x68, 0x24, 0x24, 0x23, 0x22, 0x22, 0x21, 0x21, 0x20, 0x1f, 0x1f, 0x1e, 0x1d, 0x1d, 0x1c, 0xb9, 0xb9, 0x1b, 0x83, 0x1a, 0x1a, 0x19, 0x18, 0x18, 0x81, 0xb5, 0x17, 0x16, 0x16, 0xc8, 0x15, 0x15, 0x14, 0xb3, 0x77, 0x77, 0xb2, 0x12, 0x12, 0x11, 0x10, 0xa2, 0xb0, 0x0e, 0xb0, 0x0d, 0x0d, 0x7f, 0x7f, 0xc5, 0x0c, 0xc5, 0xc5, 0x0b, 0x0b, 0x7d, 0x0a, 0x09, 0x09, 0x08, 0x07, 0x08, 0x07, 0x07, 0x07, 0xad, 0x06, 0x06, 0xac, 0xac, 0x05, 0xac, 0x05, 0xa0, 0x04, 0x04, 0xab, 0x03, 0x03, 0xaa, 0xaa, 0xaa, 0xaa, 0xaa, 0xaa, 0xaa, 0xaa, 0x02, 0x02, 0x02, 0x02, 0x02, 0x02, 0x02, 0x02, 0x02, 0xaa, 0xaa, 0xaa, 0xaa, 0xaa, 0xaa, 0xaa, 0x03, 0xaa, 0x03, 0x03, 0x04, 0x04, 0x04, 0xa0, 0x05, 0x05, 0x05, 0xac, 0xac, 0x06, 0xac, 0xad, 0xad, 0x07, 0x07, 0x07, 0x07, 0x08, 0x08, 0x09, 0x09, 0x7d, 0x0a, 0xc5, 0x0b, 0xc5, 0xc5, 0x0c, 0xc6, 0x7f, 0x0d, 0x0d, 0xb0, 0x0e, 0x0e, 0x0f, 0xa2, 0x12, 0x12, 0x12, 0xb2, 0x77, 0x14, 0x14, 0xb3, 0x15, 0x78, 0x80, 0x16, 0xb5, 0x17, 0xc9, 0x81, 0x18, 0x19, 0x19, 0x1a, 0xb8, 0x1b, 0x1b, 0xb9, 0xb9, 0x1c, 0x1d, 0x1d, 0x1e, 0x1e, 0x1f, 0xce, 0xa5, 0x21, 0x21, 0x22, 0x67, 0x23, 0x24, 0x25, 0x68, 0x27, 0x27, 0x28, 0x29, 0x2a, 0x2b, 0x79, 0x2c, 0x88, 0x89, 0x2e, 0x2f, 0x30, 0x8a, 0x32, 0x32, 0x34, 0x8b, 0x8c, 0x36, 0x36, 0x37, 0x39, 0x39, 0x3a, 0x3b, 0x8e, 0x3c, 0x3d, 0x3d, 0x3f, 0x3f, 0x41, 0x41, 0x42, 0x91, 0x44, 0x45, 0x45, 0x92, 0xa7, 0x49, 0x49, 0x4a, 0x93, 0x4b, 0x7a, 0x7a, 0x4c, 0xd7, 0x4e, 0x7b, 0x7b, 0x50, 0x98, 0x7c, 0x51, 0x52, 0x72, 0x54, 0x54, 0x56, 0x55, 0x73, 0x73, 0x58, 0x58, 0x59, 0x9b, 0xa8, 0x5b, 0x5c, 0x5c, 0x5d, 0x5e, 0x9d, 0x5f, 0x60, 0x60, 0x61, 0x9e, 0x62, 0x62, 0x63, 0x62, 0x63, 0x63, 
  0x63, 0x63, 0x63, 0x63, 0x62, 0x62, 0x75, 0x9e, 0x61, 0x60, 0x60, 0x5f, 0x5e, 0x5e, 0x5d, 0x5c, 0x5b, 0x5b, 0x5a, 0x59, 0x58, 0x58, 0x57, 0x73, 0x56, 0x55, 0x55, 0x54, 0x53, 0x52, 0x52, 0x7c, 0x51, 0xd8, 0x4f, 0x7b, 0x7b, 0xd7, 0x96, 0x4c, 0x7a, 0x4b, 0x71, 0x4a, 0x4a, 0x49, 0x48, 0x47, 0x46, 0x45, 0x45, 0x44, 0x91, 0x42, 0x41, 0x41, 0x3f, 0x3e, 0x3d, 0x3d, 0x3c, 0x8e, 0x3b, 0x3a, 0x39, 0x39, 0x37, 0x36, 0x36, 0x8c, 0x34, 0x33, 0x32, 0x31, 0x6a, 0x2f, 0x2f, 0x2e, 0x89, 0x2c, 0x79, 0x79, 0x2a, 0x29, 0x29, 0x27, 0x27, 0x68, 0x25, 0x24, 0x24, 0x67, 0xcf, 0x22, 0x21, 0x20, 0xce, 0x1f, 0x1e, 0x1e, 0x1d, 0x1d, 0x1c, 0xb9, 0xb9, 0x1b, 0x83, 0xb7, 0x19, 0x19, 0x18, 0x18, 0x17, 0x17, 0xb5, 0x16, 0x16, 0xc8, 0x15, 0xb3, 0xb3, 0x14, 0x77, 0xc7, 0x12, 0x13, 0x12, 0x11, 0x10, 0xb1, 0x0e, 0xb0, 0xb0, 0x0d, 0x0d, 0x7f, 0x7e, 0x0c, 0xc5, 0xc5, 0x0b, 0x0b, 0x7d, 0x0a, 0x09, 0x09, 0x08, 0x08, 0x08, 0x07, 0x07, 0x07, 0xad, 0x06, 0x06, 0xac, 0xac, 0xac, 0x05, 0x05, 0x05, 0x04, 0x04, 0xab, 0x03, 0xaa, 0x03, 0xaa, 0xaa, 0xaa, 0x02, 0x02, 0x02, 0x02, 0x02, 0x02, 0x02, 0x02, 0x02, 0x02, 0x02, 0x02, 0x02, 0x02, 0x02, 0x02, 0x02, 0xaa, 0xaa, 0xaa, 0xaa, 0xaa, 0xaa, 0x03, 0xaa, 0x03, 0x04, 0x04, 0xa0, 0x05, 0x05, 0x05, 0xac, 0xac, 0xac, 0x06, 0xac, 0xa1, 0xa1, 0x07, 0x07, 0x08, 0x07, 0x09, 0x08, 0x09, 0x0a, 0x7d, 0x0b, 0xc5, 0x0b, 0x0c, 0xc5, 0xc6, 0xc6, 0x0d, 0x0d, 0xb0, 0xb0, 0x0e, 0xb1, 0x10, 0x11, 0x12, 0x12, 0xc7, 0xb2, 0xa3, 0xb3, 0xb3, 0x15, 0xb4, 0x16, 0x16, 0xb5, 0x17, 0x17, 0xc9, 0x18, 0x18, 0x19, 0x1a, 0x1a, 0x83, 0x1b, 0xb9, 0xb9, 0x1c, 0xba, 0x1d, 0x1e, 0x1e, 0x1f, 0x84, 0x20, 0x21, 0x21, 0xbb, 0x85, 0x24, 0x24, 0x25, 0xbc, 0x26, 0x27, 0x29, 0x28, 0x2a, 0x2b, 0x79, 0x79, 0x88, 0x2d, 0x2f, 0x2f, 0x8a, 0x8a, 0x32, 0x33, 0x33, 0x8b, 0x35, 0x36, 0x36, 0x37, 0x6c, 0x39, 0x3a, 0x3b, 0x3b, 0x3c, 0x3d, 0x3e, 0x3e, 0x3f, 0x40, 0x41, 0x42, 0x90, 0x43, 0x45, 0x46, 0x92, 0x47, 0x48, 0x4a, 0x49, 0x71, 0x71, 0x7a, 0x7a, 0x95, 0x95, 0x4e, 0x7b, 0x4f, 0x4f, 0x98, 0x51, 0x7c, 0x52, 0xc1, 0x53, 0x55, 0x55, 0x9a, 0xc2, 0x57, 0x57, 0x58, 0x59, 0x59, 0xa8, 0x5b, 0x5c, 0x5c, 0x5d, 0x5e, 0x9d, 0x60, 0x60, 0x61, 0x60, 0x75, 0x75, 0x62, 0x62, 0x63, 0x63, 0x63, 
  0x63, 0x63, 0x62, 0x63, 0x62, 0x62, 0x75, 0x61, 0x60, 0x61, 0x5f, 0x5f, 0x5e, 0x5d, 0x5d, 0x5c, 0x5b, 0x5b, 0x5a, 0x5a, 0x58, 0x58, 0x57, 0x73, 0x56, 0x56, 0x55, 0x54, 0x53, 0x52, 0x7c, 0x7c, 0x51, 0x51, 0x7b, 0x4f, 0x4e, 0x4e, 0x4d, 0x4c, 0x7a, 0x4b, 0x71, 0x4a, 0x4a, 0x49, 0x48, 0x47, 0x70, 0x45, 0x45, 0x44, 0x6f, 0x90, 0x41, 0x40, 0x3f, 0x3e, 0x3e, 0x3c, 0x3c, 0xbf, 0x3b, 0x3a, 0x39, 0x37, 0x37, 0x36, 0x36, 0x35, 0xd1, 0x33, 0x33, 0x31, 0x6a, 0x2f, 0x2f, 0x2d, 0x88, 0x2c, 0x79, 0x2a, 0x2a, 0x29, 0x28, 0x28, 0x26, 0xbc, 0x25, 0x24, 0x23, 0x67, 0x22, 0x21, 0x21, 0x20, 0xce, 0x1f, 0x1e, 0x1e, 0x1d, 0x1d, 0xb9, 0x1c, 0x1b, 0x1b, 0x83, 0xb8, 0x19, 0x19, 0x18, 0x81, 0xb6, 0xb5, 0xb5, 0x16, 0x80, 0x15, 0x15, 0xb3, 0xb3, 0x14, 0x77, 0x13, 0x13, 0x12, 0x11, 0x11, 0xa2, 0xb1, 0x0e, 0xb0, 0xb0, 0x0d, 0x0d, 0xc6, 0x7e, 0xc5, 0x0c, 0x0b, 0xc5, 0xd6, 0x0a, 0x0a, 0xae, 0x08, 0x08, 0x08, 0x08, 0x07, 0x07, 0xcb, 0x06, 0x06, 0xac, 0xac, 0x05, 0xac, 0x05, 0xa0, 0xa0, 0x04, 0x03, 0x03, 0xaa, 0xaa, 0x03, 0x02, 0xaa, 0x02, 0xaa, 0x02, 0x02, 0x02, 0x9f, 0x9f, 0x9f, 0x76, 0x76, 0x9f, 0x76, 0x02, 0x9f, 0x9f, 0x02, 0x02, 0x02, 0x02, 0x02, 0x02, 0xaa, 0xaa, 0x03, 0xaa, 0x03, 0xaa, 0x03, 0x03, 0x04, 0xa0, 0xa0, 0x05, 0x05, 0xac, 0xac, 0xac, 0x06, 0x06, 0xad, 0xcb, 0x07, 0x07, 0x08, 0x08, 0x08, 0x09, 0x09, 0x0a, 0x7d, 0xd6, 0xc5, 0xc5, 0xc5, 0x0c, 0x7e, 0x7f, 0x0d, 0x0d, 0xb0, 0x0e, 0x0e, 0x0f, 0x11, 0x12, 0x12, 0x12, 0x77, 0x77, 0x14, 0x14, 0x15, 0x15, 0x78, 0x16, 0x16, 0xb5, 0x17, 0xc9, 0x18, 0x18, 0x19, 0x1a, 0x1a, 0x83, 0x1b, 0xb9, 0xb9, 0x1c, 0xba, 0x1d, 0x1d, 0x1e, 0x1e, 0x1f, 0xa5, 0x20, 0x21, 0x22, 0xcf, 0x23, 0x23, 0x25, 0x25, 0x27, 0x27, 0x28, 0x29, 0x2a, 0x2a, 0x79, 0x79, 0x2c, 0x2d, 0x2e, 0x2f, 0x30, 0x8a, 0x31, 0x32, 0x33, 0x34, 0x34, 0x36, 0x36, 0x36, 0x38, 0x39, 0x39, 0x3b, 0x8e, 0x6d, 0x3c, 0x3d, 0x3e, 0x3f, 0x40, 0x41, 0x42, 0x6f, 0x44, 0x45, 0x45, 0x92, 0x47, 0x49, 0x48, 0x4a, 0x94, 0x71, 0x7a, 0x7a, 0x4c, 0x4d, 0x4e, 0x7b, 0x7b, 0x4f, 0x50, 0x7c, 0x51, 0x52, 0x72, 0x53, 0x55, 0x55, 0x56, 0x73, 0x73, 0x58, 0x58, 0x59, 0x5a, 0xa8, 0x5b, 0x5b, 0x5d, 0x5c, 0x5e, 0x9d, 0x5f, 0x60, 0x60, 0x61, 0x9e, 0x62, 0x75, 0x63, 0x62, 0x63, 0x63, 
  0x63, 0x63, 0x63, 0x62, 0x62, 0x62, 0x75, 0x61, 0x61, 0x5f, 0x60, 0x5f, 0x5e, 0x5d, 0x5d, 0x5b, 0x5c, 0x5a, 0x5a, 0x59, 0x58, 0x58, 0x57, 0x73, 0x55, 0x55, 0x54, 0x53, 0x72, 0x52, 0x7c, 0x7c, 0x98, 0x50, 0x4f, 0x7b, 0x4e, 0x4e, 0x4d, 0x4c, 0x4b, 0x4b, 0x71, 0x93, 0x49, 0x49, 0x48, 0x70, 0x46, 0x45, 0x45, 0x44, 0x90, 0x41, 0x41, 0x40, 0x3f, 0x3e, 0x3d, 0x3c, 0x3c, 0x3b, 0x3b, 0x39, 0x39, 0x6c, 0x37, 0x36, 0x36, 0xd1, 0x34, 0x33, 0x32, 0x6a, 0x30, 0x2f, 0x2e, 0x2d, 0x2c, 0x79, 0x79, 0x2a, 0x2a, 0x29, 0x28, 0x27, 0x26, 0x86, 0x24, 0x24, 0x23, 0x23, 0x22, 0x21, 0x21, 0x20, 0x1f, 0x1f, 0x1e, 0x1d, 0x1d, 0xba, 0x1c, 0xb9, 0x1b, 0x1b, 0xb7, 0x1a, 0x19, 0x19, 0x18, 0xc9, 0x17, 0x17, 0xb5, 0x16, 0x16, 0xc8, 0x15, 0xb3, 0x14, 0xa3, 0x77, 0xb2, 0x12, 0x12, 0x11, 0x11, 0x0f, 0x0e, 0xb0, 0xb0, 0x0d, 0x0d, 0x7f, 0xc6, 0x0c, 0x0c, 0xc5, 0x0b, 0x0b, 0x7d, 0x0a, 0x09, 0x09, 0x08, 0x08, 0x08, 0x07, 0x07, 0x07, 0x06, 0x06, 0xac, 0xac, 0xac, 0x05, 0x05, 0x05, 0xa0, 0x03, 0x03, 0x03, 0x03, 0xaa, 0x03, 0x02, 0xaa, 0x02, 0x02, 0x02, 0x02, 0x02, 0x9f, 0x76, 0x76, 0x76, 0xa9, 0xa9, 0xa9, 0xa9, 0x76, 0xa9, 0x76, 0x76, 0x76, 0x76, 0x02, 0x02, 0x02, 0x02, 0xaa, 0x02, 0x03, 0xaa, 0x03, 0x03, 0xaa, 0xab, 0x03, 0x04, 0xa0, 0x05, 0x05, 0x05, 0xac, 0xac, 0x06, 0x06, 0xad, 0xa1, 0x07, 0x07, 0x08, 0x08, 0x09, 0x09, 0x0a, 0x7d, 0x0b, 0x0b, 0xc5, 0xc5, 0xc5, 0x0c, 0xc6, 0x0d, 0x0d, 0xb0, 0xb0, 0x0e, 0xb1, 0x10, 0x11, 0x12, 0x13, 0x13, 0x77, 0x14, 0xb3, 0xb3, 0x15, 0xc8, 0x16, 0xb5, 0xb5, 0x17, 0xb6, 0x81, 0x18, 0x19, 0x19, 0x1a, 0xb8, 0x83, 0x1b, 0xb9, 0xb9, 0x1c, 0xa4, 0x1d, 0x1e, 0x1e, 0xce, 0xce, 0x20, 0x21, 0x22, 0x22, 0x24, 0x24, 0x24, 0x25, 0x26, 0x27, 0x28, 0x29, 0x29, 0x2a, 0x2b, 0x79, 0x2c, 0x88, 0x2d, 0x2f, 0x2f, 0x30, 0xa6, 0x32, 0x33, 0x34, 0xd1, 0x35, 0x36, 0x37, 0x6c, 0x39, 0x3a, 0x3a, 0x3b, 0x6d, 0x3d, 0x3d, 0x8f, 0xc0, 0x3f, 0x41, 0x41, 0x42, 0x43, 0x44, 0x45, 0x46, 0x46, 0x48, 0x49, 0x4a, 0x4a, 0x4b, 0x4b, 0x7a, 0x4c, 0x4c, 0x4e, 0x4e, 0x4f, 0x7b, 0x51, 0x98, 0x7c, 0x52, 0xc1, 0x53, 0x55, 0x55, 0x56, 0x56, 0x73, 0x57, 0x58, 0x59, 0x59, 0x5a, 0x5b, 0x5c, 0x5c, 0x5d, 0x5d, 0x9d, 0x5f, 0x60, 0x60, 0x61, 0x61, 0x75, 0x62, 0x62, 0x63, 0x63, 0x63, 
  0x63, 0x63, 0x62, 0x63, 0x62, 0x62, 0x61, 0x9e, 0x60, 0x61, 0x5f, 0x5f, 0x5e, 0x5d, 0x5c, 0x5c, 0x5b, 0xa8, 0x5a, 0x59, 0x58, 0x57, 0x57, 0x73, 0x56, 0x56, 0x55, 0x54, 0x72, 0x72, 0x7c, 0x7c, 0x51, 0x50, 0x4f, 0x7b, 0x7b, 0x96, 0x4c, 0x4c, 0x7a, 0x4b, 0x71, 0x94, 0x49, 0x49, 0x48, 0x47, 0x45, 0x46, 0x44, 0x43, 0x6f, 0x42, 0x41, 0x40, 0x8f, 0x8f, 0x3d, 0x3d, 0x6d, 0x3b, 0x3b, 0x3a, 0x39, 0x37, 0x37, 0x36, 0x35, 0xd1, 0x34, 0x33, 0x32, 0xa6, 0x8a, 0x2f, 0x2e, 0x2d, 0x89, 0x79, 0x79, 0x2b, 0x29, 0x29, 0x28, 0x27, 0x26, 0x68, 0x24, 0x24, 0x23, 0x22, 0x22, 0x21, 0x21, 0x20, 0x1f, 0x1f, 0x1e, 0x1d, 0x1d, 0x1c, 0xb9, 0xb9, 0xb9, 0x83, 0xb8, 0x1a, 0x19, 0x18, 0x18, 0xc9, 0x17, 0x17, 0x16, 0xb5, 0xc8, 0x15, 0x15, 0x14, 0xb3, 0x77, 0xb2, 0xb2, 0x12, 0x12, 0x11, 0x10, 0xb1, 0x0e, 0xb0, 0xb0, 0x0d, 0x0d, 0x7f, 0xc6, 0x0c, 0xc5, 0xc5, 0x0b, 0x0b, 0x7d, 0xae, 0x09, 0x08, 0x09, 0x07, 0x08, 0x07, 0x07, 0xcb, 0x06, 0x06, 0xac, 0xac, 0x05, 0x05, 0x05, 0xa0, 0x04, 0x03, 0x03, 0x03, 0xaa, 0x03, 0x02, 0xaa, 0x02, 0x02, 0x02, 0x02, 0x76, 0x76, 0x76, 0xa9, 0xc4, 0xa9, 0x01, 0x01, 0x01, 0xa9, 0xa9, 0x01, 0x76, 0xa9, 0xc4, 0xc4, 0x9f, 0x76, 0x02, 0x02, 0x02, 0xaa, 0x02, 0xaa, 0xaa, 0xaa, 0x03, 0x03, 0x03, 0xab, 0x04, 0xa0, 0x05, 0x05, 0xac, 0xac, 0xac, 0x06, 0x06, 0xcb, 0x07, 0x07, 0x08, 0x08, 0x08, 0x09, 0x0a, 0x7d, 0x0b, 0x0b, 0xc5, 0xc5, 0xc5, 0x0c, 0xc6, 0x7f, 0x0d, 0xb0, 0xb0, 0x0e, 0xb1, 0xa2, 0x11, 0x12, 0x12, 0x13, 0xc7, 0x14, 0x14, 0xb3, 0x15, 0xc8, 0x16, 0x16, 0xb5, 0xb5, 0xc9, 0xc9, 0x18, 0x18, 0x1a, 0x19, 0xcc, 0x83, 0x1b, 0xb9, 0xb9, 0x1c, 0xba, 0x1e, 0x1d, 0x1f, 0x1e, 0x20, 0x20, 0x21, 0x21, 0xcf, 0xcf, 0x24, 0x24, 0x25, 0x68, 0x27, 0x28, 0x28, 0x29, 0x2a, 0x2b, 0x79, 0x79, 0x2d, 0x2d, 0x2f, 0x2f, 0x30, 0x31, 0x32, 0x33, 0x34, 0x35, 0x35, 0x36, 0x37, 0x6c, 0x38, 0x39, 0x3a, 0x3b, 0x6d, 0x3c, 0x3d, 0x3e, 0x6e, 0x3f, 0x40, 0x42, 0x42, 0x43, 0x44, 0x45, 0x46, 0x70, 0x48, 0x48, 0x4a, 0x4a, 0x71, 0x4b, 0x7a, 0x4c, 0x4d, 0x96, 0x7b, 0x7b, 0x50, 0x97, 0x7c, 0x51, 0x52, 0xc1, 0x53, 0x54, 0x55, 0x55, 0x73, 0x73, 0x57, 0x59, 0x58, 0x5a, 0xa8, 0x5b, 0x5b, 0x5c, 0x5d, 0x5e, 0x9d, 0x5f, 0x60, 0x60, 0x61, 0x61, 0x62, 0x75, 0x63, 0x62, 0x63, 0x63, 
  0x63, 0x63, 0x63, 0x62, 0x62, 0x62, 0x9e, 0x61, 0x61, 0x60, 0x5f, 0x5f, 0x5e, 0x5d, 0x5c, 0x5c, 0x5b, 0xa8, 0x5a, 0x59, 0x58, 0x58, 0x73, 0x73, 0x55, 0x55, 0x54, 0x54, 0x72, 0x52, 0x7c, 0x7c, 0x98, 0x50, 0x4f, 0x7b, 0x4e, 0xd7, 0x4c, 0x4c, 0x4b, 0x4b, 0x94, 0x4a, 0x49, 0x49, 0x47, 0x70, 0x46, 0x45, 0x44, 0x44, 0x42, 0x42, 0x41, 0x40, 0x3f, 0x3e, 0x3d, 0x3c, 0x3c, 0x3b, 0x3a, 0x3a, 0x38, 0x37, 0x36, 0x36, 0x35, 0x35, 0x33, 0x33, 0x32, 0x6a, 0x30, 0x2f, 0x2f, 0x89, 0x2c, 0x79, 0x2b, 0x2b, 0x69, 0x29, 0x27, 0x27, 0x26, 0x25, 0x24, 0x24, 0x67, 0xbb, 0x22, 0x21, 0x20, 0x20, 0x84, 0x1e, 0x1e, 0x1d, 0x1d, 0x1c, 0xb9, 0xb9, 0x1b, 0x1b, 0x1a, 0x1a, 0x19, 0x19, 0x81, 0xc9, 0x17, 0x16, 0xb5, 0x16, 0xc8, 0x15, 0xb3, 0xb3, 0x14, 0x77, 0xc7, 0x12, 0x13, 0x11, 0x12, 0x10, 0x0f, 0x0e, 0xb0, 0xb0, 0x0d, 0x0d, 0xc6, 0x0c, 0xc5, 0xc5, 0xc5, 0x0b, 0x0b, 0x0a, 0x0a, 0x08, 0x08, 0x08, 0x08, 0x07, 0x07, 0x07, 0xcb, 0x06, 0xac, 0xac, 0xac, 0x05, 0x05, 0xa0, 0xca, 0x04, 0x03, 0x03, 0xaa, 0xaa, 0xaa, 0xaa, 0x02, 0x02, 0x02, 0x76, 0x76, 0x76, 0xc4, 0x01, 0x01, 0xa9, 0x01, 0x01, 0x01, 0x01, 0x01, 0x01, 0x01, 0x01, 0x01, 0x01, 0x01, 0xc4, 0xc4, 0x76, 0x02, 0x02, 0x02, 0xaa, 0xaa, 0xaa, 0xaa, 0xaa, 0xaa, 0x03, 0x03, 0x04, 0xa0, 0xca, 0x05, 0x05, 0xac, 0xac, 0x06, 0x06, 0x06, 0xa1, 0x07, 0x07, 0x08, 0x08, 0x09, 0x09, 0x0a, 0x7d, 0x0b, 0x0b, 0xc5, 0xc5, 0x0c, 0x0c, 0x7f, 0x0d, 0x0d, 0xb0, 0xb0, 0x0e, 0x0f, 0x11, 0x12, 0x12, 0x13, 0x13, 0x77, 0xb3, 0xb3, 0x15, 0x15, 0x80, 0xb5, 0xb5, 0x17, 0x17, 0xc9, 0x18, 0x18, 0x19, 0x1a, 0x1a, 0x83, 0x1b, 0xb9, 0xb9, 0xcd, 0xcd, 0x1d, 0x1e, 0x1e, 0x1f, 0xce, 0x20, 0x21, 0x21, 0xcf, 0x67, 0x23, 0x24, 0x25, 0x86, 0x27, 0x28, 0x28, 0x69, 0x2a, 0x2b, 0x79, 0x2c, 0x88, 0x2d, 0x2e, 0x30, 0x30, 0x6a, 0x32, 0x33, 0x34, 0x34, 0x35, 0x36, 0x36, 0x37, 0x38, 0x39, 0x3b, 0x3a, 0x3c, 0x3c, 0x3d, 0x3e, 0x3e, 0x3f, 0x41, 0x41, 0x42, 0x43, 0x44, 0x45, 0x46, 0x92, 0x48, 0x49, 0x49, 0x4a, 0x71, 0x4b, 0x7a, 0x4c, 0x4c, 0x4e, 0x4e, 0x7b, 0x4f, 0x50, 0x51, 0x7c, 0x52, 0x52, 0x53, 0x54, 0x55, 0x56, 0x73, 0x73, 0x57, 0x58, 0x59, 0x59, 0xd9, 0x5b, 0x5c, 0x5c, 0x5d, 0x5d, 0x5e, 0x5f, 0x5f, 0x60, 0x61, 0x61, 0x75, 0x62, 0x62, 0x63, 0x63, 0x63, 
  0x63, 0x63, 0x62, 0x63, 0x62, 0x62, 0x75, 0x61, 0x61, 0x60, 0x60, 0x9d, 0x5e, 0x5d, 0x5c, 0x5c, 0x5b, 0xd9, 0x59, 0x59, 0x58, 0x58, 0x73, 0x73, 0x56, 0x56, 0x54, 0x54, 0x72, 0x52, 0x7c, 0x7c, 0x51, 0x4f, 0x4f, 0x7b, 0x7b, 0x4d, 0x4c, 0x7a, 0x7a, 0x4b, 0x71, 0x49, 0x4a, 0x48, 0x47, 0x92, 0x46, 0x45, 0x44, 0x43, 0x42, 0x42, 0x41, 0x40, 0x6e, 0x6e, 0x3d, 0x3c, 0x6d, 0x3b, 0x3b, 0x39, 0x38, 0x37, 0x37, 0x36, 0x35, 0x34, 0x34, 0x33, 0x31, 0x8a, 0x30, 0x2f, 0x2e, 0x2d, 0x2c, 0x79, 0x2b, 0x2a, 0x29, 0x29, 0x28, 0x27, 0xbc, 0x25, 0x24, 0x24, 0x23, 0x22, 0x21, 0x21, 0x20, 0xce, 0x84, 0x1e, 0x1e, 0x1d, 0xa4, 0xcd, 0xb9, 0xb9, 0x1b, 0xcc, 0x1a, 0x1a, 0x19, 0x18, 0x18, 0x17, 0x17, 0xb5, 0xb5, 0x80, 0xc8, 0x15, 0xb3, 0xb3, 0x14, 0xc7, 0x77, 0x12, 0x12, 0x11, 0x11, 0xb1, 0x0f, 0xb0, 0x0e, 0x0d, 0x0d, 0x7f, 0xc6, 0x0c, 0xc5, 0xc5, 0xc5, 0x0b, 0x7d, 0x0a, 0x09, 0x09, 0x08, 0x08, 0x08, 0x07, 0x07, 0x07, 0xac, 0x06, 0xac, 0xac, 0x05, 0x05, 0xa0, 0x04, 0x04, 0x03, 0x03, 0xaa, 0xaa, 0xaa, 0xaa, 0x02, 0x02, 0x02, 0x02, 0xc4, 0xa9, 0x01, 0x01, 0x01, 0x01, 0x00, 0x01, 0x00, 0x01, 0x00, 0x01, 0x00, 0x01, 0x00, 0x01, 0x01, 0x01, 0x01, 0xc4, 0x9f, 0x76, 0x76, 0x02, 0x02, 0x02, 0xaa, 0xaa, 0xaa, 0x03, 0xaa, 0x03, 0x03, 0x04, 0xa0, 0x05, 0x05, 0xac, 0xac, 0xac, 0x06, 0x06, 0x64, 0x64, 0x08, 0x07, 0x09, 0x08, 0x09, 0x0a, 0x7d, 0x0b, 0x0b, 0xc5, 0xc5, 0x0c, 0x0c, 0xc6, 0x0d, 0x0d, 0xb0, 0xb0, 0x0e, 0x0f, 0x10, 0x11, 0x12, 0x13, 0xc7, 0x14, 0x14, 0xb3, 0xb3, 0xc8, 0x78, 0x16, 0xb5, 0xb5, 0x17, 0x17, 0x18, 0x18, 0x19, 0x19, 0x1a, 0x83, 0x1b, 0xb9, 0xb9, 0x1c, 0xcd, 0x1d, 0x1e, 0x1e, 0x1f, 0xce, 0xce, 0x21, 0x21, 0x22, 0x23, 0x23, 0x24, 0x24, 0x26, 0x68, 0x28, 0x28, 0xbd, 0x69, 0x2a, 0x79, 0x79, 0x2c, 0x2d, 0x2e, 0x2e, 0x30, 0x6a, 0x32, 0x32, 0x34, 0xd1, 0x35, 0x35, 0x37, 0x37, 0x38, 0x39, 0x3a, 0x3b, 0x8e, 0x3c, 0x3d, 0x3d, 0x8f, 0x40, 0x40, 0x41, 0x42, 0x6f, 0x44, 0x45, 0x46, 0x70, 0x48, 0x48, 0x49, 0x93, 0xd3, 0x7a, 0x7a, 0x4c, 0x4c, 0x4d, 0x7b, 0x7b, 0x4f, 0x50, 0x51, 0x7c, 0x7c, 0x52, 0x53, 0x55, 0x54, 0x56, 0xc2, 0x73, 0x58, 0x57, 0x59, 0x5a, 0x5a, 0xd9, 0x5c, 0x5c, 0x5d, 0x5d, 0x5e, 0x9d, 0x60, 0x60, 0x60, 0x61, 0x75, 0x75, 0x63, 0x62, 0x63, 0x63, 
  0x63, 0x63, 0x63, 0x62, 0x62, 0x62, 0x75, 0x61, 0x61, 0x60, 0x5f, 0x5f, 0x5e, 0x5d, 0x5c, 0x5c, 0x5b, 0xa8, 0x5a, 0x59, 0x58, 0x57, 0x57, 0xc2, 0x56, 0x55, 0x54, 0x54, 0xc1, 0x52, 0x7c, 0x7c, 0x50, 0x4f, 0x4f, 0x4e, 0x4e, 0x4d, 0x4d, 0x7a, 0x7a, 0x71, 0x94, 0x4a, 0x49, 0x48, 0x47, 0x46, 0x46, 0x44, 0x45, 0x43, 0x42, 0x42, 0x40, 0x40, 0x3f, 0x3e, 0x3d, 0x3d, 0xd2, 0x3b, 0x3a, 0x39, 0x39, 0x37, 0x36, 0x36, 0x35, 0x34, 0x33, 0x33, 0xa6, 0x31, 0x2f, 0x2f, 0x2e, 0x89, 0x2c, 0x79, 0x79, 0x2a, 0x29, 0x29, 0x27, 0x27, 0x68, 0x25, 0x24, 0x24, 0xcf, 0x85, 0x21, 0x21, 0x20, 0x20, 0x1e, 0x1f, 0x1d, 0x1e, 0x1c, 0x1c, 0xb9, 0xb9, 0x1b, 0xcc, 0xb8, 0x1a, 0x18, 0x19, 0xc9, 0xc9, 0x17, 0xb5, 0x16, 0x16, 0xc8, 0x15, 0xb3, 0x14, 0x14, 0x77, 0x13, 0x12, 0x12, 0x11, 0x11, 0xa2, 0x0e, 0x0e, 0x0d, 0xb0, 0x0d, 0x7f, 0xc6, 0x0c, 0xc5, 0xc5, 0x0b, 0x0b, 0x7d, 0x0a, 0x09, 0x08, 0x08, 0x07, 0x07, 0x07, 0xa1, 0x06, 0x06, 0xac, 0xac, 0xac, 0x05, 0x05, 0xa0, 0xca, 0xab, 0x03, 0xaa, 0x03, 0xaa, 0xaa, 0x02, 0x02, 0x02, 0x76, 0x76, 0xa9, 0x01, 0x01, 0x01, 0x00, 0x01, 0x01, 0x00, 0x01, 0x00, 0x01, 0x00, 0x00, 0x01, 0x00, 0x01, 0x00, 0xc4, 0x01, 0x01, 0xc4, 0x76, 0x76, 0x02, 0x02, 0x02, 0x02, 0x02, 0xaa, 0xaa, 0xaa, 0x03, 0xaa, 0xa0, 0x03, 0xa0, 0x05, 0x05, 0xac, 0x06, 0xac, 0xcb, 0xad, 0xa1, 0x07, 0x08, 0x08, 0x08, 0x09, 0x09, 0x7d, 0x7d, 0x0b, 0xc5, 0xc5, 0x0c, 0x0c, 0xc6, 0x7f, 0x0d, 0x0d, 0x0e, 0xb0, 0x10, 0x10, 0x11, 0x12, 0x13, 0x13, 0xc7, 0x14, 0xb3, 0xb3, 0xc8, 0xc8, 0x16, 0x16, 0x17, 0xb5, 0x81, 0x81, 0x18, 0x19, 0x19, 0xb8, 0x1a, 0x1b, 0x1b, 0x1c, 0xb9, 0x65, 0x1d, 0x1e, 0x1e, 0x1f, 0x1f, 0x20, 0x21, 0x21, 0x22, 0xcf, 0x23, 0x24, 0x25, 0x25, 0x26, 0x27, 0x28, 0x29, 0x87, 0x2b, 0x79, 0x79, 0x88, 0x2d, 0x2e, 0x2f, 0x30, 0x6a, 0x32, 0x33, 0x33, 0x34, 0x6b, 0x36, 0x36, 0x37, 0x38, 0x39, 0x3a, 0x3b, 0xbf, 0x3c, 0x3d, 0x3d, 0x6e, 0x3f, 0x40, 0x41, 0x42, 0x90, 0x44, 0x45, 0x45, 0x70, 0x48, 0x48, 0x4a, 0x4a, 0x71, 0x4b, 0x7a, 0x4c, 0x4c, 0xd7, 0x4e, 0x7b, 0x4f, 0x4f, 0x51, 0x7c, 0x52, 0x52, 0x53, 0x53, 0x56, 0x55, 0xd4, 0x73, 0x57, 0x58, 0x59, 0x59, 0x5a, 0x5b, 0x5b, 0x5c, 0x5d, 0x5d, 0x5e, 0x5f, 0x5f, 0x60, 0x60, 0x61, 0x9e, 0x62, 0x62, 0x62, 0x63, 0x63, 
  0x63, 0x63, 0x62, 0x63, 0x62, 0x75, 0x9e, 0x61, 0x60, 0x60, 0x60, 0x5e, 0x9d, 0x5c, 0x5d, 0x5b, 0x5b, 0xd9, 0x59, 0x59, 0x58, 0x57, 0x73, 0x56, 0x56, 0x55, 0x54, 0x53, 0x52, 0x52, 0x7c, 0x51, 0x98, 0x4f, 0x7b, 0x7b, 0x4e, 0x4d, 0x4c, 0x7a, 0x4b, 0x4b, 0x4a, 0x4a, 0x49, 0x48, 0x47, 0x46, 0x46, 0x45, 0x44, 0x91, 0x42, 0x41, 0x41, 0x40, 0x6e, 0x3e, 0x3d, 0x3c, 0x8e, 0x3b, 0x3a, 0x3a, 0x6c, 0x6c, 0x36, 0x36, 0x8c, 0xd1, 0x33, 0x33, 0x31, 0x30, 0x30, 0x2f, 0x2e, 0x2c, 0x2c, 0x79, 0x2b, 0x69, 0x29, 0x28, 0x28, 0x26, 0x25, 0x24, 0x24, 0x23, 0xcf, 0x22, 0x21, 0x21, 0x20, 0x84, 0x84, 0x1e, 0x1e, 0x1d, 0xcd, 0x1c, 0xb9, 0x1b, 0x1b, 0x1a, 0x1a, 0x19, 0x19, 0x18, 0xc9, 0xc9, 0xb5, 0xb5, 0xb5, 0x78, 0x15, 0x15, 0xb3, 0xb3, 0x77, 0xc7, 0xc7, 0x12, 0x12, 0x11, 0x10, 0x0f, 0x0e, 0xb0, 0xb0, 0x0d, 0x0d, 0xc6, 0x0c, 0xc5, 0xc5, 0x0b, 0x0b, 0xd6, 0x0a, 0x09, 0x09, 0x08, 0x08, 0x08, 0x07, 0x07, 0xcb, 0x06, 0x06, 0xac, 0xac, 0x05, 0x05, 0xa0, 0x04, 0x04, 0xaa, 0x03, 0xaa, 0xaa, 0x02, 0xaa, 0x02, 0x02, 0x76, 0xc4, 0x76, 0x01, 0x01, 0x01, 0x00, 0x01, 0x00, 0x00, 0x00, 0x00, 0x00, 0x00, 0x00, 0x00, 0x00, 0x00, 0x01, 0x00, 0x01, 0x00, 0x01, 0x01, 0x01, 0xc4, 0xc4, 0x76, 0x9f, 0x02, 0x02, 0xaa, 0x02, 0x03, 0xaa, 0x03, 0x03, 0xab, 0xa0, 0x04, 0xac, 0x05, 0xac, 0xac, 0x06, 0x06, 0x07, 0x07, 0x07, 0x08, 0x08, 0x09, 0x09, 0x0a, 0xd6, 0x0b, 0x0b, 0xc5, 0xc5, 0x0c, 0xc6, 0x7f, 0x0d, 0x0d, 0xb0, 0xb0, 0x0e, 0x10, 0x11, 0x11, 0x12, 0x13, 0x77, 0x14, 0xb3, 0xb3, 0x15, 0xc8, 0x80, 0xb5, 0x16, 0x17, 0xc9, 0x81, 0x18, 0x19, 0x19, 0x1a, 0xb8, 0x83, 0xb9, 0x1b, 0x1c, 0x1c, 0x1d, 0x1d, 0x1e, 0x1e, 0x1f, 0x66, 0x20, 0x21, 0x21, 0x67, 0x23, 0x24, 0x24, 0x25, 0x26, 0x27, 0x28, 0x29, 0x69, 0x2a, 0x79, 0x79, 0x2c, 0x2d, 0x2e, 0x2f, 0x2f, 0x30, 0x31, 0x33, 0x33, 0x34, 0x6b, 0x35, 0x36, 0x37, 0x6c, 0x39, 0x3a, 0x3a, 0x6d, 0x6d, 0x3d, 0x3d, 0x3e, 0x40, 0x40, 0x41, 0x42, 0x6f, 0x44, 0x44, 0x46, 0x46, 0x47, 0x48, 0x49, 0x4a, 0x4a, 0x4b, 0x7a, 0x7a, 0x4c, 0x96, 0x7b, 0x7b, 0x4f, 0x50, 0x51, 0x51, 0x52, 0x52, 0x53, 0x55, 0x54, 0x56, 0x56, 0x73, 0x57, 0x57, 0x59, 0x59, 0xd9, 0x5b, 0x5c, 0x5c, 0x5d, 0x5d, 0x5e, 0x5f, 0x5f, 0x60, 0x61, 0x61, 0x75, 0x9e, 0x63, 0x62, 0x63, 0x63, 
  0x63, 0x63, 0x63, 0x62, 0x62, 0x62, 0x61, 0x61, 0x61, 0x60, 0x5f, 0x5f, 0x5e, 0x5d, 0x5c, 0x5b, 0x5b, 0xa8, 0x59, 0x59, 0x58, 0x57, 0x57, 0x73, 0x55, 0x56, 0x54, 0x54, 0x72, 0x52, 0x7c, 0x51, 0xd8, 0x4f, 0x7b, 0x7b, 0xd7, 0x96, 0x4c, 0x7a, 0x7a, 0x71, 0x93, 0x4a, 0x48, 0x49, 0xa7, 0x46, 0x45, 0x45, 0x44, 0x43, 0x42, 0x42, 0x40, 0x40, 0x6e, 0x3e, 0x3d, 0x3d, 0xd2, 0x3b, 0x3a, 0x39, 0x38, 0x37, 0x36, 0x36, 0x6b, 0x34, 0x33, 0x32, 0x31, 0x30, 0x2f, 0x2e, 0x2e, 0x2c, 0x2c, 0x2b, 0x79, 0x69, 0x29, 0x28, 0x27, 0x26, 0x68, 0x25, 0x24, 0x23, 0x67, 0x21, 0x22, 0x20, 0x20, 0x84, 0x1f, 0x1e, 0x1e, 0xa4, 0xcd, 0x1c, 0xb9, 0xb9, 0xcc, 0x1b, 0x1a, 0x19, 0x19, 0x18, 0x18, 0xc9, 0x17, 0xb5, 0x16, 0x78, 0x15, 0xb3, 0x14, 0x14, 0x77, 0xc7, 0x12, 0x13, 0x11, 0x11, 0x10, 0x0f, 0x0e, 0xb0, 0xb0, 0x0d, 0x0d, 0xc6, 0xc6, 0x0c, 0xc5, 0xc5, 0x0b, 0x0b, 0x0a, 0x0a, 0x09, 0x08, 0x08, 0x07, 0x08, 0xcb, 0xa1, 0x06, 0xac, 0x06, 0x05, 0xac, 0x05, 0xa0, 0xca, 0x03, 0x03, 0xaa, 0x03, 0xaa, 0x02, 0x02, 0x02, 0x76, 0x02, 0xc4, 0x01, 0x01, 0x01, 0x00, 0x01, 0x00, 0x00, 0x00, 0x00, 0x00, 0x00, 0x00, 0x00, 0x00, 0x00, 0x00, 0x00, 0x01, 0x00, 0x01, 0x01, 0x01, 0x01, 0xc4, 0x76, 0x02, 0xc4, 0x02, 0x02, 0x02, 0xaa, 0x02, 0x03, 0xaa, 0x03, 0x04, 0x04, 0xa0, 0x05, 0x05, 0xac, 0xac, 0x06, 0xcb, 0xcb, 0x07, 0x08, 0x08, 0x08, 0x08, 0x09, 0x0a, 0x0a, 0x0b, 0x0b, 0xc5, 0xc5, 0x0c, 0x0c, 0x7f, 0x0d, 0x0d, 0xb0, 0x0e, 0x0e, 0x0f, 0x11, 0x12, 0x12, 0xc7, 0xc7, 0x14, 0xb3, 0xb3, 0x15, 0xc8, 0x80, 0x16, 0xb5, 0xb5, 0x17, 0x81, 0x18, 0x18, 0x1a, 0x19, 0x83, 0xcc, 0x1b, 0xb9, 0x1c, 0x1c, 0x1d, 0x1e, 0x1e, 0x1f, 0x1f, 0x66, 0x21, 0x21, 0x22, 0xcf, 0x23, 0x24, 0x24, 0x68, 0x26, 0x27, 0x28, 0x28, 0x69, 0x2a, 0x2b, 0x2c, 0x2c, 0x2d, 0x2e, 0x2f, 0x30, 0x6a, 0x32, 0x33, 0x33, 0xd1, 0x6b, 0x36, 0x36, 0x37, 0xbe, 0x39, 0x3a, 0x3b, 0x3b, 0x3c, 0x3c, 0x3e, 0x3d, 0x40, 0x40, 0x41, 0x42, 0x42, 0x44, 0x45, 0x45, 0x46, 0x47, 0x48, 0x49, 0x4a, 0x4a, 0x4b, 0x7a, 0x7a, 0x4d, 0x4d, 0x4e, 0x7b, 0x4f, 0x4f, 0x51, 0x7c, 0x7c, 0x52, 0x53, 0x54, 0x55, 0x56, 0x56, 0x57, 0x57, 0x58, 0x59, 0x59, 0x5a, 0x5b, 0x5b, 0x5c, 0x5c, 0x5e, 0x5e, 0x5f, 0x5f, 0x60, 0x61, 0x61, 0x9e, 0x62, 0x62, 0x62, 0x63, 0x63, 
  0x63, 0x63, 0x62, 0x63, 0x62, 0x75, 0x9e, 0x61, 0x60, 0x60, 0x60, 0x5e, 0x5e, 0x5c, 0x5d, 0x5b, 0x5b, 0x5a, 0x59, 0x59, 0x58, 0x57, 0x57, 0x56, 0x56, 0x55, 0x54, 0x53, 0x72, 0x7c, 0x7c, 0x7c, 0x50, 0x4f, 0x4f, 0x4e, 0x4e, 0x4d, 0x4c, 0x4c, 0x4b, 0x4b, 0x4a, 0x4a, 0x49, 0x48, 0xa7, 0x46, 0x46, 0x45, 0x44, 0x43, 0x42, 0x41, 0x41, 0x3f, 0x3e, 0x3e, 0x3d, 0x3c, 0x8e, 0x3b, 0x3a, 0x3a, 0x37, 0x37, 0x36, 0x35, 0x8b, 0x8b, 0x33, 0x32, 0x31, 0x6a, 0x2f, 0x2f, 0x2e, 0x2c, 0x2c, 0x79, 0x2b, 0x69, 0x69, 0x28, 0x27, 0x26, 0x25, 0x24, 0x24, 0x23, 0xcf, 0x22, 0x21, 0x20, 0x20, 0x1f, 0x1f, 0x1e, 0x1d, 0x1d, 0x1c, 0x1c, 0xb9, 0x1b, 0x83, 0xcc, 0x1a, 0x1a, 0x18, 0x18, 0xc9, 0x17, 0xb5, 0xb5, 0x16, 0xc8, 0x15, 0xb3, 0xb3, 0xb3, 0x77, 0x13, 0x13, 0x12, 0x11, 0x11, 0x0f, 0x0e, 0x0e, 0xb0, 0xb0, 0x0d, 0x0d, 0xc6, 0x0c, 0xc5, 0x0b, 0xc5, 0x0b, 0x7d, 0x0a, 0x09, 0x09, 0x08, 0x08, 0x07, 0x07, 0x07, 0xad, 0x06, 0x06, 0xac, 0x05, 0x05, 0xa0, 0xca, 0x04, 0x03, 0xaa, 0x03, 0xaa, 0xaa, 0x02, 0x02, 0x02, 0x76, 0xc4, 0xc4, 0x01, 0x01, 0x00, 0x01, 0x00, 0x00, 0x00, 0x00, 0x00, 0x00, 0x00, 0x00, 0x00, 0x00, 0x00, 0x00, 0x00, 0x00, 0x00, 0x00, 0x01, 0x00, 0x01, 0x01, 0x01, 0xc4, 0x76, 0x76, 0x02, 0x02, 0x02, 0xaa, 0xaa, 0xaa, 0x03, 0x03, 0x04, 0xca, 0x05, 0x05, 0xac, 0xac, 0xac, 0x06, 0xcb, 0x64, 0x07, 0x08, 0x08, 0x08, 0x09, 0x09, 0x0a, 0x7d, 0x0b, 0xc5, 0xc5, 0x0c, 0x0c, 0xc6, 0x0d, 0x0d, 0xb0, 0xb0, 0x0e, 0x0f, 0x11, 0x12, 0x12, 0x13, 0xc7, 0x77, 0x14, 0xb3, 0x15, 0xc8, 0x16, 0x16, 0xb5, 0xb5, 0x17, 0xc9, 0x18, 0x18, 0x19, 0x1a, 0x1a, 0x1b, 0x1b, 0x1b, 0x1c, 0x1c, 0x65, 0x1d, 0x1e, 0x1e, 0x1f, 0xce, 0x20, 0x21, 0x22, 0x22, 0x23, 0x24, 0x24, 0x25, 0x68, 0x27, 0x28, 0x29, 0x69, 0x2a, 0x79, 0x2b, 0x2c, 0xd0, 0x2e, 0x2f, 0x2f, 0x6a, 0x31, 0x33, 0x33, 0x34, 0x8c, 0x6b, 0x36, 0x37, 0x6c, 0x38, 0x39, 0x3b, 0x3b, 0x6d, 0x3c, 0x3d, 0x8f, 0x6e, 0x40, 0x40, 0x42, 0x6f, 0x44, 0x44, 0x46, 0x46, 0x47, 0x48, 0x49, 0x4a, 0x94, 0x4b, 0x7a, 0x7a, 0x4c, 0x4d, 0x7b, 0x4e, 0x4f, 0x98, 0xd8, 0x7c, 0x7c, 0x52, 0x72, 0x55, 0x55, 0x56, 0x56, 0xd4, 0x57, 0x58, 0x58, 0x59, 0x5a, 0xd9, 0x5c, 0x5c, 0x5d, 0x5d, 0x9c, 0x74, 0x60, 0x5f, 0x61, 0x60, 0x75, 0x61, 0x63, 0x62, 0x63, 0x63, 
  0x63, 0x63, 0x63, 0x62, 0x62, 0x62, 0x61, 0x61, 0x60, 0x60, 0x5f, 0x9d, 0x5e, 0x5d, 0x5c, 0x5b, 0x5b, 0x5a, 0x5a, 0x58, 0x58, 0x57, 0x73, 0x56, 0x56, 0x55, 0x54, 0x54, 0x72, 0x52, 0x7c, 0xd8, 0x50, 0x4f, 0x7b, 0x7b, 0xd7, 0x4d, 0x4c, 0x7a, 0x4b, 0x71, 0x4a, 0x4a, 0x48, 0x48, 0x47, 0x46, 0x46, 0x44, 0x44, 0x6f, 0x42, 0x41, 0x40, 0x3f, 0x3e, 0x3d, 0x3d, 0x3c, 0x8e, 0x3b, 0x3a, 0x39, 0x6c, 0x37, 0x36, 0x35, 0x35, 0x33, 0x33, 0x32, 0x31, 0x30, 0x2f, 0x2f, 0x2d, 0x2c, 0x79, 0x79, 0x2b, 0x69, 0x29, 0x28, 0x27, 0x26, 0x25, 0x24, 0x24, 0x67, 0x85, 0x22, 0x21, 0x20, 0x20, 0x1f, 0x1e, 0x1e, 0x1d, 0x1d, 0x1c, 0xb9, 0xb9, 0x1b, 0x83, 0xcc, 0x19, 0x19, 0x18, 0x18, 0xc9, 0x17, 0xb5, 0xb5, 0x16, 0x78, 0x15, 0xb3, 0xb3, 0x77, 0xa3, 0x13, 0x13, 0x11, 0x12, 0x11, 0x0f, 0x0e, 0x0e, 0xb0, 0xb0, 0x0d, 0x7f, 0xc6, 0x0c, 0xc5, 0xc5, 0x0b, 0x0b, 0x0a, 0x0a, 0x09, 0x08, 0x09, 0x07, 0x08, 0xa1, 0x64, 0x06, 0x06, 0xac, 0xac, 0x05, 0x05, 0xa0, 0xca, 0x03, 0x03, 0xaa, 0xaa, 0xaa, 0x02, 0x02, 0x76, 0x76, 0x02, 0x01, 0x01, 0x01, 0x00, 0x01, 0x00, 0x00, 0x00, 0x00, 0x00, 0x00, 0x00, 0x00, 0x00, 0x00, 0x00, 0x00, 0x00, 0x00, 0x00, 0x00, 0x00, 0x00, 0x01, 0x00, 0x01, 0x01, 0x01, 0xa9, 0x76, 0x9f, 0x02, 0x02, 0xaa, 0xaa, 0xaa, 0x03, 0xaa, 0x04, 0xca, 0xa0, 0x05, 0x05, 0xac, 0x06, 0x06, 0xcb, 0x64, 0x07, 0x07, 0x08, 0x08, 0x09, 0x09, 0x7d, 0x7d, 0x0b, 0x0b, 0xc5, 0xc5, 0x0c, 0xc6, 0x0d, 0x0d, 0xb0, 0x0e, 0x0e, 0x0e, 0x10, 0x11, 0x12, 0x13, 0x13, 0x14, 0x14, 0xb3, 0x15, 0x15, 0x80, 0x16, 0xb5, 0xb5, 0xc9, 0xc9, 0x18, 0x18, 0x19, 0x1a, 0x1a, 0x83, 0x1b, 0xb9, 0x1c, 0x1c, 0xcd, 0x1d, 0x1e, 0x1e, 0x1f, 0xce, 0x20, 0x21, 0x21, 0x22, 0x23, 0x24, 0x24, 0x25, 0x86, 0x27, 0x28, 0x29, 0x29, 0x2a, 0x2b, 0x2c, 0x79, 0x2d, 0x2e, 0x2f, 0x30, 0x30, 0x31, 0x32, 0x33, 0xd1, 0xd1, 0x35, 0x36, 0x36, 0x6c, 0x39, 0x3a, 0x3a, 0x3b, 0x6d, 0x3d, 0x3d, 0x3e, 0x6e, 0x40, 0x41, 0x42, 0x42, 0x43, 0x45, 0x45, 0x46, 0x70, 0x48, 0x49, 0x4a, 0x4a, 0x71, 0x4b, 0x4c, 0x4c, 0xd7, 0x4e, 0x7b, 0x4f, 0x4f, 0x51, 0x7c, 0x7c, 0x72, 0xc1, 0x54, 0x55, 0x55, 0x56, 0x73, 0x57, 0x58, 0x58, 0x5a, 0x9b, 0xd9, 0x5b, 0x5c, 0x5d, 0x5d, 0x9c, 0x9d, 0x5f, 0x60, 0x60, 0x9e, 0x61, 0x62, 0x62, 0x62, 0x63, 0x63, 
  0x63, 0x63, 0x62, 0x63, 0x62, 0x75, 0x61, 0x61, 0x60, 0x60, 0x5f, 0x5e, 0x5e, 0x5c, 0x5d, 0x5b, 0x5b, 0xd9, 0x59, 0x58, 0x58, 0x57, 0x73, 0x56, 0x56, 0x55, 0x54, 0x53, 0x72, 0x7c, 0x7c, 0x51, 0x50, 0x4f, 0x4f, 0x4e, 0x4e, 0x96, 0x7a, 0x4c, 0x4b, 0x71, 0x4a, 0x49, 0x49, 0x48, 0x47, 0x46, 0x45, 0x45, 0x44, 0x43, 0x42, 0x42, 0x40, 0x40, 0x3e, 0x3e, 0x3d, 0x3c, 0xd2, 0x3b, 0x3a, 0x39, 0xbe, 0x37, 0x36, 0x35, 0xd1, 0x34, 0x33, 0x32, 0x31, 0x30, 0x30, 0x2e, 0x2d, 0x2c, 0x2c, 0x79, 0x2b, 0x29, 0x29, 0x28, 0x27, 0x68, 0x68, 0x24, 0x24, 0x23, 0x22, 0x21, 0x21, 0x21, 0x84, 0xce, 0x1e, 0x1e, 0x1d, 0x65, 0x1c, 0x1c, 0xb9, 0x1b, 0xcc, 0x1a, 0x1a, 0x19, 0x19, 0x81, 0xc9, 0x17, 0xb5, 0x16, 0x16, 0x78, 0xb3, 0x15, 0x14, 0x14, 0x77, 0x13, 0x13, 0x12, 0x11, 0x11, 0x0f, 0x0f, 0xb0, 0xb0, 0x0d, 0x0d, 0xc6, 0xc6, 0x0c, 0xc5, 0xc5, 0x0b, 0x0b, 0x0a, 0x09, 0x09, 0x08, 0x08, 0x08, 0x07, 0x07, 0xcb, 0x06, 0x06, 0xac, 0xac, 0x05, 0x05, 0x05, 0xab, 0xca, 0xaa, 0x03, 0xaa, 0xaa, 0x02, 0x02, 0x76, 0x76, 0x01, 0x01, 0x01, 0x00, 0x01, 0x00, 0x00, 0x00, 0x00, 0x00, 0x00, 0x00, 0x00, 0x00, 0x00, 0x00, 0x00, 0x00, 0x00, 0x00, 0x00, 0x00, 0x00, 0x00, 0x00, 0x01, 0x00, 0x01, 0x01, 0xa9, 0x76, 0x76, 0x02, 0x02, 0xaa, 0x02, 0x03, 0xaa, 0x03, 0x03, 0xca, 0xa0, 0x05, 0xac, 0xac, 0xac, 0x06, 0x06, 0xcb, 0x07, 0x07, 0x08, 0x08, 0x08, 0x09, 0x0a, 0x7d, 0x0b, 0xc5, 0xc5, 0xc5, 0x0c, 0xc6, 0x7f, 0x0d, 0xb0, 0xb0, 0x0e, 0x0f, 0x10, 0x12, 0x11, 0x13, 0xc7, 0x77, 0x14, 0xb3, 0xb3, 0xc8, 0x80, 0x16, 0xb5, 0xb5, 0x17, 0xc9, 0x18, 0x18, 0x19, 0x1a, 0xb8, 0xcc, 0xb9, 0xb9, 0xb9, 0x1c, 0x65, 0x1d, 0x1e, 0x1e, 0x1f, 0x20, 0x20, 0x21, 0x21, 0x22, 0x23, 0x23, 0x24, 0x24, 0x26, 0x26, 0x28, 0x28, 0x29, 0x2b, 0x2b, 0x79, 0x2c, 0x89, 0xd0, 0x2f, 0x2f, 0x30, 0x31, 0x32, 0x34, 0x33, 0x35, 0x35, 0x36, 0x37, 0x37, 0x38, 0x3a, 0x3a, 0x8e, 0x8e, 0x3d, 0x3c, 0x3e, 0x6e, 0x40, 0x40, 0x41, 0x6f, 0x43, 0x44, 0x45, 0x46, 0x70, 0x48, 0x49, 0x49, 0x4a, 0x4b, 0x4b, 0x7a, 0x4c, 0x4d, 0x4e, 0x7b, 0x7b, 0xd8, 0x98, 0x7c, 0x7c, 0x52, 0x53, 0x54, 0x55, 0x56, 0x56, 0x73, 0x57, 0x58, 0x58, 0x59, 0x5a, 0xa8, 0x5c, 0x5c, 0x5c, 0x5d, 0x5e, 0x5f, 0x5f, 0x60, 0x60, 0x61, 0x62, 0x61, 0x63, 0x62, 0x63, 0x63, 
  0x63, 0x63, 0x63, 0x62, 0x62, 0x75, 0x9e, 0x61, 0x60, 0x60, 0x5f, 0x9d, 0x5e, 0x5d, 0x5c, 0x5b, 0x5b, 0xd9, 0x59, 0x58, 0x58, 0x57, 0x73, 0xc2, 0x56, 0x55, 0x55, 0x53, 0x72, 0x52, 0x7c, 0x51, 0x50, 0x4f, 0x7b, 0x7b, 0xd7, 0x4d, 0x4c, 0x7a, 0x4b, 0x4b, 0x4a, 0x4a, 0x49, 0x48, 0x47, 0x46, 0x46, 0x45, 0x44, 0x6f, 0x42, 0x41, 0x41, 0x3f, 0x3e, 0x3d, 0x3c, 0x3c, 0x6d, 0x3b, 0x39, 0x39, 0x6c, 0x37, 0x36, 0x35, 0x35, 0x33, 0x33, 0x32, 0x31, 0x30, 0x2f, 0x2e, 0x2e, 0x2c, 0x79, 0x79, 0x2a, 0x69, 0x29, 0x27, 0x28, 0x68, 0xbc, 0x24, 0x24, 0xcf, 0x85, 0x21, 0x21, 0x20, 0xce, 0x1f, 0x1e, 0x1e, 0x1d, 0x1d, 0x1c, 0xb9, 0xb9, 0x1b, 0xcc, 0xb8, 0x19, 0x19, 0x18, 0x18, 0xc9, 0x17, 0xb5, 0xb5, 0x78, 0xc8, 0x15, 0xb3, 0x14, 0x14, 0x77, 0x13, 0x12, 0x12, 0x11, 0x11, 0x0e, 0x0e, 0xb0, 0xb0, 0x0d, 0x0d, 0x0d, 0xc6, 0xc5, 0xc5, 0xc5, 0x0b, 0x0b, 0x0a, 0x09, 0x09, 0x08, 0x08, 0x07, 0x08, 0xcb, 0xa1, 0x06, 0x06, 0xac, 0xac, 0x05, 0x05, 0xca, 0x04, 0x03, 0x03, 0xaa, 0xaa, 0xaa, 0x02, 0x02, 0xc4, 0x76, 0xa9, 0x01, 0x01, 0x00, 0x01, 0x00, 0x00, 0x00, 0x00, 0x00, 0x00, 0x00, 0x00, 0x00, 0x00, 0x00, 0x00, 0x00, 0x00, 0x00, 0x00, 0x00, 0x00, 0x00, 0x00, 0x00, 0x01, 0x00, 0xa9, 0x01, 0xc4, 0x76, 0x9f, 0x02, 0x02, 0xaa, 0xaa, 0xaa, 0x03, 0x03, 0x04, 0xca, 0x05, 0x05, 0xac, 0xac, 0x06, 0x06, 0xcb, 0x07, 0x07, 0x08, 0x08, 0x08, 0xae, 0xae, 0x0a, 0x0b, 0x0b, 0xc5, 0xc5, 0x0c, 0xc6, 0x7f, 0xb0, 0x0d, 0x0e, 0xb0, 0x0f, 0x10, 0x11, 0x12, 0x13, 0x13, 0x77, 0x14, 0xb3, 0xb3, 0x78, 0xc8, 0x16, 0xb5, 0xb5, 0x17, 0x17, 0x81, 0x19, 0x19, 0x1a, 0x1a, 0xcc, 0x1b, 0xb9, 0x1c, 0x1c, 0x65, 0x1d, 0x1e, 0x1e, 0xce, 0xce, 0x20, 0x21, 0x21, 0xcf, 0x23, 0x23, 0x24, 0x25, 0x68, 0x27, 0x28, 0x29, 0x29, 0x2a, 0x2b, 0x79, 0x2c, 0x2c, 0x2e, 0x2e, 0x30, 0x30, 0x6a, 0x32, 0x33, 0x34, 0xd1, 0x35, 0x36, 0x36, 0x8d, 0x38, 0x39, 0x3b, 0x3b, 0x3c, 0x3c, 0x3d, 0x3e, 0x6e, 0x40, 0x41, 0x42, 0x42, 0x6f, 0x45, 0x45, 0x46, 0x70, 0x48, 0x48, 0x4a, 0x4a, 0x71, 0x7a, 0x7a, 0x4c, 0x4c, 0x4e, 0x7b, 0x7b, 0x98, 0x98, 0x51, 0x52, 0x52, 0x72, 0x54, 0x55, 0x55, 0x56, 0x73, 0x57, 0x58, 0x58, 0x59, 0x5a, 0xd9, 0x5b, 0x5c, 0x5d, 0x5d, 0x5e, 0x74, 0x5f, 0x60, 0x60, 0x61, 0x61, 0x62, 0x62, 0x62, 0x63, 0x63, 
  0x63, 0x63, 0x63, 0x62, 0x62, 0x75, 0x61, 0x61, 0x60, 0x60, 0x5f, 0x9d, 0x5d, 0x5d, 0x5c, 0x5b, 0x5b, 0x5a, 0x59, 0x59, 0x58, 0x57, 0x73, 0x56, 0x56, 0x55, 0x54, 0x53, 0x72, 0x7c, 0x7c, 0x51, 0x50, 0x4f, 0x4f, 0x4e, 0x4e, 0x4c, 0x4c, 0x7a, 0x4b, 0x71, 0x4a, 0x49, 0x49, 0x48, 0x70, 0x46, 0x45, 0x45, 0x44, 0x6f, 0x42, 0x41, 0x40, 0x3f, 0x3e, 0x3e, 0x3d, 0x3c, 0x3b, 0x3b, 0x3a, 0x39, 0xbe, 0x37, 0x36, 0x35, 0xd1, 0x34, 0x33, 0x32, 0x6a, 0x30, 0x2f, 0x2f, 0xd0, 0x2c, 0x79, 0x2b, 0x2a, 0x29, 0x29, 0x28, 0x27, 0x68, 0x68, 0x24, 0x24, 0x23, 0x23, 0x21, 0x21, 0x20, 0xce, 0xce, 0x1e, 0x1e, 0x1d, 0x65, 0xb9, 0x1c, 0x1b, 0x1b, 0x1a, 0x1a, 0x1a, 0x19, 0x18, 0xc9, 0x17, 0x17, 0xb5, 0x16, 0x80, 0x78, 0xb3, 0x15, 0x14, 0x14, 0xc7, 0xc7, 0x12, 0x12, 0x11, 0x10, 0x0f, 0x0e, 0x0e, 0xb0, 0x0d, 0x0d, 0xc6, 0x0c, 0x0c, 0xc5, 0xc5, 0x0b, 0x7d, 0x7d, 0x09, 0x08, 0x08, 0x08, 0x08, 0x07, 0x64, 0x06, 0x06, 0x06, 0xac, 0x05, 0xac, 0xa0, 0x04, 0x03, 0x03, 0xaa, 0xaa, 0xaa, 0x02, 0x02, 0x02, 0x76, 0xc4, 0x01, 0x01, 0x00, 0x01, 0x00, 0x00, 0x00, 0x00, 0x00, 0x00, 0x00, 0x00, 0x00, 0x00, 0x00, 0x00, 0x00, 0x00, 0x00, 0x00, 0x00, 0x00, 0x00, 0x00, 0x00, 0x00, 0x01, 0x00, 0x01, 0x01, 0xc4, 0x76, 0x02, 0x9f, 0x02, 0x02, 0xaa, 0x03, 0xaa, 0x03, 0x03, 0xa0, 0xca, 0xac, 0x05, 0xac, 0x06, 0x06, 0xcb, 0x07, 0x07, 0x08, 0x08, 0x09, 0x09, 0xae, 0x7d, 0x0b, 0x0b, 0xc5, 0xc5, 0x0c, 0xc6, 0xc6, 0x0d, 0xb0, 0xb0, 0x0e, 0x0e, 0x10, 0x12, 0x12, 0x12, 0xc7, 0x77, 0x14, 0xb3, 0xb3, 0x15, 0x78, 0x16, 0xb5, 0xb5, 0x17, 0xc9, 0xc9, 0x19, 0x18, 0x1a, 0x1a, 0x1b, 0xcc, 0xb9, 0xb9, 0x1c, 0xcd, 0x65, 0x1e, 0x1e, 0x1f, 0x84, 0xce, 0x21, 0x21, 0x22, 0x23, 0x23, 0x24, 0x25, 0x68, 0x27, 0x27, 0x29, 0x29, 0x2a, 0x2b, 0x79, 0x2c, 0x2c, 0x2e, 0x2e, 0x2f, 0x30, 0x6a, 0x33, 0x32, 0x34, 0x8c, 0x6b, 0x36, 0x36, 0x8d, 0x39, 0x39, 0x3a, 0x3b, 0x6d, 0x3c, 0x3d, 0x3e, 0x8f, 0x3f, 0x40, 0x41, 0x42, 0x43, 0x44, 0x45, 0x46, 0x46, 0x48, 0x48, 0x49, 0x4a, 0x4b, 0x4b, 0x7a, 0x4c, 0x4d, 0x4e, 0x4e, 0x4f, 0x4f, 0x51, 0x51, 0x7c, 0x52, 0x72, 0x54, 0x54, 0x56, 0x56, 0x73, 0x73, 0x58, 0x58, 0x59, 0x5a, 0x5b, 0x5b, 0x5c, 0x5c, 0x5d, 0x5e, 0x9d, 0x5f, 0x60, 0x61, 0x61, 0x61, 0x62, 0x62, 0x63, 0x62, 0x63, 
  0x63, 0x63, 0x62, 0x63, 0x75, 0x62, 0x61, 0x61, 0x60, 0x60, 0x5f, 0x9d, 0x5e, 0x5c, 0x5d, 0x5b, 0x5b, 0x5a, 0x59, 0x59, 0x57, 0x57, 0x73, 0x56, 0x56, 0x54, 0x55, 0x53, 0x52, 0x52, 0x7c, 0xd8, 0x98, 0x4f, 0x7b, 0x4e, 0x4e, 0x4d, 0x4c, 0x4b, 0x7a, 0xd3, 0x93, 0x4a, 0x49, 0x48, 0x70, 0x46, 0x45, 0x45, 0x44, 0x6f, 0x42, 0x41, 0x41, 0x3f, 0x6e, 0x3e, 0x3c, 0x3c, 0x8e, 0x3b, 0x39, 0x3a, 0x37, 0x37, 0x36, 0x35, 0x35, 0x33, 0x34, 0x31, 0x31, 0x30, 0x2f, 0x2e, 0x2d, 0x2c, 0x79, 0x79, 0x2b, 0x69, 0x29, 0x27, 0x27, 0x68, 0xbc, 0x24, 0x24, 0xcf, 0x85, 0x21, 0x21, 0x20, 0x20, 0x1e, 0x1f, 0x1d, 0x1d, 0xcd, 0x1c, 0x1b, 0xb9, 0xcc, 0xcc, 0x1a, 0x19, 0x19, 0x18, 0x81, 0x17, 0x17, 0x16, 0xb5, 0x78, 0xc8, 0x15, 0x14, 0xb3, 0x77, 0x77, 0x13, 0x12, 0x12, 0x11, 0x11, 0x0e, 0x0e, 0xb0, 0xb0, 0x0d, 0x7f, 0xc6, 0x0c, 0x0c, 0xc5, 0xc5, 0x7d, 0xd6, 0x0a, 0x09, 0x08, 0x08, 0x08, 0x07, 0x07, 0xcb, 0xcb, 0x06, 0x06, 0xac, 0xac, 0x05, 0xca, 0xa0, 0x03, 0x03, 0x03, 0xaa, 0xaa, 0x02, 0x02, 0x76, 0x9f, 0x76, 0x01, 0x01, 0x01, 0x00, 0x00, 0x00, 0x00, 0x00, 0x00, 0x00, 0x00, 0x00, 0x00, 0x00, 0x00, 0x00, 0x00, 0x00, 0x00, 0x00, 0x00, 0x00, 0x00, 0x00, 0x00, 0x00, 0x00, 0x01, 0x00, 0x01, 0x01, 0x76, 0xc4, 0x02, 0x02, 0x02, 0xaa, 0xaa, 0x03, 0x03, 0x03, 0x04, 0xa0, 0x05, 0xac, 0xac, 0xac, 0x06, 0xcb, 0x07, 0x07, 0x08, 0x08, 0x08, 0x09, 0x09, 0x7d, 0x0b, 0x0b, 0xc5, 0xc5, 0x0c, 0x0c, 0x0d, 0x0d, 0xb0, 0xb0, 0x0e, 0x0e, 0x10, 0x11, 0x12, 0x13, 0x13, 0x77, 0x14, 0xb3, 0xb3, 0x15, 0xb4, 0x16, 0x16, 0xb5, 0x17, 0x17, 0x18, 0x18, 0x19, 0x1a, 0x1a, 0xcc, 0x1b, 0xb9, 0xb9, 0x1c, 0x1c, 0x1d, 0x1e, 0x1e, 0x1f, 0x1f, 0x20, 0x21, 0x21, 0x85, 0xcf, 0x23, 0x24, 0x25, 0xbc, 0x27, 0x28, 0x28, 0x29, 0x2a, 0x2b, 0x79, 0x2c, 0x2c, 0x2e, 0x2e, 0x30, 0x30, 0x6a, 0x32, 0x33, 0x34, 0x34, 0x35, 0x36, 0x36, 0x6c, 0x38, 0x39, 0x3b, 0x3a, 0x6d, 0x3c, 0x3d, 0x3e, 0x3e, 0x3f, 0x40, 0x42, 0x41, 0x6f, 0x44, 0x45, 0x46, 0x70, 0x47, 0x48, 0x4a, 0x49, 0x4b, 0x4b, 0x7a, 0x4c, 0x4c, 0x4e, 0x7b, 0x7b, 0x50, 0xd8, 0x7c, 0x7c, 0x52, 0x72, 0x54, 0x54, 0x55, 0x56, 0x56, 0x57, 0x58, 0x58, 0x59, 0x59, 0xa8, 0x5b, 0x5c, 0x5c, 0x5e, 0x5e, 0x9d, 0x60, 0x60, 0x60, 0x61, 0x61, 0x62, 0x62, 0x62, 0x63, 0x63, 
  0x63, 0x63, 0x63, 0x62, 0x62, 0x75, 0x61, 0x61, 0x60, 0x60, 0x5f, 0x5e, 0x5d, 0x5d, 0x5c, 0x5b, 0x5b, 0x5a, 0x59, 0x59, 0x58, 0x57, 0x73, 0x56, 0x56, 0x55, 0x54, 0x53, 0x72, 0x7c, 0x7c, 0x51, 0x50, 0x50, 0x7b, 0x7b, 0x4e, 0x4c, 0x4c, 0x7a, 0x4b, 0x71, 0x4a, 0x49, 0x49, 0x48, 0x47, 0x46, 0x46, 0x44, 0x44, 0x6f, 0x42, 0x41, 0x40, 0x3f, 0x3e, 0x3e, 0x3d, 0x3c, 0x3b, 0x3b, 0x3a, 0x38, 0x8d, 0x37, 0x36, 0x35, 0xd1, 0x34, 0x33, 0x32, 0x6a, 0x30, 0x2f, 0x2e, 0xd0, 0x2c, 0x79, 0x79, 0x2b, 0x29, 0x29, 0x28, 0x27, 0xbc, 0x25, 0x24, 0x23, 0x23, 0xcf, 0x21, 0x21, 0x20, 0xce, 0xce, 0x1e, 0x1e, 0x1d, 0x65, 0x1c, 0x1c, 0x1b, 0x1b, 0x1a, 0x1a, 0x19, 0x19, 0x18, 0xc9, 0x17, 0xb5, 0xb5, 0x16, 0x80, 0x15, 0xb3, 0xb3, 0x14, 0x14, 0x13, 0x13, 0x12, 0x12, 0x11, 0x10, 0x0f, 0xb0, 0x0e, 0xb0, 0x0d, 0x0d, 0xc6, 0x0c, 0xc5, 0xc5, 0x0b, 0x0b, 0x7d, 0xae, 0xae, 0x08, 0x08, 0x08, 0x07, 0x07, 0xcb, 0xcb, 0x06, 0xac, 0xac, 0xac, 0x05, 0x05, 0xca, 0x03, 0x03, 0xaa, 0xaa, 0xaa, 0x02, 0x02, 0x9f, 0xc4, 0xa9, 0x01, 0x01, 0x00, 0x00, 0x00, 0x00, 0x00, 0x00, 0x00, 0x00, 0x00, 0x00, 0x00, 0x00, 0x00, 0x00, 0x00, 0x00, 0x00, 0x00, 0x00, 0x00, 0x00, 0x00, 0x00, 0x00, 0x00, 0x00, 0x01, 0x01, 0x01, 0xc4, 0x76, 0x76, 0x02, 0x02, 0xaa, 0xaa, 0xaa, 0x03, 0x04, 0xca, 0xa0, 0x05, 0x05, 0xac, 0xac, 0x06, 0x06, 0x07, 0xcb, 0x08, 0x07, 0x09, 0x08, 0x09, 0x0a, 0x7d, 0x0b, 0xc5, 0xc5, 0xc5, 0xc6, 0x0d, 0x7f, 0xb0, 0xb0, 0x0e, 0x0f, 0x10, 0x12, 0x11, 0x13, 0xb2, 0x77, 0x14, 0xb3, 0xb3, 0x15, 0xb4, 0x16, 0x16, 0xb5, 0x17, 0x17, 0xc9, 0x19, 0x18, 0x1a, 0x1a, 0xb8, 0x1b, 0x1b, 0x1c, 0x1c, 0xcd, 0x65, 0x1e, 0x1e, 0x1f, 0xce, 0x20, 0x20, 0x21, 0x22, 0x23, 0x23, 0x24, 0x25, 0x68, 0x27, 0x28, 0x28, 0x69, 0x2a, 0x79, 0x2b, 0x2c, 0x2c, 0x2e, 0x2e, 0x2f, 0x30, 0x31, 0x32, 0x32, 0x34, 0x8c, 0x35, 0x36, 0x36, 0x37, 0x39, 0x39, 0x3a, 0x3b, 0x3b, 0x3d, 0x3c, 0x3e, 0x3e, 0x40, 0x40, 0x41, 0x42, 0x6f, 0x44, 0x44, 0x46, 0x46, 0x48, 0x48, 0x49, 0x4a, 0x94, 0x4b, 0x7a, 0x7a, 0x96, 0xd7, 0x7b, 0x7b, 0x4f, 0x98, 0x51, 0x52, 0x52, 0x72, 0x54, 0x55, 0x55, 0x56, 0x73, 0x73, 0x58, 0x58, 0x59, 0x5a, 0xd9, 0x5b, 0x5c, 0x5c, 0x5d, 0x5e, 0x9d, 0x5f, 0x60, 0x60, 0x61, 0x9e, 0x62, 0x62, 0x63, 0x62, 0x63, 
  0x63, 0x63, 0x62, 0x63, 0x75, 0x62, 0x61, 0x61, 0x60, 0x60, 0x5f, 0x5e, 0x5e, 0x5c, 0x5c, 0x5b, 0x5b, 0x5a, 0x59, 0x58, 0x58, 0x57, 0x73, 0x56, 0x56, 0x55, 0x54, 0x53, 0x52, 0x52, 0x7c, 0x51, 0x50, 0x4f, 0x7b, 0x4e, 0x4e, 0x95, 0x4c, 0x4b, 0x4b, 0x71, 0x4a, 0x4a, 0x49, 0x48, 0x70, 0x46, 0x45, 0x45, 0x43, 0x42, 0x42, 0x41, 0x40, 0x40, 0x3e, 0x3e, 0x3c, 0x3c, 0x8e, 0x3b, 0x39, 0x39, 0x8d, 0x36, 0x36, 0x35, 0x35, 0x33, 0x33, 0x32, 0x31, 0x30, 0x2f, 0x2e, 0x2d, 0x2c, 0x79, 0x79, 0x2a, 0x29, 0x28, 0x28, 0x26, 0x68, 0x25, 0x24, 0x23, 0x23, 0x22, 0x22, 0x21, 0x20, 0x20, 0x1e, 0x1f, 0x1d, 0x1d, 0xcd, 0x1c, 0x1b, 0xb9, 0xcc, 0xb7, 0x1a, 0x19, 0x19, 0x18, 0xc9, 0x17, 0xb5, 0xb5, 0x16, 0x80, 0x15, 0xb3, 0xb3, 0x14, 0x77, 0x77, 0x13, 0x12, 0x12, 0x11, 0x10, 0x0e, 0x0e, 0xb0, 0xb0, 0x0d, 0x7f, 0xc6, 0x0c, 0x0c, 0xc5, 0x0b, 0x0b, 0x7d, 0x0a, 0x09, 0x08, 0x08, 0x08, 0x07, 0x07, 0xcb, 0xa1, 0x06, 0xac, 0xac, 0x05, 0x05, 0xa0, 0x04, 0x03, 0x03, 0xaa, 0xaa, 0x02, 0x02, 0x02, 0x76, 0x76, 0xa9, 0x01, 0x00, 0x01, 0x00, 0x00, 0x00, 0x00, 0x00, 0x00, 0x00, 0x00, 0x00, 0x00, 0x00, 0x00, 0x00, 0x00, 0x00, 0x00, 0x00, 0x00, 0x00, 0x00, 0x00, 0x00, 0x00, 0x00, 0x01, 0x00, 0x01, 0x01, 0xc4, 0x76, 0x76, 0x02, 0x02, 0xaa, 0xaa, 0xaa, 0x03, 0x03, 0x04, 0xa0, 0x05, 0x05, 0xac, 0xac, 0x06, 0x06, 0x64, 0x07, 0x07, 0x08, 0x08, 0x09, 0x09, 0x7d, 0x7d, 0xc5, 0x0b, 0x0c, 0x0c, 0x0c, 0xc6, 0x0d, 0x0d, 0xb0, 0x0e, 0x0e, 0x0f, 0x11, 0x12, 0x12, 0x13, 0xc7, 0x14, 0xb3, 0xb3, 0x15, 0x78, 0x80, 0x16, 0xb5, 0x17, 0x17, 0x81, 0x18, 0x19, 0x19, 0x1a, 0xcc, 0x1b, 0xb9, 0xb9, 0x1c, 0xcd, 0x1d, 0x1e, 0x1e, 0x1f, 0x1f, 0x20, 0x21, 0x21, 0x22, 0x85, 0x24, 0x24, 0x25, 0x25, 0x26, 0x27, 0x29, 0x29, 0x2a, 0x2b, 0x79, 0x2c, 0x2c, 0x2e, 0x2e, 0x2f, 0x30, 0x6a, 0x32, 0x33, 0x34, 0x34, 0x35, 0x36, 0x36, 0x38, 0x6c, 0x3a, 0x3a, 0x3b, 0x6d, 0x3c, 0x3d, 0x3e, 0x3e, 0x3f, 0x40, 0x41, 0x42, 0x6f, 0x43, 0x45, 0x46, 0x70, 0x47, 0x48, 0x4a, 0x4a, 0x94, 0x4b, 0x7a, 0x4c, 0x4d, 0x4e, 0x7b, 0x4f, 0x4f, 0x98, 0x7c, 0x7c, 0x52, 0x72, 0x54, 0x54, 0x56, 0x56, 0x73, 0x57, 0x57, 0x58, 0x59, 0x59, 0xa8, 0x5b, 0x5c, 0x5c, 0x5e, 0x5e, 0x9d, 0x60, 0x60, 0x60, 0x61, 0x61, 0x75, 0x62, 0x62, 0x63, 0x63, 
  0x63, 0x63, 0x63, 0x62, 0x62, 0x75, 0x61, 0x61, 0x60, 0x5f, 0x5f, 0x5e, 0x9c, 0x5c, 0x5c, 0x5b, 0x5b, 0x5a, 0x5a, 0x58, 0x58, 0x57, 0x73, 0x56, 0x56, 0x55, 0x54, 0x53, 0x72, 0x7c, 0x7c, 0x51, 0x50, 0x50, 0x7b, 0x7b, 0x96, 0x4c, 0x4c, 0x7a, 0x4b, 0x94, 0x4a, 0x49, 0x49, 0x48, 0x70, 0x70, 0x45, 0x44, 0x44, 0x42, 0x42, 0x41, 0x40, 0x3f, 0x8f, 0x3d, 0x3d, 0x3c, 0x6d, 0x3a, 0x3a, 0x38, 0x37, 0x37, 0x36, 0x35, 0xd1, 0x34, 0x33, 0x32, 0x6a, 0x30, 0x2f, 0x2e, 0x89, 0x2c, 0x79, 0x2b, 0x2a, 0x69, 0x28, 0x28, 0x27, 0x86, 0x25, 0x24, 0x23, 0x23, 0xbb, 0x21, 0x21, 0x20, 0xa5, 0x1f, 0x1e, 0x1e, 0x1e, 0x1c, 0x1c, 0xb9, 0x1b, 0x83, 0x1a, 0x1a, 0x19, 0x18, 0x81, 0xb6, 0x17, 0xb5, 0xb5, 0x16, 0xc8, 0x80, 0xb3, 0xb3, 0xb3, 0x77, 0xc7, 0x13, 0x12, 0x12, 0x11, 0x0f, 0x0e, 0x0e, 0xb0, 0x0d, 0x0d, 0x7f, 0xc6, 0x0c, 0xc5, 0xc5, 0x0b, 0x0b, 0x7d, 0xae, 0xae, 0x08, 0x08, 0x08, 0x07, 0x07, 0xcb, 0x06, 0x06, 0xac, 0xac, 0xac, 0x05, 0xca, 0x04, 0x03, 0x03, 0xaa, 0xaa, 0xaa, 0x02, 0x02, 0x76, 0x76, 0xa9, 0x01, 0x01, 0x00, 0x00, 0x00, 0x00, 0x00, 0x00, 0x00, 0x00, 0x00, 0x00, 0x00, 0x00, 0x00, 0x00, 0x00, 0x00, 0x00, 0x00, 0x00, 0x00, 0x00, 0x00, 0x00, 0x00, 0x00, 0x00, 0x01, 0x01, 0x01, 0x01, 0x76, 0x76, 0xaa, 0x02, 0xaa, 0xaa, 0xaa, 0x03, 0x03, 0xa0, 0xca, 0x05, 0x05, 0xac, 0xac, 0x06, 0x06, 0xcb, 0x07, 0x07, 0x08, 0x08, 0x09, 0x09, 0x0a, 0x0b, 0xd6, 0xc5, 0xc5, 0xc5, 0xc6, 0xc6, 0x0d, 0xb0, 0x0d, 0x0e, 0x0e, 0x0f, 0x11, 0x12, 0x12, 0x13, 0x77, 0x14, 0x14, 0xb3, 0x15, 0xc8, 0x16, 0x16, 0xb5, 0xb5, 0xc9, 0x81, 0x18, 0x19, 0x19, 0x1a, 0xb8, 0x1b, 0x1b, 0xb9, 0x1c, 0xcd, 0xcd, 0x1e, 0x1e, 0x1f, 0x84, 0xce, 0x21, 0x21, 0x22, 0xcf, 0x23, 0x24, 0x25, 0xbc, 0x27, 0x27, 0x28, 0x29, 0x2a, 0x2b, 0x79, 0x79, 0x2c, 0x2d, 0x2e, 0x2f, 0x30, 0xa6, 0x32, 0x33, 0x33, 0x35, 0x8c, 0x36, 0x36, 0x37, 0x38, 0x39, 0x3a, 0x3b, 0x8e, 0x3c, 0x3c, 0x3e, 0x3e, 0x3f, 0x41, 0x40, 0x42, 0x90, 0x44, 0x44, 0x46, 0x46, 0x48, 0x48, 0x49, 0x4a, 0x94, 0x4b, 0x4b, 0x4c, 0x4d, 0x4e, 0x4e, 0x4f, 0x4f, 0xd8, 0x51, 0x7c, 0x52, 0x72, 0x54, 0x55, 0x55, 0x56, 0x73, 0x73, 0x58, 0x58, 0x59, 0x5a, 0xa8, 0x5b, 0x5c, 0x5c, 0x5d, 0x5e, 0x5f, 0x5f, 0x60, 0x60, 0x61, 0x9e, 0x62, 0x62, 0x63, 0x62, 0x63, 
  0x63, 0x63, 0x62, 0x62, 0x62, 0x75, 0x61, 0x61, 0x60, 0x60, 0x5f, 0x5e, 0x5d, 0x5d, 0x5c, 0x5c, 0xd9, 0x5a, 0x59, 0x58, 0x58, 0x57, 0x73, 0x56, 0x56, 0x54, 0x55, 0x72, 0x99, 0x7c, 0x7c, 0x51, 0x50, 0x4f, 0x7b, 0x4e, 0x4e, 0x4d, 0x7a, 0x7a, 0x4b, 0x71, 0x4a, 0x4a, 0x48, 0x49, 0x46, 0x46, 0x45, 0x45, 0x44, 0x6f, 0x42, 0x41, 0x40, 0x3f, 0x6e, 0x3d, 0x3d, 0x3c, 0x8e, 0x3b, 0x3a, 0x38, 0x8d, 0x37, 0x36, 0x35, 0x35, 0x33, 0x33, 0x32, 0x6a, 0x30, 0x2e, 0x2f, 0x2c, 0x2c, 0x79, 0x2b, 0x2a, 0x29, 0x28, 0x28, 0x26, 0x68, 0x25, 0x24, 0x23, 0x23, 0x22, 0x21, 0x21, 0x20, 0x66, 0x1f, 0x1e, 0x1e, 0xcd, 0xcd, 0x1c, 0x1b, 0x1b, 0x1b, 0xb7, 0x1a, 0x18, 0x19, 0x81, 0xb6, 0x17, 0xb5, 0x16, 0x16, 0x80, 0xb4, 0x15, 0xb3, 0x14, 0x14, 0xb2, 0x13, 0x12, 0x12, 0x10, 0x10, 0x0e, 0x0e, 0xb0, 0xb0, 0x0d, 0x7f, 0xc6, 0x0c, 0xc5, 0xc5, 0x0b, 0x0b, 0x7d, 0xae, 0x09, 0x08, 0x08, 0x08, 0x07, 0x08, 0x06, 0x06, 0x06, 0xac, 0xac, 0x05, 0x05, 0x05, 0x04, 0x03, 0x03, 0xaa, 0xaa, 0x02, 0x02, 0x02, 0xa9, 0x76, 0x01, 0x01, 0x00, 0x01, 0x00, 0x00, 0x00, 0x00, 0x00, 0x00, 0x00, 0x00, 0x00, 0x00, 0x00, 0x00, 0x00, 0x00, 0x00, 0x00, 0x00, 0x00, 0x00, 0x00, 0x00, 0x00, 0x00, 0x00, 0x01, 0x00, 0x01, 0x01, 0x01, 0x76, 0x76, 0x02, 0x02, 0xaa, 0xaa, 0x03, 0xaa, 0xca, 0x04, 0xa0, 0x05, 0xac, 0x05, 0x06, 0xac, 0x06, 0xcb, 0x07, 0x07, 0x08, 0x08, 0x09, 0x0a, 0x0a, 0x0b, 0x0b, 0xc5, 0xc5, 0x0c, 0xc6, 0xc6, 0x0d, 0x0d, 0xb0, 0x0e, 0x0e, 0x10, 0x11, 0x12, 0x12, 0x77, 0xc7, 0x14, 0x14, 0x15, 0xb3, 0x80, 0x78, 0xb5, 0xb5, 0xb5, 0x17, 0xc9, 0x18, 0x19, 0x1a, 0x1a, 0xcc, 0x1b, 0x1b, 0xb9, 0x1c, 0x1c, 0x1d, 0x1d, 0x1e, 0x1e, 0xa5, 0x20, 0x21, 0x21, 0xbb, 0x85, 0x24, 0x24, 0x24, 0x86, 0x26, 0x27, 0x29, 0x29, 0x69, 0x2b, 0x79, 0x2c, 0x2c, 0x2d, 0x2e, 0x2f, 0x30, 0x30, 0x32, 0x33, 0x34, 0x34, 0x35, 0x36, 0x36, 0x6c, 0x38, 0x3a, 0x3a, 0x3b, 0x3b, 0x3c, 0x3d, 0x3e, 0x3e, 0x3f, 0x40, 0x41, 0x42, 0x6f, 0x44, 0x45, 0x45, 0x46, 0x47, 0x48, 0x49, 0x93, 0x94, 0x4b, 0x7a, 0x4c, 0x4c, 0x4e, 0x7b, 0x7b, 0x50, 0x98, 0x7c, 0x7c, 0x52, 0x72, 0x54, 0x54, 0x56, 0x55, 0x73, 0x57, 0x58, 0x58, 0x59, 0x59, 0xd9, 0x5b, 0x5c, 0x5c, 0x5e, 0x5e, 0x5f, 0x5f, 0x60, 0x60, 0x61, 0x61, 0x75, 0x62, 0x62, 0x63, 0x63, 
  0x63, 0x63, 0x63, 0x62, 0x62, 0x75, 0x61, 0x61, 0x60, 0x60, 0x5f, 0x5e, 0x5d, 0x5d, 0x5c, 0x5b, 0x5b, 0x5a, 0x5a, 0x58, 0x58, 0x57, 0x73, 0x56, 0x56, 0x55, 0x54, 0x53, 0x72, 0x7c, 0x7c, 0x51, 0x4f, 0x4f, 0x7b, 0x7b, 0x96, 0x95, 0x4c, 0x7a, 0x4b, 0x94, 0x4a, 0x49, 0x49, 0x48, 0x70, 0x46, 0x46, 0x44, 0x44, 0x90, 0x42, 0x41, 0x40, 0x3f, 0x6e, 0x3d, 0x3d, 0x3c, 0x6d, 0x3a, 0x3a, 0x38, 0x6c, 0x36, 0x36, 0x35, 0xd1, 0x34, 0x33, 0x32, 0x8a, 0x30, 0x2f, 0x2e, 0x89, 0x2c, 0x79, 0x2b, 0x69, 0x69, 0x28, 0x28, 0x26, 0xbc, 0x25, 0x24, 0x23, 0x23, 0xcf, 0x21, 0x21, 0x20, 0x1f, 0xce, 0x1e, 0x1e, 0x1d, 0x1c, 0x1c, 0xb9, 0x1b, 0x83, 0x1a, 0x1a, 0x19, 0x18, 0x18, 0xb6, 0x17, 0xb5, 0x16, 0x16, 0xc8, 0x15, 0xb3, 0xb3, 0xb3, 0x77, 0x13, 0x13, 0x12, 0x11, 0x11, 0x10, 0x0e, 0x0e, 0xb0, 0x0d, 0x0d, 0x7f, 0x7e, 0x0c, 0xc5, 0xc5, 0x0b, 0x0b, 0x7d, 0x7d, 0x08, 0x09, 0x07, 0x08, 0x07, 0x07, 0xcb, 0x06, 0x06, 0xac, 0xac, 0x05, 0x05, 0xa0, 0x04, 0x03, 0x03, 0xaa, 0xaa, 0xaa, 0x02, 0x9f, 0x76, 0xa9, 0x01, 0x01, 0x01, 0x00, 0x00, 0x00, 0x00, 0x00, 0x00, 0x00, 0x00, 0x00, 0x00, 0x00, 0x00, 0x00, 0x00, 0x00, 0x00, 0x00, 0x00, 0x00, 0x00, 0x00, 0x00, 0x00, 0x00, 0x00, 0x00, 0x01, 0x01, 0x01, 0xc4, 0x76, 0x76, 0x02, 0x02, 0x02, 0xaa, 0xaa, 0x03, 0x03, 0xca, 0xa0, 0x05, 0x05, 0xac, 0xac, 0x06, 0xad, 0x06, 0x08, 0x07, 0x08, 0x08, 0x09, 0x0a, 0x0a, 0x0b, 0x0b, 0xc5, 0xc5, 0xc5, 0xc6, 0xc6, 0x0d, 0xb0, 0x0d, 0x0e, 0x0e, 0xa2, 0x10, 0x12, 0x12, 0x13, 0x77, 0x14, 0xb3, 0xb3, 0x15, 0xc8, 0x16, 0x16, 0xb5, 0x17, 0x17, 0x18, 0x18, 0x19, 0x19, 0x1a, 0x83, 0xcc, 0xb9, 0xb9, 0x1c, 0xba, 0x1d, 0x1e, 0x1e, 0x1e, 0x84, 0x20, 0x20, 0x21, 0x22, 0xcf, 0x23, 0x24, 0x25, 0x25, 0x27, 0x27, 0x28, 0x29, 0x69, 0x2b, 0x2b, 0x2c, 0x2c, 0x2d, 0x2e, 0x2f, 0x30, 0x8a, 0x33, 0x32, 0x34, 0x8b, 0x35, 0x36, 0x36, 0xbe, 0x38, 0x39, 0x3a, 0x3b, 0x8e, 0x3c, 0x3d, 0x3d, 0x3e, 0x3f, 0x40, 0x41, 0x42, 0x6f, 0x44, 0x45, 0x45, 0x46, 0x47, 0x48, 0x49, 0x4a, 0x94, 0x7a, 0x4b, 0x4c, 0x4d, 0xd7, 0x7b, 0x7b, 0x4f, 0x98, 0x51, 0x7c, 0x52, 0x72, 0x54, 0x54, 0x55, 0x56, 0x9a, 0x73, 0x58, 0x58, 0x59, 0x5a, 0x5b, 0x5b, 0x5c, 0x5c, 0x5d, 0x5e, 0x9d, 0x5f, 0x60, 0x60, 0x61, 0x9e, 0x62, 0x75, 0x63, 0x62, 0x63, 
  0x63, 0x63, 0x62, 0x63, 0x75, 0x62, 0x61, 0x61, 0x60, 0x5f, 0x5f, 0x74, 0x5d, 0x5d, 0x5b, 0x5c, 0xa8, 0x5a, 0x59, 0x58, 0x58, 0x57, 0x73, 0x56, 0x56, 0x54, 0x54, 0x53, 0x52, 0x7c, 0x7c, 0x51, 0x98, 0x4f, 0x7b, 0x4e, 0xd7, 0x4d, 0x4c, 0x4b, 0x4b, 0x94, 0x4a, 0x49, 0x49, 0x48, 0x70, 0x46, 0x45, 0x44, 0x44, 0x42, 0x42, 0x41, 0x40, 0x3f, 0xc0, 0x3d, 0x3d, 0x3c, 0x8e, 0x3b, 0x3a, 0x39, 0x38, 0x37, 0x36, 0x35, 0x35, 0x33, 0x33, 0x32, 0x6a, 0x30, 0x2f, 0x2e, 0x89, 0x2c, 0x79, 0x2b, 0x2a, 0x29, 0x28, 0x28, 0x26, 0x86, 0x25, 0x24, 0x23, 0x23, 0x22, 0x21, 0x21, 0x20, 0xa5, 0x1f, 0x1e, 0x1e, 0xcd, 0x65, 0xb9, 0xb9, 0x1b, 0xb8, 0x1a, 0x1a, 0x18, 0x19, 0x81, 0xc9, 0x17, 0xb5, 0xb5, 0x16, 0x80, 0x15, 0xb3, 0xb3, 0x14, 0x77, 0xb2, 0x13, 0x12, 0x11, 0x11, 0x0f, 0x0e, 0xb0, 0xb0, 0xb0, 0x0d, 0x7f, 0xc6, 0x0c, 0xc5, 0xc5, 0x0b, 0x0b, 0x7d, 0x09, 0xae, 0x08, 0x08, 0x08, 0x07, 0x07, 0xcb, 0xad, 0xac, 0x06, 0x05, 0xac, 0x05, 0xca, 0xab, 0x03, 0xaa, 0xaa, 0xaa, 0xaa, 0x02, 0x02, 0x76, 0xa9, 0x01, 0x01, 0x00, 0x01, 0x00, 0x00, 0x00, 0x00, 0x00, 0x00, 0x00, 0x00, 0x00, 0x00, 0x00, 0x00, 0x00, 0x00, 0x00, 0x00, 0x00, 0x00, 0x00, 0x00, 0x00, 0x00, 0x00, 0x00, 0x01, 0x00, 0x01, 0x01, 0x01, 0x76, 0x9f, 0x02, 0x02, 0xaa, 0xaa, 0x03, 0xaa, 0x04, 0xab, 0xa0, 0x05, 0xac, 0xac, 0xac, 0x06, 0x06, 0xa1, 0x07, 0x08, 0x08, 0x08, 0x09, 0x09, 0x7d, 0x7d, 0x0b, 0x0b, 0xc5, 0x0c, 0x0c, 0xc6, 0x0d, 0x0d, 0xb0, 0xb0, 0x0e, 0x0f, 0x11, 0x12, 0x12, 0x77, 0x77, 0x14, 0xb3, 0xb3, 0x15, 0x80, 0x80, 0xb5, 0xb5, 0xb5, 0xc9, 0x17, 0x18, 0x18, 0x1a, 0x1a, 0x1a, 0x1b, 0x1b, 0xb9, 0xb9, 0xba, 0x1d, 0x1e, 0x1e, 0x1f, 0xce, 0x20, 0x21, 0x21, 0x22, 0x85, 0x24, 0x24, 0x24, 0xbc, 0x26, 0x27, 0x28, 0xbd, 0x69, 0x2b, 0x79, 0x79, 0x88, 0x2d, 0x2e, 0x2f, 0x30, 0xa6, 0x32, 0x33, 0x34, 0x34, 0x35, 0x36, 0x36, 0x38, 0x38, 0x39, 0x3b, 0x3a, 0x6d, 0x3c, 0x3d, 0x3e, 0x3e, 0x3f, 0x40, 0x41, 0x42, 0x42, 0x44, 0x45, 0x46, 0x70, 0x47, 0x49, 0x49, 0x93, 0x71, 0x4b, 0x7a, 0x4c, 0x4c, 0x4e, 0x7b, 0x7b, 0x50, 0xd8, 0x51, 0x52, 0x7c, 0x53, 0x54, 0x55, 0x55, 0x56, 0x56, 0x57, 0x57, 0x58, 0x59, 0x59, 0xa8, 0x5c, 0x5c, 0x5d, 0x5d, 0x5e, 0x5f, 0x5f, 0x60, 0x60, 0x61, 0x61, 0x75, 0x62, 0x62, 0x63, 0x63, 
  0x63, 0x63, 0x63, 0x62, 0x62, 0x75, 0x61, 0x61, 0x60, 0x60, 0x5f, 0x5e, 0x5d, 0x5d, 0x5c, 0x5b, 0x5b, 0x5a, 0x5a, 0x58, 0x58, 0x57, 0x73, 0x56, 0x56, 0x55, 0x54, 0x53, 0x99, 0x7c, 0x7c, 0x51, 0x50, 0x4f, 0x7b, 0x4e, 0x4e, 0x4c, 0x4c, 0x7a, 0x4b, 0xd3, 0x4a, 0x49, 0x49, 0x48, 0x92, 0x46, 0x45, 0x45, 0x43, 0x90, 0x42, 0x41, 0x40, 0x3f, 0x8f, 0x3d, 0x3d, 0x6d, 0x6d, 0x3a, 0x3a, 0x39, 0x37, 0x37, 0x36, 0x35, 0xd1, 0x34, 0x33, 0x32, 0x8a, 0x30, 0x2f, 0x2e, 0x2c, 0x2c, 0x79, 0x2b, 0x2a, 0x87, 0x28, 0x28, 0x26, 0x86, 0x24, 0x24, 0x23, 0x23, 0x85, 0x21, 0x21, 0x20, 0xce, 0x1f, 0x1e, 0x1e, 0x1d, 0xcd, 0x1c, 0xb9, 0x1b, 0x83, 0x1a, 0x19, 0x19, 0x18, 0x81, 0xb6, 0x17, 0xb5, 0x16, 0x16, 0xc8, 0x78, 0xb3, 0xb3, 0x14, 0x77, 0x77, 0x12, 0x13, 0x11, 0x11, 0x0f, 0x0e, 0x0e, 0xb0, 0x0d, 0x0d, 0x7f, 0x7e, 0x0c, 0xc5, 0xc5, 0x0b, 0x0b, 0x7d, 0x09, 0x09, 0x08, 0x08, 0x08, 0x07, 0x07, 0xad, 0x06, 0x06, 0xac, 0xac, 0x05, 0x05, 0xa0, 0xab, 0x03, 0x03, 0xaa, 0xaa, 0xaa, 0x02, 0x9f, 0x76, 0xa9, 0x01, 0x01, 0x01, 0x00, 0x00, 0x00, 0x00, 0x00, 0x00, 0x00, 0x00, 0x00, 0x00, 0x00, 0x00, 0x00, 0x00, 0x00, 0x00, 0x00, 0x00, 0x00, 0x00, 0x00, 0x00, 0x00, 0x00, 0x00, 0x00, 0x01, 0x01, 0x01, 0x76, 0x76, 0x02, 0x02, 0x02, 0xaa, 0xaa, 0xaa, 0x03, 0x03, 0x03, 0xa0, 0xa0, 0x05, 0xac, 0xac, 0xac, 0xad, 0xcb, 0x07, 0x07, 0x08, 0x08, 0x09, 0x09, 0x0a, 0xd6, 0x0b, 0xc5, 0xc5, 0xc5, 0x0c, 0x7f, 0x0d, 0x0d, 0xb0, 0xb0, 0x0e, 0x0f, 0x11, 0x12, 0x12, 0x13, 0x77, 0x14, 0xb3, 0xb3, 0x15, 0xc8, 0x16, 0x16, 0xb5, 0x17, 0x17, 0xc9, 0x18, 0x19, 0x19, 0x1a, 0xb8, 0x1b, 0x1b, 0xb9, 0x1c, 0xba, 0x1d, 0x1d, 0x1e, 0x1e, 0x84, 0x20, 0x20, 0x21, 0x22, 0xcf, 0x23, 0x24, 0x25, 0xbc, 0x26, 0x28, 0x28, 0x29, 0x2a, 0x2b, 0x79, 0x79, 0x88, 0x89, 0x2e, 0x2f, 0x30, 0x6a, 0x31, 0x33, 0x33, 0x8c, 0x35, 0x36, 0x36, 0x37, 0x39, 0x39, 0x3a, 0x3b, 0x8e, 0x3c, 0x3d, 0x3d, 0x3e, 0x3f, 0x40, 0x41, 0x41, 0x90, 0x44, 0x45, 0x45, 0x92, 0x70, 0x49, 0x49, 0x4a, 0x94, 0x4b, 0x7a, 0x4c, 0x4d, 0x4e, 0x4e, 0x4f, 0x4f, 0x51, 0x51, 0x7c, 0x52, 0x72, 0x54, 0x54, 0x55, 0x56, 0x9a, 0x57, 0x57, 0x58, 0x59, 0x5a, 0xa8, 0x5b, 0x5c, 0x5c, 0x5d, 0x5d, 0x5f, 0x5f, 0x60, 0x61, 0x61, 0x9e, 0x62, 0x62, 0x63, 0x62, 0x63, 
  0x63, 0x63, 0x62, 0x63, 0x75, 0x62, 0x61, 0x61, 0x60, 0x5f, 0x5f, 0x5e, 0x5d, 0x5c, 0x5c, 0x5b, 0x5b, 0x59, 0x59, 0x58, 0x58, 0x57, 0x73, 0x56, 0x56, 0x55, 0x54, 0x53, 0x52, 0x7c, 0x7c, 0x51, 0x50, 0x4f, 0x7b, 0x7b, 0x96, 0x4d, 0x7a, 0x7a, 0x4b, 0x71, 0x4a, 0x49, 0x49, 0x47, 0x70, 0x46, 0x45, 0x44, 0x43, 0x90, 0x41, 0x41, 0x40, 0x3f, 0x3e, 0x3d, 0x3d, 0x6d, 0x8e, 0x3b, 0x3a, 0x39, 0x6c, 0x37, 0x36, 0x35, 0x35, 0x33, 0x33, 0x32, 0x6a, 0x30, 0x2f, 0x2e, 0x89, 0x2c, 0x79, 0x2b, 0x2a, 0x29, 0x28, 0x28, 0x26, 0x68, 0x25, 0x24, 0x23, 0x23, 0x22, 0x21, 0x21, 0x20, 0x20, 0x1f, 0x1e, 0x1e, 0x65, 0xba, 0x1c, 0x1b, 0x1b, 0x83, 0x1a, 0x19, 0x19, 0x18, 0x18, 0xb6, 0x17, 0xb5, 0x16, 0x16, 0x78, 0x15, 0xb3, 0xb3, 0x14, 0x14, 0xb2, 0x13, 0x12, 0x11, 0x11, 0x0f, 0x0e, 0xb0, 0xb0, 0x0d, 0x0d, 0x7f, 0x7e, 0x0c, 0xc5, 0x0b, 0x0b, 0x0b, 0x7d, 0x0a, 0x09, 0x08, 0x08, 0x07, 0x08, 0xcb, 0x07, 0x06, 0x06, 0xac, 0xac, 0x05, 0x05, 0xa0, 0x03, 0xab, 0xaa, 0xaa, 0xaa, 0x02, 0x02, 0x9f, 0x02, 0xa9, 0xa9, 0x01, 0x00, 0x01, 0x00, 0x00, 0x00, 0x00, 0x00, 0x00, 0x00, 0x00, 0x00, 0x00, 0x00, 0x00, 0x00, 0x00, 0x00, 0x00, 0x00, 0x00, 0x00, 0x00, 0x00, 0x00, 0x00, 0x01, 0x00, 0x01, 0x01, 0xa9, 0xc4, 0x76, 0x02, 0x02, 0xaa, 0xaa, 0xaa, 0xaa, 0x03, 0x03, 0xa0, 0x04, 0x05, 0x05, 0xac, 0xac, 0x06, 0xad, 0xcb, 0x07, 0x07, 0x08, 0x08, 0x09, 0x09, 0x0a, 0x7d, 0x0b, 0xc5, 0xc5, 0x0c, 0x0c, 0x7f, 0x7f, 0xb0, 0xb0, 0x0e, 0xb1, 0xa2, 0x11, 0x12, 0x13, 0x13, 0x77, 0x14, 0xb3, 0xb3, 0x15, 0xb4, 0x16, 0x16, 0xb5, 0xb5, 0xc9, 0xc9, 0x18, 0x18, 0x1a, 0x19, 0x83, 0x83, 0xb9, 0xb9, 0x1c, 0x1c, 0x1d, 0x1e, 0x1e, 0x1f, 0xce, 0x20, 0x21, 0x21, 0xbb, 0x85, 0x24, 0x24, 0x25, 0x25, 0x26, 0x27, 0x28, 0x29, 0x69, 0x2b, 0x79, 0x79, 0x89, 0x2d, 0x2e, 0x2f, 0x30, 0x8a, 0x32, 0x33, 0x34, 0xd1, 0x35, 0x36, 0x37, 0x8d, 0x38, 0x39, 0x3b, 0x3a, 0x6d, 0x3c, 0x3d, 0x3d, 0x6e, 0x3f, 0x40, 0x41, 0x90, 0x91, 0x44, 0x45, 0x45, 0xa7, 0x47, 0x49, 0x49, 0x93, 0x71, 0x4b, 0x7a, 0x4c, 0x4d, 0x4e, 0x7b, 0x4f, 0x4f, 0x98, 0x7c, 0x7c, 0x52, 0x99, 0x54, 0x54, 0x56, 0x55, 0x73, 0x73, 0x58, 0x58, 0x59, 0x59, 0x5b, 0x5b, 0x5c, 0x5c, 0x5e, 0x5e, 0x5f, 0x5f, 0x60, 0x60, 0x61, 0x61, 0x62, 0x62, 0x62, 0x63, 0x63, 
  0x63, 0x63, 0x63, 0x62, 0x62, 0x9e, 0x75, 0x60, 0x61, 0x5f, 0x5f, 0x5e, 0x5e, 0x5c, 0x5c, 0x5b, 0x5b, 0x5a, 0x5a, 0x58, 0x58, 0x57, 0x73, 0x56, 0x56, 0x55, 0x55, 0x99, 0x72, 0x7c, 0x7c, 0x51, 0x98, 0x97, 0x7b, 0x4e, 0x4e, 0x95, 0x7a, 0x7a, 0x4b, 0xd3, 0x4a, 0x49, 0x49, 0x70, 0x47, 0x45, 0x46, 0x44, 0x43, 0x6f, 0x90, 0x41, 0x40, 0x3f, 0x8f, 0x3e, 0x3c, 0x3c, 0x3b, 0x3b, 0x3a, 0x39, 0x37, 0x37, 0x36, 0x35, 0xd1, 0x34, 0x33, 0x32, 0x8a, 0x30, 0x2f, 0x2e, 0x88, 0x88, 0x79, 0x2b, 0x2a, 0x87, 0x28, 0x28, 0x26, 0xbc, 0x25, 0x24, 0x23, 0x23, 0xcf, 0x21, 0x21, 0x21, 0x1f, 0x1f, 0x1e, 0x1e, 0x1d, 0x1c, 0x1c, 0xb9, 0xb9, 0x83, 0xb7, 0x1a, 0x19, 0x18, 0x18, 0xc9, 0x17, 0xb5, 0xb5, 0x16, 0xc8, 0x78, 0xb3, 0xb3, 0x14, 0x77, 0x13, 0x13, 0x12, 0x12, 0x10, 0x0f, 0x0e, 0x0e, 0xb0, 0xb0, 0x0d, 0x7f, 0x7f, 0xc5, 0x0c, 0xc5, 0x0b, 0x0b, 0x7d, 0xae, 0xae, 0x08, 0x08, 0x07, 0x07, 0x07, 0xad, 0x06, 0x06, 0xac, 0xac, 0x05, 0x05, 0xa0, 0x04, 0xab, 0xab, 0xaa, 0xaa, 0xaa, 0x02, 0x02, 0x9f, 0x76, 0xa9, 0x01, 0xa9, 0x00, 0x00, 0x00, 0x00, 0x00, 0x00, 0x00, 0x00, 0x00, 0x00, 0x00, 0x00, 0x00, 0x00, 0x00, 0x00, 0x00, 0x00, 0x00, 0x00, 0x00, 0x00, 0x00, 0x00, 0x00, 0x01, 0x01, 0x01, 0xc4, 0x9f, 0x76, 0x02, 0x02, 0xaa, 0x02, 0x03, 0xaa, 0x03, 0xab, 0x04, 0x05, 0xa0, 0xac, 0xac, 0xac, 0x06, 0xad, 0x07, 0x07, 0x08, 0x08, 0x08, 0x09, 0x09, 0x0a, 0x0b, 0x0b, 0xc5, 0xc5, 0xc5, 0x0c, 0xc6, 0x0d, 0x0d, 0xb0, 0x0e, 0xb1, 0x0f, 0x12, 0x11, 0x13, 0xb2, 0xa3, 0x14, 0xb3, 0xb3, 0x15, 0x80, 0x16, 0x16, 0xb5, 0xb5, 0x17, 0x81, 0x18, 0x19, 0x19, 0x1a, 0xb8, 0x1b, 0x1b, 0x1c, 0xb9, 0xcd, 0xa4, 0x1e, 0x1e, 0x1f, 0xa5, 0x20, 0x20, 0x21, 0x22, 0x23, 0x23, 0x24, 0x24, 0x25, 0x26, 0x28, 0x28, 0x29, 0x69, 0x2b, 0x79, 0x79, 0x88, 0x89, 0x2f, 0x2f, 0x30, 0xa6, 0x32, 0x33, 0x33, 0x35, 0x35, 0x36, 0x37, 0x37, 0x39, 0x39, 0x3a, 0x3b, 0x8e, 0x3c, 0x3d, 0x3d, 0x3e, 0x3f, 0x40, 0x41, 0x42, 0x91, 0x43, 0x45, 0x45, 0x92, 0x47, 0x49, 0x49, 0x4a, 0x71, 0x7a, 0x7a, 0x4c, 0x4d, 0x4e, 0x4e, 0x4f, 0x4f, 0xd8, 0x51, 0x7c, 0x52, 0x72, 0x53, 0x55, 0x55, 0x56, 0x73, 0x57, 0x58, 0x58, 0x59, 0x9b, 0x5b, 0x5b, 0x5c, 0x5c, 0x5d, 0x5d, 0x5f, 0x5f, 0x60, 0x60, 0x61, 0x61, 0x62, 0x62, 0x63, 0x62, 0x63, 
  0x63, 0x63, 0x62, 0x63, 0x62, 0x62, 0x61, 0x61, 0x60, 0x60, 0x5f, 0x5e, 0x5d, 0x5d, 0x5c, 0x5b, 0x5b, 0x5a, 0x59, 0x58, 0x58, 0x57, 0x73, 0x56, 0x56, 0x55, 0x54, 0x53, 0x52, 0x7c, 0x7c, 0x51, 0x98, 0x4f, 0x7b, 0x4e, 0x4e, 0x4c, 0x4c, 0x7a, 0x4b, 0x71, 0x4a, 0x49, 0x48, 0x48, 0x70, 0x46, 0x45, 0x44, 0x44, 0x90, 0x42, 0x41, 0x40, 0x3f, 0x8f, 0x3d, 0x3d, 0x6d, 0x8e, 0x3b, 0x3a, 0x39, 0x6c, 0x37, 0x36, 0x35, 0x35, 0x33, 0x33, 0x32, 0x6a, 0x30, 0x2f, 0x2e, 0x2d, 0x79, 0x79, 0x2b, 0x2a, 0x29, 0x28, 0x28, 0x26, 0x86, 0x25, 0x24, 0x23, 0x23, 0x22, 0x21, 0x21, 0x20, 0xce, 0x1f, 0x1e, 0x1e, 0xcd, 0xba, 0x1c, 0x1b, 0x1b, 0x83, 0xb7, 0x19, 0x19, 0x19, 0x81, 0xc9, 0x17, 0xb5, 0xb5, 0x80, 0x16, 0x15, 0x15, 0xb3, 0x14, 0x77, 0x77, 0x13, 0x12, 0x11, 0x11, 0x0f, 0x0e, 0xb0, 0xb0, 0x0d, 0x0d, 0x7f, 0xc6, 0x0c, 0xc5, 0xc5, 0x0b, 0x0b, 0x7d, 0x0a, 0x09, 0x08, 0x09, 0x08, 0x07, 0x07, 0xcb, 0x06, 0x06, 0xac, 0xac, 0x05, 0x05, 0xa0, 0x03, 0x03, 0xaa, 0xaa, 0xaa, 0xaa, 0x02, 0x02, 0x76, 0x76, 0xc4, 0x01, 0x01, 0x01, 0x00, 0x01, 0x00, 0x00, 0x00, 0x00, 0x00, 0x00, 0x00, 0x00, 0x00, 0x00, 0x00, 0x00, 0x00, 0x00, 0x00, 0x00, 0x00, 0x00, 0x00, 0x00, 0x00, 0xa9, 0x00, 0x01, 0x01, 0x76, 0x76, 0x9f, 0x02, 0x02, 0xaa, 0xaa, 0xaa, 0xaa, 0xab, 0x03, 0xa0, 0x05, 0x05, 0xac, 0xac, 0xac, 0x06, 0xad, 0xa1, 0x07, 0x08, 0x08, 0x08, 0xae, 0x09, 0x0a, 0x0b, 0x0b, 0xc5, 0xc5, 0x0c, 0x0c, 0x7f, 0x0d, 0x0d, 0xb0, 0xb0, 0xb1, 0x10, 0x11, 0x12, 0x12, 0xb2, 0x77, 0x14, 0xb3, 0xb3, 0xc8, 0xc8, 0x80, 0xb5, 0xb5, 0x17, 0xc9, 0x81, 0x18, 0x19, 0x19, 0xb7, 0x83, 0x1b, 0xb9, 0xb9, 0x1c, 0xa4, 0x1d, 0x1e, 0x1e, 0x1f, 0x84, 0x20, 0x21, 0x21, 0xbb, 0xbb, 0x24, 0x24, 0x25, 0xbc, 0x26, 0x27, 0x28, 0xbd, 0x69, 0x2b, 0x79, 0x2c, 0x88, 0x2d, 0x2e, 0x2f, 0x8a, 0x8a, 0x32, 0x33, 0x34, 0x8c, 0x35, 0x36, 0x37, 0xbe, 0x39, 0x39, 0x3b, 0x3b, 0xbf, 0x3c, 0x3d, 0x3d, 0x6e, 0x8f, 0x40, 0x41, 0x90, 0x90, 0x44, 0x45, 0x46, 0x92, 0x47, 0x49, 0x4a, 0x4a, 0x71, 0x4b, 0x7a, 0x4c, 0xd7, 0x4e, 0x7b, 0x4f, 0x4f, 0x51, 0x7c, 0x7c, 0x52, 0x99, 0x53, 0x55, 0x55, 0x56, 0x56, 0x57, 0x57, 0x58, 0x59, 0x5a, 0xa8, 0x5c, 0x5c, 0x5c, 0x5e, 0x5e, 0x9d, 0x60, 0x60, 0x61, 0x61, 0x61, 0x62, 0x62, 0x62, 0x63, 0x63, 
  0x63, 0x63, 0x63, 0x62, 0x62, 0x75, 0x61, 0x61, 0x60, 0x5f, 0x5f, 0x9d, 0x5e, 0x5c, 0x5d, 0x5b, 0x5b, 0x5a, 0x9b, 0x58, 0x58, 0x57, 0x73, 0x56, 0x56, 0x55, 0x54, 0x53, 0x72, 0x7c, 0x7c, 0x51, 0x50, 0x4f, 0x7b, 0x7b, 0x96, 0x4c, 0x4c, 0x7a, 0x4b, 0x94, 0x4a, 0x49, 0x49, 0x48, 0x92, 0x46, 0x45, 0x45, 0x43, 0x90, 0x42, 0x41, 0x40, 0x3f, 0x3f, 0x3d, 0x3d, 0x3c, 0x3b, 0x3b, 0x3a, 0x39, 0xbe, 0x37, 0x36, 0x36, 0xd1, 0x34, 0x33, 0x32, 0x8a, 0x30, 0x2f, 0x2e, 0x2d, 0x89, 0x79, 0x2b, 0x87, 0x87, 0x28, 0x27, 0x27, 0x25, 0x25, 0x24, 0x24, 0x85, 0xcf, 0x21, 0x21, 0x21, 0x84, 0x1f, 0x1e, 0x1e, 0x1d, 0x1c, 0x1c, 0xb9, 0x1b, 0x83, 0xb7, 0x1a, 0x19, 0x18, 0x18, 0xb6, 0x17, 0xb5, 0xb5, 0x16, 0xb4, 0xc8, 0xb3, 0xb3, 0x14, 0x14, 0x13, 0x13, 0x12, 0x12, 0x10, 0xa2, 0x0e, 0x0e, 0xb0, 0xb0, 0x0d, 0x7f, 0x7e, 0x7e, 0xc5, 0xc5, 0x0b, 0x0b, 0x7d, 0x0a, 0x09, 0x09, 0x08, 0x08, 0x08, 0x07, 0x64, 0x06, 0x06, 0xac, 0xac, 0x05, 0xa0, 0x05, 0xab, 0xab, 0xab, 0xaa, 0xaa, 0xaa, 0x02, 0x02, 0x9f, 0x76, 0x76, 0x01, 0xc4, 0x00, 0x01, 0x00, 0x00, 0x00, 0x00, 0x00, 0x00, 0x00, 0x00, 0x00, 0x00, 0x00, 0x00, 0x00, 0x00, 0x00, 0x00, 0x00, 0x00, 0x00, 0x00, 0x00, 0x01, 0x00, 0x01, 0x01, 0xc4, 0xc4, 0x02, 0x9f, 0x02, 0x02, 0xaa, 0xaa, 0xaa, 0x03, 0x03, 0xab, 0xab, 0x05, 0xa0, 0xac, 0xac, 0xac, 0x06, 0xcb, 0x07, 0x07, 0x08, 0x08, 0x08, 0x09, 0x0a, 0x7d, 0x0b, 0xc5, 0xc5, 0xc5, 0x0c, 0x0c, 0x7f, 0x0d, 0x0d, 0xb0, 0x0e, 0xb1, 0xa2, 0x12, 0x12, 0x13, 0xb2, 0x14, 0x14, 0x15, 0xb3, 0x15, 0x80, 0x16, 0x16, 0xb5, 0x17, 0x17, 0x18, 0x18, 0x19, 0x19, 0x1a, 0x83, 0x83, 0xb9, 0xb9, 0x1c, 0xcd, 0x1d, 0x1e, 0x1e, 0x1e, 0x66, 0xa5, 0x21, 0x21, 0x22, 0x23, 0x23, 0x24, 0x25, 0x68, 0x26, 0x28, 0x28, 0x29, 0x2a, 0x2b, 0x2b, 0x2c, 0x88, 0x2d, 0x2f, 0x2f, 0x30, 0xa6, 0x33, 0x33, 0x34, 0x6b, 0x35, 0x36, 0x37, 0x6c, 0x39, 0x39, 0x3a, 0x3b, 0x6d, 0x3c, 0x3d, 0x3d, 0x3e, 0x3f, 0x41, 0x41, 0x42, 0x91, 0x44, 0x45, 0x45, 0x92, 0xa7, 0x49, 0x49, 0x4a, 0x4b, 0x4b, 0x4c, 0x4c, 0x96, 0x4e, 0x7b, 0x4f, 0x50, 0x51, 0x51, 0x52, 0x7c, 0x53, 0x53, 0x55, 0x55, 0x56, 0x9a, 0x57, 0x58, 0x58, 0x59, 0x5a, 0xd9, 0x5b, 0x5c, 0x5c, 0x5d, 0x5e, 0x5f, 0x5f, 0x60, 0x60, 0x61, 0x9e, 0x75, 0x62, 0x63, 0x62, 0x63, 
  0x63, 0x63, 0x63, 0x62, 0x62, 0x75, 0x61, 0x61, 0x60, 0x60, 0x5f, 0x9d, 0x5e, 0x5d, 0x5c, 0x5b, 0x5b, 0x5a, 0x59, 0x58, 0x58, 0x57, 0x73, 0xc2, 0x56, 0x55, 0x55, 0x53, 0x52, 0x52, 0x7c, 0x51, 0x50, 0x4f, 0x7b, 0x4e, 0xd7, 0x4d, 0x4c, 0x4b, 0x4b, 0x71, 0x4a, 0x49, 0x49, 0x48, 0x70, 0x46, 0x45, 0x44, 0x44, 0x6f, 0x42, 0x41, 0x41, 0x3f, 0x8f, 0x3e, 0x3d, 0x3c, 0x8e, 0x3b, 0x39, 0x3a, 0x37, 0x37, 0x36, 0x35, 0x8c, 0x34, 0x33, 0x33, 0x6a, 0x30, 0x2f, 0x2f, 0x89, 0x2c, 0x79, 0x79, 0x2a, 0x87, 0x28, 0x28, 0x27, 0x68, 0x25, 0x24, 0x23, 0x23, 0xbb, 0x21, 0x21, 0x20, 0xce, 0x1f, 0x1e, 0x1e, 0xa4, 0xcd, 0x1c, 0x1b, 0xb9, 0x83, 0xb8, 0x19, 0x19, 0x19, 0x81, 0xc9, 0x17, 0xb5, 0x16, 0x16, 0x80, 0xc8, 0x15, 0xb3, 0x14, 0xa3, 0x77, 0x13, 0x12, 0x12, 0x10, 0xa2, 0x0e, 0x0e, 0xb0, 0x0d, 0x0d, 0x0d, 0x0c, 0x0c, 0xc5, 0xc5, 0xc5, 0x0b, 0x7d, 0x0a, 0x09, 0x09, 0x08, 0x08, 0x08, 0xa1, 0x07, 0xad, 0x06, 0xac, 0xac, 0x05, 0x05, 0xa0, 0x05, 0xab, 0x03, 0xaa, 0x03, 0xaa, 0xaa, 0x02, 0x02, 0x76, 0x9f, 0xa9, 0xa9, 0xa9, 0x01, 0x01, 0x00, 0x00, 0x00, 0x00, 0x00, 0x00, 0x00, 0x00, 0x00, 0x00, 0x00, 0x00, 0x00, 0x00, 0x00, 0x00, 0x00, 0x00, 0x00, 0x00, 0x01, 0x00, 0xc4, 0x01, 0xa9, 0x76, 0x9f, 0x02, 0x02, 0xaa, 0xaa, 0xaa, 0xaa, 0x03, 0x03, 0x04, 0xa0, 0xa0, 0xac, 0x05, 0xac, 0xad, 0x06, 0xad, 0x07, 0x08, 0x07, 0x09, 0x08, 0xae, 0x09, 0x0a, 0x0b, 0x0b, 0xc5, 0xc5, 0x0c, 0x7e, 0x7f, 0x0d, 0xb0, 0xb0, 0x0e, 0xb1, 0x10, 0x12, 0x12, 0x13, 0x13, 0xa3, 0x14, 0xb3, 0x15, 0x15, 0x80, 0x16, 0xb5, 0xb5, 0x17, 0xb6, 0x81, 0x18, 0x19, 0x19, 0xb7, 0x83, 0x1b, 0xb9, 0xb9, 0xba, 0xa4, 0x1d, 0x1e, 0x1e, 0xa5, 0x66, 0x20, 0x21, 0x21, 0xcf, 0x23, 0x24, 0x24, 0x25, 0xbc, 0x26, 0x27, 0x28, 0x87, 0x87, 0x2b, 0x79, 0x2c, 0x88, 0x2d, 0x2f, 0x2f, 0x8a, 0x31, 0x32, 0x33, 0x8b, 0xd1, 0x36, 0x36, 0x37, 0x37, 0x38, 0x39, 0x3b, 0x3a, 0x6d, 0x3c, 0x3d, 0x3d, 0x8f, 0x3f, 0x40, 0x41, 0x90, 0x43, 0x44, 0x45, 0x46, 0x70, 0x48, 0x49, 0x49, 0x71, 0x94, 0x4b, 0x7a, 0x4c, 0x96, 0x7b, 0x7b, 0x4f, 0x4f, 0x51, 0x51, 0x7c, 0xc1, 0x72, 0x54, 0x55, 0x55, 0x9a, 0x73, 0x57, 0x58, 0x58, 0x9b, 0x5a, 0x5b, 0x5b, 0x5c, 0x5d, 0x5d, 0x5e, 0x5f, 0x5f, 0x60, 0x61, 0x61, 0x9e, 0x62, 0x62, 0x62, 0x63, 0x63, 
  0x63, 0x63, 0x62, 0x63, 0x62, 0x62, 0x61, 0x61, 0x60, 0x60, 0x5f, 0x5f, 0x5d, 0x5d, 0x5c, 0x5c, 0x5b, 0x5a, 0x5a, 0x58, 0x58, 0x57, 0x73, 0x56, 0x56, 0x55, 0x54, 0x53, 0xc1, 0x7c, 0x7c, 0x51, 0x50, 0x4f, 0x4f, 0x4e, 0x4e, 0x4d, 0x4c, 0x7a, 0x4b, 0xd3, 0x94, 0x49, 0x49, 0x47, 0x47, 0x45, 0x46, 0x44, 0x43, 0x90, 0x42, 0x41, 0x40, 0x3f, 0x3e, 0x3e, 0x3d, 0x3c, 0x3b, 0x3b, 0x3a, 0x39, 0x6c, 0x37, 0x36, 0x36, 0x6b, 0x34, 0x33, 0x32, 0x8a, 0x30, 0x2f, 0x2e, 0x2c, 0x88, 0x79, 0x2b, 0x2a, 0x69, 0x28, 0x28, 0x27, 0x26, 0x24, 0x25, 0x23, 0x23, 0xcf, 0x21, 0x21, 0x20, 0x20, 0x1f, 0x1e, 0x1e, 0x1d, 0xa4, 0xb9, 0xb9, 0x1b, 0x83, 0xb7, 0x1a, 0x19, 0x19, 0x18, 0xc9, 0xc9, 0xb5, 0xb5, 0x16, 0x16, 0x15, 0x15, 0xb3, 0x14, 0x14, 0x77, 0x12, 0x13, 0x11, 0x11, 0x10, 0x0e, 0x0e, 0xb0, 0xb0, 0x0d, 0x0d, 0x7f, 0x0c, 0x0c, 0xc5, 0x0b, 0x0b, 0x7d, 0x0a, 0x09, 0x09, 0x09, 0x07, 0x08, 0x07, 0x07, 0x07, 0xac, 0x06, 0xac, 0xac, 0x05, 0x05, 0xa0, 0xab, 0xab, 0xab, 0xaa, 0xaa, 0xaa, 0x02, 0x02, 0x02, 0x76, 0x76, 0x01, 0x76, 0x00, 0x01, 0x01, 0x01, 0x00, 0x00, 0x00, 0x00, 0x00, 0x00, 0x00, 0x00, 0x00, 0x00, 0x00, 0x00, 0x00, 0x00, 0x00, 0x00, 0x01, 0x00, 0x01, 0x01, 0x01, 0xc4, 0x76, 0x76, 0x02, 0x02, 0xaa, 0x02, 0xaa, 0x03, 0xaa, 0x03, 0xab, 0x04, 0xa0, 0xac, 0x05, 0xac, 0xac, 0x06, 0x06, 0xcb, 0x07, 0x07, 0x08, 0x08, 0x08, 0x09, 0x0a, 0xd6, 0x0b, 0x0b, 0xc5, 0xc5, 0x0c, 0xc6, 0x7f, 0x0d, 0x0d, 0x0e, 0xb0, 0x10, 0xa2, 0x12, 0x12, 0x13, 0xa3, 0x77, 0xb3, 0xb3, 0x15, 0xc8, 0x16, 0x16, 0xb5, 0xb5, 0x17, 0x81, 0x18, 0x18, 0x19, 0x1a, 0xb8, 0x83, 0x1b, 0xb9, 0xb9, 0x1c, 0x1d, 0x1d, 0x1e, 0x1e, 0x1f, 0x20, 0x20, 0x21, 0x21, 0xcf, 0xcf, 0x24, 0x24, 0x25, 0x68, 0x27, 0x28, 0x28, 0x29, 0x2a, 0x2b, 0x79, 0x79, 0x2d, 0x89, 0x2f, 0x2f, 0x8a, 0x31, 0x33, 0x33, 0x34, 0x8c, 0x35, 0x36, 0x37, 0x6c, 0x39, 0x3a, 0x3a, 0x3b, 0x8e, 0x3c, 0x3d, 0x3d, 0x8f, 0x3f, 0x40, 0x41, 0x42, 0x91, 0x44, 0x45, 0x46, 0x70, 0x48, 0x49, 0x4a, 0x4a, 0x4b, 0x4b, 0x4c, 0x95, 0xd7, 0x4e, 0x7b, 0x4f, 0x50, 0x51, 0x7c, 0x7c, 0x52, 0x53, 0x54, 0x54, 0x56, 0x55, 0x73, 0x57, 0x58, 0x58, 0x59, 0x5a, 0x5b, 0x5c, 0x5c, 0x5d, 0x5d, 0x5e, 0x5f, 0x60, 0x5f, 0x61, 0x61, 0x61, 0x62, 0x62, 0x63, 0x62, 0x63, 
  0x63, 0x63, 0x63, 0x62, 0x62, 0x62, 0x9e, 0x61, 0x60, 0x60, 0x5f, 0x9d, 0x5e, 0x5d, 0x5c, 0x5c, 0x5b, 0x5a, 0x59, 0x58, 0x58, 0x57, 0x57, 0x56, 0x56, 0x55, 0x54, 0x53, 0xc1, 0x52, 0x7c, 0x51, 0x98, 0x4f, 0x7b, 0x7b, 0xd7, 0x4d, 0x4c, 0x7a, 0x4b, 0x4b, 0x4a, 0x49, 0x49, 0x47, 0x70, 0x92, 0x45, 0x44, 0x44, 0x6f, 0x42, 0x41, 0x40, 0x3f, 0x3f, 0x3d, 0x3d, 0x3c, 0x6d, 0x3b, 0x3a, 0x3a, 0x6c, 0x37, 0x36, 0x36, 0xd1, 0x8b, 0x33, 0x32, 0xa6, 0x30, 0x2f, 0x2e, 0x2d, 0x2c, 0x79, 0x79, 0x2a, 0x29, 0x28, 0x28, 0x27, 0x68, 0x25, 0x24, 0x24, 0x23, 0x22, 0x21, 0x21, 0x20, 0x20, 0x1f, 0x1e, 0x1e, 0xa4, 0xcd, 0xba, 0xb9, 0x1b, 0x1b, 0xb8, 0x1a, 0x19, 0x19, 0x18, 0xc9, 0x17, 0x17, 0xb5, 0x16, 0x80, 0xc8, 0x15, 0xb3, 0x14, 0x14, 0x77, 0x13, 0x12, 0x12, 0x11, 0xa2, 0xb1, 0x0e, 0xb0, 0xb0, 0x0d, 0x0d, 0xaf, 0x0c, 0x0c, 0xc5, 0xc5, 0x0b, 0x0b, 0x0a, 0x0a, 0x09, 0x08, 0x08, 0x08, 0x07, 0x07, 0x64, 0x06, 0xac, 0xac, 0xac, 0x05, 0x05, 0xa0, 0x04, 0xab, 0xaa, 0x03, 0xaa, 0xaa, 0x02, 0xaa, 0x76, 0x02, 0x76, 0xc4, 0xc4, 0xc4, 0x01, 0x00, 0x00, 0x01, 0x00, 0x00, 0x00, 0x00, 0x00, 0x00, 0x00, 0x00, 0x00, 0x00, 0x00, 0x00, 0x00, 0x00, 0x00, 0x00, 0x01, 0x01, 0x01, 0x01, 0x76, 0x76, 0x02, 0x9f, 0x02, 0xaa, 0xaa, 0xaa, 0xaa, 0xab, 0xab, 0x04, 0x04, 0x05, 0x05, 0xac, 0x05, 0x06, 0xac, 0xcb, 0xcb, 0x07, 0x07, 0x08, 0x08, 0x09, 0x09, 0x0a, 0xd6, 0x0b, 0xc5, 0xc5, 0x0c, 0xc5, 0x7f, 0x7f, 0xb0, 0xb0, 0xb0, 0xb1, 0x0f, 0x11, 0x12, 0x12, 0xb2, 0xc7, 0x14, 0xb3, 0xb3, 0x15, 0x15, 0x80, 0xb5, 0xb5, 0x17, 0x17, 0xc9, 0x18, 0x18, 0x19, 0x19, 0x1a, 0x83, 0x1b, 0xb9, 0x1c, 0xba, 0x1d, 0x1d, 0x1e, 0x1f, 0x1f, 0x20, 0x21, 0x21, 0x22, 0xcf, 0x23, 0x24, 0x24, 0x25, 0xbc, 0x27, 0x28, 0x29, 0x29, 0x2a, 0x2b, 0x79, 0x2c, 0x88, 0x2d, 0x2f, 0x2f, 0xa6, 0x6a, 0x33, 0x33, 0x8b, 0x35, 0x36, 0x36, 0x37, 0x6c, 0x39, 0x3a, 0x3a, 0x8e, 0x6d, 0x3c, 0x3d, 0x3d, 0x3f, 0x3f, 0x40, 0x41, 0x90, 0x6f, 0x44, 0x45, 0x46, 0x92, 0x48, 0x49, 0x4a, 0x4a, 0x4b, 0x7a, 0x7a, 0x4d, 0x96, 0x7b, 0x7b, 0x4f, 0x97, 0x51, 0x7c, 0x7c, 0x99, 0x99, 0x54, 0x55, 0x55, 0x73, 0x9a, 0x57, 0x58, 0x58, 0x5a, 0x5a, 0x5b, 0x5b, 0x5c, 0x5d, 0x5d, 0x9d, 0x5f, 0x60, 0x60, 0x61, 0x61, 0x9e, 0x75, 0x62, 0x62, 0x63, 0x63, 
  0x63, 0x63, 0x62, 0x63, 0x62, 0x62, 0x61, 0x61, 0x61, 0x60, 0x60, 0x9d, 0x5e, 0x5c, 0x5c, 0x5c, 0x5b, 0xa8, 0x59, 0x59, 0x58, 0x57, 0x73, 0x56, 0x56, 0x55, 0x54, 0x53, 0x52, 0x52, 0x7c, 0x51, 0xd8, 0x4f, 0x4f, 0x7b, 0x4e, 0x4c, 0x4c, 0x7a, 0x7a, 0x4a, 0x94, 0x49, 0x49, 0x48, 0x92, 0x46, 0x45, 0x44, 0x44, 0x6f, 0x42, 0x41, 0x40, 0x40, 0x3e, 0x3e, 0x3d, 0x3c, 0x3b, 0x3b, 0x3a, 0x39, 0x38, 0x6c, 0x36, 0x36, 0x35, 0x34, 0x33, 0x32, 0x31, 0x8a, 0x2f, 0x2e, 0x2d, 0x88, 0x79, 0x79, 0x2b, 0x69, 0x29, 0x28, 0x27, 0x68, 0x25, 0x24, 0x24, 0x23, 0xcf, 0x22, 0x21, 0x20, 0xa5, 0x84, 0x1e, 0x1e, 0x1d, 0xa4, 0x1c, 0xb9, 0xb9, 0x83, 0x83, 0xb7, 0x19, 0x19, 0x18, 0x18, 0x17, 0x17, 0xb5, 0x16, 0x16, 0x15, 0x15, 0xb3, 0xb3, 0x14, 0xc7, 0x13, 0x13, 0x12, 0x11, 0x11, 0x0f, 0x0e, 0x0e, 0xb0, 0x0d, 0x0d, 0x7f, 0xc6, 0xc5, 0x0c, 0x0b, 0xc5, 0x0b, 0xd6, 0x0a, 0x09, 0x08, 0x08, 0x08, 0x07, 0x07, 0x07, 0xad, 0xad, 0xac, 0xac, 0x05, 0x05, 0x05, 0xca, 0x04, 0x03, 0x03, 0xaa, 0xaa, 0xaa, 0x02, 0x02, 0x02, 0x02, 0x76, 0x76, 0x01, 0x01, 0x01, 0x01, 0x00, 0x00, 0x00, 0x00, 0x00, 0x00, 0x00, 0x00, 0x00, 0x00, 0x00, 0x00, 0x00, 0x00, 0x01, 0x00, 0x01, 0x00, 0x01, 0xa9, 0xa9, 0x76, 0x76, 0x02, 0x02, 0x9f, 0xaa, 0x02, 0x03, 0xaa, 0x03, 0xab, 0x04, 0xa0, 0x05, 0xac, 0x05, 0x06, 0xac, 0xcb, 0xad, 0x07, 0x07, 0x08, 0x08, 0x08, 0x09, 0x0a, 0x0a, 0x0b, 0x0b, 0xc5, 0xc5, 0x0c, 0xaf, 0xc6, 0x0d, 0x0d, 0xb0, 0x0e, 0x0f, 0x10, 0x11, 0x12, 0x13, 0x13, 0x77, 0x14, 0xb3, 0xb3, 0x15, 0xc8, 0x80, 0x16, 0xb5, 0xb5, 0x17, 0xc9, 0x18, 0x19, 0x19, 0xb7, 0xb7, 0x1b, 0x1b, 0xb9, 0x1c, 0xcd, 0x1d, 0x1e, 0x1e, 0x1f, 0x84, 0xce, 0x21, 0x21, 0x22, 0xcf, 0x67, 0x24, 0x24, 0x25, 0x68, 0x27, 0x28, 0x28, 0x29, 0x2a, 0x79, 0x79, 0x2c, 0x89, 0x2e, 0x2e, 0x30, 0x6a, 0x32, 0x33, 0x33, 0x8b, 0xd1, 0x36, 0x36, 0x37, 0x6c, 0x39, 0x3a, 0x3a, 0x3b, 0x6d, 0x3c, 0x3d, 0x3e, 0x3e, 0x40, 0x41, 0x41, 0x42, 0x43, 0x45, 0x45, 0x46, 0x70, 0x48, 0x48, 0x4a, 0x94, 0x4b, 0x7a, 0x4c, 0x4d, 0x4e, 0x4e, 0x7b, 0x4f, 0x50, 0x51, 0x7c, 0x52, 0xc1, 0x53, 0x54, 0x55, 0x56, 0x56, 0xc2, 0x58, 0x57, 0x59, 0x59, 0x5a, 0x5b, 0x5c, 0x5d, 0x5c, 0x5e, 0x5e, 0x5f, 0x60, 0x60, 0x61, 0x61, 0x62, 0x75, 0x63, 0x62, 0x63, 0x63, 
  0x63, 0x63, 0x63, 0x62, 0x62, 0x62, 0x75, 0x61, 0x60, 0x60, 0x5f, 0x5f, 0x5e, 0x5e, 0x5c, 0x5c, 0x5b, 0xa8, 0x5a, 0x58, 0x58, 0x57, 0x57, 0x9a, 0x56, 0x55, 0x55, 0x54, 0x72, 0x52, 0x7c, 0x51, 0x98, 0x4f, 0x7b, 0x7b, 0xd7, 0x96, 0x4c, 0x7a, 0x4b, 0x4b, 0x4a, 0x49, 0x49, 0x48, 0x47, 0x46, 0x45, 0x45, 0x44, 0x6f, 0x42, 0x41, 0x41, 0x40, 0x6e, 0x3e, 0x3d, 0x3c, 0x3c, 0x3b, 0x3a, 0x3a, 0x38, 0x37, 0x36, 0x36, 0xd1, 0x8b, 0x33, 0x33, 0x31, 0x30, 0x2f, 0x2f, 0x2d, 0x89, 0x79, 0x79, 0x2b, 0x69, 0x29, 0x28, 0x27, 0x26, 0x25, 0x24, 0x24, 0xcf, 0x85, 0x22, 0x21, 0x20, 0x20, 0x1f, 0x1e, 0x1e, 0x1d, 0x1d, 0x1c, 0xb9, 0xb9, 0x1b, 0xb8, 0x1a, 0x19, 0x19, 0x18, 0x81, 0xc9, 0x17, 0xb5, 0xb5, 0x16, 0x78, 0x15, 0xb3, 0xb3, 0x14, 0x14, 0x13, 0x13, 0x12, 0x11, 0x10, 0x0f, 0x0e, 0x0e, 0xb0, 0x0d, 0x0d, 0x7f, 0xc6, 0xc6, 0xc5, 0xc5, 0xc5, 0x0b, 0x7d, 0x0a, 0x09, 0x09, 0x08, 0x08, 0x08, 0x07, 0xa1, 0xcb, 0x06, 0xac, 0x06, 0xac, 0x05, 0x05, 0xa0, 0x04, 0xab, 0x03, 0xaa, 0x03, 0x02, 0xaa, 0x02, 0x02, 0x02, 0x02, 0xc4, 0xa9, 0x01, 0x01, 0x01, 0x01, 0x00, 0x01, 0x00, 0x00, 0x00, 0x00, 0x00, 0x00, 0x00, 0x00, 0x00, 0x01, 0x00, 0x01, 0x00, 0xa9, 0x01, 0xa9, 0x76, 0xc4, 0x76, 0x02, 0x02, 0x02, 0xaa, 0xaa, 0xaa, 0xaa, 0x03, 0x03, 0x04, 0xa0, 0x05, 0x05, 0xac, 0xac, 0xac, 0x06, 0x06, 0xcb, 0x07, 0x07, 0x08, 0x08, 0x08, 0x09, 0x09, 0x7d, 0x0b, 0x0b, 0xc5, 0xc5, 0x0c, 0x0c, 0x0d, 0x0d, 0xb0, 0xb0, 0x0e, 0x0e, 0x10, 0x12, 0x12, 0x13, 0x13, 0x14, 0x14, 0xb3, 0x15, 0xb3, 0x80, 0x16, 0x16, 0xb5, 0x17, 0x17, 0x81, 0x18, 0x19, 0x19, 0xb7, 0x1a, 0x1b, 0x1b, 0x1c, 0xb9, 0x1d, 0x1d, 0x1e, 0x1e, 0x1f, 0xce, 0x20, 0x21, 0x21, 0x22, 0xcf, 0x23, 0x24, 0x24, 0x68, 0x26, 0x27, 0x28, 0x29, 0x29, 0x2a, 0x2b, 0x79, 0x2c, 0x89, 0x2e, 0x2f, 0x30, 0x8a, 0x32, 0x33, 0x34, 0x34, 0x35, 0x36, 0x36, 0x37, 0xbe, 0x39, 0x3a, 0x3a, 0x6d, 0x6d, 0x3c, 0x3d, 0x3e, 0x8f, 0x3f, 0x41, 0x41, 0x6f, 0x90, 0x44, 0x45, 0x46, 0x92, 0x49, 0x49, 0x4a, 0x4a, 0x4b, 0x7a, 0x4c, 0x4c, 0xd7, 0x7b, 0x7b, 0x4f, 0xd8, 0x51, 0x7c, 0x52, 0x52, 0x53, 0x54, 0x55, 0x56, 0x56, 0x57, 0x57, 0x58, 0x59, 0x59, 0x5a, 0x5b, 0x5b, 0x5c, 0x5d, 0x5e, 0x5e, 0x5f, 0x5f, 0x60, 0x61, 0x61, 0xc3, 0x62, 0x62, 0x62, 0x63, 0x63, 
  0x63, 0x63, 0x62, 0x63, 0x62, 0x62, 0x75, 0x61, 0x61, 0x60, 0x5f, 0x5f, 0x5e, 0x5d, 0x5c, 0x5c, 0x5b, 0x5a, 0x5a, 0x59, 0x58, 0x57, 0x73, 0x56, 0x56, 0x55, 0x54, 0x53, 0x72, 0x52, 0x7c, 0x7c, 0x98, 0x4f, 0x4f, 0x7b, 0x4e, 0x4d, 0x4c, 0x7a, 0x4b, 0x71, 0x4a, 0x4a, 0x49, 0x48, 0x70, 0xa7, 0x45, 0x45, 0x44, 0x91, 0x6f, 0x41, 0x41, 0x40, 0x3f, 0x3d, 0x3e, 0x3c, 0x6d, 0x3b, 0x3b, 0x3a, 0x38, 0x6c, 0x36, 0x36, 0x35, 0x34, 0x34, 0x32, 0xa6, 0x6a, 0x2f, 0x2f, 0x89, 0x2d, 0x79, 0x79, 0x2b, 0xbd, 0x29, 0x28, 0x27, 0x68, 0x25, 0x25, 0x23, 0x24, 0x22, 0x22, 0x21, 0x20, 0x20, 0xce, 0x1e, 0x1e, 0x1d, 0xa4, 0x1c, 0xb9, 0xb9, 0x1b, 0xb8, 0xb7, 0x1a, 0x19, 0x19, 0x81, 0xc9, 0x17, 0xb5, 0xb5, 0x16, 0xc8, 0x78, 0xb3, 0xb3, 0x14, 0x77, 0x13, 0x13, 0x12, 0x12, 0x11, 0x0f, 0x0e, 0x0e, 0xb0, 0xb0, 0x0d, 0x7f, 0xc6, 0x0c, 0x0c, 0xc5, 0xc5, 0x0b, 0xd6, 0x0a, 0x0a, 0x08, 0x09, 0x08, 0x08, 0x07, 0x07, 0xcb, 0xad, 0x06, 0xac, 0x05, 0xac, 0x05, 0x05, 0x04, 0x04, 0x03, 0x03, 0xaa, 0xaa, 0xaa, 0x02, 0xaa, 0x02, 0x02, 0x76, 0x76, 0x01, 0x01, 0xa9, 0x00, 0x01, 0x00, 0x01, 0x00, 0x00, 0x00, 0x00, 0x01, 0x00, 0x01, 0x00, 0x01, 0x00, 0x01, 0x01, 0x01, 0x01, 0xc4, 0xc4, 0x02, 0x02, 0x02, 0x02, 0xaa, 0xaa, 0x02, 0x03, 0xaa, 0x03, 0x03, 0x03, 0xa0, 0x05, 0x05, 0xac, 0xac, 0xac, 0x06, 0xcb, 0xcb, 0x07, 0x08, 0x08, 0x08, 0x09, 0x09, 0x0a, 0x7d, 0x0b, 0x0b, 0xc5, 0xc5, 0x0c, 0x7f, 0x0d, 0x7f, 0xb0, 0xb0, 0x0e, 0x0f, 0x11, 0x12, 0x12, 0x13, 0xc7, 0x14, 0x14, 0xb3, 0xb3, 0x78, 0xc8, 0x16, 0x16, 0x17, 0xb5, 0xc9, 0x81, 0x18, 0x19, 0x19, 0x1a, 0xb8, 0x1b, 0x1b, 0xb9, 0x1c, 0xcd, 0x1d, 0x1e, 0x1e, 0x1f, 0x20, 0x20, 0x21, 0x21, 0x22, 0x23, 0x23, 0x24, 0x25, 0x25, 0x26, 0x27, 0x28, 0x28, 0x87, 0x2a, 0x79, 0x79, 0x2c, 0x89, 0x2f, 0x2e, 0x30, 0x6a, 0x32, 0x32, 0x34, 0xd1, 0x35, 0x35, 0x37, 0x37, 0x38, 0x39, 0x3a, 0x3b, 0x8e, 0x6d, 0x3d, 0x3d, 0x3d, 0x3f, 0x3f, 0x41, 0x41, 0x42, 0x91, 0x45, 0x45, 0x46, 0x47, 0x48, 0x49, 0x4a, 0x71, 0x4b, 0x4b, 0x4c, 0x96, 0xd7, 0x7b, 0x7b, 0x4f, 0x98, 0x51, 0x7c, 0x7c, 0x52, 0x54, 0x54, 0x55, 0x56, 0x56, 0x73, 0x57, 0x58, 0x59, 0x59, 0xd9, 0x5b, 0x5c, 0x5c, 0x5d, 0x5d, 0x5f, 0x74, 0x60, 0x60, 0x61, 0x61, 0x75, 0x9e, 0x63, 0x62, 0x63, 0x63, 
  0x63, 0x63, 0x63, 0x62, 0x62, 0x62, 0x9e, 0x61, 0x61, 0x60, 0x5f, 0x5f, 0x5e, 0x5d, 0x5d, 0x5c, 0x5b, 0xd9, 0x59, 0x59, 0x58, 0x58, 0x73, 0x73, 0x55, 0x56, 0x55, 0x54, 0x72, 0x52, 0x7c, 0x51, 0xd8, 0x50, 0x7b, 0x7b, 0x4e, 0x4d, 0x4c, 0x7a, 0x7a, 0x71, 0x93, 0x4a, 0x49, 0x48, 0xa7, 0x46, 0x45, 0x45, 0x44, 0x91, 0x42, 0x41, 0x41, 0x40, 0x6e, 0x3e, 0x3d, 0x3c, 0x3c, 0x3b, 0x3a, 0x3a, 0x38, 0x37, 0x36, 0x36, 0x8c, 0x34, 0x33, 0x33, 0x31, 0x30, 0x30, 0x2f, 0x2e, 0x89, 0x2c, 0x79, 0x2b, 0x69, 0x29, 0x28, 0x28, 0x26, 0x25, 0x24, 0x24, 0x67, 0xcf, 0x22, 0x21, 0x21, 0x20, 0x84, 0x1f, 0x1e, 0x1d, 0x1d, 0x1c, 0x1c, 0xb9, 0x1b, 0x83, 0xcc, 0x19, 0x19, 0x18, 0x18, 0xc9, 0x17, 0xb5, 0xb5, 0x16, 0x80, 0x15, 0x15, 0xb3, 0x14, 0x14, 0xb2, 0x13, 0x12, 0x12, 0x10, 0x10, 0x0f, 0x0e, 0xb0, 0xb0, 0x0d, 0x0d, 0x7f, 0xc6, 0x0c, 0xc5, 0xc5, 0x0b, 0x0b, 0x7d, 0x0a, 0x0a, 0x08, 0x08, 0x08, 0x07, 0x08, 0x06, 0xa1, 0x06, 0xac, 0xac, 0xac, 0x05, 0xa0, 0xca, 0xa0, 0x03, 0x03, 0x03, 0x03, 0xaa, 0xaa, 0xaa, 0x02, 0x02, 0x02, 0xc4, 0x76, 0xa9, 0x01, 0xa9, 0x01, 0x01, 0x00, 0xa9, 0x00, 0x01, 0x00, 0x00, 0x01, 0x00, 0x01, 0x00, 0x01, 0x01, 0x01, 0x01, 0xc4, 0x76, 0x02, 0x76, 0x02, 0x02, 0x02, 0xaa, 0xaa, 0x03, 0xaa, 0x03, 0x03, 0xab, 0xa0, 0x05, 0x05, 0xac, 0xac, 0x06, 0x06, 0x06, 0xcb, 0x07, 0x08, 0x07, 0x08, 0x08, 0x09, 0x09, 0x7d, 0x7d, 0x0b, 0xc5, 0xc5, 0x0c, 0x0c, 0x7f, 0x0d, 0x0d, 0xb0, 0xb0, 0xb1, 0x10, 0x11, 0x12, 0x13, 0x13, 0xc7, 0x14, 0x14, 0x15, 0x15, 0x15, 0x78, 0x16, 0x16, 0xb5, 0x17, 0xb6, 0x81, 0x19, 0x19, 0x1a, 0x1a, 0xb8, 0x1b, 0xb9, 0xb9, 0x1c, 0xcd, 0x1d, 0x1e, 0x1f, 0xce, 0x66, 0x20, 0x21, 0x21, 0x67, 0x67, 0x23, 0x24, 0x24, 0xbc, 0x26, 0x27, 0x28, 0x29, 0x69, 0x2a, 0x79, 0x79, 0x88, 0x2d, 0x2e, 0x30, 0x2f, 0x32, 0x32, 0x33, 0x34, 0x34, 0x36, 0x36, 0x36, 0x37, 0x38, 0x39, 0x3a, 0x3b, 0x3b, 0x3c, 0x3c, 0x3d, 0x3e, 0x3f, 0x40, 0x41, 0x41, 0x43, 0x6f, 0x45, 0x45, 0x70, 0x47, 0x48, 0x49, 0x4a, 0xd3, 0x4b, 0x4c, 0x4c, 0x4d, 0x4e, 0x7b, 0x7b, 0x50, 0x98, 0x7c, 0x7c, 0x52, 0x72, 0x53, 0x55, 0x55, 0x56, 0x56, 0x57, 0x57, 0x58, 0x59, 0x59, 0xd9, 0x5b, 0x5c, 0x5c, 0x5d, 0x5d, 0x9d, 0x5f, 0x60, 0x60, 0x61, 0x61, 0x75, 0x62, 0x62, 0x63, 0x63, 0x63, 
  0x63, 0x63, 0x62, 0x63, 0x62, 0x62, 0x9e, 0x61, 0x61, 0x60, 0x5f, 0x5f, 0x5d, 0x5e, 0x5c, 0x5c, 0x5b, 0xa8, 0x59, 0x59, 0x58, 0x58, 0x73, 0x73, 0x56, 0x55, 0x54, 0x54, 0x72, 0x72, 0x7c, 0x7c, 0x98, 0x4f, 0x4f, 0x7b, 0x7b, 0x4d, 0x4c, 0x4c, 0x4b, 0x4b, 0x4a, 0x4a, 0x49, 0x48, 0x47, 0x46, 0x46, 0x45, 0x44, 0x43, 0x6f, 0x41, 0x41, 0x40, 0x6e, 0x6e, 0x3d, 0x3d, 0x6d, 0x3b, 0x3b, 0x3a, 0x38, 0x6c, 0x37, 0x36, 0x35, 0xd1, 0x34, 0x33, 0x32, 0x30, 0x30, 0x2f, 0x2e, 0x2c, 0x2c, 0x79, 0x2b, 0x69, 0x69, 0x28, 0x27, 0x68, 0x26, 0x24, 0x24, 0x24, 0x67, 0x22, 0x21, 0x21, 0x20, 0x20, 0x1e, 0x1f, 0x1d, 0x1d, 0x1c, 0x1c, 0x1b, 0xb9, 0x83, 0xb8, 0x1a, 0x1a, 0x18, 0x18, 0x17, 0xc9, 0xb5, 0xb5, 0x16, 0x80, 0x78, 0xb3, 0x15, 0x14, 0x14, 0x77, 0xb2, 0x12, 0x12, 0x11, 0x10, 0x0f, 0x0e, 0x0e, 0xb0, 0x0d, 0x0d, 0xc6, 0x0c, 0x0c, 0xc5, 0xc5, 0x0b, 0x0b, 0x7d, 0x0a, 0x09, 0x09, 0x08, 0x08, 0x08, 0x07, 0x07, 0xcb, 0xad, 0x06, 0xac, 0xac, 0xac, 0x05, 0x05, 0xca, 0x04, 0x04, 0x03, 0xaa, 0x03, 0xaa, 0x02, 0xaa, 0x02, 0x02, 0x02, 0x76, 0x76, 0xa9, 0x01, 0x01, 0x01, 0xa9, 0x00, 0x01, 0x01, 0x00, 0x01, 0x00, 0x01, 0x00, 0x01, 0x01, 0x01, 0xc4, 0xc4, 0xc4, 0xc4, 0x9f, 0x76, 0xaa, 0x02, 0xaa, 0xaa, 0xaa, 0xaa, 0x03, 0x03, 0x04, 0x04, 0x05, 0xa0, 0xac, 0x05, 0x06, 0xac, 0x06, 0x06, 0x64, 0x07, 0x07, 0x08, 0x08, 0x08, 0x09, 0xae, 0x0a, 0x0b, 0x0b, 0xc5, 0xc5, 0x0c, 0xc6, 0x7f, 0x0d, 0x0d, 0xb0, 0x0e, 0x0f, 0x10, 0x11, 0x12, 0x12, 0xc7, 0x77, 0x14, 0x14, 0xb3, 0x15, 0xc8, 0x16, 0x16, 0xb5, 0xb5, 0x17, 0xc9, 0x18, 0x19, 0x19, 0x1a, 0xb7, 0x83, 0x1b, 0xb9, 0x1c, 0x1c, 0x1d, 0x1e, 0x1e, 0x1e, 0x1f, 0x66, 0x21, 0x21, 0x22, 0xcf, 0x23, 0x24, 0x24, 0x25, 0x68, 0x27, 0x28, 0x28, 0x29, 0x69, 0x2b, 0x79, 0x79, 0x2c, 0x2e, 0x2e, 0x2f, 0x30, 0x31, 0x32, 0x33, 0x34, 0xd1, 0x6b, 0x36, 0x36, 0x37, 0x38, 0x39, 0x3a, 0x3b, 0x8e, 0x3c, 0x3d, 0x3d, 0x3e, 0x3f, 0x40, 0x41, 0x42, 0x42, 0x44, 0x44, 0x45, 0x46, 0x47, 0x49, 0x49, 0x4a, 0x71, 0x4b, 0x7a, 0x4c, 0x96, 0x4e, 0x7b, 0x4f, 0x4f, 0x98, 0x51, 0x7c, 0x52, 0x72, 0x53, 0x54, 0x56, 0x55, 0x73, 0x57, 0x57, 0x58, 0x59, 0x59, 0xd9, 0x5b, 0x5b, 0x5d, 0x5c, 0x5e, 0x9d, 0x74, 0x60, 0x60, 0x61, 0x61, 0x62, 0x75, 0x63, 0x62, 0x63, 0x63, 
  0x63, 0x63, 0x63, 0x62, 0x62, 0x62, 0x75, 0x61, 0x61, 0x5f, 0x60, 0x74, 0x5e, 0x5d, 0x5d, 0x5c, 0x5b, 0x5b, 0x59, 0x59, 0x58, 0x57, 0x57, 0xc2, 0x56, 0x56, 0x55, 0x54, 0x53, 0x52, 0x7c, 0x7c, 0xd8, 0x50, 0x4f, 0x7b, 0x4e, 0xd7, 0x4c, 0x7a, 0x4b, 0x4b, 0x4a, 0x4a, 0x49, 0x48, 0x47, 0x46, 0x46, 0x45, 0x45, 0x43, 0x6f, 0x42, 0x41, 0x40, 0x3f, 0x6e, 0x3e, 0x3c, 0x3c, 0xbf, 0x3b, 0x39, 0x39, 0x37, 0x37, 0x36, 0x35, 0x8c, 0x34, 0x32, 0x32, 0x6a, 0x30, 0x2f, 0x2e, 0x2e, 0x2c, 0x79, 0x2b, 0x2a, 0x69, 0x29, 0x28, 0x27, 0x68, 0x25, 0x24, 0x23, 0x67, 0x22, 0x21, 0x21, 0x20, 0xce, 0x1f, 0x1e, 0x1e, 0x1d, 0x65, 0x1c, 0xb9, 0xb9, 0xcc, 0xcc, 0x1a, 0x19, 0x19, 0x18, 0x18, 0x17, 0x17, 0xb5, 0x16, 0x16, 0xc8, 0x15, 0xb3, 0xb3, 0x14, 0x77, 0x13, 0x13, 0x12, 0x11, 0x11, 0x0f, 0x0f, 0x0e, 0xb0, 0xb0, 0x0d, 0x0d, 0xc6, 0xc6, 0xc5, 0xc5, 0xc5, 0x0b, 0xd6, 0x7d, 0xae, 0x09, 0x08, 0x08, 0x08, 0x07, 0x08, 0xad, 0xad, 0x06, 0x06, 0xac, 0xac, 0x05, 0x05, 0xa0, 0x05, 0xca, 0x04, 0x03, 0x03, 0xaa, 0xaa, 0xaa, 0xaa, 0x02, 0x02, 0x76, 0x02, 0xc4, 0xa9, 0xa9, 0xa9, 0x01, 0xa9, 0x01, 0x00, 0xc4, 0x01, 0x01, 0x01, 0xa9, 0x01, 0xc4, 0xc4, 0x76, 0x76, 0x02, 0x02, 0x02, 0x02, 0x02, 0xaa, 0xaa, 0xaa, 0xaa, 0x03, 0x03, 0xab, 0x04, 0xa0, 0x05, 0x05, 0xac, 0xac, 0x06, 0x06, 0xcb, 0xcb, 0x07, 0x08, 0x08, 0x08, 0x08, 0x09, 0x09, 0x0a, 0x7d, 0x0b, 0x0b, 0xc5, 0xc5, 0x7e, 0x7e, 0x0d, 0x0d, 0xb0, 0xb0, 0x0e, 0x0e, 0x11, 0x12, 0x12, 0x13, 0xc7, 0x14, 0x14, 0x15, 0xb3, 0x15, 0xc8, 0x78, 0xb5, 0xb5, 0x17, 0x17, 0x81, 0x18, 0x19, 0x19, 0x1a, 0xb7, 0x1b, 0x1b, 0xb9, 0x1c, 0x1c, 0x1d, 0x1e, 0x1e, 0x1f, 0xce, 0x20, 0x21, 0x21, 0x22, 0x22, 0x23, 0x24, 0x24, 0x25, 0xbc, 0x27, 0x28, 0x28, 0x69, 0x2a, 0x2b, 0x79, 0x2c, 0x89, 0x2e, 0x2f, 0x30, 0x6a, 0x31, 0x32, 0x33, 0x34, 0x6b, 0x35, 0x36, 0x37, 0x6c, 0x38, 0x39, 0x3a, 0x3b, 0xbf, 0x3c, 0x3d, 0x3d, 0x6e, 0x3f, 0x40, 0x41, 0x42, 0x6f, 0x44, 0x45, 0x46, 0x70, 0x48, 0x49, 0x49, 0x4a, 0x71, 0x4b, 0x7a, 0x4c, 0x4d, 0x4e, 0x7b, 0x7b, 0x50, 0x98, 0x7c, 0x7c, 0x52, 0x53, 0x54, 0x54, 0x55, 0x56, 0x73, 0x57, 0x58, 0x58, 0x59, 0x5a, 0xa8, 0x5b, 0x5c, 0x5c, 0x5e, 0x5e, 0x9d, 0x5f, 0x60, 0x60, 0x61, 0x61, 0x75, 0x62, 0x62, 0x63, 0x63, 0x63, 
  0x63, 0x63, 0x63, 0x63, 0x62, 0x62, 0x75, 0x61, 0x61, 0x60, 0x5f, 0x5f, 0x5e, 0x5d, 0x5d, 0x5c, 0x5b, 0x5a, 0xa8, 0x58, 0x59, 0x57, 0x57, 0x56, 0x56, 0x55, 0x55, 0x54, 0x72, 0x52, 0x52, 0x7c, 0x51, 0x50, 0x4f, 0x7b, 0x7b, 0x96, 0x4d, 0x7a, 0x7a, 0x4b, 0x71, 0x49, 0x4a, 0x48, 0x47, 0x46, 0x46, 0x45, 0x44, 0x44, 0x42, 0x42, 0x41, 0x40, 0x3f, 0x3e, 0x3e, 0x3d, 0x3c, 0x3b, 0x3b, 0x3a, 0x39, 0x8d, 0x37, 0x36, 0x35, 0x34, 0x34, 0x33, 0x32, 0xa6, 0x30, 0x2f, 0x2f, 0xd0, 0x2c, 0x2c, 0x2b, 0x2a, 0x29, 0x28, 0x28, 0x27, 0xbc, 0x25, 0x24, 0x24, 0x23, 0x85, 0x21, 0x21, 0x20, 0x84, 0x1f, 0x1e, 0x1e, 0x1d, 0xcd, 0xcd, 0xb9, 0xb9, 0x1b, 0xb8, 0x1a, 0x1a, 0x19, 0x19, 0xc9, 0xc9, 0x17, 0xb5, 0x16, 0x16, 0xb4, 0x15, 0xb3, 0xb3, 0x14, 0x77, 0x13, 0x13, 0x12, 0x12, 0x11, 0x10, 0x0f, 0x0e, 0x0e, 0xb0, 0x0d, 0x0d, 0xc6, 0xc6, 0x0c, 0xc5, 0xc5, 0x0b, 0x0b, 0x0a, 0x0a, 0x09, 0x09, 0x08, 0x08, 0x07, 0x07, 0x07, 0xad, 0x06, 0xac, 0x06, 0xac, 0xac, 0xac, 0x05, 0xca, 0x04, 0x04, 0x04, 0x03, 0x03, 0xaa, 0xaa, 0xaa, 0xaa, 0x02, 0x02, 0x02, 0x9f, 0x76, 0x76, 0x76, 0x01, 0x01, 0x01, 0x01, 0x01, 0x01, 0xc4, 0xc4, 0xc4, 0x76, 0x76, 0x02, 0xc4, 0x02, 0x9f, 0x02, 0x02, 0xaa, 0x02, 0xaa, 0xaa, 0xaa, 0x03, 0x03, 0xab, 0x04, 0x04, 0x05, 0x05, 0xac, 0xac, 0xac, 0x06, 0x06, 0x06, 0xcb, 0x64, 0x07, 0x08, 0x08, 0x09, 0x09, 0x09, 0x0a, 0xd6, 0x0b, 0xc5, 0xc5, 0x0c, 0x0c, 0x7f, 0x7f, 0xb0, 0x0d, 0x0e, 0x0e, 0x10, 0x10, 0x12, 0x12, 0x13, 0xc7, 0x14, 0xb3, 0x14, 0x15, 0x15, 0x78, 0x16, 0x16, 0xb5, 0xb5, 0x17, 0x81, 0x18, 0x19, 0x19, 0x1a, 0x83, 0xcc, 0xb9, 0xb9, 0x1c, 0xcd, 0x1e, 0x65, 0x1f, 0x1e, 0x20, 0x66, 0x21, 0x21, 0x22, 0x23, 0x23, 0x24, 0x24, 0x25, 0x68, 0x27, 0x28, 0x28, 0xbd, 0x69, 0x79, 0x2b, 0x2c, 0xd0, 0x2e, 0x2e, 0x30, 0x6a, 0x31, 0x33, 0x33, 0x34, 0x35, 0x35, 0x36, 0x37, 0x37, 0x38, 0x3a, 0x3a, 0x3b, 0x6d, 0x3c, 0x3d, 0x3e, 0xc0, 0x3f, 0x41, 0x41, 0x42, 0x6f, 0x44, 0x45, 0x45, 0x70, 0x47, 0x49, 0x49, 0x4a, 0x71, 0x7a, 0x7a, 0x4c, 0x4d, 0x4e, 0x7b, 0x4f, 0x50, 0x51, 0x51, 0x7c, 0x52, 0x72, 0x54, 0x55, 0x56, 0x56, 0x56, 0x73, 0x58, 0x58, 0x59, 0x5a, 0xd9, 0x5b, 0x5c, 0x5c, 0x5d, 0x5e, 0x5f, 0x5f, 0x60, 0x60, 0x61, 0x9e, 0x75, 0x62, 0x63, 0x62, 0x63, 0x63, 
  0x63, 0x63, 0x63, 0x62, 0x63, 0x75, 0x62, 0x61, 0x61, 0x60, 0x60, 0x5f, 0x5e, 0x5d, 0x5d, 0x5c, 0x5c, 0x5b, 0x5a, 0x59, 0x58, 0x57, 0x57, 0x73, 0x56, 0x56, 0x55, 0x54, 0x53, 0x52, 0x7c, 0x7c, 0xd8, 0xd8, 0x4f, 0x7b, 0x4e, 0xd7, 0x4d, 0x4c, 0x4b, 0x4b, 0x71, 0x4a, 0x49, 0x48, 0x48, 0x70, 0x46, 0x45, 0x45, 0x43, 0x6f, 0x42, 0x41, 0x40, 0x40, 0x3e, 0x3e, 0x3c, 0x3c, 0x8e, 0x3b, 0x39, 0x3a, 0x37, 0x37, 0x36, 0x35, 0x35, 0x34, 0x33, 0x32, 0x31, 0x30, 0x2f, 0x2e, 0x2d, 0x2c, 0x79, 0x79, 0x2a, 0x29, 0x29, 0x28, 0x27, 0x26, 0x25, 0x24, 0x24, 0xcf, 0x23, 0x22, 0x21, 0x21, 0x66, 0x1f, 0x1e, 0x1e, 0x1d, 0x1d, 0x1c, 0x1c, 0xb9, 0x1b, 0xcc, 0x1a, 0x19, 0x19, 0x18, 0x18, 0xc9, 0x17, 0xb5, 0xb5, 0x16, 0x80, 0x15, 0xb3, 0x15, 0x14, 0x14, 0xc7, 0x13, 0x12, 0x12, 0x11, 0x10, 0x0f, 0x0e, 0xb0, 0xb0, 0x0d, 0x0d, 0xc6, 0xc6, 0x0c, 0xc5, 0xc5, 0xc5, 0x0b, 0x0b, 0x0a, 0x09, 0x09, 0x09, 0x08, 0x08, 0x08, 0x07, 0x07, 0xcb, 0x06, 0xac, 0xac, 0xac, 0x05, 0x05, 0x05, 0xca, 0x04, 0x04, 0x03, 0x03, 0xaa, 0x03, 0xaa, 0xaa, 0xaa, 0x02, 0x02, 0x02, 0x02, 0x9f, 0x76, 0x76, 0x76, 0x76, 0xc4, 0x76, 0x01, 0xa9, 0xc4, 0xc4, 0x76, 0x76, 0x02, 0x02, 0x02, 0x02, 0x02, 0x02, 0x02, 0xaa, 0xaa, 0x03, 0x03, 0xaa, 0x04, 0x04, 0xa0, 0x05, 0x05, 0x05, 0xac, 0xac, 0x06, 0x06, 0x06, 0xcb, 0x07, 0x08, 0x08, 0x08, 0x08, 0x09, 0x09, 0x0a, 0xd6, 0x0b, 0x0b, 0xc5, 0xc5, 0x0c, 0xc6, 0x7f, 0x0d, 0xb0, 0xb0, 0x0e, 0x0e, 0x10, 0x11, 0x12, 0x13, 0x13, 0x77, 0x14, 0x14, 0x15, 0xb3, 0xc8, 0xc8, 0x16, 0xb5, 0xb5, 0xc9, 0xc9, 0x81, 0x19, 0x19, 0x19, 0xb7, 0xcc, 0x1b, 0xb9, 0xb9, 0xcd, 0x1c, 0x1d, 0x1e, 0x1e, 0x1f, 0xce, 0x20, 0x21, 0x21, 0xcf, 0x85, 0x23, 0x24, 0x25, 0x25, 0x26, 0x27, 0x28, 0x29, 0x69, 0x2a, 0x79, 0x79, 0x2c, 0x2d, 0x2e, 0x2f, 0x30, 0x30, 0x32, 0x33, 0x33, 0x34, 0x6b, 0x36, 0x36, 0x37, 0x37, 0x39, 0x3a, 0x3a, 0x8e, 0x6d, 0x3d, 0x3c, 0x3e, 0x3e, 0x3f, 0x40, 0x42, 0x42, 0x6f, 0x44, 0x45, 0x46, 0x70, 0x47, 0x49, 0x49, 0x4a, 0x71, 0x4b, 0x4c, 0x4c, 0x4d, 0x4e, 0x7b, 0x4f, 0x4f, 0x51, 0x7c, 0x7c, 0x72, 0x53, 0x54, 0x55, 0x55, 0x56, 0x56, 0x57, 0x57, 0x59, 0x59, 0x5a, 0xd9, 0x5b, 0x5c, 0x5c, 0x5e, 0x5d, 0x9d, 0x60, 0x60, 0x60, 0x61, 0x61, 0x75, 0x62, 0x62, 0x63, 0x63, 0x63, 
  0x63, 0x63, 0x63, 0x63, 0x62, 0x62, 0x75, 0x61, 0x61, 0x60, 0x5f, 0x5f, 0x9d, 0x5d, 0x5d, 0x5c, 0x5b, 0x5b, 0x5a, 0x59, 0x59, 0x58, 0x57, 0x73, 0x56, 0x56, 0x55, 0x54, 0x53, 0x72, 0x52, 0x7c, 0x51, 0xd8, 0x4f, 0x4f, 0x4e, 0x4e, 0x4c, 0x4c, 0x7a, 0x4b, 0x94, 0x4a, 0x4a, 0x48, 0x48, 0x70, 0x46, 0x45, 0x45, 0x44, 0x6f, 0x42, 0x41, 0x41, 0x3f, 0x6e, 0x3d, 0x3e, 0x3c, 0xbf, 0x3b, 0x3a, 0x39, 0x6c, 0x37, 0x37, 0x35, 0x35, 0x34, 0x34, 0x32, 0x31, 0x30, 0x30, 0x2f, 0x2e, 0x2c, 0x2c, 0x79, 0x2b, 0x69, 0x29, 0x28, 0x27, 0x26, 0x25, 0x24, 0x24, 0x23, 0x22, 0x22, 0x21, 0x21, 0x20, 0xce, 0x1f, 0x1e, 0x1e, 0x1d, 0x1c, 0x1c, 0xb9, 0xb9, 0x1b, 0x1a, 0x1a, 0x1a, 0x19, 0x18, 0xc9, 0xc9, 0xb5, 0xb5, 0xb5, 0x80, 0xc8, 0x15, 0xb3, 0x14, 0x14, 0x77, 0x13, 0x13, 0x12, 0x11, 0x11, 0x10, 0x0e, 0x0e, 0xb0, 0xb0, 0x0d, 0x0d, 0xc6, 0x0c, 0x0c, 0xc5, 0xc5, 0x0b, 0x0b, 0x7d, 0x09, 0x09, 0x09, 0x08, 0x08, 0x08, 0x07, 0x07, 0xcb, 0x06, 0x06, 0x06, 0xac, 0xac, 0xac, 0x05, 0x05, 0xa0, 0x04, 0x04, 0x03, 0x03, 0x03, 0xaa, 0xaa, 0x02, 0xaa, 0x02, 0x02, 0x02, 0x9f, 0x02, 0x76, 0x02, 0xc4, 0x76, 0xc4, 0x76, 0xc4, 0x02, 0x76, 0x02, 0x02, 0x02, 0x02, 0x02, 0x02, 0xaa, 0xaa, 0xaa, 0xaa, 0x03, 0xaa, 0x03, 0xab, 0x03, 0x05, 0xa0, 0x05, 0x05, 0xac, 0xac, 0xac, 0x06, 0x06, 0xcb, 0x07, 0x64, 0x08, 0x07, 0x09, 0x08, 0x09, 0x0a, 0xd6, 0x7d, 0xc5, 0x0b, 0xc5, 0x0c, 0x0c, 0xc6, 0x0d, 0x0d, 0xb0, 0xb0, 0x0e, 0x0f, 0x11, 0x11, 0x12, 0x12, 0xc7, 0x14, 0x14, 0xb3, 0xb3, 0x15, 0x78, 0x80, 0x16, 0xb5, 0xb5, 0x17, 0xc9, 0x18, 0x18, 0x19, 0x1a, 0x1a, 0xb8, 0x1b, 0x1b, 0x1c, 0x1c, 0x1d, 0x1d, 0x1e, 0x1e, 0x1f, 0x66, 0x21, 0x21, 0x22, 0x22, 0x23, 0x23, 0x24, 0x25, 0x68, 0x26, 0x27, 0x28, 0x29, 0x69, 0x2b, 0x79, 0x79, 0x2c, 0x2d, 0x2e, 0x2f, 0x30, 0x6a, 0x32, 0x33, 0x34, 0xd1, 0xd1, 0x36, 0x36, 0x37, 0x6c, 0x39, 0x3a, 0x3a, 0x3b, 0xbf, 0x3d, 0x3d, 0x3e, 0x6e, 0x40, 0x41, 0x41, 0x42, 0x44, 0x44, 0x45, 0x46, 0x70, 0x48, 0x48, 0x4a, 0x4a, 0x4b, 0x4b, 0x7a, 0x4c, 0x96, 0x7b, 0x4e, 0x4f, 0x50, 0x51, 0x7c, 0x7c, 0x52, 0x53, 0x54, 0x55, 0x56, 0x56, 0x73, 0x57, 0x57, 0x58, 0x59, 0x5a, 0x5b, 0x5b, 0x5c, 0x5c, 0x5d, 0x5e, 0x5f, 0x5f, 0x60, 0x60, 0x61, 0x75, 0x9e, 0x63, 0x62, 0x63, 0x63, 0x63, 
  0x63, 0x63, 0x63, 0x62, 0x63, 0x75, 0x62, 0x61, 0x61, 0x60, 0x60, 0x5f, 0x9d, 0x5e, 0x5d, 0x5c, 0x5b, 0x5b, 0x5a, 0x59, 0x58, 0x58, 0x57, 0x73, 0x56, 0x56, 0x54, 0x55, 0x53, 0x52, 0x7c, 0x7c, 0xd8, 0x98, 0x4f, 0x7b, 0x4e, 0x96, 0x4d, 0x4c, 0x4b, 0x4b, 0x71, 0x4a, 0x49, 0x49, 0x48, 0x70, 0x46, 0x45, 0x45, 0x44, 0x6f, 0x6f, 0x41, 0x41, 0x40, 0x3f, 0x3e, 0x3d, 0x3c, 0x6d, 0x3b, 0x3a, 0x39, 0x38, 0x37, 0x36, 0x36, 0x35, 0xd1, 0x33, 0x33, 0x32, 0x6a, 0x2f, 0x2f, 0x2d, 0x2d, 0x79, 0x79, 0x2b, 0x69, 0x29, 0x28, 0x28, 0x26, 0x25, 0x24, 0x24, 0x23, 0x23, 0x22, 0x21, 0x21, 0x20, 0xce, 0x1f, 0x1e, 0x1e, 0x65, 0x1d, 0xb9, 0x1c, 0x1b, 0x1b, 0xcc, 0x1a, 0x19, 0x19, 0x18, 0x18, 0x17, 0x17, 0xb5, 0x16, 0x16, 0xc8, 0x15, 0xb3, 0xb3, 0x14, 0xa3, 0xc7, 0x13, 0x12, 0x12, 0x11, 0x11, 0x0f, 0x0e, 0xb0, 0xb0, 0x0d, 0x0d, 0x7f, 0xc6, 0x0c, 0xc5, 0xc5, 0xc5, 0x0b, 0x0b, 0x0a, 0xae, 0x09, 0x09, 0x08, 0x08, 0x08, 0x07, 0x07, 0xad, 0x06, 0x06, 0xac, 0xac, 0xac, 0x05, 0x05, 0x05, 0xca, 0x04, 0x03, 0x03, 0x03, 0xaa, 0x03, 0xaa, 0xaa, 0x02, 0xaa, 0x02, 0xaa, 0x76, 0x02, 0x9f, 0x02, 0x02, 0x02, 0x02, 0x02, 0x02, 0x02, 0x02, 0x02, 0x02, 0xaa, 0x02, 0xaa, 0xaa, 0xaa, 0xaa, 0x03, 0xaa, 0x03, 0x03, 0xab, 0x04, 0xa0, 0x05, 0x05, 0xac, 0xac, 0xac, 0x06, 0x06, 0xcb, 0x64, 0x07, 0x07, 0x08, 0x08, 0x08, 0x09, 0x09, 0x0a, 0x7d, 0x0b, 0x0b, 0xc5, 0xc5, 0x0c, 0xc6, 0x7f, 0x0d, 0x0d, 0xb0, 0x0e, 0x0e, 0x10, 0x11, 0x12, 0x13, 0x13, 0x77, 0x77, 0xb3, 0xb3, 0x15, 0x15, 0xc8, 0x80, 0x16, 0xb5, 0x17, 0x17, 0x81, 0x18, 0x18, 0x1a, 0x19, 0xcc, 0x83, 0xb9, 0xb9, 0xb9, 0x65, 0xcd, 0x1e, 0x1e, 0x1e, 0x66, 0xce, 0x21, 0x21, 0x22, 0x22, 0x23, 0x24, 0x24, 0x25, 0xbc, 0x26, 0x27, 0x29, 0x29, 0x69, 0x2b, 0x79, 0x2c, 0x2c, 0x2e, 0x2f, 0x2f, 0x6a, 0x6a, 0x32, 0x33, 0x33, 0xd1, 0x35, 0x36, 0x36, 0x6c, 0x6c, 0x39, 0x3a, 0x3b, 0x3b, 0x3c, 0x3c, 0x3d, 0x3e, 0x6e, 0x40, 0x41, 0x42, 0x6f, 0x43, 0x44, 0x45, 0x46, 0x47, 0x48, 0x49, 0x4a, 0x4a, 0x4b, 0x4b, 0x4c, 0x4c, 0x96, 0x4e, 0x7b, 0x4f, 0x4f, 0x51, 0x7c, 0x52, 0x72, 0x53, 0x54, 0x55, 0x55, 0x56, 0xd4, 0x57, 0x57, 0x59, 0x59, 0x5a, 0xa8, 0x5c, 0x5c, 0x5d, 0x5d, 0x5e, 0x9d, 0x5f, 0x60, 0x61, 0x61, 0xd5, 0x62, 0x62, 0x62, 0x63, 0x63, 0x63, 
  0x63, 0x63, 0x63, 0x63, 0x62, 0x62, 0x75, 0x61, 0x61, 0x61, 0x60, 0x5f, 0x9d, 0x5d, 0x5d, 0x5c, 0x5c, 0x5b, 0x5a, 0x59, 0x59, 0x58, 0x57, 0x73, 0x56, 0x55, 0x55, 0x54, 0x53, 0x72, 0x52, 0x7c, 0x51, 0x50, 0x50, 0x7b, 0x7b, 0x4e, 0x4c, 0x4c, 0x7a, 0x7a, 0x71, 0x4a, 0x4a, 0x49, 0x48, 0x47, 0x70, 0x45, 0x45, 0x44, 0x6f, 0x42, 0x42, 0x40, 0x40, 0x6e, 0x3d, 0x3e, 0x3c, 0x6d, 0x3b, 0x3b, 0x39, 0x38, 0x38, 0x36, 0x36, 0x6b, 0x35, 0x33, 0x33, 0x32, 0x6a, 0x30, 0x2f, 0x2e, 0x2c, 0x2c, 0x79, 0x2b, 0x2a, 0x29, 0x29, 0x27, 0x26, 0x68, 0x25, 0x24, 0x24, 0x23, 0x85, 0x21, 0x21, 0x20, 0xa5, 0x1f, 0x1e, 0x1e, 0x1d, 0xcd, 0xcd, 0xb9, 0x1b, 0x1b, 0xcc, 0x1a, 0x19, 0x19, 0x19, 0x81, 0x17, 0x17, 0xb5, 0xb5, 0x16, 0x80, 0x15, 0x15, 0xb3, 0xb3, 0x77, 0xc7, 0xc7, 0x12, 0x12, 0x11, 0x10, 0x0f, 0x0e, 0x0e, 0xb0, 0xb0, 0x0d, 0x0d, 0xc6, 0x0c, 0x0c, 0xc5, 0x0b, 0xc5, 0x0b, 0x7d, 0x0a, 0x09, 0x09, 0x08, 0x08, 0x08, 0x07, 0x07, 0x64, 0xcb, 0x06, 0xcb, 0xac, 0xac, 0xac, 0x05, 0x05, 0xa0, 0xa0, 0x04, 0x03, 0x04, 0xaa, 0x03, 0xaa, 0x03, 0xaa, 0xaa, 0xaa, 0x02, 0x02, 0x02, 0x02, 0x02, 0x02, 0x02, 0x02, 0x02, 0x02, 0xaa, 0x02, 0xaa, 0xaa, 0x02, 0xaa, 0xaa, 0x02, 0x03, 0xaa, 0xaa, 0xaa, 0x03, 0x04, 0x04, 0xa0, 0x05, 0x05, 0xac, 0xac, 0xac, 0x06, 0x06, 0x06, 0xcb, 0x64, 0x07, 0x08, 0x08, 0x08, 0x09, 0x09, 0x09, 0x0a, 0x0b, 0x0b, 0xc5, 0xc5, 0x0c, 0x0c, 0xc6, 0x0d, 0x0d, 0xb0, 0xb0, 0x0e, 0x0e, 0x10, 0x11, 0x12, 0x12, 0x13, 0xc7, 0x14, 0x14, 0xb3, 0xb3, 0x15, 0x80, 0x16, 0x16, 0x17, 0xb5, 0xc9, 0x81, 0x18, 0x18, 0x1a, 0x1a, 0xb8, 0x83, 0x1b, 0xb9, 0x1c, 0x1c, 0x65, 0x1d, 0x1e, 0x1e, 0x1f, 0x20, 0x20, 0x22, 0x21, 0x23, 0x23, 0x24, 0x24, 0x25, 0x68, 0x27, 0x27, 0x28, 0x29, 0x2a, 0x2b, 0x79, 0x2c, 0x2c, 0x2e, 0x2f, 0x2f, 0x30, 0x31, 0x32, 0x33, 0x34, 0x8c, 0x6b, 0x36, 0x36, 0xbe, 0x6c, 0x3a, 0x39, 0x3b, 0x8e, 0x6d, 0x3d, 0x3d, 0xc0, 0x6e, 0x40, 0x41, 0x41, 0x6f, 0x43, 0x45, 0x45, 0x46, 0x70, 0x48, 0x48, 0x4a, 0x94, 0x71, 0x7a, 0x7a, 0x4d, 0x4e, 0x4e, 0x7b, 0x4f, 0x50, 0x51, 0x7c, 0x7c, 0x52, 0x53, 0x54, 0x55, 0x56, 0x56, 0x73, 0x57, 0x58, 0x58, 0x59, 0x5a, 0x5b, 0x5b, 0x5c, 0x5c, 0x5d, 0x5e, 0x5f, 0x5f, 0x60, 0x61, 0x61, 0x9e, 0x62, 0x62, 0x63, 0x62, 0x63, 0x63, 
  0x63, 0x63, 0x63, 0x62, 0x63, 0x62, 0x62, 0x9e, 0x61, 0x60, 0x60, 0x5f, 0x5f, 0x5d, 0x5d, 0x5c, 0x5c, 0x5b, 0x5a, 0x59, 0x58, 0x58, 0x57, 0x73, 0xc2, 0x56, 0x55, 0x55, 0x53, 0x72, 0x52, 0x7c, 0x7c, 0xd8, 0x4f, 0x4f, 0x7b, 0x4e, 0x4d, 0x4c, 0x7a, 0x4b, 0x4b, 0x4a, 0x4a, 0x48, 0x49, 0x70, 0x70, 0x46, 0x45, 0x44, 0x43, 0x42, 0x41, 0x41, 0x40, 0x6e, 0x3e, 0x3d, 0x3c, 0x3c, 0x3b, 0x3a, 0x3a, 0x38, 0x37, 0x37, 0x36, 0x35, 0xd1, 0x34, 0x33, 0x32, 0x6a, 0x30, 0x2f, 0x2e, 0x2d, 0x2c, 0x79, 0x79, 0x2a, 0x29, 0x28, 0x28, 0x26, 0x26, 0x24, 0x24, 0x24, 0xcf, 0xbb, 0x22, 0x21, 0x21, 0x66, 0xce, 0x1f, 0x1e, 0x1e, 0x1d, 0xcd, 0x1c, 0xb9, 0xb9, 0xcc, 0x83, 0x1a, 0x19, 0x18, 0x18, 0xc9, 0x17, 0xb5, 0xb5, 0x16, 0x80, 0x15, 0x15, 0xb3, 0x14, 0x14, 0x77, 0xb2, 0x13, 0x12, 0x12, 0x11, 0x10, 0x0f, 0x0e, 0xb0, 0xb0, 0x0d, 0x0d, 0x7f, 0xc6, 0x0c, 0xc5, 0x0c, 0x0b, 0xc5, 0x7d, 0x7d, 0x0a, 0xae, 0x09, 0x08, 0x08, 0x08, 0x07, 0x07, 0x07, 0xcb, 0xcb, 0x06, 0xac, 0x06, 0x05, 0xac, 0x05, 0xa0, 0xa0, 0x04, 0x04, 0xab, 0x03, 0x03, 0xaa, 0x03, 0xaa, 0xaa, 0xaa, 0xaa, 0xaa, 0x02, 0xaa, 0xaa, 0xaa, 0x02, 0xaa, 0x02, 0xaa, 0xaa, 0xaa, 0xaa, 0xaa, 0xaa, 0x03, 0xaa, 0xaa, 0x03, 0x03, 0xab, 0x04, 0xca, 0xa0, 0x05, 0x05, 0xac, 0xac, 0xac, 0x06, 0x06, 0xcb, 0xcb, 0x64, 0x07, 0x08, 0x08, 0x08, 0x08, 0x09, 0x09, 0x0a, 0x7d, 0x0b, 0x0b, 0xc5, 0x0c, 0xc5, 0x7f, 0xc6, 0x0d, 0x0d, 0xb0, 0x0e, 0x0e, 0x0f, 0x11, 0x11, 0x12, 0x13, 0x13, 0x77, 0x14, 0xb3, 0xb3, 0xc8, 0x78, 0x80, 0x16, 0xb5, 0xb5, 0xc9, 0x81, 0x18, 0x18, 0x19, 0x1a, 0x1a, 0xcc, 0x1b, 0xb9, 0xb9, 0x1c, 0xcd, 0x1d, 0x1e, 0x1e, 0xce, 0xce, 0x20, 0x21, 0x21, 0xbb, 0xcf, 0x23, 0x24, 0x24, 0xbc, 0x26, 0x27, 0x28, 0x29, 0x69, 0x2b, 0x2b, 0x2c, 0x79, 0x2d, 0x2e, 0x2f, 0x2f, 0x6a, 0x31, 0x32, 0x34, 0x34, 0x6b, 0x35, 0x36, 0x37, 0x37, 0x38, 0x39, 0x3a, 0x3b, 0xbf, 0x3c, 0x3d, 0x3e, 0x3e, 0x40, 0x40, 0x41, 0x6f, 0x43, 0x44, 0x45, 0x46, 0x46, 0x47, 0x48, 0x4a, 0x49, 0x71, 0x4b, 0x7a, 0x7a, 0x4d, 0x96, 0x7b, 0x7b, 0x4f, 0x50, 0x51, 0x7c, 0x52, 0x72, 0x53, 0x54, 0x55, 0x56, 0x56, 0x73, 0x57, 0x58, 0x59, 0x59, 0x5a, 0x5b, 0x5c, 0x5c, 0x5d, 0x5d, 0x5e, 0x5f, 0x5f, 0x60, 0x61, 0x61, 0x75, 0x62, 0x62, 0x63, 0x63, 0x63, 0x63, 
  0x63, 0x63, 0x63, 0x63, 0x62, 0x62, 0x62, 0xd5, 0x9e, 0x60, 0x60, 0x60, 0x9d, 0x9c, 0x5d, 0x5c, 0x5c, 0x5b, 0x5a, 0x59, 0x59, 0x58, 0x57, 0x57, 0x56, 0x56, 0x55, 0x54, 0x53, 0xc1, 0x52, 0x7c, 0x51, 0x98, 0x4f, 0x4f, 0x7b, 0x4e, 0x4d, 0x4c, 0x4c, 0x4b, 0x4b, 0x4a, 0x4a, 0x49, 0x48, 0x48, 0x46, 0x46, 0x45, 0x44, 0x43, 0x6f, 0x42, 0x41, 0x40, 0x3f, 0x6e, 0x3d, 0x3d, 0x6d, 0x8e, 0x3b, 0x39, 0x39, 0x37, 0x37, 0x36, 0x35, 0xd1, 0x34, 0x33, 0x32, 0x31, 0x30, 0x30, 0x2e, 0x2d, 0x2c, 0x2c, 0x2b, 0x2a, 0x2a, 0x28, 0x28, 0x27, 0x68, 0x25, 0x25, 0x23, 0x24, 0x22, 0x22, 0x21, 0x21, 0x20, 0x1f, 0x1f, 0x1e, 0x1e, 0x1d, 0xcd, 0x1c, 0xb9, 0xb9, 0x83, 0x1a, 0x1a, 0x19, 0x19, 0x18, 0x81, 0x17, 0x17, 0x16, 0xb5, 0x80, 0x80, 0xb3, 0x15, 0xb3, 0x14, 0x14, 0xc7, 0x13, 0x12, 0x12, 0x11, 0x11, 0x0f, 0x0e, 0x0e, 0xb0, 0xb0, 0x0d, 0x0d, 0xc6, 0x0c, 0x0c, 0xc5, 0xc5, 0x0b, 0x0b, 0x7d, 0x0a, 0x0a, 0x09, 0x09, 0x08, 0x08, 0x08, 0x07, 0x07, 0xcb, 0xcb, 0x06, 0x06, 0xac, 0xac, 0xac, 0x05, 0x05, 0x05, 0xca, 0xa0, 0x04, 0x03, 0x03, 0x03, 0x03, 0xaa, 0x03, 0xaa, 0xaa, 0xaa, 0xaa, 0xaa, 0xaa, 0xaa, 0xaa, 0xaa, 0xaa, 0xaa, 0xaa, 0xaa, 0xaa, 0xaa, 0x03, 0xaa, 0x03, 0x03, 0x03, 0x03, 0x04, 0x04, 0xa0, 0x05, 0x05, 0x05, 0xac, 0xac, 0x06, 0x06, 0x06, 0xcb, 0x64, 0x07, 0x07, 0x08, 0x08, 0x08, 0x09, 0x09, 0x0a, 0x7d, 0x0b, 0x0b, 0xc5, 0xc5, 0x0c, 0xc6, 0x7f, 0x0d, 0x0d, 0xb0, 0xb0, 0x0e, 0x0f, 0x10, 0x11, 0x12, 0x12, 0x13, 0x77, 0xa3, 0x14, 0xb3, 0x15, 0x15, 0x78, 0x16, 0x16, 0xb5, 0x17, 0x17, 0xc9, 0x18, 0x19, 0x19, 0x1a, 0xb8, 0x1b, 0x1b, 0xb9, 0x1c, 0x1c, 0x1d, 0x1d, 0x1e, 0x1e, 0x1f, 0xa5, 0x20, 0x21, 0x21, 0x22, 0x23, 0x23, 0x24, 0x24, 0x25, 0x26, 0x27, 0x28, 0x29, 0x69, 0x2b, 0x2b, 0x2c, 0x2c, 0x2d, 0x2e, 0x2f, 0x30, 0x6a, 0x32, 0x33, 0x33, 0x34, 0x35, 0x35, 0x36, 0x36, 0x8d, 0x38, 0x3a, 0x3a, 0x3b, 0x8e, 0x3c, 0x3d, 0x3e, 0x6e, 0x3f, 0x41, 0x41, 0x42, 0x43, 0x44, 0x45, 0x46, 0x46, 0x48, 0x48, 0x49, 0x4a, 0x94, 0x4b, 0x7a, 0x4c, 0x4c, 0x4e, 0x4e, 0x7b, 0x50, 0x50, 0x7c, 0x51, 0x52, 0x72, 0x54, 0x55, 0x55, 0x56, 0x56, 0x73, 0x57, 0x58, 0x58, 0x59, 0xd9, 0x5b, 0x5c, 0x5c, 0x5d, 0x9c, 0x5e, 0x74, 0x60, 0x60, 0x61, 0x61, 0x75, 0x75, 0x63, 0x62, 0x63, 0x63, 0x63, 
  0x63, 0x63, 0x63, 0x62, 0x63, 0x62, 0x62, 0x9e, 0x61, 0x61, 0x60, 0x5f, 0x5f, 0x5e, 0x5d, 0x5c, 0x5c, 0x5b, 0xd9, 0x59, 0x58, 0x58, 0x57, 0x73, 0x73, 0x55, 0x56, 0x55, 0x54, 0x72, 0x52, 0x7c, 0x51, 0x51, 0x50, 0x4f, 0x4e, 0x4e, 0x96, 0x4c, 0x7a, 0x7a, 0x4b, 0x94, 0x4a, 0x49, 0x49, 0x70, 0x70, 0x46, 0x45, 0x45, 0x43, 0x6f, 0x42, 0x40, 0x41, 0x6e, 0xc0, 0x3e, 0x3c, 0x3c, 0x8e, 0x3b, 0x3a, 0x39, 0x6c, 0x37, 0x36, 0x35, 0x35, 0x34, 0x33, 0x32, 0x32, 0x30, 0x2f, 0x2e, 0x2e, 0x2c, 0x2c, 0x2b, 0x2b, 0x69, 0x29, 0x28, 0x27, 0x26, 0x25, 0x24, 0x24, 0x23, 0x23, 0x22, 0x21, 0x21, 0x20, 0x20, 0x1f, 0x1e, 0x1e, 0x1d, 0xcd, 0x1c, 0xb9, 0xb9, 0x1b, 0xb8, 0x1a, 0x1a, 0x19, 0x18, 0x18, 0xc9, 0x17, 0xb5, 0xb5, 0x16, 0x80, 0x78, 0x15, 0xb3, 0x14, 0x14, 0x77, 0x13, 0x13, 0x12, 0x12, 0x11, 0x10, 0x0e, 0x0e, 0xb0, 0xb0, 0x0d, 0x0d, 0x7f, 0xc6, 0x0c, 0x0c, 0xc5, 0xc5, 0x0b, 0x0b, 0x7d, 0x7d, 0x09, 0x09, 0x09, 0x08, 0x08, 0x08, 0x64, 0x07, 0xcb, 0x06, 0x06, 0xac, 0xac, 0xac, 0xac, 0x05, 0x05, 0x05, 0xa0, 0xca, 0xa0, 0xab, 0xab, 0x03, 0x03, 0x03, 0xaa, 0x03, 0xaa, 0x03, 0xaa, 0xaa, 0xaa, 0xaa, 0xaa, 0xaa, 0x03, 0xaa, 0x03, 0x03, 0x03, 0xaa, 0x04, 0x03, 0xab, 0x04, 0x04, 0xa0, 0xa0, 0x05, 0x05, 0xac, 0xac, 0xac, 0xac, 0x06, 0x06, 0xcb, 0xcb, 0x07, 0x07, 0x08, 0x08, 0x08, 0x09, 0x08, 0xd6, 0xae, 0xd6, 0x0b, 0xc5, 0xc5, 0x0c, 0x0c, 0x7f, 0x0d, 0x0d, 0xb0, 0xb0, 0x0e, 0x0e, 0x0f, 0x11, 0x11, 0x12, 0x12, 0xc7, 0xc7, 0x14, 0x14, 0xb3, 0x15, 0xb4, 0x80, 0x16, 0xb5, 0xb5, 0x17, 0xb6, 0x18, 0x18, 0x19, 0x1a, 0x1a, 0xcc, 0x1b, 0x1b, 0xb9, 0x1c, 0x1c, 0x65, 0x1d, 0x1e, 0x1e, 0xce, 0xce, 0x20, 0x21, 0x22, 0xcf, 0x23, 0x24, 0x24, 0x25, 0x68, 0x27, 0x28, 0x28, 0x29, 0x69, 0x2b, 0x79, 0x79, 0x2c, 0x2d, 0x2e, 0x2f, 0x30, 0x30, 0x32, 0x33, 0x33, 0xd1, 0x8c, 0x36, 0x36, 0x37, 0x6c, 0x39, 0x39, 0x3b, 0x3b, 0x6d, 0x3c, 0x3d, 0x3e, 0xc0, 0x40, 0x41, 0x41, 0x6f, 0x43, 0x44, 0x46, 0x45, 0x47, 0x47, 0x49, 0x49, 0x94, 0x94, 0x4b, 0x7a, 0x4c, 0x95, 0x4e, 0x7b, 0x7b, 0x4f, 0xd8, 0x51, 0x52, 0x7c, 0x53, 0x53, 0x54, 0x55, 0x56, 0x56, 0x73, 0x57, 0x58, 0x59, 0x59, 0xa8, 0x5b, 0x5b, 0x5c, 0x5d, 0x5d, 0x9d, 0x5f, 0x60, 0x60, 0x61, 0x61, 0x75, 0x62, 0x62, 0x63, 0x63, 0x63, 0x63, 
  0x63, 0x63, 0x63, 0x63, 0x62, 0x62, 0x75, 0x9e, 0x61, 0x61, 0x60, 0x60, 0x9d, 0x5e, 0x5d, 0x5c, 0x5c, 0x5b, 0xd9, 0x59, 0x59, 0x58, 0x58, 0x73, 0x73, 0x56, 0x55, 0x54, 0x53, 0x53, 0x7c, 0x52, 0x51, 0x51, 0x4f, 0x4f, 0x7b, 0x7b, 0x96, 0x4c, 0x4c, 0x7a, 0x4b, 0xd3, 0x4a, 0x49, 0x48, 0x48, 0x46, 0x46, 0x45, 0x44, 0x44, 0x42, 0x42, 0x41, 0x40, 0x3f, 0x3e, 0x3e, 0x3d, 0x3c, 0x6d, 0x3a, 0x3a, 0x39, 0x8d, 0x37, 0x36, 0x36, 0x35, 0x34, 0x33, 0x32, 0x32, 0x30, 0x30, 0x2f, 0x2e, 0x2c, 0x2c, 0x79, 0x2b, 0x69, 0x29, 0x28, 0x27, 0x26, 0xbc, 0x25, 0x24, 0x23, 0x23, 0x22, 0x22, 0x21, 0x20, 0xce, 0x1f, 0x1f, 0x1e, 0x1e, 0x1d, 0x1c, 0x1c, 0xb9, 0x1b, 0x83, 0x1a, 0x1a, 0x19, 0x18, 0x18, 0xb6, 0xc9, 0xb5, 0xb5, 0x16, 0x16, 0xb4, 0x15, 0xb3, 0xb3, 0x14, 0x77, 0x77, 0x13, 0x12, 0x12, 0x11, 0x11, 0x0f, 0x0e, 0x0e, 0xb0, 0xb0, 0xb0, 0x7f, 0x7f, 0xc6, 0x0c, 0xc5, 0xc5, 0xc5, 0x0b, 0x0b, 0x7d, 0x0a, 0x09, 0x09, 0x09, 0x08, 0x07, 0x08, 0x07, 0x07, 0xcb, 0x06, 0x06, 0xac, 0xac, 0xac, 0xac, 0x05, 0x05, 0x05, 0x05, 0xa0, 0x04, 0xca, 0x04, 0x04, 0xaa, 0x03, 0xaa, 0x03, 0xaa, 0x03, 0x03, 0x03, 0xaa, 0x03, 0x03, 0xaa, 0x03, 0x03, 0x03, 0x03, 0xab, 0x03, 0xab, 0x04, 0xa0, 0xa0, 0xa0, 0x05, 0x05, 0x05, 0xac, 0xac, 0xac, 0x06, 0x06, 0xad, 0xcb, 0x07, 0x07, 0x07, 0x08, 0x08, 0x08, 0x09, 0x09, 0x0a, 0x7d, 0xc5, 0x0b, 0xc5, 0xc5, 0x0c, 0x7e, 0x7f, 0x0d, 0xb0, 0xb0, 0xb0, 0x0e, 0x0e, 0x10, 0x11, 0x11, 0x12, 0x13, 0xb2, 0x77, 0x14, 0xb3, 0xb3, 0x15, 0xc8, 0x16, 0x16, 0xb5, 0xb5, 0x17, 0x81, 0x18, 0x19, 0x19, 0x1a, 0x1a, 0x83, 0x1b, 0xb9, 0xb9, 0x1c, 0xcd, 0x1d, 0x1e, 0x1e, 0x1f, 0xce, 0x20, 0x21, 0x21, 0x21, 0x23, 0xcf, 0x24, 0x24, 0x24, 0x26, 0x26, 0x28, 0x28, 0x29, 0x2a, 0x79, 0x79, 0x2c, 0x2c, 0x2e, 0x2f, 0x2f, 0x30, 0x6a, 0x32, 0x33, 0x33, 0x34, 0x6b, 0x36, 0x36, 0x37, 0x6c, 0x39, 0x3a, 0x3a, 0xbf, 0x6d, 0x3d, 0x3d, 0x3e, 0x3f, 0x40, 0x41, 0x42, 0x42, 0x44, 0x44, 0x45, 0x46, 0x70, 0x48, 0x49, 0x49, 0x4a, 0x71, 0x4b, 0x7a, 0x4c, 0x96, 0xd7, 0x7b, 0x4f, 0x4f, 0x98, 0x7c, 0x7c, 0x52, 0x72, 0x54, 0x54, 0x56, 0x55, 0x73, 0x73, 0x58, 0x57, 0x59, 0x59, 0x5a, 0x5c, 0x5b, 0x5d, 0x5c, 0x5e, 0x9d, 0x5f, 0x60, 0x60, 0x61, 0x9e, 0x75, 0x62, 0x62, 0x62, 0x63, 0x63, 0x63, 
  0x63, 0x63, 0x63, 0x62, 0x63, 0x62, 0x62, 0x9e, 0x61, 0x60, 0x60, 0x60, 0x5f, 0x5e, 0x5d, 0x5c, 0x5c, 0x5b, 0xa8, 0x59, 0x59, 0x58, 0x57, 0x57, 0xc2, 0x56, 0x55, 0x55, 0x54, 0x72, 0xc1, 0x7c, 0x7c, 0xd8, 0x50, 0x4f, 0x7b, 0x4e, 0x4e, 0x4c, 0x4c, 0x7a, 0x4b, 0x71, 0x4a, 0x4a, 0x49, 0x48, 0x47, 0x46, 0x45, 0x45, 0x44, 0x6f, 0x42, 0x41, 0x41, 0x3f, 0x6e, 0x3d, 0x3d, 0x3c, 0x8e, 0xbf, 0x3a, 0x39, 0x39, 0x37, 0x36, 0x36, 0xd1, 0xd1, 0x33, 0x33, 0x31, 0x30, 0x30, 0x2e, 0x2e, 0x89, 0x2c, 0x79, 0x2b, 0x2a, 0x29, 0x28, 0x28, 0x27, 0x68, 0x25, 0x24, 0x24, 0x23, 0xcf, 0x22, 0x21, 0x21, 0x20, 0xce, 0x1f, 0x1e, 0x1e, 0xcd, 0xa4, 0x1c, 0x1b, 0xb9, 0x83, 0x83, 0x1a, 0x19, 0x19, 0x18, 0x81, 0xb6, 0xb5, 0xb5, 0x16, 0x16, 0x78, 0x15, 0x15, 0xb3, 0xb3, 0x14, 0xc7, 0x13, 0x13, 0x12, 0x12, 0x11, 0x10, 0xb1, 0x0e, 0xb0, 0xb0, 0x0d, 0x0d, 0x7f, 0x7f, 0x7e, 0x0c, 0x0c, 0xc5, 0x0b, 0xc5, 0x0b, 0x7d, 0x0a, 0x0a, 0x09, 0x08, 0x08, 0x08, 0x07, 0x07, 0x64, 0xcb, 0x06, 0x06, 0xac, 0xac, 0xac, 0xac, 0x05, 0x05, 0x05, 0x05, 0xa0, 0xa0, 0x04, 0x04, 0x03, 0x04, 0x03, 0x03, 0xab, 0x03, 0x03, 0x03, 0x03, 0x03, 0x03, 0x04, 0x03, 0x03, 0x03, 0xab, 0x04, 0xca, 0xa0, 0xca, 0x05, 0x05, 0x05, 0x05, 0xac, 0xac, 0xac, 0x06, 0x06, 0x06, 0xcb, 0x64, 0x07, 0x07, 0x07, 0x08, 0x08, 0x08, 0x09, 0x08, 0x7d, 0x7d, 0x0b, 0x0b, 0x0b, 0xc5, 0xc5, 0xc6, 0xc6, 0x0d, 0x0d, 0xb0, 0xb0, 0x0e, 0x0e, 0x0f, 0x11, 0x11, 0x12, 0x13, 0x13, 0x77, 0x14, 0x14, 0xb3, 0xb3, 0xb4, 0xb4, 0x16, 0x16, 0xb5, 0x17, 0xb6, 0x81, 0x18, 0x19, 0x19, 0x1a, 0xb8, 0x1b, 0x1b, 0xb9, 0x1c, 0x1c, 0x65, 0x1d, 0x1e, 0x1e, 0x1f, 0x1f, 0x20, 0x21, 0x21, 0xbb, 0x23, 0x23, 0x24, 0x24, 0x26, 0x86, 0x28, 0x28, 0x29, 0x69, 0x2b, 0x2b, 0x79, 0x2c, 0x2d, 0x2e, 0x2f, 0x2f, 0x6a, 0xa6, 0x32, 0x33, 0x34, 0x8b, 0x35, 0x36, 0x36, 0x37, 0x38, 0x39, 0x3a, 0x3b, 0x3b, 0x6d, 0x3c, 0x3e, 0x3e, 0x6e, 0x41, 0x41, 0x42, 0x6f, 0x44, 0x44, 0x46, 0x46, 0xa7, 0x48, 0x49, 0x4a, 0x93, 0x71, 0x7a, 0x7a, 0x4c, 0x4c, 0x4e, 0x7b, 0x7b, 0x50, 0xd8, 0x7c, 0x7c, 0x72, 0x53, 0x54, 0x55, 0x55, 0x56, 0x56, 0x73, 0x57, 0x58, 0x59, 0x59, 0x5b, 0x5b, 0x5c, 0x5c, 0x5d, 0x5d, 0x5e, 0x5f, 0x60, 0x60, 0x61, 0x61, 0x75, 0x62, 0x62, 0x63, 0x63, 0x63, 0x63, 
  0x63, 0x63, 0x63, 0x63, 0x62, 0x62, 0x62, 0x75, 0x61, 0x61, 0x60, 0x5f, 0x5f, 0x5e, 0x9c, 0x5c, 0x5c, 0x5b, 0xd9, 0xa8, 0x58, 0x59, 0x57, 0x57, 0x73, 0x56, 0x55, 0x55, 0x54, 0x53, 0x52, 0x7c, 0x51, 0x51, 0x97, 0x4f, 0x7b, 0x4e, 0x4e, 0x4c, 0x4c, 0x7a, 0x4b, 0x71, 0x4a, 0x49, 0x49, 0x48, 0x70, 0x46, 0x46, 0x44, 0x44, 0x90, 0x42, 0x41, 0x41, 0x3f, 0x8f, 0x3e, 0x3d, 0x3c, 0x6d, 0x3b, 0x3b, 0x39, 0x38, 0x6c, 0x36, 0x36, 0x35, 0x34, 0x34, 0x33, 0x32, 0x30, 0x30, 0x2f, 0x2e, 0x2c, 0x2c, 0x79, 0x79, 0x2a, 0x87, 0x29, 0x28, 0x27, 0x86, 0x25, 0x24, 0x24, 0x23, 0xcf, 0x22, 0x21, 0x21, 0x20, 0xce, 0xce, 0x1e, 0x1e, 0x1d, 0x1c, 0x1c, 0xb9, 0xb9, 0x1b, 0x83, 0x1a, 0x1a, 0x19, 0x18, 0x18, 0xc9, 0xb6, 0xb5, 0xb5, 0x16, 0x80, 0xc8, 0x15, 0xb3, 0xb3, 0x14, 0x14, 0xb2, 0x13, 0x12, 0x12, 0x11, 0x10, 0x0f, 0xb1, 0x0e, 0xb0, 0xb0, 0xb0, 0x0d, 0x0d, 0xc6, 0x0c, 0x0c, 0xc5, 0xc5, 0xc5, 0x0b, 0x0b, 0x0a, 0x0a, 0x09, 0x09, 0x08, 0x08, 0x08, 0x08, 0x07, 0x07, 0xad, 0x06, 0xad, 0xac, 0xac, 0xac, 0xac, 0xac, 0xac, 0x05, 0x05, 0x05, 0xa0, 0xca, 0xca, 0xca, 0x04, 0x04, 0xab, 0xab, 0x04, 0x03, 0x04, 0x04, 0x04, 0x04, 0xab, 0x04, 0xa0, 0xca, 0xa0, 0x05, 0xa0, 0x05, 0x05, 0x05, 0xac, 0xac, 0xac, 0xac, 0x06, 0xac, 0x06, 0xcb, 0xcb, 0x07, 0x07, 0x08, 0x08, 0x08, 0x08, 0x08, 0x09, 0x7d, 0x7d, 0x0b, 0x0b, 0xc5, 0xc5, 0xc5, 0xc6, 0x7f, 0x0d, 0x0d, 0xb0, 0xb0, 0x0e, 0x0e, 0x0f, 0x10, 0x11, 0x12, 0x12, 0x13, 0x13, 0x77, 0x14, 0xb3, 0xb3, 0x15, 0xb4, 0x16, 0x16, 0xb5, 0xb5, 0x17, 0xc9, 0x18, 0x19, 0x19, 0x1a, 0xb8, 0xcc, 0x1b, 0xb9, 0xb9, 0x1c, 0x1c, 0x1d, 0x1d, 0x1e, 0x1e, 0x1f, 0x66, 0xa5, 0x21, 0x21, 0x22, 0x23, 0x23, 0x24, 0x24, 0x68, 0x26, 0x27, 0x28, 0x29, 0x2a, 0x2b, 0x79, 0x2c, 0x2c, 0x2d, 0x2e, 0x2f, 0x2f, 0x6a, 0x31, 0x32, 0x33, 0x34, 0xd1, 0x35, 0x36, 0x36, 0xbe, 0x38, 0x39, 0x3a, 0x3b, 0x8e, 0x3c, 0x3d, 0x3d, 0x6e, 0x40, 0x40, 0x41, 0x42, 0x43, 0x44, 0x45, 0x45, 0x46, 0x47, 0x48, 0x49, 0x49, 0x94, 0x94, 0x7a, 0x7a, 0x4c, 0x96, 0x4e, 0x7b, 0x4f, 0x50, 0x98, 0x7c, 0x7c, 0x52, 0x72, 0x54, 0x55, 0x56, 0x56, 0x73, 0x57, 0x58, 0x58, 0x58, 0x5a, 0xa8, 0x5b, 0x5c, 0x5c, 0x5d, 0x5e, 0x9d, 0x5f, 0x60, 0x60, 0x61, 0x9e, 0x62, 0x62, 0x63, 0x62, 0x63, 0x63, 0x63, 
  0x63, 0x63, 0x63, 0x63, 0x62, 0x63, 0x9e, 0x75, 0x61, 0x61, 0x60, 0x60, 0x5f, 0x5e, 0x5d, 0x5c, 0x5c, 0x5b, 0x5b, 0x5a, 0x59, 0x58, 0x57, 0x57, 0x73, 0x56, 0x56, 0x55, 0x54, 0x53, 0x52, 0x7c, 0x7c, 0x51, 0x50, 0x4f, 0x7b, 0x7b, 0xd7, 0x96, 0x4c, 0x7a, 0x7a, 0x71, 0x4a, 0x4a, 0x49, 0x48, 0xa7, 0x46, 0x45, 0x45, 0x44, 0x91, 0x42, 0x41, 0x41, 0x3f, 0x3f, 0x3d, 0x3d, 0x3d, 0x6d, 0x3b, 0x3a, 0x39, 0x39, 0x37, 0x37, 0x35, 0x36, 0x34, 0x34, 0x32, 0x32, 0xa6, 0x30, 0x2f, 0x2e, 0x2d, 0x2c, 0x79, 0x79, 0x2b, 0x69, 0x29, 0x28, 0x27, 0x27, 0x25, 0x24, 0x24, 0x23, 0x23, 0x22, 0x21, 0x21, 0x20, 0x20, 0x1f, 0x1e, 0x1e, 0x1d, 0x1d, 0x1c, 0xb9, 0xb9, 0x1b, 0x1b, 0xb7, 0x1a, 0x19, 0x19, 0x18, 0x81, 0xb6, 0x17, 0xb5, 0x16, 0x16, 0x80, 0x15, 0x15, 0xb3, 0xb3, 0x77, 0x14, 0xb2, 0x13, 0x12, 0x12, 0x11, 0x10, 0x0f, 0x0e, 0x0e, 0xb0, 0x0d, 0xb0, 0x0d, 0x7f, 0x7f, 0xc6, 0x0c, 0xc5, 0xc5, 0xc5, 0x0b, 0x0b, 0x7d, 0x09, 0x09, 0x09, 0x08, 0x08, 0x07, 0x08, 0x07, 0x07, 0xa1, 0x06, 0x06, 0x06, 0xac, 0xac, 0xac, 0x05, 0xac, 0x05, 0x05, 0x05, 0x05, 0xa0, 0xa0, 0xa0, 0xca, 0xa0, 0x04, 0xa0, 0x04, 0x04, 0xca, 0x04, 0x04, 0xa0, 0x05, 0xca, 0x05, 0x05, 0x05, 0x05, 0x05, 0x05, 0xac, 0xac, 0xac, 0xac, 0x06, 0x06, 0x06, 0xcb, 0xcb, 0x07, 0x07, 0x07, 0x08, 0x08, 0x08, 0x08, 0xae, 0xae, 0x0a, 0x0b, 0x0b, 0xc5, 0xc5, 0xc5, 0x7e, 0xc6, 0x0d, 0x0d, 0x0d, 0xb0, 0xb0, 0x0e, 0x0e, 0x0f, 0x11, 0x11, 0x12, 0x12, 0x13, 0x13, 0x77, 0x14, 0xb3, 0xb3, 0x15, 0x80, 0x80, 0x16, 0xb5, 0x17, 0xb6, 0x81, 0x18, 0x19, 0x19, 0x1a, 0x1a, 0x1b, 0x1b, 0xb9, 0xb9, 0x1c, 0x1c, 0x1d, 0x1e, 0x1e, 0x1f, 0x1f, 0xa5, 0x20, 0x21, 0x22, 0xbb, 0x23, 0x24, 0x24, 0x86, 0x68, 0x26, 0x28, 0x29, 0x29, 0x2a, 0x2b, 0x79, 0x2c, 0x2c, 0x2d, 0x2e, 0x2f, 0x8a, 0x6a, 0x31, 0x33, 0x33, 0x34, 0x35, 0x35, 0x36, 0x37, 0x8d, 0x38, 0x39, 0x3b, 0x3b, 0x8e, 0x3d, 0x3d, 0x3e, 0x6e, 0x40, 0x40, 0x42, 0x42, 0x43, 0x44, 0x45, 0x46, 0x70, 0x47, 0x48, 0x4a, 0x4a, 0x94, 0x4b, 0x7a, 0x4c, 0x4c, 0x96, 0x7b, 0x7b, 0x4f, 0x4f, 0x51, 0x7c, 0x7c, 0x72, 0x53, 0x54, 0x55, 0x55, 0x56, 0x73, 0x57, 0x58, 0x58, 0x59, 0x5a, 0x5b, 0x5b, 0x5c, 0x5c, 0x9c, 0x9c, 0x5f, 0x5f, 0x60, 0x60, 0x61, 0x61, 0x75, 0x62, 0x62, 0x63, 0x63, 0x63, 0x63, 
  0x63, 0x63, 0x63, 0x62, 0x63, 0x62, 0x62, 0x75, 0x61, 0x61, 0x60, 0x60, 0x5f, 0x5e, 0x5d, 0x5d, 0x5c, 0x5b, 0x5b, 0x5a, 0x59, 0x58, 0x58, 0x57, 0x73, 0xc2, 0x55, 0x55, 0x53, 0x53, 0x72, 0x7c, 0x7c, 0x51, 0x97, 0x97, 0x7b, 0x7b, 0x4e, 0x4d, 0x4c, 0x7a, 0x4b, 0x4b, 0x4a, 0x4a, 0x49, 0x48, 0x47, 0x70, 0x45, 0x45, 0x44, 0x91, 0x90, 0x41, 0x41, 0x40, 0x3f, 0x3e, 0x3d, 0x3c, 0x6d, 0x3b, 0x3b, 0x3a, 0x39, 0x37, 0x37, 0x36, 0x35, 0xd1, 0x34, 0x34, 0x32, 0x31, 0x6a, 0x2f, 0x2f, 0x2d, 0x89, 0x79, 0x79, 0x2b, 0x87, 0xbd, 0x28, 0x28, 0x26, 0x86, 0x25, 0x24, 0x24, 0x23, 0xcf, 0x22, 0x21, 0x21, 0x20, 0xce, 0x1f, 0x1e, 0x1e, 0x65, 0xa4, 0xb9, 0xb9, 0x1b, 0x1b, 0x83, 0xb7, 0x19, 0x19, 0x18, 0x18, 0xc9, 0x17, 0xb5, 0xb5, 0x16, 0x16, 0xc8, 0x15, 0xb3, 0xb3, 0x14, 0xa3, 0xb2, 0xb2, 0x12, 0x12, 0x12, 0x10, 0xa2, 0xb1, 0xb1, 0xb0, 0xb0, 0xb0, 0x0d, 0x0d, 0x7f, 0xc6, 0x7e, 0xc5, 0x0c, 0xc5, 0xc5, 0x0b, 0x0b, 0x7d, 0xae, 0xae, 0x08, 0x08, 0x08, 0x07, 0x07, 0x07, 0xa1, 0xad, 0xad, 0xac, 0x06, 0xac, 0xac, 0xac, 0x05, 0xac, 0x05, 0x05, 0x05, 0x05, 0x05, 0x05, 0x05, 0x05, 0xa0, 0x05, 0xa0, 0xa0, 0xa0, 0xa0, 0x05, 0xa0, 0xa0, 0x05, 0x05, 0x05, 0x05, 0xac, 0xac, 0xac, 0xac, 0xac, 0x06, 0x06, 0x06, 0x06, 0xcb, 0x07, 0x07, 0x07, 0x07, 0x08, 0x08, 0x08, 0x09, 0x09, 0xae, 0x7d, 0x7d, 0x0b, 0x0b, 0xc5, 0xc5, 0x0c, 0xc6, 0x7f, 0x0d, 0x0d, 0xb0, 0xb0, 0x0e, 0x0e, 0x0f, 0x10, 0x11, 0x12, 0x12, 0x13, 0xb2, 0x77, 0x14, 0x14, 0xb3, 0x15, 0x15, 0x80, 0x16, 0xb5, 0xb5, 0x17, 0xc9, 0x81, 0x19, 0x19, 0x1a, 0x1a, 0x83, 0x1b, 0x1b, 0xb9, 0x1c, 0x1c, 0x1d, 0x1d, 0x1e, 0x1e, 0x1e, 0x84, 0xa5, 0x21, 0x21, 0x22, 0x85, 0x23, 0x24, 0x24, 0xbc, 0x26, 0x27, 0x28, 0x29, 0x69, 0x2a, 0x79, 0x79, 0x2c, 0x89, 0x2e, 0x2f, 0x2f, 0x30, 0xa6, 0x31, 0x33, 0x33, 0x34, 0x8b, 0x36, 0x35, 0x37, 0x6c, 0x39, 0x3a, 0x3a, 0x3b, 0x3c, 0x3c, 0x3d, 0x3e, 0x3f, 0x40, 0x41, 0x41, 0x6f, 0x43, 0x45, 0x45, 0x46, 0x92, 0x47, 0x49, 0x49, 0x4a, 0x94, 0x4b, 0x4b, 0x4c, 0x4d, 0xd7, 0x4e, 0x7b, 0x4f, 0x50, 0x51, 0x7c, 0x7c, 0xc1, 0x53, 0x54, 0x55, 0x55, 0x56, 0x57, 0x73, 0x58, 0x58, 0x59, 0x59, 0x5b, 0x5c, 0x5c, 0x5c, 0x5d, 0x5e, 0x5f, 0x5f, 0x60, 0x61, 0x61, 0x75, 0x61, 0x63, 0x62, 0x63, 0x63, 0x63, 0x63, 
  0x63, 0x63, 0x63, 0x63, 0x63, 0x62, 0x62, 0x75, 0x9e, 0x61, 0x60, 0x60, 0x5f, 0x9d, 0x5e, 0x5d, 0x5c, 0x5b, 0x5b, 0x5a, 0x59, 0x58, 0x58, 0x57, 0x73, 0xc2, 0x56, 0x55, 0x54, 0x53, 0x52, 0x7c, 0x7c, 0x51, 0x98, 0x4f, 0x7b, 0x7b, 0x4e, 0xd7, 0x4c, 0x7a, 0x7a, 0x4b, 0x94, 0x4a, 0x49, 0x49, 0x47, 0x70, 0x46, 0x45, 0x44, 0x43, 0x90, 0x41, 0x41, 0x40, 0x3f, 0x3e, 0x3d, 0x3d, 0x3c, 0xbf, 0x3b, 0x39, 0x39, 0x6c, 0x37, 0x36, 0x35, 0x35, 0x34, 0x33, 0x32, 0x32, 0x30, 0x2f, 0x2f, 0x89, 0x88, 0x2c, 0x79, 0x2b, 0x2a, 0x29, 0x28, 0x28, 0x26, 0x26, 0x25, 0x24, 0x24, 0x23, 0x23, 0x21, 0x22, 0x20, 0x21, 0x1f, 0x1f, 0x1e, 0x1e, 0x1d, 0xa4, 0x1c, 0xb9, 0xb9, 0x1b, 0x1b, 0xb8, 0x1a, 0x19, 0x19, 0x18, 0x81, 0xc9, 0x17, 0xb5, 0xb5, 0x16, 0x80, 0x15, 0x15, 0xb3, 0xb3, 0x14, 0x77, 0x77, 0x13, 0x12, 0x12, 0x11, 0x10, 0xa2, 0xb1, 0x0e, 0x0e, 0xb0, 0xb0, 0x0d, 0x0d, 0x0d, 0x7f, 0xc6, 0x0c, 0xc5, 0xc5, 0x0b, 0xc5, 0x0a, 0x0b, 0xae, 0xae, 0x08, 0x08, 0x08, 0x08, 0x07, 0x07, 0x07, 0xa1, 0xcb, 0xad, 0x06, 0xac, 0x06, 0xac, 0xac, 0xac, 0xac, 0x05, 0x05, 0xac, 0x05, 0x05, 0x05, 0x05, 0x05, 0x05, 0x05, 0x05, 0x05, 0x05, 0x05, 0x05, 0xac, 0x05, 0xac, 0xac, 0xac, 0xac, 0xac, 0xac, 0x06, 0xac, 0x06, 0x06, 0xcb, 0x07, 0x07, 0x07, 0x08, 0x08, 0x08, 0x08, 0x09, 0x09, 0x09, 0x0a, 0x7d, 0x0b, 0x0b, 0xc5, 0xc5, 0x0c, 0xc6, 0xc6, 0x0d, 0x0d, 0xb0, 0xb0, 0x0e, 0x0e, 0x0f, 0x10, 0x11, 0x12, 0x12, 0x12, 0xb2, 0x77, 0xa3, 0x14, 0xb3, 0xb3, 0x15, 0xb4, 0x16, 0x16, 0xb5, 0xb5, 0xc9, 0x81, 0x18, 0x19, 0x19, 0x1a, 0x1a, 0x1b, 0x1b, 0xb9, 0xb9, 0x1c, 0xba, 0x1d, 0x1d, 0x1e, 0x1e, 0x84, 0xa5, 0x20, 0x21, 0x21, 0xbb, 0x23, 0x23, 0x24, 0x25, 0x68, 0x26, 0x27, 0x29, 0x28, 0x2a, 0x2a, 0x79, 0x79, 0x88, 0x89, 0x2e, 0x2f, 0x2f, 0x8a, 0x31, 0x32, 0x33, 0x34, 0x8b, 0x35, 0x36, 0x36, 0xbe, 0x8d, 0x39, 0x3a, 0x3b, 0x8e, 0x3c, 0x3c, 0x3e, 0x3e, 0x3f, 0x40, 0x41, 0x42, 0x6f, 0x43, 0x45, 0x45, 0x92, 0x92, 0x48, 0x49, 0x49, 0x93, 0x71, 0x4b, 0x7a, 0x4c, 0x95, 0x4e, 0x7b, 0x7b, 0x50, 0xd8, 0x51, 0x7c, 0x52, 0x72, 0x53, 0x55, 0x55, 0x56, 0x9a, 0x73, 0x57, 0x58, 0x58, 0x9b, 0x5a, 0x5b, 0x5b, 0x5c, 0x5d, 0x5d, 0x5e, 0x5f, 0x5f, 0x60, 0x61, 0x61, 0x9e, 0x62, 0x62, 0x62, 0x63, 0x63, 0x63, 0x63, 
  0x63, 0x63, 0x63, 0x63, 0x62, 0x63, 0x62, 0x62, 0x61, 0x61, 0x60, 0x60, 0x5f, 0x9d, 0x5e, 0x5c, 0x5d, 0x5b, 0x5b, 0xd9, 0x59, 0x59, 0x58, 0x57, 0x57, 0x56, 0x56, 0x55, 0x54, 0x53, 0x53, 0x7c, 0x7c, 0x7c, 0x98, 0x4f, 0x4f, 0x7b, 0x4e, 0x96, 0x4d, 0x7a, 0x7a, 0x4b, 0x94, 0x4a, 0x49, 0x48, 0x47, 0x70, 0x46, 0x45, 0x45, 0x43, 0x90, 0x90, 0x41, 0x40, 0x3f, 0x6e, 0x3d, 0x3d, 0x3c, 0x3b, 0x3b, 0x3a, 0x39, 0x6c, 0x37, 0x36, 0x36, 0x8c, 0xd1, 0x33, 0x33, 0x31, 0x8a, 0x30, 0x2f, 0x2e, 0x89, 0x2c, 0x79, 0x79, 0x2b, 0x69, 0x29, 0x28, 0x28, 0x68, 0x68, 0x24, 0x24, 0x23, 0x23, 0xcf, 0x21, 0x21, 0x20, 0xce, 0xa5, 0x1e, 0x1e, 0x1e, 0x1d, 0xba, 0x1c, 0xb9, 0xb9, 0x1b, 0x83, 0x1a, 0x1a, 0x19, 0x18, 0x18, 0x17, 0x17, 0xb5, 0xb5, 0x16, 0x16, 0xc8, 0x15, 0x15, 0x14, 0xb3, 0x14, 0x77, 0xb2, 0xb2, 0x12, 0x12, 0x11, 0x11, 0x0f, 0x0f, 0xb0, 0x0e, 0xb0, 0xb0, 0x0d, 0x0d, 0x7f, 0x7f, 0x7e, 0x0c, 0x0c, 0xc5, 0xc5, 0x0b, 0x0b, 0x7d, 0xae, 0x09, 0xae, 0x08, 0x08, 0x08, 0x08, 0x07, 0x07, 0xa1, 0xcb, 0xad, 0x06, 0xac, 0x06, 0xac, 0xac, 0xac, 0xac, 0xac, 0xac, 0xac, 0x05, 0xac, 0x05, 0xac, 0x05, 0x05, 0xac, 0x05, 0xac, 0xac, 0xac, 0xac, 0xac, 0xac, 0xac, 0xac, 0xac, 0x06, 0x06, 0x06, 0xad, 0x64, 0xa1, 0x07, 0xa1, 0x08, 0x07, 0x08, 0x08, 0x08, 0x09, 0xae, 0x0a, 0x7d, 0x0b, 0x0b, 0x0b, 0xc5, 0xc5, 0x0c, 0x0c, 0x7f, 0x0d, 0x0d, 0x0d, 0xb0, 0xb0, 0x0e, 0x0e, 0x0f, 0x11, 0x11, 0x12, 0x12, 0x13, 0xb2, 0x77, 0x14, 0xb3, 0xb3, 0x15, 0xb4, 0x80, 0x16, 0xb5, 0xb5, 0x17, 0xb6, 0x18, 0x18, 0x19, 0x1a, 0x1a, 0xb8, 0x1b, 0x1b, 0xb9, 0xb9, 0x1c, 0x65, 0xa4, 0x1e, 0x1e, 0x1e, 0x1f, 0x20, 0x20, 0x21, 0x21, 0x22, 0x23, 0x24, 0x24, 0x25, 0x68, 0x27, 0x28, 0x28, 0xbd, 0x2a, 0x2b, 0x79, 0x2c, 0x88, 0x2d, 0x2e, 0x2f, 0x8a, 0x8a, 0x31, 0x33, 0x33, 0x33, 0x8c, 0x35, 0x36, 0x36, 0x37, 0x38, 0x39, 0x3a, 0x3b, 0x8e, 0x3c, 0x3d, 0x3d, 0x3e, 0x3f, 0x40, 0x41, 0x42, 0x91, 0x43, 0x45, 0x45, 0x92, 0xa7, 0x48, 0x49, 0x4a, 0x93, 0x71, 0x7a, 0x7a, 0x4c, 0x4d, 0x4e, 0x7b, 0x7b, 0x4f, 0x50, 0x7c, 0x51, 0x52, 0x72, 0x53, 0x55, 0x55, 0x56, 0xc2, 0x57, 0x57, 0x58, 0x59, 0x59, 0xa8, 0x5b, 0x5c, 0x5c, 0x5d, 0x5d, 0x9d, 0x5f, 0x60, 0x60, 0x61, 0x61, 0x9e, 0xd5, 0x63, 0x62, 0x63, 0x63, 0x63, 0x63, 
  0x63, 0x63, 0x63, 0x63, 0x63, 0x62, 0x62, 0x62, 0x75, 0x61, 0x61, 0x60, 0x5f, 0x5f, 0x5e, 0x5d, 0x5c, 0x5c, 0x5b, 0xa8, 0x59, 0x58, 0x58, 0x57, 0x73, 0x73, 0x55, 0x55, 0x54, 0x53, 0x99, 0x7c, 0x7c, 0x51, 0xd8, 0x50, 0x4f, 0x4e, 0x7b, 0x96, 0x4c, 0x4c, 0x7a, 0x4b, 0x94, 0x4a, 0x4a, 0x49, 0x48, 0x70, 0x46, 0x45, 0x45, 0x91, 0x90, 0x42, 0x41, 0x40, 0x3f, 0xc0, 0x3e, 0x3d, 0x3c, 0x6d, 0x3b, 0x3a, 0x3a, 0x38, 0x37, 0x36, 0x36, 0x6b, 0x8b, 0x33, 0x33, 0x31, 0x8a, 0x2f, 0x2f, 0x2e, 0x89, 0x88, 0x79, 0x79, 0x2a, 0x2a, 0x29, 0x28, 0x27, 0x26, 0x68, 0x25, 0x24, 0x24, 0x23, 0xcf, 0x22, 0x21, 0x20, 0x20, 0xce, 0x1f, 0x1e, 0x1e, 0xa4, 0xba, 0x1c, 0xb9, 0xb9, 0x1b, 0x1b, 0x1a, 0x1a, 0x19, 0x19, 0x18, 0x81, 0xb6, 0x17, 0xb5, 0xb5, 0x16, 0x80, 0xb4, 0xb3, 0x15, 0x14, 0xb3, 0x77, 0xa3, 0x13, 0x13, 0x12, 0x12, 0x11, 0x10, 0xa2, 0xb1, 0x0e, 0xb0, 0xb0, 0xb0, 0xb0, 0x0d, 0x7f, 0xc6, 0xc6, 0x0c, 0xc5, 0xc5, 0x0b, 0x0b, 0x0b, 0x7d, 0xae, 0x09, 0x08, 0x08, 0x08, 0x07, 0x08, 0x07, 0x07, 0xa1, 0xa1, 0xcb, 0xad, 0x06, 0x06, 0x06, 0xac, 0xac, 0xac, 0xac, 0xac, 0xac, 0xac, 0xac, 0xac, 0xac, 0xac, 0x05, 0xac, 0xac, 0xac, 0xac, 0xac, 0xac, 0xac, 0x06, 0x06, 0x06, 0x06, 0xad, 0xcb, 0xa1, 0x07, 0x07, 0x07, 0x08, 0x07, 0x08, 0x08, 0x08, 0x09, 0x08, 0x7d, 0x7d, 0x0b, 0x0b, 0x0b, 0xc5, 0xc5, 0x0c, 0x0c, 0xc6, 0x7f, 0x0d, 0x0d, 0xb0, 0x0e, 0x0e, 0xb1, 0x10, 0x10, 0x11, 0x12, 0x12, 0x13, 0x12, 0x14, 0xa3, 0x14, 0xb3, 0xb3, 0x15, 0xb4, 0x80, 0x16, 0xb5, 0xb5, 0xb6, 0xc9, 0x18, 0x19, 0x19, 0x1a, 0x1a, 0x83, 0x1b, 0x1b, 0x1c, 0xb9, 0x65, 0xa4, 0x1d, 0x1e, 0x1e, 0x1f, 0x84, 0x20, 0x20, 0x21, 0x22, 0xbb, 0x23, 0x24, 0x24, 0x86, 0x26, 0x27, 0x28, 0x29, 0x69, 0x2b, 0x79, 0x79, 0x2c, 0x89, 0x2e, 0x2f, 0x2f, 0x30, 0xa6, 0x31, 0x33, 0x33, 0x8b, 0x8c, 0x35, 0x36, 0x36, 0x38, 0x38, 0x3a, 0x3a, 0x3b, 0x6d, 0x3c, 0x3d, 0x3e, 0x6e, 0x3f, 0x41, 0x41, 0x42, 0x91, 0x44, 0x45, 0x46, 0x92, 0xa7, 0x49, 0x49, 0x4a, 0x4a, 0x4b, 0x4b, 0x7a, 0x4c, 0x96, 0x4e, 0x7b, 0x4f, 0x4f, 0x51, 0x51, 0x52, 0x52, 0x72, 0x54, 0x55, 0x55, 0x56, 0x73, 0x73, 0x57, 0x58, 0x58, 0x9b, 0x5a, 0x5b, 0x5c, 0x5c, 0x5d, 0x5d, 0x5f, 0x5f, 0x60, 0x60, 0x61, 0x61, 0x75, 0x62, 0x62, 0x63, 0x63, 0x63, 0x63, 0x63, 
  0x63, 0x63, 0x63, 0x63, 0x62, 0x63, 0x62, 0x62, 0x9e, 0x9e, 0x60, 0x61, 0x5f, 0x5f, 0x5e, 0x5d, 0x5c, 0x5c, 0x5b, 0xd9, 0x59, 0x59, 0x58, 0x58, 0x73, 0xc2, 0x9a, 0x55, 0x54, 0x54, 0x72, 0x52, 0x7c, 0x7c, 0x51, 0x98, 0x7b, 0x4f, 0x4e, 0xd7, 0x4c, 0x4c, 0x7a, 0x4b, 0x71, 0x4a, 0x4a, 0x49, 0x48, 0xa7, 0x92, 0x45, 0x44, 0x44, 0x90, 0x42, 0x41, 0x41, 0x3f, 0x3e, 0x3e, 0x3d, 0x3c, 0x6d, 0x3b, 0x3a, 0x39, 0x39, 0x6c, 0x37, 0x36, 0x35, 0xd1, 0x34, 0x33, 0x32, 0xa6, 0x8a, 0x2f, 0x2f, 0x2d, 0x89, 0x2c, 0x79, 0x2b, 0x2a, 0x87, 0x28, 0x28, 0x27, 0x86, 0x25, 0x24, 0x24, 0x23, 0x85, 0x22, 0x21, 0x21, 0x20, 0xa5, 0x84, 0x1e, 0x1e, 0x1d, 0xa4, 0xba, 0x1c, 0xb9, 0x1b, 0x1b, 0xb8, 0x1a, 0x1a, 0x19, 0x18, 0x18, 0x81, 0x17, 0x17, 0xb5, 0xb5, 0x16, 0x80, 0x15, 0x15, 0xb3, 0xb3, 0x14, 0xa3, 0x77, 0x13, 0x13, 0x12, 0x12, 0x11, 0x10, 0x0f, 0xb1, 0x0e, 0x0e, 0xb0, 0xb0, 0xb0, 0x0d, 0x0d, 0x7f, 0xc6, 0x7e, 0xc5, 0xc5, 0xc5, 0x0b, 0x7d, 0x0a, 0x7d, 0xae, 0xae, 0x08, 0x08, 0x08, 0x07, 0x08, 0x07, 0x07, 0x07, 0xcb, 0xad, 0x06, 0x06, 0x06, 0x06, 0x06, 0x06, 0x06, 0xac, 0xac, 0xac, 0xac, 0xac, 0xac, 0x06, 0xac, 0xac, 0xac, 0x06, 0x06, 0x06, 0x06, 0x06, 0x06, 0xcb, 0xcb, 0x64, 0x07, 0x07, 0x07, 0x08, 0x07, 0x08, 0x08, 0x08, 0x08, 0x09, 0xae, 0x7d, 0xae, 0x0b, 0x0b, 0x0b, 0xc5, 0xc5, 0xc5, 0x0c, 0x7e, 0x7f, 0x0d, 0xb0, 0x0d, 0x0e, 0xb0, 0x0e, 0xb1, 0x10, 0x11, 0x11, 0x12, 0x12, 0x13, 0x77, 0x77, 0x14, 0xb3, 0xb3, 0xb3, 0x15, 0x80, 0x16, 0x16, 0xb5, 0x17, 0xc9, 0x81, 0x18, 0x19, 0x1a, 0x1a, 0xb8, 0x1b, 0x1b, 0xb9, 0xb9, 0x1c, 0xcd, 0x1d, 0x1d, 0x1e, 0x1e, 0x1f, 0xce, 0x20, 0x20, 0x22, 0x21, 0x23, 0x23, 0x24, 0x25, 0x68, 0x26, 0x28, 0x28, 0x29, 0x69, 0x2b, 0x2b, 0x2c, 0x2c, 0x2d, 0x2e, 0x2f, 0x30, 0x30, 0xa6, 0x32, 0x33, 0x34, 0x34, 0x35, 0x36, 0x36, 0x37, 0x6c, 0x39, 0x39, 0x3b, 0xbf, 0x6d, 0x3d, 0x3d, 0x3e, 0x6e, 0x40, 0x41, 0x41, 0x42, 0x43, 0x45, 0x45, 0x46, 0x92, 0xa7, 0x49, 0x49, 0x4a, 0x94, 0x94, 0x7a, 0x7a, 0x4c, 0x4d, 0x7b, 0x4e, 0x4f, 0x98, 0xd8, 0x7c, 0x7c, 0x52, 0x72, 0x54, 0x55, 0x55, 0x56, 0x73, 0x73, 0x58, 0x58, 0x59, 0x59, 0x5b, 0x5b, 0x5c, 0x5c, 0x5d, 0x5e, 0x9d, 0x5f, 0x60, 0x60, 0x61, 0x61, 0x62, 0x75, 0x63, 0x62, 0x63, 0x63, 0x63, 0x63, 
  0x63, 0x63, 0x63, 0x63, 0x63, 0x62, 0x62, 0x62, 0x9e, 0x61, 0x61, 0x60, 0x5f, 0x5f, 0x9d, 0x5d, 0x5d, 0x5c, 0x5b, 0x5b, 0x59, 0x59, 0x58, 0x58, 0x57, 0x73, 0x56, 0x55, 0x55, 0x54, 0x53, 0x52, 0x7c, 0x7c, 0x51, 0x98, 0x4f, 0x7b, 0x7b, 0x4e, 0x4d, 0x4c, 0x7a, 0x7a, 0x71, 0x4a, 0x4a, 0x49, 0x49, 0x47, 0x46, 0x46, 0x45, 0x44, 0x43, 0x42, 0x42, 0x40, 0x40, 0x6e, 0x3e, 0x3d, 0x3d, 0x6d, 0xbf, 0x3a, 0x3a, 0x39, 0x6c, 0x37, 0x36, 0x35, 0x35, 0x34, 0x33, 0x32, 0x31, 0x30, 0x30, 0x2f, 0x2e, 0x89, 0x2c, 0x79, 0x79, 0x2a, 0x69, 0x29, 0x28, 0x27, 0x26, 0x25, 0x24, 0x24, 0x24, 0x67, 0x22, 0x22, 0x21, 0x21, 0x66, 0xce, 0x84, 0x1e, 0x1e, 0x1d, 0xa4, 0x1c, 0xb9, 0xb9, 0x1b, 0x83, 0xb8, 0x1a, 0x19, 0x19, 0x18, 0x81, 0xc9, 0x17, 0xb5, 0xb5, 0x16, 0x80, 0x78, 0x15, 0x15, 0xb3, 0xb3, 0x14, 0x14, 0xb2, 0x13, 0x13, 0x12, 0x12, 0x11, 0x10, 0x0f, 0x0e, 0x0e, 0x0e, 0xb0, 0xb0, 0x0d, 0x0d, 0x7f, 0xc6, 0x7e, 0x0c, 0xc5, 0xc5, 0x0b, 0x0b, 0x0b, 0x0b, 0xae, 0xae, 0x09, 0x08, 0x09, 0x08, 0x08, 0x07, 0x07, 0x07, 0x07, 0xcb, 0xcb, 0xcb, 0xad, 0x06, 0x06, 0x06, 0x06, 0x06, 0x06, 0x06, 0x06, 0x06, 0x06, 0xac, 0xad, 0x06, 0x06, 0x06, 0x06, 0x06, 0xad, 0xad, 0xcb, 0xcb, 0x07, 0x07, 0x07, 0x08, 0x07, 0x08, 0x08, 0x08, 0x08, 0x09, 0x08, 0x7d, 0xae, 0x7d, 0x0b, 0x0b, 0x0b, 0xc5, 0xc5, 0x7e, 0x7e, 0xc6, 0x7f, 0x7f, 0xb0, 0x0d, 0x0e, 0xb0, 0x0e, 0x0f, 0x10, 0x11, 0x11, 0x12, 0x12, 0x13, 0xb2, 0x77, 0x14, 0xb3, 0xb3, 0x15, 0x15, 0x78, 0x16, 0x16, 0x17, 0x17, 0x17, 0xc9, 0x18, 0x18, 0x1a, 0x19, 0xcc, 0x83, 0x1b, 0xb9, 0xb9, 0x1c, 0xba, 0x1d, 0x1d, 0x1e, 0x1e, 0x84, 0xce, 0x20, 0x21, 0x21, 0x21, 0x23, 0x23, 0x24, 0x24, 0x25, 0x25, 0x27, 0x28, 0x29, 0x29, 0x2a, 0x2b, 0x79, 0x2c, 0x88, 0x2e, 0x2f, 0x2f, 0x30, 0x8a, 0x31, 0x33, 0x33, 0x34, 0x8c, 0x35, 0x36, 0x36, 0x8d, 0x38, 0x39, 0x3b, 0x3a, 0x6d, 0x3c, 0x3d, 0x3e, 0x3e, 0x3f, 0x40, 0x41, 0x42, 0x6f, 0x44, 0x45, 0x45, 0x92, 0x47, 0x48, 0x49, 0x4a, 0x4a, 0x71, 0x4b, 0x7a, 0x7a, 0x4d, 0xd7, 0x4e, 0x7b, 0x4f, 0x50, 0x51, 0x7c, 0x7c, 0x72, 0x53, 0x54, 0x55, 0x56, 0x56, 0x73, 0x57, 0x58, 0x58, 0x59, 0x5a, 0xa8, 0x5b, 0x5c, 0x5c, 0x5d, 0x5e, 0x9d, 0x60, 0x60, 0x61, 0x60, 0x75, 0x9e, 0x62, 0x62, 0x63, 0x63, 0x63, 0x63, 0x63, 
  0x63, 0x63, 0x63, 0x63, 0x62, 0x63, 0x62, 0x62, 0x75, 0x61, 0x61, 0x60, 0x60, 0x5f, 0x9d, 0x5d, 0x5d, 0x5c, 0x5b, 0x5b, 0x5a, 0x59, 0x58, 0x58, 0x57, 0x9a, 0x9a, 0x55, 0x55, 0x54, 0x72, 0x52, 0x52, 0x7c, 0x51, 0xd8, 0x4f, 0x4f, 0x7b, 0x4e, 0x4d, 0x4c, 0x7a, 0x7a, 0x71, 0x94, 0x4a, 0x49, 0x48, 0x47, 0x92, 0x45, 0x45, 0x44, 0x43, 0x42, 0x41, 0x41, 0x40, 0x6e, 0x3e, 0x3d, 0x3d, 0x3c, 0x3b, 0x3b, 0x3a, 0x39, 0x8d, 0x37, 0x36, 0x36, 0x8b, 0x8b, 0x33, 0x33, 0xa6, 0x8a, 0x2f, 0x2f, 0x2e, 0x88, 0x88, 0x79, 0x79, 0x2b, 0x2a, 0x29, 0x28, 0x28, 0x27, 0x68, 0x68, 0x24, 0x24, 0x23, 0x22, 0x22, 0x21, 0x21, 0x20, 0x84, 0x1f, 0x1e, 0x1e, 0x1d, 0xa4, 0xcd, 0x1c, 0xb9, 0xb9, 0x1b, 0x83, 0x1a, 0x1a, 0x19, 0x18, 0x18, 0x81, 0xb6, 0x17, 0xb5, 0xb5, 0x16, 0x80, 0x15, 0x15, 0xb3, 0xb3, 0x14, 0xa3, 0x14, 0x13, 0xb2, 0x12, 0x12, 0x12, 0x11, 0x11, 0x10, 0x0f, 0x0e, 0x0e, 0xb0, 0xb0, 0xb0, 0x0d, 0x7f, 0xc6, 0x7e, 0xc5, 0xc5, 0xc5, 0xc5, 0x0b, 0x0b, 0x7d, 0xae, 0x7d, 0x08, 0x09, 0x08, 0x08, 0x08, 0x07, 0x08, 0x07, 0x07, 0x07, 0x07, 0x07, 0xcb, 0xcb, 0xad, 0xad, 0x06, 0xad, 0xac, 0xa1, 0xac, 0x06, 0x06, 0xad, 0x06, 0xad, 0xad, 0xad, 0xcb, 0x64, 0x07, 0x07, 0x07, 0x07, 0x07, 0x08, 0x08, 0x08, 0x08, 0x09, 0x08, 0x09, 0x09, 0xae, 0xae, 0x7d, 0x0b, 0x0b, 0x0b, 0xc5, 0xc5, 0xc5, 0x0c, 0xc6, 0x7f, 0x0d, 0x0d, 0xb0, 0xb0, 0x0e, 0x0e, 0x0f, 0x10, 0x11, 0x11, 0x12, 0x12, 0x13, 0x13, 0x77, 0xa3, 0x14, 0xb3, 0xb3, 0x15, 0xb4, 0x80, 0x16, 0x16, 0xb5, 0x17, 0xc9, 0x18, 0x19, 0x19, 0x1a, 0xb7, 0xcc, 0x1b, 0x1b, 0xb9, 0x1c, 0x1c, 0xcd, 0x1d, 0x1d, 0x1e, 0x1e, 0x1f, 0xce, 0xa5, 0x21, 0x21, 0x22, 0x85, 0x23, 0x24, 0x24, 0x25, 0x27, 0x27, 0x28, 0x29, 0x69, 0x2b, 0x79, 0x79, 0x2c, 0x89, 0x2e, 0x2f, 0x2f, 0x30, 0xa6, 0x32, 0x32, 0x34, 0x33, 0x35, 0x35, 0x36, 0x37, 0x6c, 0x38, 0x39, 0x3a, 0x8e, 0x8e, 0x3d, 0x3c, 0x3e, 0x6e, 0x3f, 0x41, 0x41, 0x42, 0x91, 0x43, 0x45, 0x45, 0x46, 0xa7, 0x48, 0x49, 0x49, 0x94, 0x71, 0x7a, 0x7a, 0x4c, 0x4d, 0xd7, 0x7b, 0x7b, 0x4f, 0x50, 0x51, 0x7c, 0x52, 0x52, 0x54, 0x54, 0x55, 0x55, 0x9a, 0x73, 0x57, 0x58, 0x58, 0x59, 0x5a, 0xd9, 0x5c, 0x5c, 0x5d, 0x5d, 0x5e, 0x5f, 0x5f, 0x60, 0x60, 0x61, 0x61, 0x62, 0x62, 0x63, 0x62, 0x63, 0x63, 0x63, 0x63, 
  0x63, 0x63, 0x63, 0x63, 0x63, 0x62, 0x62, 0x62, 0x75, 0x9e, 0x61, 0x60, 0x60, 0x5f, 0x5f, 0x5d, 0x5d, 0x5c, 0x5c, 0x5b, 0xd9, 0x59, 0x58, 0x58, 0x57, 0x73, 0x56, 0x56, 0x55, 0x54, 0x53, 0x52, 0x52, 0x51, 0x7c, 0x98, 0x50, 0x7b, 0x7b, 0x4e, 0x96, 0x4d, 0x4c, 0x4b, 0x4b, 0x94, 0x4a, 0x49, 0x49, 0x47, 0x70, 0x46, 0x45, 0x45, 0x43, 0x6f, 0x42, 0x41, 0x40, 0x3f, 0x6e, 0x3e, 0x3d, 0x3c, 0x8e, 0x3b, 0x3a, 0x3a, 0x38, 0x37, 0x36, 0x36, 0x35, 0x34, 0x33, 0x33, 0x31, 0x6a, 0x8a, 0x2f, 0x2f, 0x2d, 0x88, 0x2c, 0x79, 0x2b, 0x2a, 0x69, 0x29, 0x28, 0x27, 0x26, 0x25, 0x25, 0x24, 0x23, 0x23, 0x22, 0x21, 0x21, 0x20, 0x20, 0x1f, 0x1e, 0x1e, 0x1e, 0x1d, 0xcd, 0x1c, 0x1c, 0x1b, 0xb9, 0x1b, 0xcc, 0x1a, 0x1a, 0x19, 0x18, 0x18, 0xc9, 0x17, 0xb5, 0xb5, 0x16, 0x16, 0xb4, 0x15, 0x15, 0xb3, 0xb3, 0x14, 0x14, 0x77, 0xc7, 0x13, 0x13, 0x12, 0x12, 0x11, 0x11, 0x0f, 0x0f, 0x0e, 0x0e, 0xb0, 0xb0, 0xb0, 0x0d, 0x7f, 0xc6, 0x7e, 0x7e, 0xc5, 0xc5, 0xc5, 0x0b, 0x0b, 0x7d, 0x0a, 0x0a, 0x09, 0x09, 0x09, 0x08, 0x08, 0x08, 0x08, 0x07, 0x08, 0x07, 0x07, 0x07, 0x07, 0x07, 0xcb, 0xa1, 0x07, 0xcb, 0x07, 0xa1, 0x07, 0xad, 0xcb, 0xa1, 0x07, 0x07, 0x07, 0x07, 0x07, 0x07, 0x08, 0x08, 0x08, 0x08, 0x08, 0x08, 0x08, 0x09, 0x08, 0xae, 0xae, 0x7d, 0x7d, 0x0b, 0x0b, 0x0b, 0x0b, 0xc5, 0x0b, 0xc5, 0x7e, 0xc6, 0x7f, 0x0d, 0x0d, 0xb0, 0xb0, 0x0e, 0x0e, 0x0f, 0x10, 0x11, 0x11, 0x12, 0x12, 0x13, 0x12, 0x77, 0x77, 0x14, 0xb3, 0xb3, 0xb3, 0x15, 0xb4, 0x16, 0x16, 0x17, 0x17, 0xb6, 0x81, 0x18, 0x19, 0x19, 0x1a, 0xb8, 0x83, 0x1b, 0xb9, 0xb9, 0x1c, 0x1c, 0x1d, 0x1d, 0x1e, 0x1e, 0x1f, 0x84, 0x20, 0x20, 0x21, 0x21, 0xbb, 0xcf, 0x23, 0x24, 0x25, 0x68, 0x27, 0x27, 0x29, 0x29, 0x2a, 0x2b, 0x79, 0x79, 0x89, 0x2d, 0x2e, 0x2f, 0x30, 0x8a, 0x31, 0x32, 0x33, 0x34, 0xd1, 0x35, 0x36, 0x36, 0x37, 0x6c, 0x39, 0x3a, 0x3b, 0x3b, 0x3c, 0x3c, 0x3e, 0x3d, 0x3f, 0x3f, 0x41, 0x41, 0x90, 0x43, 0x44, 0x45, 0x46, 0x70, 0x47, 0x49, 0x49, 0x4a, 0x4a, 0x4b, 0x4b, 0x7a, 0x4c, 0x4d, 0x4e, 0x7b, 0x7b, 0x50, 0x98, 0x7c, 0x7c, 0x52, 0x52, 0x53, 0x55, 0x55, 0x56, 0x73, 0x73, 0x57, 0x58, 0x58, 0x9b, 0x5a, 0x5b, 0x5b, 0x5c, 0x5d, 0x5d, 0x5e, 0x5f, 0x5f, 0x60, 0x60, 0x61, 0x9e, 0x75, 0x62, 0x62, 0x63, 0x63, 0x63, 0x63, 0x63, 
  0x63, 0x63, 0x63, 0x63, 0x63, 0x63, 0x62, 0x62, 0x62, 0x61, 0x9e, 0x60, 0x60, 0x5f, 0x5f, 0x5d, 0x5d, 0x5c, 0x5c, 0x5b, 0xa8, 0x5a, 0x58, 0x58, 0x57, 0x57, 0x56, 0x56, 0x55, 0x54, 0x54, 0x53, 0x7c, 0x52, 0x51, 0xd8, 0x4f, 0x4f, 0x7b, 0x4e, 0xd7, 0x4c, 0x4c, 0x7a, 0x7a, 0x71, 0x94, 0x49, 0x49, 0x48, 0x70, 0x46, 0x45, 0x44, 0x44, 0x90, 0x42, 0x41, 0x40, 0x3f, 0x3e, 0x3e, 0x3d, 0x3c, 0x6d, 0x8e, 0x3a, 0x3a, 0x38, 0x37, 0x37, 0x36, 0x35, 0x8b, 0x34, 0x33, 0x32, 0x31, 0x30, 0x30, 0x2f, 0x2e, 0x2c, 0x2c, 0x79, 0x2b, 0x2b, 0x69, 0x29, 0x28, 0x27, 0x26, 0x25, 0x25, 0x24, 0x24, 0x23, 0xcf, 0xbb, 0x21, 0x21, 0x20, 0xce, 0x84, 0x1e, 0x1e, 0x1d, 0x1d, 0x1c, 0x1c, 0xb9, 0xb9, 0x1b, 0x83, 0x1a, 0x1a, 0x1a, 0x19, 0x18, 0x81, 0xb6, 0xb6, 0xb5, 0xb5, 0x16, 0x16, 0x80, 0x15, 0x15, 0xb3, 0xb3, 0x14, 0x14, 0x77, 0xc7, 0x13, 0x13, 0x12, 0x12, 0x11, 0x11, 0x0f, 0x0e, 0x0e, 0xb0, 0xb0, 0xb0, 0x0d, 0x0d, 0x7f, 0x7f, 0x0c, 0x7e, 0xc5, 0xc5, 0xc5, 0x0b, 0x0b, 0xd6, 0x0a, 0x0a, 0x09, 0x08, 0x09, 0x08, 0x08, 0x08, 0x08, 0x07, 0x08, 0x08, 0x07, 0x07, 0x07, 0x07, 0x07, 0x07, 0x07, 0x07, 0x07, 0x07, 0x07, 0x07, 0x07, 0x07, 0x07, 0x07, 0x07, 0x07, 0x08, 0x07, 0x08, 0x08, 0x09, 0x08, 0x09, 0x09, 0x09, 0x09, 0x0a, 0x7d, 0x7d, 0x0b, 0x0b, 0x0b, 0x0b, 0xc5, 0xc5, 0xc5, 0x7e, 0x0c, 0xc6, 0x0d, 0x0d, 0xb0, 0xb0, 0x0e, 0x0e, 0xb1, 0x0f, 0x11, 0x11, 0x11, 0x12, 0x12, 0x13, 0x77, 0x77, 0x14, 0x14, 0xb3, 0xb3, 0x15, 0x78, 0x16, 0x16, 0xb5, 0xb5, 0x17, 0xc9, 0x18, 0x18, 0x19, 0x1a, 0x1a, 0xb8, 0x1b, 0xb9, 0xb9, 0x1c, 0x1c, 0xa4, 0x1d, 0x1d, 0x1e, 0x1e, 0x1f, 0xce, 0x20, 0x21, 0x21, 0x22, 0x23, 0x23, 0x24, 0x24, 0x25, 0x26, 0x27, 0x28, 0x28, 0x29, 0x2b, 0x2b, 0x79, 0x2c, 0x88, 0x2d, 0x2f, 0x2f, 0x30, 0x6a, 0x32, 0x33, 0x33, 0x34, 0x35, 0x35, 0x36, 0x36, 0x37, 0x38, 0x3a, 0x3a, 0x3b, 0x3b, 0x3c, 0x3d, 0x3d, 0x3e, 0x3f, 0x40, 0x41, 0x42, 0x6f, 0x44, 0x45, 0x45, 0x46, 0x70, 0x48, 0x49, 0x49, 0x4a, 0x94, 0x4b, 0x7a, 0x7a, 0x4c, 0x4d, 0x4e, 0x7b, 0x4f, 0x50, 0x98, 0x51, 0x7c, 0x52, 0x53, 0x53, 0x55, 0x55, 0x56, 0x73, 0x73, 0x58, 0x58, 0x59, 0x5a, 0x5a, 0x5b, 0x5c, 0x5c, 0x5d, 0x5e, 0x5e, 0x74, 0x60, 0x60, 0x61, 0x61, 0x62, 0x61, 0x63, 0x62, 0x63, 0x63, 0x63, 0x63, 0x63, 
  0x63, 0x63, 0x63, 0x63, 0x63, 0x62, 0x63, 0x62, 0x62, 0x75, 0x61, 0x61, 0x60, 0x60, 0x9d, 0x5e, 0x5d, 0x5d, 0x5c, 0x5b, 0x5b, 0x5a, 0x59, 0x58, 0x58, 0x73, 0x73, 0x55, 0x55, 0x55, 0x54, 0x72, 0x72, 0x7c, 0x51, 0x51, 0x50, 0x4f, 0x7b, 0x7b, 0x96, 0xd7, 0x7a, 0x7a, 0x4b, 0x71, 0x93, 0x4a, 0x49, 0x48, 0xa7, 0x46, 0x45, 0x45, 0x44, 0x6f, 0x42, 0x41, 0x41, 0x40, 0x6e, 0x3e, 0x3d, 0x3d, 0x6d, 0x3b, 0x3b, 0x3a, 0x39, 0x6c, 0x37, 0x36, 0x35, 0x35, 0x33, 0x34, 0x32, 0x32, 0x30, 0x30, 0x2f, 0x2e, 0x2d, 0x2c, 0x2c, 0x79, 0x2b, 0x2a, 0x29, 0x28, 0x28, 0x27, 0x68, 0x25, 0x24, 0x24, 0x23, 0x23, 0x21, 0x22, 0x20, 0x21, 0x84, 0x84, 0x1f, 0x1e, 0x1e, 0x1d, 0xcd, 0x1c, 0x1c, 0xb9, 0x1b, 0x1b, 0xb8, 0xcc, 0x19, 0x19, 0x19, 0x18, 0x81, 0x17, 0x17, 0xb5, 0xb5, 0x16, 0x16, 0xc8, 0x15, 0x15, 0xb3, 0xb3, 0x14, 0x14, 0x77, 0xc7, 0x13, 0x12, 0x12, 0x12, 0x11, 0x10, 0xa2, 0x0f, 0x0e, 0xb0, 0x0e, 0x0d, 0xb0, 0x0d, 0x7f, 0x7f, 0xaf, 0x0c, 0xc5, 0xc5, 0xc5, 0x0b, 0x0b, 0x7d, 0x0a, 0x0a, 0x0a, 0x09, 0x09, 0x09, 0x09, 0x08, 0x08, 0x08, 0x08, 0x08, 0x08, 0x08, 0x07, 0x07, 0x08, 0x07, 0x07, 0x07, 0x07, 0x08, 0x07, 0x08, 0x07, 0x08, 0x08, 0x08, 0x08, 0x08, 0x08, 0x09, 0x08, 0x08, 0x09, 0x09, 0x09, 0x09, 0x0a, 0x7d, 0x7d, 0x0b, 0x0b, 0x0b, 0xc5, 0xc5, 0x0c, 0xc5, 0x7e, 0xc6, 0x7f, 0x0d, 0x0d, 0x0d, 0xb0, 0x0e, 0xb0, 0x0f, 0x0f, 0x11, 0x11, 0x11, 0x12, 0x12, 0xb2, 0xb2, 0x77, 0x14, 0x14, 0xb3, 0xb3, 0x15, 0x15, 0x80, 0x16, 0x16, 0xb5, 0x17, 0xc9, 0x81, 0x18, 0x19, 0x1a, 0x1a, 0xb8, 0x83, 0x1b, 0xb9, 0xb9, 0x1c, 0xba, 0x1d, 0x1d, 0x1e, 0x1e, 0x84, 0x1f, 0x20, 0x20, 0x21, 0x22, 0x22, 0x23, 0x24, 0x24, 0x25, 0x68, 0x26, 0x27, 0x28, 0x29, 0x2a, 0x2b, 0x79, 0x79, 0x88, 0x2d, 0x2e, 0x2f, 0x2f, 0x31, 0x31, 0x32, 0x33, 0x33, 0xd1, 0x35, 0x36, 0x36, 0x37, 0x6c, 0x39, 0x3a, 0x3a, 0x3b, 0x6d, 0x3c, 0x3d, 0x3e, 0x3e, 0x3f, 0x40, 0x41, 0x42, 0x6f, 0x44, 0x45, 0x45, 0x70, 0x47, 0x48, 0x49, 0x4a, 0x4a, 0x71, 0x4b, 0x7a, 0x4c, 0x4c, 0x96, 0x7b, 0x7b, 0x4f, 0x4f, 0x51, 0x7c, 0x7c, 0x72, 0x53, 0x54, 0x55, 0x55, 0x73, 0x9a, 0x57, 0x58, 0x58, 0x59, 0x59, 0xd9, 0x5b, 0x5c, 0x5c, 0x5d, 0x5d, 0x74, 0x5f, 0x60, 0x60, 0x61, 0x61, 0x75, 0x62, 0x62, 0x62, 0x63, 0x63, 0x63, 0x63, 0x63, 
  0x63, 0x63, 0x63, 0x63, 0x63, 0x63, 0x63, 0x62, 0x62, 0x75, 0x61, 0x61, 0x60, 0x60, 0x5f, 0x5e, 0x5d, 0x5d, 0x5c, 0x5b, 0x5b, 0x59, 0x59, 0x58, 0x58, 0x57, 0x9a, 0x73, 0x55, 0x55, 0x54, 0x53, 0x72, 0x7c, 0x7c, 0x51, 0x50, 0x4f, 0x4f, 0x4e, 0x4e, 0x95, 0x4c, 0x7a, 0x7a, 0x71, 0x4a, 0x4a, 0x49, 0x48, 0x47, 0x46, 0x46, 0x45, 0x44, 0x43, 0x42, 0x42, 0x41, 0x40, 0x3f, 0x3e, 0x3e, 0x3d, 0x3c, 0x3b, 0x3b, 0x3a, 0x39, 0x6c, 0x37, 0x36, 0x36, 0x35, 0xd1, 0x33, 0x33, 0x32, 0x6a, 0x30, 0x30, 0x2e, 0x2e, 0x2c, 0x2c, 0x79, 0x2b, 0x2b, 0x69, 0x29, 0x28, 0x27, 0x26, 0x25, 0x25, 0x24, 0x23, 0x23, 0xcf, 0x21, 0x21, 0x21, 0x20, 0x1f, 0x1f, 0x1e, 0x1e, 0x1d, 0x1d, 0xcd, 0x1c, 0x1c, 0xb9, 0xb9, 0x83, 0xb8, 0x1a, 0x1a, 0x18, 0x19, 0x81, 0xc9, 0x17, 0x17, 0xb5, 0x16, 0x16, 0x80, 0xc8, 0x15, 0x15, 0xb3, 0xb3, 0x14, 0x14, 0x77, 0x13, 0xc7, 0x12, 0x12, 0x12, 0x11, 0x11, 0xa2, 0xb1, 0x0e, 0xb0, 0xb0, 0xb0, 0x0d, 0x0d, 0x0d, 0x7f, 0xc6, 0x0c, 0x0c, 0xc5, 0xc5, 0xc5, 0x0b, 0x0b, 0x7d, 0x0a, 0x0a, 0x0a, 0x09, 0x09, 0x09, 0x09, 0x08, 0x08, 0x08, 0x08, 0x08, 0x08, 0x08, 0x08, 0x08, 0x08, 0x08, 0x08, 0x08, 0x08, 0x07, 0x08, 0x08, 0x08, 0x08, 0x08, 0x08, 0x09, 0x09, 0x09, 0xae, 0xae, 0x0a, 0x0a, 0x7d, 0x7d, 0x0b, 0x0b, 0x0b, 0xc5, 0xc5, 0xc5, 0xc5, 0x0c, 0x7e, 0x7f, 0xc6, 0x0d, 0x0d, 0xb0, 0xb0, 0xb0, 0x0e, 0x0f, 0x10, 0x11, 0x11, 0x12, 0x12, 0x12, 0x13, 0x13, 0x77, 0x77, 0xb3, 0x14, 0x15, 0xb3, 0x15, 0x78, 0x16, 0x16, 0xb5, 0x17, 0x17, 0xc9, 0x18, 0x19, 0x19, 0x1a, 0x1a, 0xcc, 0x1b, 0xb9, 0xb9, 0x1c, 0x1c, 0xcd, 0x1d, 0x1d, 0x1e, 0x1e, 0x1f, 0xce, 0x20, 0x21, 0x21, 0x22, 0xcf, 0x67, 0x24, 0x24, 0x25, 0x68, 0x27, 0x28, 0x28, 0x29, 0x2a, 0x2b, 0x79, 0x2c, 0x89, 0x2e, 0x2f, 0x2f, 0x30, 0x6a, 0xa6, 0x33, 0x33, 0xd1, 0x34, 0x36, 0x35, 0x37, 0x37, 0x38, 0x39, 0x3a, 0x3b, 0x3b, 0x3c, 0x3d, 0x3d, 0x3e, 0x3f, 0x40, 0x41, 0x42, 0x42, 0x91, 0x44, 0x45, 0x46, 0x70, 0x47, 0x48, 0x49, 0x4a, 0x4a, 0x4b, 0x4b, 0x7a, 0x4c, 0x4d, 0x4e, 0x4e, 0x7b, 0x4f, 0x98, 0xd8, 0x7c, 0x52, 0x52, 0x53, 0x54, 0x55, 0x56, 0x56, 0x73, 0x57, 0x58, 0x58, 0x59, 0x5a, 0xa8, 0x5b, 0x5c, 0x5c, 0x5d, 0x5e, 0x9d, 0x5f, 0x60, 0x60, 0x61, 0x61, 0x75, 0x62, 0x62, 0x63, 0x63, 0x63, 0x63, 0x63, 0x63, 
  0x63, 0x63, 0x63, 0x63, 0x63, 0x63, 0x62, 0x62, 0x62, 0x62, 0x61, 0x61, 0x60, 0x60, 0x5f, 0x5e, 0x5d, 0x5d, 0x5c, 0x5c, 0x5b, 0xa8, 0x59, 0x58, 0x58, 0x57, 0x73, 0x56, 0x56, 0x55, 0x54, 0x53, 0x72, 0x52, 0x7c, 0x51, 0xd8, 0x4f, 0x7b, 0x7b, 0x4e, 0x4d, 0x4c, 0x7a, 0x4b, 0x4b, 0x94, 0x4a, 0x49, 0x49, 0x48, 0x70, 0x46, 0x45, 0x45, 0x43, 0x6f, 0x42, 0x40, 0x41, 0x3f, 0x6e, 0x3e, 0x3c, 0x3c, 0x8e, 0x3b, 0x3a, 0x39, 0x39, 0x37, 0x36, 0x36, 0x35, 0xd1, 0x34, 0x33, 0x32, 0x31, 0x30, 0x2f, 0x2f, 0x2e, 0x2d, 0x2c, 0x79, 0x79, 0x2b, 0x69, 0x29, 0x28, 0x28, 0x26, 0x26, 0x24, 0x25, 0x23, 0x23, 0x23, 0x22, 0x21, 0x21, 0x20, 0x20, 0x1f, 0x1f, 0x1e, 0x1e, 0x1d, 0x65, 0x1c, 0x1c, 0xb9, 0x1b, 0xb9, 0xcc, 0xb7, 0x19, 0x1a, 0x18, 0x18, 0x81, 0xc9, 0x17, 0xb5, 0xb5, 0x16, 0x16, 0x80, 0xb4, 0x15, 0x15, 0xb3, 0xb3, 0x14, 0x14, 0xc7, 0xc7, 0x13, 0x13, 0x12, 0x12, 0x11, 0x10, 0xa2, 0x0f, 0x0e, 0xb0, 0xb0, 0xb0, 0x0d, 0x0d, 0x0d, 0x7f, 0xc6, 0x0c, 0xc5, 0xc5, 0xc5, 0xc5, 0x0b, 0x0b, 0xd6, 0x0b, 0x7d, 0x0a, 0x0a, 0x09, 0x09, 0x09, 0x09, 0x09, 0x08, 0x08, 0x08, 0x08, 0x08, 0x08, 0x08, 0x08, 0x08, 0x08, 0x08, 0x09, 0x08, 0x08, 0x09, 0x09, 0x09, 0x09, 0x09, 0x09, 0x0a, 0x0a, 0x0a, 0x7d, 0x0b, 0x7d, 0x0b, 0x0b, 0xc5, 0xc5, 0xc5, 0xc5, 0x7e, 0x0c, 0xc6, 0xc6, 0x7f, 0x0d, 0x0d, 0xb0, 0x0d, 0x0e, 0x0e, 0x0e, 0x0f, 0x10, 0x11, 0x11, 0x12, 0x12, 0x13, 0x13, 0x77, 0x77, 0x14, 0xb3, 0xb3, 0xb3, 0x15, 0xc8, 0x80, 0x16, 0xb5, 0xb5, 0x17, 0xc9, 0x81, 0x19, 0x18, 0x1a, 0x1a, 0xcc, 0x1b, 0x1b, 0xb9, 0xb9, 0x1c, 0xcd, 0x1d, 0x1d, 0x1e, 0x1e, 0x84, 0x84, 0x20, 0x21, 0x21, 0x21, 0x22, 0x23, 0x24, 0x24, 0x25, 0x25, 0x26, 0x27, 0x28, 0x29, 0x69, 0x2b, 0x79, 0x2c, 0x2c, 0xd0, 0x2e, 0x2f, 0x30, 0x30, 0x31, 0x32, 0x33, 0x34, 0x34, 0x35, 0x36, 0x36, 0x37, 0x37, 0x38, 0x3a, 0x3a, 0x3b, 0xd2, 0x3c, 0x3d, 0x3d, 0x6e, 0x3f, 0x40, 0x41, 0x42, 0x42, 0x43, 0x45, 0x45, 0x46, 0xa7, 0x48, 0x49, 0x49, 0x4a, 0x94, 0x4b, 0x7a, 0x7a, 0x4d, 0x4d, 0x4e, 0x7b, 0x7b, 0x50, 0x50, 0x51, 0x7c, 0x52, 0x52, 0x53, 0x54, 0x55, 0x56, 0x56, 0x73, 0x57, 0x58, 0x59, 0x59, 0x5a, 0x5b, 0x5b, 0x5c, 0x5d, 0x5d, 0x5e, 0x5e, 0x60, 0x60, 0x60, 0x61, 0x61, 0x62, 0x62, 0x63, 0x62, 0x63, 0x63, 0x63, 0x63, 0x63, 
  0x63, 0x63, 0x63, 0x63, 0x63, 0x63, 0x63, 0x62, 0x62, 0x75, 0x9e, 0x61, 0x60, 0x60, 0x5f, 0x9d, 0x5d, 0x5d, 0x5c, 0x5c, 0x5b, 0xd9, 0x59, 0x59, 0x58, 0x57, 0x73, 0x56, 0x56, 0x55, 0x54, 0x54, 0x52, 0x52, 0x7c, 0x51, 0xd8, 0x50, 0x4f, 0x7b, 0x4e, 0x96, 0x4c, 0x4c, 0x7a, 0x4b, 0x94, 0x4a, 0x49, 0x48, 0x48, 0x70, 0x46, 0x46, 0x44, 0x44, 0x6f, 0x42, 0x42, 0x40, 0x3f, 0x6e, 0x3e, 0x3e, 0x3c, 0x6d, 0x3b, 0x3b, 0x3a, 0x39, 0x6c, 0x37, 0x36, 0x35, 0x35, 0x34, 0x33, 0x33, 0x31, 0x30, 0x30, 0x2f, 0x2e, 0xd0, 0x2c, 0x2c, 0x79, 0x2b, 0x2a, 0x69, 0x28, 0x28, 0x27, 0x26, 0x68, 0x24, 0x24, 0x23, 0x23, 0x22, 0x22, 0x21, 0x21, 0x20, 0x66, 0x1f, 0x1f, 0x1e, 0x1e, 0x1d, 0xcd, 0x1c, 0x1c, 0xb9, 0x1b, 0x1b, 0xb8, 0x1a, 0x1a, 0x19, 0x18, 0x18, 0x81, 0x17, 0x17, 0xb5, 0xb5, 0x16, 0x16, 0x80, 0xc8, 0x15, 0xb3, 0xb3, 0xb3, 0x14, 0x14, 0x77, 0x13, 0x12, 0x13, 0x12, 0x11, 0x11, 0x10, 0x0f, 0xb1, 0x0e, 0x0e, 0xb0, 0xb0, 0xb0, 0x0d, 0x0d, 0x7f, 0xc6, 0x0c, 0x0c, 0xc5, 0xc5, 0xc5, 0xc5, 0x0b, 0x0b, 0x0b, 0xd6, 0xd6, 0x0a, 0x0a, 0x09, 0x09, 0x09, 0x09, 0x09, 0x09, 0x09, 0x08, 0x09, 0x08, 0x09, 0x08, 0x09, 0x09, 0x08, 0x09, 0x09, 0x09, 0x09, 0x09, 0x0a, 0xae, 0x0a, 0x7d, 0xd6, 0x0b, 0x0b, 0x0b, 0x0b, 0xc5, 0x0b, 0xc5, 0xc5, 0xc5, 0x7e, 0x0c, 0xc6, 0xc6, 0x0d, 0x0d, 0xb0, 0xb0, 0xb0, 0x0e, 0xb0, 0x0e, 0x10, 0x10, 0x11, 0x12, 0x12, 0x12, 0x13, 0x13, 0x77, 0x77, 0x14, 0xb3, 0x14, 0x15, 0x15, 0xc8, 0x80, 0x16, 0xb5, 0xb5, 0x17, 0xc9, 0xc9, 0x18, 0x19, 0x19, 0x1a, 0xb8, 0xb8, 0x1b, 0xb9, 0xb9, 0x1c, 0xba, 0x1d, 0x1d, 0x1e, 0x1e, 0x1f, 0x84, 0x20, 0x20, 0x21, 0x21, 0x22, 0xcf, 0xcf, 0x24, 0x24, 0x25, 0x68, 0x26, 0x28, 0x28, 0x29, 0x2a, 0x2b, 0x2b, 0x2c, 0x88, 0x2d, 0x2e, 0x2f, 0x30, 0x6a, 0x31, 0x32, 0x33, 0x34, 0xd1, 0x6b, 0x36, 0x36, 0x37, 0x38, 0x39, 0x3a, 0x3b, 0x3b, 0x6d, 0x3c, 0x3d, 0x3e, 0x6e, 0x40, 0x41, 0x41, 0x42, 0x6f, 0x44, 0x45, 0x45, 0x70, 0x47, 0x48, 0x49, 0x4a, 0x4a, 0x71, 0x4b, 0x7a, 0x4c, 0x4c, 0x96, 0x4e, 0x7b, 0x4f, 0x4f, 0xd8, 0x51, 0x7c, 0x52, 0x72, 0x54, 0x55, 0x55, 0x56, 0x73, 0x57, 0x58, 0x58, 0x59, 0x59, 0x5a, 0x5b, 0x5c, 0x5c, 0x5d, 0x5d, 0x5e, 0x5f, 0x5f, 0x60, 0x60, 0x61, 0x9e, 0x75, 0x62, 0x62, 0x63, 0x63, 0x63, 0x63, 0x63, 0x63, 
  0x63, 0x63, 0x63, 0x63, 0x63, 0x63, 0x62, 0x63, 0x62, 0x62, 0x61, 0x61, 0x61, 0x60, 0x5f, 0x5f, 0x5e, 0x5d, 0x5c, 0x5c, 0x5b, 0xa8, 0x59, 0x59, 0x58, 0x58, 0x57, 0xd4, 0x56, 0x55, 0x55, 0x54, 0x53, 0x52, 0x7c, 0x7c, 0xd8, 0x50, 0x4f, 0x7b, 0x7b, 0x96, 0xd7, 0x7a, 0x7a, 0x4b, 0x71, 0x4a, 0x4a, 0x49, 0x48, 0x48, 0x70, 0x45, 0x45, 0x45, 0x43, 0x42, 0x41, 0x41, 0x40, 0x3f, 0x3e, 0x3d, 0x3c, 0x3c, 0x3b, 0x3b, 0x39, 0x39, 0x38, 0x37, 0x36, 0x36, 0x35, 0x34, 0x34, 0x33, 0x32, 0x31, 0x30, 0x2f, 0x2f, 0x2e, 0x2d, 0x2c, 0x79, 0x2b, 0x2b, 0x69, 0x29, 0x28, 0x27, 0x27, 0x86, 0x25, 0x24, 0x24, 0x23, 0xcf, 0x22, 0x21, 0x21, 0x21, 0x66, 0xce, 0x1f, 0x1e, 0x1e, 0x1d, 0x1e, 0x1c, 0x1c, 0xb9, 0xb9, 0x1b, 0x83, 0xb8, 0x1a, 0x19, 0x19, 0x18, 0x18, 0xc9, 0x17, 0x17, 0xb5, 0xb5, 0x16, 0x16, 0xc8, 0xc8, 0x15, 0x15, 0xb3, 0xb3, 0x14, 0x14, 0xc7, 0x77, 0x13, 0x12, 0x12, 0x12, 0x11, 0x11, 0x0f, 0x0f, 0x0e, 0x0e, 0xb0, 0xb0, 0xb0, 0x0d, 0x0d, 0x0d, 0xc6, 0xc6, 0x0c, 0x0c, 0xc5, 0xc5, 0xc5, 0xc5, 0xc5, 0x0b, 0x0b, 0xd6, 0x7d, 0x7d, 0x7d, 0x0a, 0x0a, 0x0a, 0x09, 0xae, 0x09, 0x09, 0x09, 0x09, 0xae, 0x09, 0x09, 0x0a, 0x0a, 0x0a, 0x09, 0x0a, 0x0a, 0xd6, 0x7d, 0x7d, 0x0b, 0x0b, 0x0b, 0x0b, 0x0b, 0xc5, 0xc5, 0xc5, 0xc5, 0xc5, 0xc6, 0x0c, 0xc6, 0x0d, 0x0d, 0x0d, 0xb0, 0xb0, 0xb0, 0x0e, 0x0e, 0x0f, 0x0f, 0x10, 0x11, 0x12, 0x12, 0x12, 0x13, 0x13, 0x77, 0x77, 0x14, 0x14, 0xb3, 0xb3, 0x15, 0x15, 0x80, 0x16, 0x16, 0xb5, 0x17, 0x17, 0xc9, 0x18, 0x18, 0x19, 0x1a, 0x1a, 0x1a, 0x1b, 0x1b, 0xb9, 0xb9, 0x1c, 0xcd, 0x1d, 0x1e, 0x1e, 0x1e, 0x1f, 0xce, 0x20, 0x21, 0x21, 0x22, 0x22, 0x67, 0x24, 0x24, 0x25, 0x25, 0x26, 0x27, 0x28, 0x28, 0x2a, 0x2a, 0x2b, 0x2c, 0x79, 0x2d, 0x2e, 0x2f, 0x2f, 0x30, 0x31, 0x32, 0x33, 0x33, 0x6b, 0x6b, 0x36, 0x36, 0x37, 0x6c, 0x39, 0x39, 0x3a, 0x3b, 0x3b, 0x3c, 0x3d, 0x3d, 0x3e, 0x3f, 0x40, 0x41, 0x42, 0x42, 0x43, 0x44, 0x45, 0x46, 0x46, 0x48, 0x48, 0x4a, 0x4a, 0x4a, 0x4b, 0x7a, 0x7a, 0x4c, 0x4d, 0xd7, 0x4e, 0x4f, 0x7b, 0x98, 0xd8, 0x7c, 0x7c, 0x52, 0x99, 0x54, 0x55, 0x56, 0x56, 0x73, 0x57, 0x58, 0x58, 0x59, 0x59, 0xd9, 0x5b, 0x5c, 0x5c, 0x5d, 0x5d, 0x5e, 0x5f, 0x60, 0x60, 0x61, 0x61, 0x75, 0x62, 0x62, 0x63, 0x62, 0x63, 0x63, 0x63, 0x63, 0x63, 
  0x63, 0x63, 0x63, 0x63, 0x63, 0x63, 0x63, 0x62, 0x62, 0x62, 0x75, 0x61, 0x61, 0x60, 0x5f, 0x5f, 0x5e, 0x5e, 0x5c, 0x5c, 0x5b, 0x5b, 0x59, 0x59, 0x58, 0x58, 0x57, 0x73, 0x56, 0x55, 0x55, 0x54, 0x72, 0x72, 0x7c, 0x7c, 0x51, 0x50, 0x4f, 0x7b, 0x7b, 0x4e, 0x4d, 0x4c, 0x4c, 0x4b, 0x4b, 0x71, 0x49, 0x4a, 0x48, 0x47, 0x70, 0x70, 0x45, 0x44, 0x44, 0x6f, 0x42, 0x41, 0x41, 0x6e, 0x3e, 0x3e, 0x3d, 0x3c, 0x6d, 0x3b, 0x3b, 0x39, 0x38, 0x37, 0x37, 0x36, 0x35, 0x34, 0x34, 0x33, 0x32, 0x31, 0x6a, 0x2f, 0x2f, 0x2e, 0xd0, 0x2c, 0x79, 0x79, 0x2b, 0x87, 0xbd, 0x28, 0x28, 0x27, 0x68, 0x25, 0x24, 0x24, 0x23, 0x23, 0xcf, 0x22, 0x21, 0x21, 0x20, 0x66, 0xce, 0x1e, 0x1e, 0x1e, 0x1d, 0xcd, 0xcd, 0xb9, 0x1c, 0x1b, 0x1b, 0xcc, 0xb8, 0x1a, 0x19, 0x19, 0x18, 0x18, 0xc9, 0x17, 0x17, 0xb5, 0xb5, 0x16, 0x16, 0x78, 0x15, 0x15, 0xb3, 0xb3, 0x14, 0x14, 0x14, 0xc7, 0xc7, 0x13, 0x12, 0x12, 0x11, 0x11, 0x11, 0x10, 0x0f, 0x0e, 0x0e, 0xb0, 0xb0, 0xb0, 0xb0, 0x0d, 0x0d, 0x7f, 0xc6, 0x0c, 0x0c, 0xc5, 0xc5, 0xc5, 0x0b, 0x0b, 0x0b, 0x0b, 0x0b, 0x0b, 0x0b, 0x7d, 0x7d, 0x0b, 0x0a, 0x7d, 0x0a, 0x0a, 0x0a, 0x0a, 0x0a, 0x0a, 0xd6, 0x0a, 0x0a, 0x7d, 0x0a, 0xd6, 0x7d, 0x0b, 0x0b, 0x0b, 0x0b, 0x0b, 0x0b, 0xc5, 0xc5, 0xc5, 0xc5, 0xc5, 0x0c, 0x7e, 0xc6, 0x7f, 0x0d, 0x0d, 0x0d, 0xb0, 0xb0, 0xb0, 0x0e, 0x0e, 0x0e, 0x10, 0x10, 0x11, 0x11, 0x12, 0x13, 0x13, 0x13, 0x77, 0x77, 0x14, 0x14, 0xb3, 0xb3, 0x15, 0x15, 0xc8, 0x16, 0x16, 0xb5, 0xb5, 0x17, 0xc9, 0x18, 0x18, 0x19, 0x19, 0x1a, 0xcc, 0x83, 0x1b, 0xb9, 0xb9, 0x1c, 0xcd, 0xa4, 0x1d, 0x1e, 0x1e, 0x1f, 0xce, 0x20, 0x20, 0x21, 0x21, 0x22, 0xcf, 0x67, 0x24, 0x24, 0x25, 0x68, 0x26, 0x27, 0x28, 0x29, 0x69, 0x2b, 0x2b, 0x2c, 0x88, 0x2d, 0x2e, 0x2f, 0x30, 0x6a, 0x31, 0x33, 0x33, 0x34, 0xd1, 0xd1, 0x36, 0x36, 0x37, 0x6c, 0x39, 0x3a, 0x3a, 0x3b, 0x6d, 0x3c, 0x3d, 0x3e, 0x8f, 0x3f, 0x40, 0x41, 0x42, 0x6f, 0x43, 0x45, 0x45, 0x46, 0x70, 0x48, 0x49, 0x49, 0x4a, 0x4b, 0xd3, 0x7a, 0x7a, 0x4c, 0x96, 0xd7, 0x7b, 0x7b, 0x4f, 0x50, 0x51, 0x7c, 0x7c, 0x52, 0x53, 0x55, 0x54, 0x56, 0x56, 0x73, 0x57, 0x58, 0x58, 0x59, 0xd9, 0x5a, 0x5c, 0x5c, 0x5d, 0x5d, 0x5e, 0x9d, 0x5f, 0x60, 0x60, 0x61, 0x61, 0x9e, 0x62, 0x62, 0x62, 0x63, 0x63, 0x63, 0x63, 0x63, 0x63, 
  0x63, 0x63, 0x63, 0x63, 0x63, 0x63, 0x63, 0x62, 0x63, 0x9e, 0x62, 0x61, 0x61, 0x60, 0x60, 0x5f, 0x5e, 0x9c, 0x5d, 0x5c, 0x5c, 0xa8, 0x5a, 0x59, 0x58, 0x58, 0x57, 0x73, 0x56, 0x56, 0x55, 0x54, 0x53, 0x72, 0x52, 0x7c, 0x51, 0xd8, 0x4f, 0x4f, 0x7b, 0x4e, 0x96, 0x4c, 0x7a, 0x7a, 0x4b, 0x71, 0x4a, 0x49, 0x49, 0x48, 0x70, 0x46, 0x45, 0x45, 0x43, 0x6f, 0x42, 0x41, 0x40, 0x40, 0x6e, 0x3e, 0x3c, 0x3d, 0x6d, 0x3b, 0x3b, 0x39, 0x39, 0x8d, 0x37, 0x36, 0x35, 0x35, 0x34, 0x33, 0x33, 0x31, 0x6a, 0x30, 0x2f, 0x2f, 0x2e, 0x2c, 0x2c, 0x79, 0x2b, 0x2b, 0x69, 0x29, 0x28, 0x27, 0x27, 0x86, 0x25, 0x24, 0x24, 0x23, 0xcf, 0x22, 0x22, 0x21, 0x21, 0x66, 0xce, 0x1f, 0x1f, 0x1e, 0x1d, 0x1e, 0x1c, 0x1c, 0xb9, 0xb9, 0x1b, 0x1b, 0xb7, 0x1a, 0x1a, 0x19, 0x19, 0x18, 0x81, 0xc9, 0x17, 0xb5, 0xb5, 0xb5, 0x16, 0x16, 0xc8, 0x15, 0x15, 0xb3, 0xb3, 0xb3, 0x14, 0x77, 0x77, 0x13, 0x13, 0x12, 0x12, 0x11, 0x11, 0x11, 0x10, 0x0f, 0x0e, 0x0e, 0x0e, 0xb0, 0xb0, 0x0d, 0x0d, 0x0d, 0xc6, 0xc6, 0xc6, 0x0c, 0x0c, 0x0c, 0x0c, 0xc5, 0xc5, 0xc5, 0x0b, 0x0b, 0x0b, 0x0b, 0x0b, 0x0b, 0x7d, 0x0b, 0xd6, 0x0b, 0xd6, 0x7d, 0xd6, 0xd6, 0xd6, 0x0b, 0x7d, 0x0b, 0x0b, 0x0b, 0x0b, 0x0b, 0x0b, 0xc5, 0xc5, 0xc5, 0xc5, 0xc5, 0xc5, 0x0c, 0x0c, 0x0c, 0x7e, 0xc6, 0x7f, 0x0d, 0x0d, 0x0d, 0xb0, 0xb0, 0xb0, 0x0e, 0x0e, 0x0f, 0x10, 0x10, 0x11, 0x12, 0x12, 0x12, 0x13, 0x13, 0x77, 0x77, 0x14, 0x14, 0xb3, 0xb3, 0x15, 0xc8, 0xc8, 0x80, 0x16, 0xb5, 0xb5, 0x17, 0x17, 0x81, 0x18, 0x19, 0x19, 0x1a, 0x1a, 0xb8, 0x1b, 0x1b, 0xb9, 0x1c, 0x1c, 0x65, 0x1d, 0x1e, 0x1e, 0x1e, 0x84, 0xa5, 0x20, 0x21, 0x21, 0x22, 0xcf, 0x67, 0x23, 0x24, 0x24, 0x68, 0x26, 0x27, 0x28, 0x29, 0x69, 0x2a, 0x2b, 0x2c, 0x79, 0x2d, 0x2e, 0x2e, 0x30, 0x30, 0x31, 0x32, 0x32, 0x33, 0x34, 0xd1, 0x36, 0x36, 0x36, 0x6c, 0x38, 0x39, 0x3a, 0x3b, 0x8e, 0x3c, 0x3c, 0x3d, 0x3e, 0x3e, 0x40, 0x41, 0x41, 0x42, 0x43, 0x44, 0x45, 0x46, 0x46, 0x47, 0x48, 0x49, 0x4a, 0x4a, 0xd3, 0x4b, 0x7a, 0x4c, 0x4d, 0xd7, 0x4e, 0x7b, 0x4f, 0x50, 0x98, 0x51, 0x7c, 0x52, 0x72, 0x53, 0x54, 0x56, 0x55, 0x73, 0x73, 0x57, 0x58, 0x59, 0x59, 0x5a, 0x5b, 0x5b, 0x5c, 0x5d, 0x5d, 0x5e, 0x9d, 0x60, 0x60, 0x60, 0x61, 0x61, 0x62, 0x62, 0x62, 0x63, 0x63, 0x63, 0x63, 0x63, 0x63, 0x63, 
  0x63, 0x63, 0x63, 0x63, 0x63, 0x63, 0x63, 0x63, 0x62, 0x62, 0x75, 0x61, 0x9e, 0x60, 0x60, 0x5f, 0x9d, 0x5d, 0x5d, 0x5c, 0x5c, 0x5b, 0x5a, 0x59, 0x59, 0x58, 0x57, 0x57, 0x56, 0x56, 0x55, 0x54, 0x53, 0x52, 0x52, 0x7c, 0x7c, 0x98, 0x4f, 0x4f, 0x7b, 0x4e, 0x96, 0x4d, 0x4c, 0x7a, 0x4b, 0x71, 0x4a, 0x4a, 0x49, 0x48, 0x47, 0x46, 0x46, 0x45, 0x44, 0x43, 0x42, 0x41, 0x41, 0x40, 0x3f, 0x3d, 0x3e, 0x3c, 0x3c, 0x3b, 0x3b, 0x3a, 0x39, 0x6c, 0x37, 0x36, 0x36, 0x35, 0xd1, 0x34, 0x33, 0x32, 0x31, 0x30, 0x30, 0x2f, 0x2e, 0x89, 0x2c, 0x79, 0x79, 0x2b, 0xbd, 0x29, 0x28, 0x28, 0x27, 0x68, 0x25, 0x25, 0x24, 0x23, 0x23, 0x22, 0x22, 0x21, 0x21, 0x20, 0x66, 0x1f, 0x1f, 0x1e, 0x1e, 0x1d, 0x1d, 0x1c, 0x1c, 0xb9, 0xb9, 0x1b, 0x83, 0x83, 0x19, 0x1a, 0x19, 0x18, 0x18, 0x81, 0xc9, 0x17, 0x17, 0xb5, 0xb5, 0x16, 0x16, 0xc8, 0x15, 0xc8, 0xb3, 0xb3, 0x14, 0x14, 0xc7, 0x77, 0x13, 0x13, 0x12, 0x12, 0x12, 0x11, 0x11, 0x10, 0x0f, 0x0e, 0x0e, 0x0e, 0xb0, 0xb0, 0x0d, 0xb0, 0x0d, 0x0d, 0x7f, 0xc6, 0xc6, 0x0c, 0x0c, 0x0c, 0xc5, 0xc5, 0xc5, 0xc5, 0xc5, 0xc5, 0x0b, 0x0b, 0x0b, 0x0b, 0x0b, 0x0b, 0x0b, 0xc5, 0x0b, 0xc5, 0x0b, 0xc5, 0x0b, 0xc5, 0xc5, 0x0b, 0xc5, 0xc5, 0xc5, 0xc5, 0xc5, 0xc5, 0xc5, 0xc5, 0x0c, 0x0c, 0xc6, 0xc6, 0xc6, 0x0d, 0x0d, 0x0d, 0xb0, 0xb0, 0xb0, 0x0e, 0x0e, 0x0e, 0x0f, 0x10, 0x11, 0x11, 0x12, 0x12, 0x12, 0x13, 0x13, 0x77, 0x77, 0x14, 0x14, 0xb3, 0xb3, 0x15, 0x15, 0xc8, 0x16, 0x16, 0xb5, 0xb5, 0x17, 0xc9, 0xc9, 0x18, 0x19, 0x19, 0x1a, 0x1a, 0xcc, 0x1b, 0x1b, 0xb9, 0xb9, 0x1c, 0xcd, 0x1d, 0x1d, 0x1e, 0x1e, 0x1f, 0xce, 0x66, 0x21, 0x21, 0x21, 0x22, 0xcf, 0x24, 0x24, 0x24, 0x68, 0x68, 0x27, 0x28, 0x28, 0x29, 0x69, 0x2b, 0x2b, 0x2c, 0x2c, 0x89, 0x2e, 0x2f, 0x2f, 0x6a, 0x31, 0x32, 0x33, 0x34, 0xd1, 0x6b, 0x36, 0x36, 0x37, 0x6c, 0x39, 0x3a, 0x3a, 0x3b, 0x6d, 0x3c, 0x3d, 0x3e, 0x3e, 0x3f, 0x40, 0x41, 0x42, 0x42, 0x44, 0x44, 0x45, 0x46, 0x70, 0x48, 0x49, 0x49, 0x4a, 0x4a, 0x4b, 0x7a, 0x7a, 0x4c, 0x4d, 0x4d, 0x7b, 0x7b, 0x4f, 0x97, 0x51, 0x7c, 0x7c, 0x52, 0x72, 0x54, 0x54, 0x55, 0x56, 0xc2, 0x57, 0x58, 0x58, 0x59, 0x59, 0xd9, 0x5b, 0x5c, 0x5c, 0x5d, 0x5d, 0x5e, 0x5f, 0x5f, 0x60, 0x61, 0x61, 0x9e, 0x75, 0x62, 0x63, 0x62, 0x63, 0x63, 0x63, 0x63, 0x63, 0x63, 
  0x63, 0x63, 0x63, 0x63, 0x63, 0x63, 0x63, 0x62, 0x63, 0x62, 0x62, 0x75, 0x61, 0x61, 0x60, 0x5f, 0x5f, 0x5e, 0x5d, 0x5d, 0x5c, 0xd9, 0xa8, 0x5a, 0x59, 0x58, 0x58, 0x73, 0x73, 0x56, 0x55, 0x55, 0x53, 0x72, 0x52, 0x7c, 0x51, 0x51, 0x50, 0x4f, 0x7b, 0x4e, 0x4e, 0x4d, 0x4c, 0x7a, 0x7a, 0x4b, 0x71, 0x4a, 0x49, 0x49, 0x47, 0x70, 0x46, 0x45, 0x45, 0x43, 0x42, 0x41, 0x41, 0x40, 0x3f, 0x3e, 0x3d, 0x3c, 0x3c, 0x3b, 0x3b, 0x3a, 0x3a, 0x38, 0x37, 0x37, 0x36, 0x35, 0xd1, 0x34, 0x33, 0x33, 0x31, 0x6a, 0x30, 0x2f, 0x2e, 0x2d, 0x88, 0x2c, 0x79, 0x2b, 0x2a, 0xbd, 0x29, 0x28, 0x27, 0x26, 0x68, 0x25, 0x24, 0x24, 0x23, 0x67, 0x22, 0x22, 0x21, 0x21, 0x66, 0xce, 0x1f, 0x1e, 0x1e, 0x1e, 0x1d, 0xcd, 0x1c, 0x1c, 0xb9, 0x1b, 0x1b, 0x83, 0xb8, 0x1a, 0x1a, 0x19, 0x18, 0x18, 0xc9, 0xc9, 0x17, 0xb5, 0xb5, 0x16, 0xb5, 0x78, 0xc8, 0x15, 0x15, 0xb3, 0xb3, 0x14, 0x14, 0x77, 0x77, 0xb2, 0x13, 0x12, 0x12, 0x12, 0x11, 0x11, 0x10, 0x10, 0x0f, 0x0e, 0x0e, 0xb0, 0xb0, 0xb0, 0x0d, 0xb0, 0x0d, 0x0d, 0x7f, 0x0d, 0xc6, 0x7e, 0x0c, 0xc5, 0xc5, 0xc5, 0xc5, 0xc5, 0xc5, 0xc5, 0xc5, 0xc5, 0xc5, 0xc5, 0xc5, 0x0b, 0xc5, 0x0b, 0xc5, 0xc5, 0xc5, 0xc5, 0xc5, 0xc5, 0xc5, 0xc5, 0xc5, 0xc5, 0x0c, 0x0c, 0x0c, 0x7e, 0xc6, 0xc6, 0x7f, 0x7f, 0x0d, 0x0d, 0x0d, 0xb0, 0xb0, 0xb0, 0xb0, 0x0e, 0x0e, 0x0e, 0x0f, 0x11, 0x11, 0x11, 0x12, 0x12, 0x13, 0x13, 0x77, 0x77, 0x14, 0x14, 0xb3, 0xb3, 0x15, 0x15, 0xc8, 0x80, 0x16, 0x16, 0xb5, 0x17, 0xb5, 0xc9, 0x18, 0x18, 0x19, 0x1a, 0x1a, 0x1a, 0x1b, 0x1b, 0xb9, 0xb9, 0x1c, 0x1c, 0x1d, 0x1d, 0x1e, 0x1e, 0x1f, 0xce, 0x20, 0x20, 0x21, 0x21, 0x22, 0xcf, 0x23, 0x23, 0x24, 0x25, 0x25, 0x26, 0x27, 0x28, 0x28, 0x29, 0x2a, 0x2b, 0x79, 0x2c, 0x88, 0x2e, 0x2e, 0x2f, 0x6a, 0x6a, 0x32, 0x33, 0x33, 0x34, 0xd1, 0x36, 0x36, 0x36, 0x6c, 0x38, 0x39, 0x3a, 0x3b, 0x3b, 0x6d, 0x3c, 0x3d, 0x3e, 0x3e, 0x40, 0x40, 0x42, 0x42, 0x91, 0x44, 0x45, 0x45, 0x70, 0x70, 0x48, 0x49, 0x4a, 0x4a, 0xd3, 0x4b, 0x7a, 0x7a, 0x4d, 0xd7, 0x4e, 0x7b, 0x7b, 0x4f, 0x50, 0x51, 0x7c, 0x7c, 0x52, 0x53, 0x54, 0x55, 0x56, 0x56, 0x73, 0x57, 0x58, 0x59, 0x59, 0x5a, 0xd9, 0x5b, 0x5c, 0x5c, 0x5d, 0x5e, 0x5e, 0x5f, 0x60, 0x60, 0x61, 0x61, 0x9e, 0x62, 0x62, 0x62, 0x63, 0x63, 0x63, 0x63, 0x63, 0x63, 0x63, 
  0x63, 0x63, 0x63, 0x63, 0x63, 0x63, 0x63, 0x63, 0x62, 0x62, 0x62, 0x75, 0x61, 0x61, 0x60, 0x60, 0x5f, 0x5e, 0x5d, 0x5c, 0x5c, 0x5b, 0xd9, 0x59, 0x59, 0x58, 0x57, 0x57, 0x73, 0x56, 0x56, 0x54, 0x54, 0x53, 0x72, 0x7c, 0x7c, 0x51, 0x50, 0x4f, 0x7b, 0x7b, 0x4e, 0x4d, 0x4d, 0x7a, 0x7a, 0x4b, 0xd3, 0x4a, 0x49, 0x49, 0x48, 0x46, 0x46, 0x45, 0x44, 0x44, 0x6f, 0x6f, 0x41, 0x40, 0x3f, 0x6e, 0x3e, 0x3d, 0x3c, 0x6d, 0x3b, 0x3a, 0x3a, 0x38, 0x37, 0x37, 0x36, 0x36, 0x35, 0x34, 0x34, 0x32, 0x32, 0x6a, 0x30, 0x2f, 0x2f, 0x2e, 0x88, 0x2c, 0x79, 0x2b, 0x2b, 0x69, 0x29, 0x28, 0x28, 0x27, 0x26, 0x25, 0x24, 0x24, 0x23, 0x23, 0x22, 0x22, 0x21, 0x21, 0x20, 0x20, 0x1f, 0x1f, 0x1e, 0x1e, 0x1e, 0x1d, 0xcd, 0x1c, 0x1c, 0xb9, 0x1b, 0x1b, 0x83, 0x1a, 0x1a, 0x19, 0x19, 0x18, 0x18, 0xc9, 0x17, 0x17, 0xb5, 0xb5, 0x16, 0x16, 0x80, 0xc8, 0x15, 0x15, 0x15, 0xb3, 0x14, 0x14, 0x77, 0x77, 0xc7, 0x13, 0x13, 0x12, 0x12, 0x11, 0x11, 0x10, 0x0f, 0x0f, 0x0e, 0x0e, 0x0e, 0xb0, 0xb0, 0xb0, 0x0d, 0x0d, 0x0d, 0x0d, 0x7f, 0xc6, 0xc6, 0x0c, 0x0c, 0x0c, 0x0c, 0x0c, 0xc5, 0x0c, 0xc5, 0xc5, 0xc5, 0xc5, 0xc5, 0xc5, 0xc5, 0xc5, 0xc5, 0xc5, 0xc5, 0x0c, 0xc5, 0x0c, 0x0c, 0x0c, 0x0c, 0x0c, 0x0c, 0xc6, 0xc6, 0x7f, 0x7f, 0x0d, 0x0d, 0xb0, 0x0d, 0x0d, 0xb0, 0xb0, 0xb0, 0x0e, 0x0e, 0x0e, 0x0f, 0x10, 0x11, 0x11, 0x11, 0x12, 0x13, 0x13, 0x13, 0x77, 0x77, 0x14, 0x14, 0xb3, 0xb3, 0x15, 0x15, 0x78, 0x80, 0x16, 0x16, 0xb5, 0xb5, 0x17, 0xc9, 0xc9, 0x18, 0x19, 0x19, 0x1a, 0x1a, 0x83, 0x1b, 0x1b, 0xb9, 0x1c, 0x1c, 0xcd, 0x1d, 0x1e, 0x1e, 0x1e, 0x1f, 0xce, 0x20, 0x21, 0x21, 0x21, 0x22, 0xcf, 0x23, 0x24, 0x24, 0x25, 0x68, 0x27, 0x27, 0x28, 0x29, 0x69, 0x2b, 0x79, 0x2c, 0x2c, 0x2e, 0x2e, 0x2f, 0x30, 0x30, 0x31, 0x32, 0x33, 0x34, 0x34, 0x35, 0x35, 0x36, 0x37, 0x37, 0x6c, 0x3a, 0x3a, 0x3b, 0x3b, 0x3c, 0x3d, 0x3e, 0x3e, 0x40, 0x40, 0x41, 0x41, 0x42, 0x43, 0x44, 0x45, 0x46, 0x46, 0x47, 0x48, 0x48, 0x4a, 0x4a, 0x71, 0x4b, 0x7a, 0x4c, 0x4c, 0x4e, 0xd7, 0x7b, 0x4f, 0x4f, 0x98, 0x51, 0x7c, 0x52, 0x72, 0x53, 0x54, 0x55, 0x55, 0x56, 0x73, 0x57, 0x58, 0x58, 0x59, 0x5a, 0xd9, 0x5b, 0x5c, 0x5c, 0x5d, 0x5e, 0x9d, 0x5f, 0x60, 0x60, 0x61, 0x9e, 0x75, 0x62, 0x62, 0x63, 0x63, 0x63, 0x63, 0x63, 0x63, 0x63, 0x63, 
  0x63, 0x63, 0x63, 0x63, 0x63, 0x63, 0x63, 0x62, 0x63, 0x62, 0x62, 0x9e, 0x9e, 0x61, 0x60, 0x5f, 0x5f, 0x9d, 0x5d, 0x5d, 0x5c, 0x5b, 0x5b, 0x5a, 0x5a, 0x59, 0x58, 0x57, 0x73, 0x56, 0x55, 0x55, 0x54, 0x53, 0x52, 0x52, 0x7c, 0x51, 0x98, 0x4f, 0x4f, 0x7b, 0x4e, 0x4e, 0x4c, 0x4c, 0x7a, 0x4b, 0x4b, 0x4a, 0x4a, 0x49, 0x48, 0x48, 0x46, 0x46, 0x45, 0x44, 0x43, 0x42, 0x41, 0x41, 0x40, 0x6e, 0x3e, 0x3d, 0x3c, 0x3c, 0x8e, 0x3b, 0x3a, 0x39, 0x39, 0x37, 0x37, 0x36, 0x35, 0x6b, 0x34, 0x33, 0x33, 0x32, 0x6a, 0x30, 0x2f, 0x2e, 0x2e, 0x2c, 0x2c, 0x79, 0x2b, 0x2a, 0x87, 0x29, 0x28, 0x27, 0x26, 0x25, 0x25, 0x24, 0x24, 0x23, 0x23, 0xcf, 0x22, 0x21, 0x21, 0x20, 0xce, 0x1f, 0x1f, 0x1e, 0x1e, 0x1d, 0x1d, 0xba, 0x1c, 0xb9, 0xb9, 0x1b, 0x1b, 0xb8, 0x1a, 0x1a, 0x1a, 0x19, 0x18, 0x18, 0x81, 0x17, 0x17, 0xb5, 0xb5, 0x16, 0x16, 0x80, 0xc8, 0x15, 0xb3, 0x15, 0x14, 0xb3, 0x14, 0x77, 0x77, 0xb2, 0x13, 0x13, 0x12, 0x12, 0x12, 0x11, 0x11, 0x11, 0x0f, 0x0f, 0x0e, 0x0e, 0xb0, 0x0e, 0x0d, 0xb0, 0x0d, 0x0d, 0x0d, 0x0d, 0x7f, 0x7f, 0xc6, 0x7e, 0xc6, 0x0c, 0x0c, 0x0c, 0xc6, 0xc6, 0x0c, 0x0c, 0x0c, 0x0c, 0x0c, 0x0c, 0x0c, 0x0c, 0xc5, 0x0c, 0x0c, 0x0c, 0x0c, 0xc6, 0xc6, 0xc6, 0x7f, 0x7f, 0x7f, 0x0d, 0x0d, 0x0d, 0x0d, 0xb0, 0xb0, 0xb0, 0x0e, 0xb0, 0x0f, 0x0e, 0x0f, 0x10, 0x11, 0x11, 0x11, 0x12, 0x12, 0x12, 0x13, 0x13, 0x77, 0x77, 0x14, 0x14, 0xb3, 0xb3, 0x15, 0x15, 0xc8, 0x78, 0x16, 0xb5, 0xb5, 0x17, 0x17, 0xc9, 0x18, 0x18, 0x19, 0x19, 0x19, 0x1a, 0xcc, 0x1b, 0x1b, 0xb9, 0xb9, 0x1c, 0x1c, 0x1d, 0x1d, 0x1e, 0x1e, 0x1f, 0xce, 0x20, 0x20, 0x21, 0x21, 0xcf, 0x22, 0x23, 0x24, 0x24, 0x25, 0x25, 0x26, 0x27, 0x28, 0x29, 0x29, 0x2a, 0x2b, 0x79, 0x79, 0x2d, 0x89, 0x2f, 0x2f, 0x30, 0x30, 0x32, 0x33, 0x33, 0x34, 0xd1, 0x35, 0x36, 0x36, 0x37, 0x6c, 0x39, 0x3a, 0x3b, 0x3b, 0x6d, 0x3c, 0x3d, 0x3e, 0x8f, 0x3f, 0x41, 0x41, 0x42, 0x6f, 0x44, 0x44, 0x45, 0x46, 0x70, 0x48, 0x49, 0x4a, 0x4a, 0x4a, 0x4b, 0x7a, 0x7a, 0x4c, 0x4d, 0xd7, 0x4e, 0x7b, 0x4f, 0x4f, 0x51, 0x51, 0x7c, 0x52, 0x52, 0x54, 0x54, 0x56, 0x56, 0xd4, 0x57, 0x57, 0x58, 0x59, 0x59, 0xd9, 0x5b, 0x5c, 0x5c, 0x5d, 0x5d, 0x5e, 0x5f, 0x5f, 0x60, 0x60, 0x61, 0x9e, 0x75, 0x62, 0x62, 0x63, 0x62, 0x63, 0x63, 0x63, 0x63, 0x63, 0x63, 
  0x63, 0x63, 0x63, 0x63, 0x63, 0x63, 0x63, 0x63, 0x63, 0x62, 0x62, 0x75, 0x61, 0x61, 0x60, 0x60, 0x5f, 0x5f, 0x5d, 0x5d, 0x5c, 0x5c, 0x5b, 0x5a, 0x59, 0x59, 0x58, 0x57, 0x73, 0x56, 0x56, 0x55, 0x55, 0x53, 0x52, 0x52, 0x7c, 0x7c, 0x98, 0x98, 0x7b, 0x4f, 0x4e, 0x4e, 0x4d, 0x4c, 0x4c, 0x4b, 0x4b, 0x71, 0x49, 0x4a, 0x48, 0x48, 0x70, 0x46, 0x45, 0x44, 0x43, 0x6f, 0x41, 0x41, 0x3f, 0x3f, 0x3e, 0x3d, 0x3d, 0x3c, 0x8e, 0x3b, 0x3b, 0x39, 0x39, 0x37, 0x37, 0x36, 0x36, 0x6b, 0x34, 0x34, 0x33, 0x32, 0x6a, 0x30, 0x2f, 0x2f, 0x2e, 0x89, 0x2c, 0x79, 0x79, 0x2b, 0x69, 0x29, 0x28, 0x28, 0x27, 0x26, 0x25, 0x25, 0x24, 0x24, 0x23, 0xcf, 0xcf, 0x21, 0x21, 0x21, 0x20, 0xce, 0x1f, 0x1f, 0x1e, 0x1e, 0x1d, 0xa4, 0xba, 0x1c, 0xb9, 0xb9, 0x1b, 0x1b, 0xb8, 0x1a, 0x1a, 0x19, 0x19, 0x18, 0x18, 0xc9, 0x17, 0x17, 0xb5, 0xb5, 0x16, 0x16, 0x80, 0x78, 0x15, 0x15, 0xb3, 0xb3, 0x14, 0xb3, 0xa3, 0x77, 0xc7, 0x13, 0x13, 0x12, 0x12, 0x12, 0x11, 0x11, 0x10, 0x10, 0x0f, 0x0e, 0x0f, 0xb0, 0x0e, 0xb0, 0xb0, 0xb0, 0x0d, 0x0d, 0x0d, 0x0d, 0x0d, 0x0d, 0xc6, 0x7f, 0xc6, 0xc6, 0xc6, 0xc6, 0xc6, 0xc6, 0xc6, 0xc6, 0xc6, 0xc6, 0xc6, 0x0c, 0x7f, 0xc6, 0xc6, 0xc6, 0x0d, 0x7f, 0x7f, 0x0d, 0x0d, 0x0d, 0x0d, 0x0d, 0x0d, 0xb0, 0xb0, 0xb0, 0x0e, 0xb0, 0x0e, 0x0e, 0x0e, 0x0f, 0x10, 0x11, 0x11, 0x11, 0x12, 0x12, 0x12, 0x13, 0x13, 0x77, 0x77, 0x14, 0x14, 0xb3, 0xb3, 0x15, 0x15, 0x78, 0x80, 0x16, 0x16, 0xb5, 0xb5, 0x17, 0xc9, 0xc9, 0x18, 0x18, 0x19, 0x1a, 0x1a, 0xb8, 0x1b, 0x1b, 0xb9, 0xb9, 0x1c, 0x1c, 0x1d, 0x1d, 0x1e, 0x1e, 0x1f, 0x1f, 0x66, 0x20, 0x21, 0x21, 0x22, 0x22, 0xcf, 0x24, 0x24, 0x24, 0x25, 0x68, 0x27, 0x28, 0x28, 0x29, 0x69, 0x2b, 0x79, 0x79, 0x2c, 0x89, 0x2f, 0x2e, 0x30, 0x30, 0x32, 0x32, 0x33, 0x34, 0x34, 0x35, 0x36, 0x36, 0x37, 0x37, 0x38, 0x3a, 0x39, 0x3b, 0x8e, 0x6d, 0x3d, 0x3d, 0x3e, 0x3f, 0x40, 0x40, 0x42, 0x42, 0x43, 0x44, 0x45, 0x46, 0x70, 0x48, 0x48, 0x49, 0x49, 0x4a, 0x71, 0x4b, 0x7a, 0x7a, 0x4c, 0x4d, 0x4e, 0x4e, 0x4f, 0x7b, 0xd8, 0x98, 0x7c, 0x7c, 0x52, 0x53, 0x54, 0x55, 0x55, 0x56, 0x73, 0x57, 0x58, 0x58, 0x59, 0x5a, 0xa8, 0x5b, 0x5c, 0x5c, 0x5d, 0x5e, 0x9d, 0x5f, 0x60, 0x60, 0x61, 0x61, 0x75, 0x61, 0x63, 0x62, 0x63, 0x63, 0x63, 0x63, 0x63, 0x63, 0x63, 0x63, 
  0x63, 0x63, 0x63, 0x63, 0x63, 0x63, 0x63, 0x63, 0x62, 0x62, 0x62, 0x62, 0x9e, 0x61, 0x60, 0x60, 0x5f, 0x5f, 0x5e, 0x5d, 0x5c, 0x5c, 0x5b, 0xa8, 0x5a, 0x59, 0x58, 0x58, 0x73, 0x73, 0x56, 0x55, 0x55, 0x53, 0x53, 0x52, 0x7c, 0x7c, 0x51, 0x50, 0x4f, 0x7b, 0x7b, 0x4e, 0xd7, 0x4c, 0x7a, 0x7a, 0x4b, 0x71, 0x4a, 0x49, 0x49, 0x48, 0x70, 0x46, 0x45, 0x45, 0x44, 0x6f, 0x42, 0x41, 0x40, 0x3f, 0x8f, 0x3e, 0x3d, 0x3c, 0x6d, 0x3b, 0x3a, 0x3a, 0x39, 0x38, 0x37, 0x36, 0x36, 0x35, 0x6b, 0x34, 0x33, 0x32, 0x31, 0x8a, 0x30, 0x2f, 0x2e, 0x2d, 0x89, 0x2c, 0x79, 0x2b, 0x2b, 0x69, 0x29, 0x28, 0x27, 0x27, 0x25, 0x25, 0x24, 0x24, 0x23, 0x23, 0xcf, 0x22, 0x21, 0x21, 0x20, 0x20, 0xce, 0x1f, 0x1e, 0x1e, 0x1d, 0x1d, 0xcd, 0x1c, 0x1c, 0xb9, 0xb9, 0x1b, 0x83, 0xb8, 0x1a, 0x19, 0x19, 0x19, 0x18, 0x81, 0xc9, 0x17, 0x17, 0xb5, 0xb5, 0x16, 0x16, 0xc8, 0x78, 0x15, 0x15, 0xb3, 0xb3, 0x14, 0x14, 0x14, 0x77, 0xc7, 0x13, 0x13, 0x12, 0x13, 0x11, 0x12, 0x11, 0x11, 0x10, 0x0f, 0x0f, 0x0e, 0x0e, 0xb0, 0x0e, 0xb0, 0xb0, 0xb0, 0xb0, 0x0d, 0x0d, 0x0d, 0x0d, 0x0d, 0x0d, 0x0d, 0x7f, 0x0d, 0x7f, 0x7f, 0x7f, 0x7f, 0xc6, 0x7f, 0xc6, 0xc6, 0x7f, 0x7f, 0x0d, 0x7f, 0x0d, 0x0d, 0x0d, 0x0d, 0x0d, 0x0d, 0x0d, 0xb0, 0xb0, 0xb0, 0x0e, 0xb0, 0x0e, 0x0e, 0x0e, 0x0f, 0x10, 0x10, 0x11, 0x11, 0x12, 0x12, 0x12, 0x13, 0x13, 0x13, 0x77, 0x77, 0x14, 0x14, 0xb3, 0xb3, 0x15, 0x15, 0x78, 0x80, 0x16, 0x16, 0xb5, 0xb5, 0x17, 0x17, 0xc9, 0x18, 0x18, 0x19, 0x19, 0x1a, 0x1a, 0xcc, 0x1b, 0x1b, 0x1c, 0xb9, 0x1c, 0xcd, 0x1d, 0x1e, 0x1e, 0x1e, 0x1f, 0x84, 0x20, 0x21, 0x21, 0x21, 0x22, 0x22, 0x23, 0x24, 0x24, 0x25, 0x25, 0x26, 0x27, 0x28, 0x29, 0x87, 0x2a, 0x2b, 0x79, 0x2c, 0x89, 0x2e, 0x2e, 0x30, 0x2f, 0x31, 0x31, 0x33, 0x33, 0x34, 0x34, 0x35, 0x36, 0x36, 0x37, 0x6c, 0x39, 0x3a, 0x3a, 0x3b, 0x6d, 0x3c, 0x3d, 0x3e, 0x6e, 0x3f, 0x40, 0x42, 0x41, 0x43, 0x44, 0x44, 0x45, 0x46, 0x70, 0x48, 0x48, 0x49, 0x4a, 0x4a, 0x71, 0x4b, 0x7a, 0x4c, 0x4c, 0x96, 0x7b, 0x7b, 0x7b, 0x50, 0x98, 0x51, 0x7c, 0x7c, 0x72, 0x53, 0x54, 0x55, 0x56, 0x56, 0x73, 0x57, 0x57, 0x58, 0x59, 0x59, 0xd9, 0x5b, 0x5c, 0x5c, 0x5d, 0x5e, 0x9d, 0x5f, 0x60, 0x60, 0x61, 0x61, 0x9e, 0x62, 0x62, 0x62, 0x63, 0x63, 0x63, 0x63, 0x63, 0x63, 0x63, 0x63, 
  0x63, 0x63, 0x63, 0x63, 0x63, 0x63, 0x63, 0x63, 0x63, 0x63, 0x62, 0x62, 0x75, 0x61, 0x61, 0x60, 0x5f, 0x5f, 0x5e, 0x5d, 0x5c, 0x5c, 0x5b, 0xd9, 0x5a, 0x59, 0x58, 0x58, 0x57, 0x73, 0x56, 0x55, 0x55, 0x54, 0x72, 0x52, 0x52, 0x7c, 0x51, 0x98, 0x4f, 0x4f, 0x7b, 0x4e, 0x96, 0x4d, 0x4c, 0x7a, 0x4b, 0x71, 0x4a, 0x4a, 0x49, 0x48, 0x47, 0x70, 0x45, 0x45, 0x44, 0x6f, 0x42, 0x41, 0x41, 0x3f, 0x3f, 0x3d, 0x3e, 0x3c, 0x3c, 0x8e, 0x3b, 0x3b, 0x39, 0x38, 0x6c, 0x37, 0x36, 0x36, 0x8b, 0xd1, 0x33, 0x33, 0x32, 0xa6, 0x30, 0x2f, 0x2f, 0x2e, 0x2c, 0x2c, 0x79, 0x79, 0x2b, 0x69, 0x29, 0x28, 0x28, 0x27, 0x26, 0x68, 0x25, 0x24, 0x24, 0x23, 0x67, 0x22, 0x22, 0x21, 0x21, 0x20, 0xa5, 0x1f, 0x1f, 0x1e, 0x1e, 0x1d, 0x1d, 0xa4, 0x1c, 0x1c, 0xb9, 0x1b, 0x1b, 0xcc, 0xb8, 0x1a, 0x1a, 0x19, 0x18, 0x18, 0x81, 0x17, 0x17, 0x17, 0xb5, 0xb5, 0x16, 0x16, 0x80, 0xb4, 0x15, 0x15, 0xb3, 0xb3, 0x14, 0x14, 0x14, 0x77, 0x77, 0xc7, 0xc7, 0x12, 0x13, 0x12, 0x12, 0x11, 0x11, 0x10, 0xa2, 0x0f, 0xb1, 0xb1, 0xb0, 0x0e, 0xb0, 0xb0, 0xb0, 0xb0, 0xb0, 0x0d, 0x0d, 0x0d, 0x0d, 0x0d, 0x0d, 0x0d, 0x0d, 0x0d, 0x0d, 0x0d, 0x0d, 0x0d, 0x0d, 0x0d, 0x0d, 0x0d, 0x0d, 0xb0, 0x0d, 0x0d, 0x0d, 0xb0, 0xb0, 0xb0, 0xb0, 0xb0, 0x0e, 0xb0, 0x0e, 0x0e, 0x0e, 0x0f, 0x10, 0x10, 0x11, 0x12, 0x11, 0x12, 0x12, 0x12, 0x13, 0x13, 0xb2, 0x77, 0xa3, 0x14, 0x14, 0xb3, 0xb3, 0x15, 0x15, 0x78, 0x80, 0x16, 0x16, 0xb5, 0xb5, 0x17, 0x17, 0xc9, 0x18, 0x18, 0x19, 0x19, 0x1a, 0x1a, 0xb7, 0x1b, 0x1b, 0xb9, 0xb9, 0x1c, 0xba, 0x1d, 0x1d, 0x1e, 0x1e, 0x1f, 0x1f, 0x20, 0x20, 0x21, 0x21, 0x22, 0x22, 0x23, 0x23, 0x24, 0x24, 0x25, 0x68, 0x26, 0x28, 0x28, 0x29, 0x69, 0x2b, 0x79, 0x79, 0x2c, 0x2d, 0x2e, 0x2f, 0x2f, 0x30, 0x31, 0x32, 0x33, 0x33, 0x34, 0x35, 0x35, 0x36, 0x36, 0x37, 0x38, 0x39, 0x3a, 0x3b, 0x8e, 0x6d, 0x3d, 0x3d, 0x3e, 0x6e, 0x40, 0x41, 0x41, 0x42, 0x91, 0x44, 0x45, 0x45, 0x46, 0x47, 0x48, 0x49, 0x49, 0x4a, 0x94, 0x4b, 0x7a, 0x4b, 0x4c, 0x4d, 0x4e, 0x4e, 0x7b, 0x7b, 0x4f, 0x98, 0x51, 0x7c, 0x52, 0x72, 0x53, 0x54, 0x55, 0x56, 0x56, 0x73, 0x57, 0x58, 0x58, 0x59, 0x5a, 0x5b, 0x5b, 0x5c, 0x5d, 0x5d, 0x5e, 0x5f, 0x5f, 0x60, 0x60, 0x61, 0x61, 0x75, 0x9e, 0x63, 0x62, 0x63, 0x63, 0x63, 0x63, 0x63, 0x63, 0x63, 0x63, 
  0x63, 0x63, 0x63, 0x63, 0x63, 0x63, 0x63, 0x63, 0x62, 0x62, 0x62, 0x62, 0x75, 0x9e, 0x61, 0x60, 0x60, 0x5f, 0x9d, 0x5d, 0x5d, 0x5c, 0x5c, 0x5b, 0x5a, 0x59, 0x58, 0x58, 0x57, 0x57, 0x56, 0x55, 0x55, 0x55, 0x53, 0x72, 0x52, 0x7c, 0x51, 0x51, 0x50, 0x4f, 0x7b, 0x7b, 0x4e, 0x4d, 0x4c, 0x4c, 0x7a, 0x4b, 0x94, 0x4a, 0x49, 0x48, 0x47, 0x46, 0x45, 0x45, 0x44, 0x43, 0x42, 0x42, 0x40, 0x40, 0x6e, 0x8f, 0x3d, 0x3d, 0x3c, 0x6d, 0x3b, 0x3a, 0x3a, 0x39, 0x38, 0x37, 0x36, 0x36, 0x35, 0x8c, 0x34, 0x33, 0x32, 0xa6, 0x6a, 0x30, 0x2f, 0x2f, 0x2d, 0x88, 0x2c, 0x79, 0x2b, 0x2a, 0x69, 0x29, 0x28, 0x27, 0x27, 0x68, 0x25, 0x25, 0x24, 0x24, 0x23, 0x85, 0x22, 0x21, 0x21, 0x21, 0x20, 0xce, 0x1f, 0x1f, 0x1e, 0x1e, 0x1d, 0x1d, 0xcd, 0x1c, 0xb9, 0xb9, 0xb9, 0x1b, 0x83, 0x1a, 0x1a, 0x1a, 0x19, 0x19, 0x18, 0x81, 0xc9, 0x17, 0xb5, 0xb5, 0xb5, 0x16, 0x16, 0x80, 0xb4, 0xb4, 0x15, 0xb3, 0x15, 0xb3, 0x14, 0x14, 0x77, 0x77, 0xc7, 0x13, 0x13, 0x12, 0x13, 0x11, 0x12, 0x11, 0x10, 0x10, 0xa2, 0x0f, 0x0e, 0x0e, 0x0e, 0x0e, 0xb0, 0xb0, 0xb0, 0xb0, 0xb0, 0xb0, 0xb0, 0xb0, 0xb0, 0xb0, 0xb0, 0x0d, 0x0d, 0x0d, 0x0d, 0x0d, 0x0d, 0x0d, 0x0d, 0xb0, 0x0d, 0xb0, 0x0d, 0xb0, 0xb0, 0xb0, 0xb0, 0xb0, 0x0e, 0x0e, 0x0e, 0x0e, 0xb1, 0x0f, 0x10, 0x10, 0x11, 0x11, 0x11, 0x12, 0x12, 0x12, 0x12, 0x13, 0x13, 0x13, 0x77, 0xa3, 0x14, 0x14, 0xb3, 0xb3, 0x15, 0x15, 0x78, 0xc8, 0x16, 0x16, 0xb5, 0xb5, 0x17, 0x17, 0xc9, 0x18, 0x18, 0x19, 0x19, 0x1a, 0x1a, 0xb8, 0x83, 0x1b, 0xb9, 0xb9, 0x1c, 0x1c, 0x65, 0x1d, 0x1e, 0x1e, 0x1f, 0x1f, 0xce, 0x20, 0x21, 0x21, 0x22, 0x22, 0xcf, 0x23, 0x24, 0x24, 0x25, 0x25, 0x26, 0x27, 0x28, 0x28, 0x87, 0x2a, 0x2b, 0x79, 0x88, 0x88, 0x2e, 0x2f, 0x2f, 0x8a, 0x6a, 0x32, 0x32, 0x34, 0x34, 0xd1, 0x35, 0x36, 0x36, 0x37, 0x6c, 0x38, 0x3a, 0x3a, 0x3b, 0x6d, 0x3c, 0x3d, 0x3d, 0x6e, 0x3f, 0x40, 0x41, 0x42, 0x6f, 0x43, 0x44, 0x45, 0x46, 0x70, 0x47, 0x48, 0x49, 0x4a, 0x4a, 0x71, 0x4b, 0x7a, 0x7a, 0x4c, 0x95, 0x4e, 0x7b, 0x7b, 0x4f, 0x50, 0x98, 0x7c, 0x7c, 0x52, 0x72, 0x54, 0x54, 0x56, 0x56, 0x73, 0x57, 0x57, 0x58, 0x59, 0x59, 0xa8, 0x5b, 0x5c, 0x5c, 0x5d, 0x5d, 0x9d, 0x9d, 0x60, 0x60, 0x60, 0x61, 0x61, 0x75, 0x62, 0x62, 0x63, 0x63, 0x63, 0x63, 0x63, 0x63, 0x63, 0x63, 0x63, 
  0x63, 0x63, 0x63, 0x63, 0x63, 0x63, 0x63, 0x63, 0x63, 0x63, 0x62, 0x62, 0x75, 0x9e, 0x60, 0x61, 0x60, 0x5f, 0x5f, 0x5d, 0x5d, 0x5c, 0x5c, 0x5b, 0xd9, 0x59, 0x59, 0x58, 0x58, 0x73, 0x73, 0x56, 0x55, 0x55, 0x54, 0x72, 0xc1, 0x7c, 0x7c, 0x51, 0x50, 0x4f, 0x7b, 0x7b, 0x4e, 0xd7, 0x4c, 0x7a, 0x7a, 0x4b, 0xd3, 0x4a, 0x4a, 0x48, 0x48, 0x70, 0x92, 0x45, 0x45, 0x44, 0x90, 0x42, 0x41, 0x40, 0x3f, 0x6e, 0x3e, 0x3d, 0x3c, 0x3c, 0x3b, 0x3b, 0x3a, 0x39, 0x38, 0x37, 0x37, 0x36, 0x35, 0x6b, 0x8b, 0x33, 0x33, 0x32, 0xa6, 0x8a, 0x2f, 0x2f, 0x2e, 0x89, 0x2c, 0x79, 0x79, 0x2b, 0x69, 0x69, 0x28, 0x29, 0x27, 0x26, 0x68, 0x25, 0x24, 0x24, 0x24, 0x23, 0xcf, 0x85, 0x21, 0x21, 0x21, 0x20, 0xce, 0x84, 0x1e, 0x1e, 0x1e, 0x1d, 0x1d, 0xba, 0x1c, 0x1c, 0xb9, 0x1b, 0x1b, 0xcc, 0x1a, 0x1a, 0x19, 0x19, 0x18, 0x18, 0x81, 0xb6, 0x17, 0x17, 0xb5, 0xb5, 0x16, 0x16, 0x16, 0x15, 0x78, 0xb3, 0x15, 0xb3, 0xb3, 0x14, 0x14, 0x14, 0x77, 0xc7, 0x13, 0xc7, 0x12, 0x13, 0x12, 0x12, 0x12, 0x11, 0x11, 0x11, 0x10, 0x0f, 0xb1, 0xb1, 0x0e, 0x0e, 0x0e, 0xb0, 0x0e, 0x0e, 0xb0, 0xb0, 0xb0, 0xb0, 0xb0, 0xb0, 0xb0, 0xb0, 0xb0, 0xb0, 0xb0, 0xb0, 0xb0, 0xb0, 0xb0, 0xb0, 0x0e, 0xb0, 0xb0, 0x0e, 0x0e, 0x0e, 0x0e, 0x0e, 0x0f, 0x0f, 0x10, 0x10, 0x11, 0x11, 0x11, 0x11, 0x12, 0x12, 0x12, 0x13, 0x13, 0x13, 0xc7, 0x77, 0x77, 0xb3, 0x14, 0xb3, 0xb3, 0x15, 0x15, 0x78, 0x80, 0x16, 0x16, 0xb5, 0xb5, 0x17, 0x17, 0xc9, 0x18, 0x18, 0x19, 0x19, 0x1a, 0x1a, 0xb7, 0x83, 0x1b, 0x1b, 0xb9, 0xb9, 0x1c, 0xa4, 0xa4, 0x1e, 0x1e, 0x1e, 0x1f, 0xce, 0x20, 0x21, 0x21, 0x21, 0x22, 0xcf, 0x23, 0x23, 0x24, 0x24, 0x25, 0x26, 0x26, 0x28, 0x28, 0x29, 0x2a, 0x2b, 0x79, 0x79, 0x2c, 0x2e, 0x2e, 0x2f, 0x30, 0x30, 0x31, 0x32, 0x33, 0x33, 0x34, 0x6b, 0x36, 0x36, 0x36, 0x8d, 0x6c, 0x3a, 0x39, 0x3b, 0x8e, 0x6d, 0x3c, 0x3d, 0x3e, 0x3f, 0x3f, 0x41, 0x41, 0x42, 0x43, 0x44, 0x45, 0x45, 0x46, 0x47, 0x47, 0x49, 0x49, 0x4a, 0x93, 0x4b, 0x4b, 0x7a, 0x7a, 0x4c, 0x96, 0x4e, 0x7b, 0x7b, 0x4f, 0x98, 0x51, 0x7c, 0x7c, 0x52, 0x72, 0x54, 0x55, 0x55, 0x56, 0x73, 0x57, 0x58, 0x58, 0x59, 0x5a, 0xd9, 0x5b, 0x5c, 0x5c, 0x5d, 0x5e, 0x9d, 0x5f, 0x60, 0x60, 0x61, 0x61, 0x61, 0x62, 0x62, 0x63, 0x62, 0x63, 0x63, 0x63, 0x63, 0x63, 0x63, 0x63, 0x63, 
  0x63, 0x63, 0x63, 0x63, 0x63, 0x63, 0x63, 0x63, 0x63, 0x62, 0x63, 0x62, 0x62, 0xd5, 0x61, 0x61, 0x5f, 0x60, 0x9d, 0x5e, 0x5d, 0x5d, 0x5c, 0x5b, 0xa8, 0x5a, 0x59, 0x58, 0x58, 0x73, 0x73, 0x56, 0x55, 0x55, 0x54, 0x53, 0x52, 0x52, 0x7c, 0x51, 0x98, 0x4f, 0x4f, 0x7b, 0x4e, 0x96, 0x4d, 0x4c, 0x7a, 0x7a, 0x71, 0x93, 0x49, 0x49, 0x48, 0x47, 0x46, 0x45, 0x45, 0x44, 0x91, 0x42, 0x41, 0x41, 0x40, 0x3f, 0x3e, 0x3d, 0x3d, 0x3c, 0x8e, 0x3b, 0x3a, 0x3a, 0x39, 0x6c, 0x37, 0x36, 0x36, 0x35, 0x8b, 0x34, 0x33, 0x32, 0x31, 0x8a, 0x30, 0x2f, 0x2e, 0x2d, 0x89, 0x2c, 0x79, 0x2b, 0x2a, 0x69, 0x29, 0x28, 0x28, 0x27, 0x26, 0x25, 0x25, 0x24, 0x24, 0x23, 0x23, 0x85, 0x22, 0x21, 0x21, 0x21, 0x20, 0xa5, 0x1f, 0x1e, 0x1e, 0x1e, 0x1d, 0x1d, 0xcd, 0x1c, 0x1c, 0xb9, 0xb9, 0x1b, 0xb8, 0x1a, 0x1a, 0x19, 0x19, 0x18, 0x18, 0x81, 0xb6, 0x17, 0xb5, 0xb5, 0xb5, 0x16, 0x16, 0x16, 0xc8, 0xb4, 0x15, 0x15, 0x15, 0xb3, 0x14, 0x14, 0x14, 0x77, 0x77, 0x77, 0x13, 0x13, 0x12, 0x13, 0x12, 0x12, 0x12, 0x11, 0x11, 0x10, 0x10, 0x10, 0x0f, 0xb1, 0xb1, 0x0e, 0x0e, 0x0e, 0x0e, 0x0e, 0x0e, 0xb0, 0x0e, 0xb0, 0xb0, 0xb0, 0xb0, 0xb0, 0xb0, 0xb0, 0xb0, 0xb0, 0xb0, 0x0e, 0xb0, 0xb1, 0x0e, 0x0e, 0x0e, 0xb1, 0x0f, 0x10, 0x10, 0x10, 0x11, 0x11, 0x11, 0x12, 0x12, 0x12, 0x12, 0x12, 0xb2, 0x13, 0x13, 0x77, 0x77, 0xa3, 0x14, 0xb3, 0xb3, 0xb3, 0x15, 0x15, 0x78, 0xc8, 0x16, 0x16, 0xb5, 0xb5, 0x17, 0x17, 0xc9, 0x81, 0x18, 0x19, 0x19, 0x19, 0x1a, 0x1a, 0x83, 0x1b, 0xb9, 0xb9, 0xb9, 0xba, 0xba, 0x1d, 0x1d, 0x1e, 0x1e, 0x1f, 0xce, 0x20, 0x20, 0x21, 0x21, 0x22, 0x22, 0x23, 0x23, 0x24, 0x24, 0x86, 0xbc, 0x26, 0x27, 0x28, 0xbd, 0x87, 0x2a, 0x2b, 0x79, 0x88, 0x89, 0x2d, 0x2f, 0x2f, 0x30, 0x6a, 0x32, 0x33, 0x33, 0xd1, 0xd1, 0x35, 0x36, 0x36, 0x37, 0x6c, 0x38, 0x3a, 0x3a, 0x3b, 0xbf, 0x3c, 0x3d, 0x3d, 0x8f, 0x8f, 0x40, 0x41, 0x42, 0x42, 0x43, 0x44, 0x45, 0x46, 0x46, 0x47, 0x48, 0x49, 0x49, 0x4a, 0x94, 0x71, 0x7a, 0x7a, 0x4c, 0x95, 0x96, 0x4e, 0x7b, 0x7b, 0x50, 0xd8, 0x51, 0x7c, 0x52, 0x72, 0x53, 0x54, 0x56, 0x56, 0x73, 0x73, 0x57, 0x58, 0x59, 0x59, 0x5a, 0x5b, 0x5b, 0x5c, 0x5d, 0x5d, 0x5e, 0x9d, 0x60, 0x5f, 0x61, 0x60, 0x9e, 0x75, 0x62, 0x62, 0x62, 0x63, 0x63, 0x63, 0x63, 0x63, 0x63, 0x63, 0x63, 0x63, 
  0x63, 0x63, 0x63, 0x63, 0x63, 0x63, 0x63, 0x63, 0x63, 0x63, 0x62, 0x62, 0x62, 0x75, 0x61, 0x61, 0x60, 0x60, 0x5f, 0x5e, 0x5d, 0x5d, 0x5c, 0x5b, 0x5b, 0x59, 0x9b, 0x58, 0x58, 0x57, 0x9a, 0x56, 0x56, 0x55, 0x54, 0x53, 0x52, 0x52, 0x7c, 0x51, 0x51, 0xd8, 0x7b, 0x4f, 0x4e, 0x4e, 0x96, 0x4c, 0x7a, 0x7a, 0x4b, 0x93, 0x4a, 0x49, 0x49, 0x47, 0x92, 0x46, 0x45, 0x44, 0x43, 0x90, 0x42, 0x41, 0x40, 0x3f, 0x6e, 0x3e, 0x3d, 0x3c, 0x3c, 0x3b, 0x3b, 0x3a, 0x39, 0x38, 0x37, 0x37, 0x36, 0x35, 0x8c, 0x8b, 0x33, 0x33, 0x32, 0xa6, 0x8a, 0x2f, 0x2f, 0x2e, 0xd0, 0x88, 0x79, 0x79, 0x2b, 0x2a, 0x69, 0x28, 0x28, 0x27, 0x26, 0x68, 0x86, 0x24, 0x24, 0x24, 0x23, 0x23, 0xbb, 0x22, 0x21, 0x21, 0x20, 0x66, 0x84, 0xce, 0x1e, 0x1e, 0x1e, 0x1d, 0x1d, 0x1c, 0x1c, 0xb9, 0xb9, 0x1b, 0x1b, 0xb8, 0x1a, 0xb7, 0x19, 0x19, 0x18, 0x18, 0x81, 0x17, 0x81, 0xb5, 0xb5, 0xb5, 0xb5, 0x16, 0x16, 0x78, 0x78, 0xc8, 0xb3, 0x15, 0xb3, 0xb3, 0x14, 0x14, 0x14, 0x77, 0xb2, 0x77, 0x12, 0x13, 0x12, 0x12, 0x12, 0x11, 0x12, 0x11, 0x11, 0x11, 0x10, 0x10, 0x10, 0x0f, 0x0f, 0x0f, 0x0e, 0x0e, 0x0e, 0x0e, 0x0e, 0x0e, 0x0e, 0x0e, 0x0e, 0x0e, 0x0e, 0x0e, 0x0e, 0xb1, 0x0e, 0xb1, 0xb1, 0xb1, 0x0f, 0xa2, 0x0f, 0x10, 0x10, 0x11, 0x11, 0x11, 0x11, 0x12, 0x13, 0x12, 0x12, 0x12, 0x13, 0x13, 0xb2, 0xb2, 0x77, 0xa3, 0x14, 0x14, 0xb3, 0xb3, 0xb3, 0x15, 0x15, 0xc8, 0x80, 0x16, 0xb5, 0xb5, 0xb5, 0x17, 0x17, 0xc9, 0x81, 0x18, 0x19, 0x19, 0x19, 0x1a, 0xb7, 0x83, 0x1b, 0x1b, 0xb9, 0xb9, 0x1c, 0x1c, 0xa4, 0x1d, 0x1e, 0x1e, 0x1f, 0x1f, 0x20, 0x20, 0x21, 0x21, 0x22, 0x22, 0x67, 0x23, 0x24, 0x24, 0x24, 0x25, 0x26, 0x27, 0x28, 0x28, 0x29, 0x2a, 0x2b, 0x79, 0x2c, 0x2c, 0x89, 0x2f, 0x2e, 0x30, 0x6a, 0x31, 0x32, 0x33, 0x34, 0xd1, 0x35, 0x35, 0x36, 0x36, 0x37, 0x38, 0x38, 0x3a, 0x3a, 0x3b, 0x6d, 0x3c, 0x3d, 0x3e, 0xc0, 0x3f, 0x41, 0x41, 0x42, 0x6f, 0x44, 0x45, 0x45, 0x46, 0x70, 0x47, 0x48, 0x49, 0x49, 0x4a, 0x94, 0x4b, 0x7a, 0x7a, 0x7a, 0x4d, 0x4e, 0x7b, 0x7b, 0x4f, 0x97, 0x51, 0x51, 0x7c, 0x52, 0x72, 0x54, 0x55, 0x55, 0x56, 0x73, 0x57, 0x58, 0x58, 0x59, 0x59, 0xd9, 0x5b, 0x5c, 0x5c, 0x5c, 0x9c, 0x9d, 0x5f, 0x5f, 0x60, 0x60, 0x61, 0x9e, 0x75, 0x62, 0x62, 0x63, 0x63, 0x63, 0x63, 0x63, 0x63, 0x63, 0x63, 0x63, 0x63, 
  0x63, 0x63, 0x63, 0x63, 0x63, 0x63, 0x63, 0x63, 0x63, 0x63, 0x62, 0x63, 0x9e, 0x62, 0x61, 0x61, 0x60, 0x60, 0x5f, 0x9d, 0x5e, 0x5d, 0x5c, 0x5c, 0x5b, 0xa8, 0x59, 0x58, 0x58, 0x57, 0x57, 0x9a, 0x56, 0x55, 0x55, 0x54, 0x53, 0x52, 0x7c, 0x7c, 0x51, 0x98, 0x50, 0x7b, 0x7b, 0x4e, 0x96, 0x4d, 0x7a, 0x7a, 0x4b, 0x94, 0x4a, 0x49, 0x49, 0x47, 0xa7, 0x46, 0x45, 0x45, 0x44, 0x91, 0x42, 0x41, 0x41, 0x40, 0x6e, 0x3e, 0x3d, 0x3d, 0x3c, 0x8e, 0x3b, 0x3a, 0x3a, 0x39, 0x6c, 0x37, 0x36, 0x36, 0x35, 0x8c, 0x34, 0x33, 0x33, 0x32, 0xa6, 0x30, 0x2f, 0x2f, 0x2e, 0x88, 0x2c, 0x2c, 0x79, 0x2b, 0x69, 0xbd, 0x28, 0x28, 0x27, 0x26, 0x86, 0x25, 0x25, 0x24, 0x24, 0x23, 0x23, 0x22, 0x22, 0x21, 0x21, 0x20, 0x20, 0x84, 0x1f, 0x1e, 0x1e, 0x1e, 0x1d, 0x1d, 0x1c, 0x1c, 0xb9, 0xb9, 0x1b, 0x1b, 0xb7, 0xb7, 0x1a, 0x19, 0x19, 0x18, 0x18, 0x18, 0x17, 0xc9, 0x17, 0xb5, 0xb5, 0xb5, 0x16, 0x16, 0x78, 0x78, 0xc8, 0x15, 0x15, 0xb3, 0xb3, 0xb3, 0x14, 0x14, 0xa3, 0x77, 0x77, 0xb2, 0xb2, 0xb2, 0x12, 0xb2, 0x12, 0x12, 0x12, 0x11, 0x12, 0x11, 0x11, 0x11, 0x10, 0x10, 0x10, 0x10, 0x10, 0x10, 0x0f, 0x0f, 0xb1, 0x0f, 0xb1, 0xb1, 0xb1, 0xb1, 0x0f, 0xb1, 0x0f, 0x10, 0x10, 0x10, 0x10, 0x10, 0x11, 0x11, 0x11, 0x11, 0x12, 0x12, 0x12, 0x12, 0x12, 0x13, 0x13, 0xb2, 0xc7, 0xb2, 0x77, 0xa3, 0x14, 0x14, 0xb3, 0x14, 0xb3, 0xb3, 0x15, 0xb4, 0xb4, 0x80, 0xb5, 0x16, 0xb5, 0xb5, 0x17, 0x17, 0xc9, 0x18, 0x18, 0x19, 0x19, 0x19, 0xb8, 0x1a, 0x83, 0x1b, 0x1b, 0xb9, 0xb9, 0xba, 0xba, 0x1d, 0x1d, 0x1e, 0x1e, 0x1f, 0x1f, 0x66, 0x20, 0x21, 0x21, 0x21, 0x22, 0xcf, 0x23, 0x24, 0x24, 0x24, 0x86, 0x86, 0x26, 0x28, 0x28, 0xbd, 0x87, 0x2a, 0x79, 0x79, 0x2c, 0x89, 0x2e, 0x2f, 0x2f, 0x8a, 0x31, 0x32, 0x33, 0x33, 0x34, 0x6b, 0x35, 0x36, 0x36, 0x8d, 0x8d, 0x38, 0x39, 0x3a, 0x3b, 0x8e, 0x3c, 0x3c, 0x3d, 0x3e, 0x8f, 0x40, 0x41, 0x42, 0x42, 0x43, 0x44, 0x45, 0x46, 0x46, 0x47, 0x48, 0x48, 0x4a, 0x4a, 0x94, 0x71, 0x7a, 0x7a, 0x7a, 0x96, 0x4d, 0x4e, 0x4e, 0x7b, 0x97, 0x50, 0x51, 0x7c, 0x7c, 0x52, 0x53, 0x54, 0x55, 0x56, 0x56, 0x73, 0x57, 0x58, 0x58, 0x59, 0x59, 0x5b, 0x5b, 0x5c, 0x5c, 0x9d, 0x5e, 0x9d, 0x5f, 0x60, 0x60, 0x61, 0x61, 0x9e, 0x75, 0x62, 0x63, 0x62, 0x63, 0x63, 0x63, 0x63, 0x63, 0x63, 0x63, 0x63, 0x63, 
  0x63, 0x63, 0x63, 0x63, 0x63, 0x63, 0x63, 0x63, 0x63, 0x63, 0x63, 0x62, 0x62, 0x75, 0x9e, 0x61, 0x60, 0x60, 0x5f, 0x5f, 0x5e, 0x5d, 0x5c, 0x5c, 0x5b, 0xa8, 0x9b, 0x59, 0x58, 0x58, 0x57, 0x56, 0x9a, 0x55, 0x55, 0x54, 0x53, 0x52, 0x52, 0x7c, 0x51, 0xd8, 0x50, 0x4f, 0x7b, 0x7b, 0x96, 0x4d, 0x4c, 0x7a, 0x4b, 0x71, 0x94, 0x4a, 0x49, 0x49, 0x47, 0x92, 0x46, 0x45, 0x44, 0x43, 0x6f, 0x42, 0x41, 0x40, 0x3f, 0x3e, 0x3e, 0x3d, 0x3c, 0x3c, 0xbf, 0x3b, 0x3a, 0x3a, 0x8d, 0x8d, 0x36, 0x36, 0x35, 0x8c, 0x8b, 0x8b, 0x33, 0x32, 0x31, 0x6a, 0x30, 0x2f, 0x2e, 0x2e, 0x2c, 0x2c, 0x2b, 0x79, 0x2a, 0x69, 0x69, 0x28, 0x28, 0x27, 0x26, 0x25, 0x86, 0x24, 0x24, 0x24, 0x23, 0xcf, 0x85, 0x21, 0x21, 0x21, 0x20, 0x20, 0x84, 0xce, 0x1e, 0x1e, 0x1e, 0x1d, 0xa4, 0x1c, 0x1c, 0xb9, 0xb9, 0x1b, 0x1b, 0xb8, 0xb7, 0xb7, 0x19, 0x19, 0x18, 0x18, 0x18, 0x81, 0x17, 0xc9, 0xb5, 0xb5, 0xb5, 0x16, 0x16, 0x80, 0xc8, 0x78, 0x15, 0x15, 0xb3, 0xb3, 0xb3, 0xb3, 0x14, 0x14, 0xa3, 0x77, 0xb2, 0xb2, 0x77, 0x12, 0x13, 0x12, 0x12, 0x12, 0x12, 0x12, 0x11, 0x12, 0x11, 0x11, 0x11, 0x11, 0x11, 0x10, 0x10, 0x10, 0x10, 0x10, 0x10, 0xa2, 0x10, 0x10, 0x10, 0x10, 0x10, 0x11, 0x11, 0x11, 0x12, 0x11, 0x12, 0x11, 0x12, 0x13, 0x12, 0x12, 0x13, 0x13, 0x13, 0x13, 0x13, 0x77, 0x77, 0x77, 0x14, 0x14, 0x14, 0xb3, 0xb3, 0xb3, 0xb3, 0x15, 0xb4, 0x78, 0x16, 0x16, 0x16, 0xb5, 0xb5, 0x17, 0x17, 0xc9, 0x81, 0x18, 0x19, 0x19, 0x19, 0x1a, 0x1a, 0x83, 0x1b, 0x1b, 0xb9, 0xb9, 0xb9, 0x1c, 0xa4, 0x1d, 0x1e, 0x1e, 0x1e, 0x1f, 0xce, 0x20, 0x20, 0x21, 0x21, 0x22, 0xcf, 0x23, 0x23, 0x24, 0x24, 0xbc, 0x68, 0x26, 0x27, 0x28, 0x29, 0xbd, 0x2a, 0x2b, 0x79, 0x79, 0x88, 0x2d, 0x2e, 0x2f, 0x30, 0x6a, 0x31, 0x32, 0x33, 0x34, 0xd1, 0x6b, 0x36, 0x36, 0x36, 0x8d, 0x38, 0x39, 0x3a, 0x3a, 0x3b, 0x6d, 0x3c, 0x3d, 0x3d, 0x3e, 0x40, 0x40, 0x41, 0x42, 0x6f, 0x44, 0x45, 0x45, 0x46, 0x92, 0x47, 0x48, 0x49, 0x49, 0x4a, 0x94, 0x94, 0x7a, 0x7a, 0x4c, 0x4c, 0x96, 0x4e, 0x7b, 0x4f, 0x4f, 0x51, 0x51, 0x7c, 0x52, 0x72, 0x53, 0x54, 0x55, 0x56, 0x56, 0x73, 0x57, 0x58, 0x58, 0x59, 0x5a, 0xa8, 0x5c, 0x5c, 0x5d, 0x5d, 0x5e, 0x9d, 0x60, 0x5f, 0x61, 0x60, 0x61, 0x75, 0x62, 0x62, 0x62, 0x63, 0x63, 0x63, 0x63, 0x63, 0x63, 0x63, 0x63, 0x63, 0x63, 
  0x63, 0x63, 0x63, 0x63, 0x63, 0x63, 0x63, 0x63, 0x63, 0x63, 0x62, 0x63, 0x75, 0x62, 0x9e, 0x61, 0x61, 0x60, 0x60, 0x5f, 0x9d, 0x5e, 0x5d, 0x5c, 0x5b, 0x5b, 0x9b, 0x59, 0x58, 0x58, 0x57, 0x73, 0x56, 0x56, 0x55, 0x54, 0x53, 0x72, 0x52, 0x7c, 0x7c, 0x51, 0x50, 0x4f, 0x7b, 0x7b, 0xd7, 0x96, 0x4c, 0x7a, 0x7a, 0x4b, 0x93, 0x4a, 0x49, 0x48, 0x47, 0x70, 0x45, 0x45, 0x45, 0x44, 0x6f, 0x42, 0x41, 0x41, 0x40, 0x3f, 0x3e, 0x3d, 0x3d, 0x3c, 0xbf, 0x3b, 0x3a, 0x3a, 0x38, 0x38, 0xbe, 0x36, 0x36, 0x35, 0x8c, 0x34, 0x33, 0x33, 0x32, 0x31, 0x30, 0x2f, 0x2f, 0x2e, 0x2d, 0x2c, 0x2c, 0x79, 0x2b, 0x2a, 0x87, 0x29, 0x28, 0x28, 0x27, 0x26, 0x86, 0x24, 0x24, 0x24, 0x23, 0x23, 0x85, 0x22, 0x21, 0x21, 0x21, 0x20, 0x20, 0xce, 0x1f, 0x1e, 0x1e, 0x1e, 0x1d, 0xcd, 0x1c, 0xb9, 0xb9, 0xb9, 0x1b, 0x1b, 0xb7, 0xb7, 0x1a, 0x19, 0x19, 0x19, 0x18, 0x81, 0x18, 0x17, 0xb6, 0x17, 0xb5, 0xb5, 0x16, 0x16, 0x16, 0x80, 0xb4, 0xb4, 0x15, 0xb3, 0xb3, 0xb3, 0xb3, 0x14, 0x14, 0x14, 0xa3, 0x77, 0xc7, 0xb2, 0x13, 0x13, 0x13, 0x13, 0x12, 0x12, 0x12, 0x12, 0x12, 0x12, 0x12, 0x12, 0x11, 0x11, 0x12, 0x11, 0x11, 0x11, 0x11, 0x11, 0x11, 0x11, 0x11, 0x11, 0x11, 0x12, 0x12, 0x11, 0x12, 0x12, 0x12, 0x12, 0x12, 0x13, 0x13, 0x13, 0x13, 0x13, 0x13, 0x77, 0x77, 0x77, 0x14, 0x14, 0x14, 0xb3, 0xb3, 0xb3, 0xb3, 0x15, 0x15, 0xb4, 0x80, 0x80, 0x16, 0xb5, 0xb5, 0x17, 0x17, 0xc9, 0xc9, 0x18, 0x18, 0x19, 0x19, 0x19, 0x1a, 0xb7, 0x83, 0x1b, 0x1b, 0xb9, 0xb9, 0x1c, 0x1c, 0xcd, 0x1d, 0x1e, 0x1e, 0x1e, 0x1f, 0x84, 0x20, 0x21, 0x21, 0x21, 0x22, 0x22, 0x23, 0x23, 0x24, 0x24, 0x25, 0x25, 0x26, 0x27, 0x28, 0x28, 0x87, 0x69, 0x2a, 0x79, 0x79, 0x2c, 0x89, 0x2e, 0x2f, 0x2f, 0x30, 0x31, 0x32, 0x33, 0x33, 0x34, 0x8c, 0x35, 0x36, 0x36, 0x6c, 0x6c, 0x38, 0x39, 0x3a, 0xbf, 0x8e, 0x6d, 0x3c, 0x3d, 0xc0, 0x6e, 0x3f, 0x41, 0x41, 0x42, 0x43, 0x44, 0x45, 0x45, 0x46, 0x70, 0x48, 0x49, 0x49, 0x4a, 0x4a, 0x71, 0x4b, 0x7a, 0x7a, 0x4c, 0x95, 0x96, 0x7b, 0x7b, 0x4f, 0x4f, 0x51, 0x51, 0x7c, 0x52, 0x99, 0x54, 0x55, 0x55, 0x56, 0x73, 0x57, 0x57, 0x59, 0x58, 0x5a, 0x5a, 0x5b, 0x5c, 0x5c, 0x5d, 0x5d, 0x5e, 0x5f, 0x5f, 0x60, 0x60, 0x61, 0x9e, 0x75, 0x62, 0x62, 0x63, 0x63, 0x63, 0x63, 0x63, 0x63, 0x63, 0x63, 0x63, 0x63, 0x63, 
  0x63, 0x63, 0x63, 0x63, 0x63, 0x63, 0x63, 0x63, 0x63, 0x63, 0x62, 0x63, 0x62, 0x62, 0x75, 0x61, 0x61, 0x60, 0x60, 0x5f, 0x9d, 0x5d, 0x5d, 0x5c, 0x5c, 0x5b, 0xa8, 0x9b, 0x58, 0x58, 0x58, 0x73, 0x73, 0x55, 0x56, 0x54, 0x54, 0x53, 0x52, 0x52, 0x7c, 0x51, 0x98, 0x4f, 0x4f, 0x7b, 0x4e, 0xd7, 0x4d, 0x7a, 0x7a, 0x4b, 0x71, 0x93, 0x4a, 0x49, 0x48, 0xa7, 0x92, 0x46, 0x45, 0x44, 0x43, 0x42, 0x42, 0x41, 0x40, 0x3f, 0x3e, 0x3e, 0x3d, 0x3c, 0x6d, 0x8e, 0x3a, 0x3a, 0x3a, 0x38, 0x8d, 0x36, 0x36, 0x36, 0x35, 0x34, 0x34, 0x33, 0x32, 0x32, 0x6a, 0x6a, 0x2f, 0x2e, 0x2e, 0x2c, 0x2c, 0x79, 0x2b, 0x2b, 0x69, 0x29, 0x29, 0x28, 0x27, 0x26, 0x26, 0x25, 0x25, 0x24, 0x24, 0x23, 0x23, 0x85, 0x22, 0x22, 0x21, 0x21, 0x20, 0x20, 0x1f, 0x1f, 0x1e, 0x1e, 0x1e, 0x1d, 0xcd, 0xba, 0x1c, 0xb9, 0xb9, 0x1b, 0x1b, 0xb8, 0xb7, 0xb7, 0x19, 0x19, 0x19, 0x18, 0x18, 0x81, 0xb6, 0x17, 0xc9, 0xb5, 0xb5, 0xb5, 0x16, 0x16, 0x16, 0x80, 0xb4, 0x15, 0x15, 0xb3, 0xb3, 0xb3, 0xb3, 0xb3, 0x14, 0x14, 0xa3, 0x77, 0x77, 0xb2, 0x13, 0x13, 0xb2, 0x13, 0x13, 0x13, 0x13, 0x12, 0x12, 0x12, 0x12, 0x12, 0x12, 0x12, 0x12, 0x12, 0x12, 0x12, 0x12, 0x12, 0x12, 0x12, 0x12, 0x12, 0x12, 0x13, 0x12, 0x13, 0x13, 0x13, 0x13, 0x13, 0x13, 0xc7, 0x77, 0x77, 0x77, 0xa3, 0x14, 0x14, 0x14, 0xb3, 0xb3, 0xb3, 0xb3, 0x15, 0xb4, 0xb4, 0xc8, 0x16, 0x16, 0x16, 0xb5, 0xb5, 0x17, 0x17, 0xc9, 0x81, 0x18, 0x18, 0x19, 0x19, 0x19, 0x1a, 0x1a, 0x83, 0x1b, 0x1b, 0xb9, 0xb9, 0x1c, 0x1c, 0xa4, 0x1d, 0x1d, 0x1e, 0x1e, 0x1f, 0xce, 0x20, 0x20, 0x21, 0x21, 0x22, 0x22, 0xcf, 0x23, 0x24, 0x24, 0x24, 0x25, 0x26, 0x26, 0x28, 0x28, 0x29, 0x2a, 0x2a, 0x2b, 0x79, 0x2c, 0x2c, 0x2e, 0x2e, 0x2f, 0x30, 0x6a, 0x32, 0x32, 0x33, 0x34, 0xd1, 0x35, 0x35, 0x36, 0x36, 0x37, 0x38, 0x38, 0x3a, 0x3a, 0x3b, 0x6d, 0x3c, 0x3d, 0x3d, 0x3e, 0x3f, 0x40, 0x41, 0x42, 0x6f, 0x43, 0x45, 0x45, 0x46, 0x70, 0x47, 0x48, 0x49, 0x49, 0x4a, 0x93, 0x4b, 0x7a, 0x7a, 0x4c, 0x4c, 0x96, 0x4e, 0x7b, 0x7b, 0x4f, 0x50, 0x51, 0x7c, 0x52, 0x52, 0x54, 0x54, 0x55, 0x56, 0x56, 0x73, 0x57, 0x58, 0x58, 0x9b, 0x59, 0x5b, 0x5b, 0x5c, 0x5c, 0x5d, 0x5e, 0x9d, 0x5f, 0x60, 0x60, 0x61, 0x61, 0xd5, 0x62, 0x62, 0x63, 0x62, 0x63, 0x63, 0x63, 0x63, 0x63, 0x63, 0x63, 0x63, 0x63, 0x63, 
  0x63, 0x63, 0x63, 0x63, 0x63, 0x63, 0x63, 0x63, 0x63, 0x63, 0x63, 0x63, 0x62, 0x62, 0x62, 0x61, 0x61, 0x60, 0x60, 0x5f, 0x5f, 0x5e, 0x5d, 0x5c, 0x5c, 0x5b, 0x5b, 0x59, 0x59, 0x58, 0x58, 0x57, 0x73, 0x56, 0x55, 0x55, 0x54, 0x53, 0x72, 0x52, 0x7c, 0x7c, 0x51, 0x50, 0x4f, 0x7b, 0x7b, 0x96, 0x4d, 0x4c, 0x7a, 0x7a, 0x4b, 0x94, 0x4a, 0x49, 0x49, 0x48, 0x70, 0x46, 0x45, 0x45, 0x44, 0x6f, 0x42, 0x41, 0x41, 0x3f, 0x6e, 0x3e, 0x3d, 0x3d, 0x6d, 0x8e, 0x3b, 0x3a, 0x3a, 0x39, 0x38, 0xbe, 0x36, 0x36, 0x35, 0x35, 0x34, 0x34, 0x33, 0x32, 0x31, 0x8a, 0x30, 0x2f, 0x2e, 0x2d, 0x2c, 0x2c, 0x79, 0x2b, 0x2a, 0x2a, 0x29, 0x29, 0x28, 0x28, 0x26, 0x26, 0xbc, 0x25, 0x24, 0x24, 0x23, 0x23, 0x22, 0x21, 0x22, 0x21, 0x21, 0x20, 0x20, 0xce, 0x1f, 0x1e, 0x1e, 0x1e, 0x1d, 0xa4, 0x1c, 0x1c, 0xb9, 0xb9, 0x1b, 0x1b, 0x83, 0xb8, 0x1a, 0x19, 0x19, 0x19, 0x18, 0x18, 0x81, 0xc9, 0xc9, 0x17, 0x17, 0xb5, 0xb5, 0x16, 0x16, 0x16, 0x80, 0x78, 0xb4, 0x15, 0x15, 0xb3, 0xb3, 0xb3, 0xb3, 0x14, 0xb3, 0x14, 0x14, 0x77, 0x14, 0xc7, 0x77, 0xc7, 0xc7, 0x13, 0x13, 0x13, 0x13, 0x12, 0x12, 0x13, 0x12, 0x12, 0x12, 0x12, 0x12, 0x12, 0x12, 0x12, 0xb2, 0x12, 0x13, 0x13, 0x13, 0x13, 0x13, 0x13, 0x13, 0x13, 0xc7, 0x77, 0x77, 0xa3, 0x14, 0x14, 0x14, 0xb3, 0x14, 0xb3, 0xb3, 0xb3, 0x15, 0x15, 0x15, 0xc8, 0x80, 0x80, 0x16, 0x16, 0xb5, 0xb5, 0xb5, 0x17, 0x17, 0xc9, 0x81, 0x18, 0x18, 0x19, 0x19, 0x1a, 0x1a, 0xb8, 0xb8, 0x1b, 0x1b, 0xb9, 0xb9, 0x1c, 0x1c, 0xa4, 0x1d, 0x1e, 0x1e, 0x1e, 0x1f, 0x1f, 0xa5, 0x20, 0x21, 0x21, 0x22, 0x22, 0xcf, 0x23, 0x24, 0x24, 0x25, 0x25, 0x68, 0x27, 0x27, 0x28, 0xbd, 0xbd, 0x2a, 0x2b, 0x79, 0x2c, 0x2c, 0x2d, 0x2e, 0x2f, 0x30, 0x30, 0x31, 0x32, 0x33, 0x33, 0x34, 0x8c, 0x35, 0x36, 0x36, 0x37, 0x6c, 0x39, 0x39, 0x3a, 0xbf, 0x8e, 0x3c, 0x3c, 0x3d, 0x8f, 0x6e, 0x3f, 0x41, 0x41, 0x42, 0x6f, 0x44, 0x45, 0x45, 0x46, 0x70, 0x48, 0x48, 0x49, 0x4a, 0x93, 0x71, 0x4b, 0x7a, 0x7a, 0x4c, 0x95, 0x4e, 0x4e, 0x7b, 0x4f, 0x50, 0x98, 0x51, 0x7c, 0x52, 0x52, 0x53, 0x54, 0x55, 0x56, 0x56, 0x57, 0x57, 0x58, 0x58, 0x59, 0x5a, 0x5b, 0x5c, 0x5c, 0x5d, 0x9c, 0x5e, 0x5f, 0x5f, 0x60, 0x60, 0x61, 0x61, 0x75, 0x62, 0x62, 0x62, 0x63, 0x63, 0x63, 0x63, 0x63, 0x63, 0x63, 0x63, 0x63, 0x63, 0x63, 
  0x63, 0x63, 0x63, 0x63, 0x63, 0x63, 0x63, 0x63, 0x63, 0x63, 0x63, 0x62, 0x63, 0x62, 0x62, 0x9e, 0x61, 0x61, 0x60, 0x60, 0x5f, 0x5e, 0x9c, 0x5c, 0x5c, 0x5b, 0x5b, 0x9b, 0x59, 0x58, 0x58, 0x57, 0x73, 0x73, 0x55, 0x56, 0x54, 0x54, 0x53, 0x52, 0x52, 0x7c, 0x51, 0x98, 0x4f, 0x7b, 0x7b, 0x4e, 0x95, 0x95, 0x7a, 0x7a, 0x4b, 0x94, 0x94, 0x49, 0x49, 0x48, 0xa7, 0x46, 0x46, 0x45, 0x44, 0x43, 0x42, 0x42, 0x41, 0x40, 0x3f, 0x6e, 0x3d, 0x3d, 0x3c, 0x6d, 0x3b, 0x3b, 0x3a, 0x39, 0x38, 0x37, 0x37, 0x36, 0x36, 0x35, 0x8c, 0x34, 0x33, 0x33, 0x32, 0x31, 0x30, 0x30, 0x2f, 0x2e, 0x89, 0x2c, 0x79, 0x79, 0x2b, 0x2a, 0x87, 0x87, 0x28, 0x28, 0x27, 0x26, 0x68, 0x25, 0x25, 0x24, 0x24, 0x23, 0x23, 0x23, 0x22, 0x22, 0x21, 0x21, 0x20, 0x20, 0x1f, 0x1f, 0x1e, 0x1e, 0x1d, 0x65, 0xa4, 0x1c, 0x1c, 0xb9, 0xb9, 0x1b, 0x1b, 0x83, 0xb7, 0x1a, 0x1a, 0x19, 0x19, 0x19, 0x18, 0x18, 0xc9, 0xb6, 0x17, 0x17, 0xb5, 0xb5, 0xb5, 0x16, 0x16, 0x16, 0x80, 0x78, 0x15, 0x15, 0x15, 0xb3, 0xb3, 0xb3, 0xb3, 0x14, 0xb3, 0x14, 0x14, 0x14, 0x14, 0x77, 0x77, 0xc7, 0x77, 0xb2, 0x13, 0xb2, 0x13, 0x13, 0x13, 0xb2, 0x13, 0xb2, 0xb2, 0xb2, 0xb2, 0xb2, 0x13, 0x13, 0x13, 0xb2, 0xc7, 0xc7, 0xc7, 0x77, 0xc7, 0x14, 0xa3, 0x14, 0x14, 0x14, 0x14, 0xb3, 0x14, 0xb3, 0xb3, 0xb3, 0x15, 0xb3, 0x15, 0x15, 0xb4, 0x80, 0x16, 0x16, 0x16, 0xb5, 0xb5, 0xb5, 0x17, 0x17, 0xc9, 0x81, 0x18, 0x18, 0x19, 0x19, 0x1a, 0x1a, 0xb7, 0x83, 0x1b, 0x1b, 0xb9, 0xb9, 0x1c, 0x1c, 0xba, 0x1d, 0x1e, 0x1e, 0x1e, 0x1f, 0xce, 0x20, 0x20, 0x21, 0x21, 0x21, 0x22, 0x23, 0x23, 0x24, 0x24, 0x24, 0x25, 0x86, 0x26, 0x27, 0x28, 0x28, 0x29, 0x69, 0x2b, 0x79, 0x79, 0x2c, 0x2d, 0x2e, 0x2f, 0x2f, 0x30, 0x31, 0x32, 0x33, 0x33, 0x34, 0x8b, 0x35, 0x35, 0x36, 0x36, 0x37, 0x6c, 0x39, 0x3a, 0x3a, 0x3b, 0x6d, 0x3c, 0x3d, 0x3d, 0x3e, 0x3f, 0x40, 0x41, 0x42, 0x6f, 0x43, 0x44, 0x45, 0x46, 0x70, 0x47, 0x48, 0x49, 0x49, 0x4a, 0x93, 0x4b, 0x4b, 0x7a, 0x7a, 0x4c, 0x96, 0x96, 0x7b, 0x7b, 0x4f, 0x50, 0x51, 0x7c, 0x52, 0x52, 0x53, 0x54, 0x55, 0x55, 0x56, 0x73, 0x57, 0x57, 0x59, 0x58, 0x59, 0xa8, 0x5b, 0x5c, 0x5c, 0x5c, 0x5d, 0x9d, 0x5f, 0x5f, 0x61, 0x60, 0x61, 0xd5, 0x75, 0x62, 0x62, 0x63, 0x63, 0x63, 0x63, 0x63, 0x63, 0x63, 0x63, 0x63, 0x63, 0x63, 0x63, 
  0x63, 0x63, 0x63, 0x63, 0x63, 0x63, 0x63, 0x63, 0x63, 0x63, 0x63, 0x63, 0x62, 0x62, 0x62, 0x75, 0x61, 0x61, 0x60, 0x60, 0x5f, 0x9d, 0x5d, 0x5d, 0x5c, 0x5c, 0x5b, 0x5a, 0x59, 0x59, 0x58, 0x58, 0x73, 0x73, 0x56, 0x55, 0x55, 0x54, 0x53, 0x52, 0x52, 0x7c, 0x51, 0xd8, 0x97, 0x4f, 0x7b, 0x4e, 0x4e, 0x95, 0x4c, 0x7a, 0x7a, 0x71, 0x94, 0x4a, 0x49, 0x49, 0x48, 0x47, 0x46, 0x45, 0x45, 0x44, 0x6f, 0x42, 0x41, 0x41, 0x40, 0x6e, 0x3e, 0x3d, 0x3d, 0x3c, 0x6d, 0x3b, 0x3a, 0x3a, 0x39, 0x38, 0x37, 0x37, 0x36, 0x36, 0x35, 0xd1, 0x34, 0x33, 0x32, 0x32, 0x6a, 0x30, 0x2f, 0x2f, 0x2e, 0x89, 0x2c, 0x79, 0x79, 0x2b, 0x2a, 0x69, 0xbd, 0x28, 0x28, 0x27, 0x26, 0x26, 0x25, 0x25, 0x24, 0x24, 0x24, 0x67, 0xcf, 0x22, 0x21, 0x21, 0x21, 0x20, 0x20, 0x84, 0x1f, 0x1e, 0x1e, 0x1e, 0x1d, 0xa4, 0x1c, 0x1c, 0xb9, 0xb9, 0x1b, 0xb9, 0xcc, 0x83, 0x1a, 0x1a, 0x1a, 0x19, 0x19, 0x18, 0x18, 0x81, 0x81, 0xc9, 0x17, 0x17, 0xb5, 0xb5, 0xb5, 0x16, 0x16, 0x80, 0x80, 0x78, 0xb4, 0x15, 0x15, 0x15, 0xb3, 0x15, 0x14, 0xb3, 0xb3, 0x14, 0x14, 0x14, 0x14, 0x14, 0xa3, 0x14, 0x77, 0x77, 0x77, 0x77, 0x77, 0xb2, 0x77, 0xb2, 0x77, 0xb2, 0x77, 0xb2, 0x77, 0x77, 0x77, 0x77, 0x77, 0x14, 0x14, 0x14, 0x14, 0x14, 0xb3, 0x14, 0xb3, 0xb3, 0xb3, 0xb3, 0xb3, 0xb3, 0x15, 0x15, 0x15, 0xb4, 0x78, 0x80, 0x16, 0x16, 0x16, 0xb5, 0xb5, 0xb5, 0x17, 0x17, 0xc9, 0xc9, 0x81, 0x18, 0x19, 0x19, 0x19, 0x1a, 0x1a, 0x83, 0x83, 0x1b, 0x1b, 0xb9, 0xb9, 0x1c, 0x1c, 0xa4, 0x1d, 0x1e, 0x1e, 0x1e, 0x1f, 0x1f, 0x66, 0x20, 0x21, 0x21, 0x22, 0x22, 0xcf, 0x23, 0x23, 0x24, 0x24, 0x68, 0xbc, 0x26, 0x27, 0x28, 0x29, 0x29, 0x69, 0x2b, 0x79, 0x79, 0x2c, 0x88, 0x2e, 0x2e, 0x2f, 0x30, 0x6a, 0x31, 0x32, 0x33, 0x34, 0x34, 0x35, 0x35, 0x36, 0x36, 0x8d, 0x6c, 0x39, 0x39, 0x3a, 0xbf, 0x8e, 0x3c, 0x3c, 0x3d, 0xc0, 0x6e, 0x40, 0x40, 0x41, 0x42, 0x90, 0x44, 0x44, 0x46, 0x45, 0x47, 0x47, 0x48, 0x49, 0x4a, 0x4a, 0x71, 0x4b, 0x7a, 0x7a, 0x4c, 0x4c, 0x96, 0x7b, 0x4e, 0x4f, 0x50, 0x98, 0x51, 0x7c, 0x52, 0x52, 0x53, 0x54, 0x55, 0x56, 0x56, 0x73, 0x57, 0x58, 0x58, 0x9b, 0x5a, 0xa8, 0x5b, 0x5c, 0x5d, 0x5d, 0x5e, 0x5e, 0x60, 0x5f, 0x60, 0x61, 0x61, 0x75, 0x62, 0x62, 0x63, 0x62, 0x63, 0x63, 0x63, 0x63, 0x63, 0x63, 0x63, 0x63, 0x63, 0x63, 0x63, 
  0x63, 0x63, 0x63, 0x63, 0x63, 0x63, 0x63, 0x63, 0x63, 0x63, 0x63, 0x63, 0x63, 0x62, 0x62, 0x75, 0x9e, 0x61, 0x61, 0x60, 0x60, 0x9d, 0x5e, 0x5d, 0x5c, 0x5c, 0x5c, 0xa8, 0x5a, 0x59, 0x58, 0x58, 0x57, 0x73, 0x56, 0x56, 0x55, 0x54, 0x54, 0x54, 0x7c, 0x52, 0x51, 0x51, 0x50, 0x4f, 0x7b, 0x7b, 0x4e, 0x96, 0x4c, 0x4c, 0x7a, 0x4b, 0x71, 0x4a, 0x4a, 0x49, 0x48, 0x47, 0x46, 0x46, 0x45, 0x44, 0x43, 0x42, 0x42, 0x41, 0x40, 0x3f, 0x3e, 0x3e, 0x3d, 0x3c, 0x6d, 0x8e, 0x8e, 0x3a, 0x3a, 0x38, 0x38, 0x37, 0x36, 0x36, 0x35, 0x35, 0x34, 0x34, 0x33, 0x32, 0x31, 0x6a, 0x30, 0x2f, 0x2e, 0x2d, 0x88, 0x2c, 0x79, 0x79, 0x2b, 0x2a, 0x87, 0xbd, 0x28, 0x28, 0x27, 0x27, 0x26, 0x25, 0x25, 0x24, 0x23, 0x24, 0x23, 0xcf, 0x85, 0x21, 0x21, 0x21, 0x20, 0x20, 0x1f, 0x84, 0x1e, 0x1e, 0x1e, 0x1d, 0x1d, 0xba, 0x1c, 0x1c, 0xb9, 0xb9, 0x1b, 0xcc, 0xb8, 0x1a, 0x19, 0x1a, 0x19, 0x19, 0x19, 0x18, 0x18, 0x81, 0xc9, 0x17, 0x17, 0x17, 0xb5, 0xb5, 0x16, 0x16, 0x16, 0x16, 0x80, 0x78, 0x15, 0x15, 0x15, 0x15, 0xb3, 0x15, 0xb3, 0xb3, 0xb3, 0xb3, 0x14, 0xb3, 0x14, 0x14, 0x14, 0x14, 0x14, 0x14, 0x14, 0x14, 0x14, 0x14, 0x14, 0x14, 0x14, 0x14, 0x14, 0x14, 0x14, 0x14, 0xb3, 0x14, 0x14, 0x14, 0xb3, 0xb3, 0x14, 0x15, 0xb3, 0xb3, 0xb3, 0x15, 0x15, 0x15, 0xb4, 0xc8, 0x80, 0x80, 0x16, 0x16, 0x16, 0xb5, 0xb5, 0xb5, 0x17, 0x17, 0xc9, 0xc9, 0x81, 0x18, 0x18, 0x19, 0x19, 0x19, 0x1a, 0xb8, 0x83, 0x1b, 0x1b, 0xb9, 0xb9, 0xb9, 0x1c, 0xba, 0x1d, 0x1d, 0x1e, 0x1e, 0x1e, 0x1f, 0x1f, 0x20, 0x20, 0x21, 0x21, 0x22, 0x22, 0xcf, 0x23, 0x23, 0x24, 0x24, 0x25, 0x68, 0x26, 0x27, 0x28, 0x28, 0x29, 0x69, 0x2b, 0x2b, 0x79, 0x2c, 0x88, 0x2d, 0x2e, 0x2f, 0x30, 0x30, 0x31, 0x32, 0x33, 0x33, 0x34, 0xd1, 0x35, 0x36, 0x36, 0x37, 0x37, 0x38, 0x39, 0x3a, 0x3b, 0x3b, 0x6d, 0x3c, 0x3d, 0x3d, 0x3e, 0x3f, 0x40, 0x41, 0x42, 0x42, 0x44, 0x44, 0x45, 0x45, 0x46, 0x47, 0x48, 0x49, 0x49, 0x4a, 0x93, 0x4b, 0x4b, 0x7a, 0x4c, 0x4c, 0x4d, 0x4e, 0x7b, 0x7b, 0x4f, 0x50, 0x51, 0x7c, 0x7c, 0x52, 0x72, 0x54, 0x55, 0x55, 0x56, 0x9a, 0x57, 0x57, 0x58, 0x59, 0x59, 0xa8, 0x5b, 0x5b, 0x5d, 0x5c, 0x9c, 0x5e, 0x5f, 0x5f, 0x60, 0x60, 0x61, 0x9e, 0x75, 0x62, 0x62, 0x62, 0x63, 0x63, 0x63, 0x63, 0x63, 0x63, 0x63, 0x63, 0x63, 0x63, 0x63, 0x63, 
  0x63, 0x63, 0x63, 0x63, 0x63, 0x63, 0x63, 0x63, 0x63, 0x63, 0x63, 0x63, 0x62, 0x63, 0x62, 0x62, 0x9e, 0x61, 0x61, 0x60, 0x60, 0x5f, 0x9d, 0x5d, 0x5d, 0x5c, 0x5b, 0x5b, 0xa8, 0x59, 0x59, 0x58, 0x58, 0x57, 0x56, 0x56, 0x55, 0x55, 0x54, 0x72, 0x53, 0x7c, 0x52, 0x51, 0x98, 0x50, 0x4f, 0x7b, 0x4e, 0x4e, 0x4d, 0x4c, 0x7a, 0x7a, 0x4b, 0x94, 0x4a, 0x49, 0x49, 0x48, 0x70, 0x46, 0x46, 0x45, 0x44, 0x6f, 0x42, 0x41, 0x41, 0x40, 0x3f, 0x3e, 0x3d, 0x3d, 0x3c, 0x6d, 0x3b, 0x3a, 0x3a, 0x39, 0x38, 0x6c, 0x37, 0x36, 0x36, 0x35, 0xd1, 0x34, 0x33, 0x33, 0x32, 0x31, 0x30, 0x30, 0x2f, 0x2e, 0x2d, 0x2c, 0x2c, 0x79, 0x79, 0x2b, 0x2a, 0x69, 0x29, 0x28, 0x28, 0x27, 0x27, 0x26, 0x25, 0x25, 0x25, 0x24, 0x23, 0x23, 0xcf, 0xbb, 0x21, 0x21, 0x21, 0x20, 0x20, 0x1f, 0x1f, 0x1e, 0x1e, 0x1d, 0x1d, 0x1d, 0xba, 0x1c, 0x1c, 0xb9, 0xb9, 0x1b, 0x1b, 0xcc, 0x83, 0x1a, 0x1a, 0x19, 0x19, 0x19, 0x18, 0x18, 0x81, 0x81, 0x17, 0x17, 0x17, 0xb5, 0xb5, 0xb5, 0x16, 0x16, 0xb5, 0x78, 0x16, 0xc8, 0xc8, 0xc8, 0x15, 0x15, 0x15, 0x15, 0xb3, 0x15, 0xb3, 0xb3, 0xb3, 0xb3, 0xb3, 0x14, 0xb3, 0x14, 0xb3, 0x14, 0x14, 0x14, 0xb3, 0x14, 0x14, 0x14, 0x14, 0x14, 0x14, 0xb3, 0x14, 0x15, 0xb3, 0xb3, 0xb3, 0xb3, 0x15, 0xb3, 0x15, 0x15, 0x15, 0x15, 0xb4, 0x78, 0x80, 0x16, 0x80, 0x16, 0x16, 0x16, 0xb5, 0xb5, 0xb5, 0x17, 0x17, 0x17, 0xc9, 0x18, 0x18, 0x19, 0x19, 0x19, 0x1a, 0x1a, 0xb7, 0x83, 0x1b, 0x1b, 0xb9, 0xb9, 0xb9, 0xcd, 0xba, 0x1d, 0x1d, 0x1e, 0x1e, 0x1e, 0x1f, 0x1f, 0x66, 0x20, 0x21, 0x21, 0x22, 0x22, 0xcf, 0x23, 0x23, 0x24, 0x24, 0xbc, 0x25, 0x26, 0x27, 0x28, 0x28, 0xbd, 0xbd, 0x2a, 0x2b, 0x79, 0x2c, 0x2c, 0x2d, 0x2e, 0x2f, 0x30, 0x30, 0x31, 0x32, 0x33, 0x33, 0x34, 0x8b, 0x35, 0x36, 0x36, 0x36, 0x37, 0x6c, 0x39, 0x3a, 0x3a, 0x3b, 0xbf, 0x6d, 0x3c, 0x3d, 0x3e, 0x6e, 0x3f, 0x40, 0x42, 0x41, 0x43, 0x43, 0x45, 0x45, 0x70, 0x70, 0x47, 0x49, 0x49, 0x49, 0x4a, 0x71, 0x4b, 0x4b, 0x7a, 0x4c, 0x4c, 0x96, 0x4e, 0x7b, 0x4f, 0x4f, 0x98, 0x51, 0x7c, 0x7c, 0x72, 0x53, 0x54, 0x55, 0x56, 0x56, 0x73, 0x57, 0x57, 0x59, 0x58, 0xa8, 0x5a, 0x5b, 0x5c, 0x5d, 0x5d, 0x9c, 0x9d, 0x60, 0x60, 0x60, 0x61, 0x61, 0xd5, 0x62, 0x62, 0x63, 0x63, 0x63, 0x63, 0x63, 0x63, 0x63, 0x63, 0x63, 0x63, 0x63, 0x63, 0x63, 0x63, 
  0x63, 0x63, 0x63, 0x63, 0x63, 0x63, 0x63, 0x63, 0x63, 0x63, 0x63, 0x63, 0x63, 0x62, 0x62, 0x62, 0x75, 0x61, 0x61, 0x60, 0x60, 0x5f, 0x5f, 0x5e, 0x5d, 0x5c, 0x5c, 0x5b, 0xa8, 0x59, 0x59, 0x58, 0x58, 0x57, 0x73, 0x56, 0x56, 0x55, 0x54, 0x53, 0x72, 0x52, 0x7c, 0x7c, 0x51, 0x50, 0x4f, 0x7b, 0x7b, 0x4e, 0x96, 0x4c, 0x4c, 0x7a, 0x4b, 0x71, 0x4a, 0x4a, 0x49, 0x48, 0x47, 0x46, 0x46, 0x45, 0x44, 0x43, 0x42, 0x42, 0x41, 0x40, 0x3f, 0x8f, 0x3e, 0x3d, 0x3c, 0x6d, 0x8e, 0x3b, 0x3a, 0x3a, 0x39, 0x38, 0x37, 0x37, 0x36, 0x36, 0x35, 0xd1, 0x34, 0x33, 0x33, 0x32, 0x6a, 0x30, 0x2f, 0x2f, 0x2e, 0x2c, 0x88, 0x79, 0x79, 0x2b, 0x2b, 0x2a, 0x29, 0x29, 0x28, 0x28, 0x27, 0x27, 0x68, 0x25, 0x25, 0x24, 0x24, 0x24, 0x23, 0xcf, 0xcf, 0x21, 0x21, 0x21, 0x20, 0xce, 0x1f, 0x84, 0x1e, 0x1e, 0x1e, 0x1e, 0x1d, 0xcd, 0x1c, 0x1c, 0x1c, 0xb9, 0x1b, 0x1b, 0xcc, 0xb8, 0x1a, 0x1a, 0x1a, 0x19, 0x19, 0x19, 0x18, 0x18, 0x81, 0xc9, 0xb6, 0x17, 0x17, 0xb5, 0xb5, 0xb5, 0xb5, 0x16, 0x16, 0x16, 0x80, 0x78, 0xc8, 0xc8, 0xc8, 0x15, 0x15, 0x15, 0x15, 0x15, 0xb3, 0xb3, 0xb3, 0xb3, 0xb3, 0xb3, 0xb3, 0xb3, 0xb3, 0xb3, 0xb3, 0xb3, 0xb3, 0x15, 0xb3, 0xb3, 0x15, 0xb3, 0x15, 0xb3, 0x15, 0x15, 0xc8, 0x15, 0x15, 0x15, 0xc8, 0xc8, 0x78, 0x80, 0x80, 0x16, 0x16, 0x80, 0xb5, 0x16, 0x17, 0xb5, 0x17, 0x17, 0xc9, 0x17, 0x18, 0x81, 0x19, 0x18, 0x19, 0x19, 0x1a, 0x1a, 0x1a, 0xb8, 0x83, 0x1b, 0x1b, 0xb9, 0xb9, 0x1c, 0x1c, 0xcd, 0x1d, 0x1d, 0x1e, 0x1e, 0x1e, 0x1f, 0xce, 0x66, 0x20, 0x21, 0x21, 0x21, 0x22, 0xcf, 0x23, 0x23, 0x24, 0x25, 0x24, 0x25, 0x26, 0x27, 0x28, 0x28, 0x29, 0xbd, 0x2a, 0x2b, 0x79, 0x79, 0x2c, 0x88, 0x2e, 0x2f, 0x2f, 0x30, 0x31, 0x31, 0x33, 0x33, 0x34, 0x34, 0x8c, 0x35, 0x36, 0x36, 0x37, 0x8d, 0x38, 0x38, 0x3a, 0x3a, 0x3b, 0x6d, 0x3c, 0x3d, 0x3e, 0x3e, 0x6e, 0x41, 0x40, 0x42, 0x6f, 0x43, 0x44, 0x45, 0x45, 0x46, 0x47, 0x48, 0x49, 0x49, 0x4a, 0x94, 0x71, 0x4b, 0x7a, 0x7a, 0x4c, 0x4d, 0x4e, 0x4e, 0x7b, 0x4f, 0x50, 0xd8, 0x51, 0x7c, 0x52, 0x72, 0x53, 0x55, 0x55, 0x56, 0xc2, 0x73, 0x57, 0x58, 0x58, 0x5a, 0x59, 0x5b, 0x5b, 0x5c, 0x5c, 0x5d, 0x9d, 0x5f, 0x5f, 0x60, 0x60, 0x61, 0x61, 0x75, 0x62, 0x62, 0x62, 0x62, 0x63, 0x63, 0x63, 0x63, 0x63, 0x63, 0x63, 0x63, 0x63, 0x63, 0x63, 0x63, 
  0x63, 0x63, 0x63, 0x63, 0x63, 0x63, 0x63, 0x63, 0x63, 0x63, 0x63, 0x63, 0x63, 0x63, 0x62, 0x62, 0x75, 0x9e, 0x61, 0x61, 0x60, 0x60, 0x5f, 0x5e, 0x5d, 0x5d, 0x5c, 0x5b, 0x5b, 0x5a, 0x59, 0x59, 0x58, 0x57, 0x73, 0x73, 0x56, 0x55, 0x55, 0x54, 0x53, 0x72, 0x52, 0x7c, 0x51, 0x98, 0x50, 0x4f, 0x7b, 0x7b, 0x4e, 0x4d, 0x4c, 0x7a, 0x7a, 0x4b, 0x71, 0x4a, 0x49, 0x49, 0x48, 0x70, 0x46, 0x46, 0x45, 0x44, 0x43, 0x42, 0x41, 0x41, 0x40, 0x3f, 0x3e, 0x3d, 0x3d, 0x3c, 0x6d, 0x3b, 0x3b, 0x3a, 0x39, 0x39, 0x6c, 0x37, 0x36, 0x36, 0x35, 0x6b, 0x34, 0x34, 0x33, 0x32, 0x31, 0x6a, 0x30, 0x2f, 0x2e, 0x2e, 0x89, 0x2c, 0x79, 0x79, 0x2b, 0x2b, 0x69, 0x69, 0x29, 0x28, 0x28, 0x27, 0x27, 0x68, 0x25, 0x25, 0x24, 0x24, 0x23, 0x23, 0xcf, 0xbb, 0x21, 0x21, 0x21, 0x20, 0xa5, 0x1f, 0x1f, 0x1e, 0x1e, 0x1d, 0x1e, 0xcd, 0xa4, 0x1c, 0xb9, 0x1c, 0xb9, 0x1b, 0x1b, 0x1b, 0xcc, 0xb8, 0x1a, 0x1a, 0x1a, 0x19, 0x19, 0x18, 0x18, 0x18, 0x81, 0xc9, 0x17, 0x17, 0x17, 0xb5, 0xb5, 0xb5, 0xb5, 0x16, 0x16, 0x16, 0x16, 0x78, 0x80, 0xc8, 0x78, 0xc8, 0xb4, 0x15, 0x15, 0xc8, 0x15, 0x15, 0x15, 0x15, 0x15, 0x15, 0x15, 0x15, 0x15, 0x15, 0x15, 0xb3, 0x15, 0x15, 0xb3, 0x15, 0x15, 0x15, 0x15, 0x15, 0xb4, 0xc8, 0x78, 0x80, 0x80, 0x16, 0x16, 0x16, 0x16, 0xb5, 0xb5, 0xb5, 0xb5, 0x17, 0xb5, 0x17, 0x17, 0xc9, 0xc9, 0x81, 0x18, 0x18, 0x18, 0x19, 0x19, 0x1a, 0x1a, 0x1a, 0xb8, 0x1b, 0x1b, 0xb9, 0xb9, 0xb9, 0x1c, 0x1c, 0xa4, 0x1d, 0x1d, 0x1e, 0x1e, 0x1e, 0xce, 0x1f, 0x66, 0x20, 0x21, 0x21, 0x22, 0x22, 0xcf, 0x23, 0x24, 0x24, 0x24, 0x25, 0x25, 0x26, 0x27, 0x28, 0x28, 0x29, 0x29, 0x2a, 0x2b, 0x79, 0x79, 0x2c, 0x2c, 0x2e, 0x2e, 0x2f, 0x30, 0x6a, 0x31, 0x32, 0x33, 0x34, 0x34, 0x6b, 0x35, 0x36, 0x36, 0x37, 0xbe, 0x38, 0x39, 0x3a, 0x3a, 0xbf, 0x8e, 0x6d, 0x3d, 0x3c, 0x3e, 0x3e, 0x40, 0x40, 0x42, 0x41, 0x91, 0x43, 0x45, 0x45, 0x46, 0x70, 0x47, 0x48, 0x49, 0x49, 0x93, 0x94, 0x4b, 0x4b, 0x7a, 0x4c, 0x4c, 0x96, 0x4e, 0x7b, 0x7b, 0x50, 0x50, 0x51, 0x7c, 0x7c, 0x72, 0x53, 0x54, 0x55, 0x55, 0x56, 0x73, 0x73, 0x58, 0x58, 0x59, 0x59, 0x5b, 0x5b, 0x5c, 0x5c, 0x5d, 0x5e, 0x9d, 0x5f, 0x5f, 0x60, 0x61, 0x61, 0x61, 0x62, 0x62, 0x62, 0x63, 0x63, 0x63, 0x63, 0x63, 0x63, 0x63, 0x63, 0x63, 0x63, 0x63, 0x63, 0x63, 0x63, 
  0x63, 0x63, 0x63, 0x63, 0x63, 0x63, 0x63, 0x63, 0x63, 0x63, 0x63, 0x63, 0x63, 0x62, 0x63, 0x62, 0x62, 0x9e, 0x61, 0x61, 0x60, 0x60, 0x5f, 0x5f, 0x5e, 0x5d, 0x5d, 0x5c, 0x5b, 0xd9, 0x5a, 0x59, 0x59, 0x58, 0x57, 0x73, 0x56, 0x56, 0x55, 0x54, 0x53, 0x72, 0x52, 0x7c, 0x7c, 0x51, 0x98, 0x4f, 0x4f, 0x7b, 0x4e, 0x96, 0x4c, 0x4c, 0x7a, 0x4b, 0x71, 0xd3, 0x4a, 0x49, 0x48, 0x48, 0x70, 0x46, 0x45, 0x44, 0x43, 0x90, 0x42, 0x41, 0x40, 0x3f, 0x6e, 0x3e, 0x3d, 0x3c, 0x3c, 0x3b, 0x3b, 0x3b, 0x3a, 0x39, 0x38, 0x6c, 0x37, 0x36, 0x36, 0x35, 0x6b, 0x34, 0x33, 0x33, 0x32, 0x31, 0x30, 0x30, 0x2f, 0x2e, 0x2d, 0x89, 0x2c, 0x2c, 0x79, 0x2b, 0x2b, 0x2a, 0x29, 0x29, 0x28, 0x28, 0x27, 0x27, 0x26, 0x25, 0x25, 0x24, 0x24, 0x23, 0x23, 0x85, 0xcf, 0x21, 0x21, 0x21, 0x20, 0x66, 0x84, 0x1f, 0x1f, 0x1e, 0x1e, 0x1e, 0x1d, 0x1d, 0xcd, 0x1c, 0x1c, 0x1c, 0xb9, 0x1b, 0x1b, 0x1b, 0xb8, 0x1a, 0x1a, 0x1a, 0x19, 0x19, 0x19, 0x18, 0x18, 0x81, 0x81, 0xc9, 0xc9, 0x17, 0x17, 0x17, 0x17, 0xb5, 0xb5, 0xb5, 0x16, 0xb5, 0x16, 0x16, 0x16, 0x80, 0x80, 0x80, 0x80, 0xc8, 0x78, 0xb4, 0x15, 0x15, 0x15, 0x15, 0x15, 0x15, 0xc8, 0x15, 0xc8, 0xc8, 0xc8, 0xc8, 0xc8, 0x78, 0xc8, 0x80, 0xc8, 0x80, 0x16, 0x16, 0x16, 0x16, 0xb5, 0x16, 0x16, 0xb5, 0xb5, 0xb5, 0xb5, 0x17, 0x17, 0x17, 0x17, 0xc9, 0xc9, 0x18, 0x18, 0x18, 0x19, 0x19, 0x19, 0x1a, 0x1a, 0x1a, 0xcc, 0x83, 0x1b, 0x1b, 0xb9, 0xb9, 0x1c, 0x1c, 0xcd, 0x65, 0x1d, 0x1e, 0x1e, 0x1e, 0x1f, 0x84, 0xce, 0xce, 0x21, 0x21, 0x21, 0x22, 0x22, 0x67, 0x67, 0x24, 0x24, 0x24, 0x25, 0x86, 0x26, 0x27, 0x27, 0x28, 0x29, 0x29, 0x2a, 0x2b, 0x79, 0x79, 0x2c, 0x88, 0x2d, 0x2f, 0x2e, 0x30, 0x30, 0x31, 0x32, 0x33, 0x34, 0x34, 0xd1, 0x35, 0x36, 0x36, 0x37, 0x37, 0x6c, 0x39, 0x39, 0x3a, 0x3b, 0x3b, 0x3c, 0x3c, 0x3d, 0x3e, 0x6e, 0x3f, 0x41, 0x40, 0x42, 0x6f, 0x44, 0x44, 0x45, 0x46, 0x46, 0x70, 0x48, 0x49, 0x49, 0x4a, 0x94, 0x71, 0x4b, 0x7a, 0x7a, 0x4c, 0x4d, 0xd7, 0x7b, 0x7b, 0x4f, 0x50, 0x50, 0x7c, 0x7c, 0x52, 0x72, 0x53, 0x54, 0x55, 0x56, 0x56, 0x73, 0x57, 0x58, 0x58, 0x59, 0x5a, 0x5b, 0x5b, 0x5c, 0x5d, 0x5d, 0x5e, 0x5f, 0x5f, 0x60, 0x61, 0x61, 0x61, 0x75, 0x62, 0x62, 0x63, 0x62, 0x63, 0x63, 0x63, 0x63, 0x63, 0x63, 0x63, 0x63, 0x63, 0x63, 0x63, 0x63, 0x63, 
  0x63, 0x63, 0x63, 0x63, 0x63, 0x63, 0x63, 0x63, 0x63, 0x63, 0x63, 0x63, 0x63, 0x63, 0x62, 0x62, 0x62, 0x75, 0x9e, 0x61, 0x60, 0x61, 0x5f, 0x5f, 0x5e, 0x5d, 0x5c, 0x5c, 0x5c, 0xd9, 0x5a, 0x59, 0x59, 0x58, 0x58, 0x57, 0xc2, 0x56, 0x55, 0x55, 0x54, 0x53, 0x52, 0x52, 0x7c, 0x51, 0x51, 0x50, 0x4f, 0x7b, 0x4e, 0x4e, 0x4d, 0x4c, 0x7a, 0x7a, 0x4b, 0x71, 0x4a, 0x4a, 0x49, 0x48, 0x47, 0x46, 0x45, 0x45, 0x44, 0x43, 0x42, 0x41, 0x41, 0x40, 0x6e, 0x3e, 0x3e, 0x3d, 0x3c, 0x3c, 0x3b, 0x3b, 0x3a, 0x3a, 0x39, 0x38, 0x6c, 0x36, 0x36, 0x36, 0x35, 0xd1, 0x34, 0x33, 0x32, 0x32, 0x6a, 0x30, 0x2f, 0x2f, 0x2e, 0x2d, 0x2c, 0x2c, 0x79, 0x79, 0x2b, 0x2b, 0x69, 0x29, 0x29, 0x28, 0x28, 0x27, 0x27, 0x68, 0x68, 0x25, 0x24, 0x24, 0x23, 0x23, 0xcf, 0x85, 0x21, 0x21, 0x21, 0x20, 0x20, 0xce, 0x1f, 0x1f, 0x1e, 0x1e, 0x1e, 0x1d, 0x1d, 0xcd, 0xcd, 0x1c, 0xb9, 0x1c, 0x1b, 0xb9, 0x83, 0x1b, 0xcc, 0xb7, 0x1a, 0x1a, 0x19, 0x19, 0x19, 0x18, 0x18, 0x18, 0x18, 0xc9, 0xc9, 0x17, 0x17, 0x17, 0xb5, 0x17, 0xb5, 0xb5, 0xb5, 0x16, 0x16, 0x16, 0x16, 0x16, 0x16, 0x16, 0x80, 0x16, 0x78, 0x80, 0x80, 0x16, 0xc8, 0x16, 0x78, 0x16, 0x78, 0x16, 0x78, 0x16, 0x80, 0x16, 0x16, 0x16, 0x16, 0x16, 0x16, 0x16, 0x16, 0xb5, 0xb5, 0xb5, 0x17, 0xb5, 0x17, 0x17, 0x17, 0x17, 0x17, 0xc9, 0xc9, 0x18, 0x18, 0x19, 0x18, 0x19, 0x1a, 0x19, 0x1a, 0x1a, 0x1a, 0x1b, 0x1b, 0x1b, 0x1b, 0xb9, 0xb9, 0x1c, 0x1c, 0xba, 0x1d, 0x1d, 0x1e, 0x1e, 0x1e, 0x1f, 0x1f, 0x66, 0x20, 0x21, 0x21, 0x21, 0x22, 0x22, 0x67, 0x23, 0x24, 0x24, 0x24, 0x25, 0x25, 0x26, 0x27, 0x27, 0x28, 0x29, 0x29, 0x2a, 0x2b, 0x79, 0x79, 0x2c, 0x2c, 0x2d, 0x2e, 0x2f, 0x30, 0x30, 0x6a, 0x32, 0x33, 0x33, 0x34, 0x34, 0x35, 0x36, 0x36, 0x36, 0x37, 0x37, 0x39, 0x39, 0x3a, 0x3b, 0x3b, 0x3b, 0x3c, 0x3d, 0x3d, 0x3e, 0x6e, 0x40, 0x41, 0x41, 0x42, 0x6f, 0x44, 0x44, 0x46, 0x46, 0x46, 0x47, 0x48, 0x49, 0x49, 0x93, 0xd3, 0x4b, 0x4b, 0x4c, 0x7a, 0x4d, 0x4d, 0x4e, 0x7b, 0x7b, 0x50, 0x50, 0x51, 0x7c, 0x7c, 0x72, 0x53, 0x54, 0x55, 0x55, 0x56, 0x9a, 0x73, 0x57, 0x58, 0x59, 0x59, 0xa8, 0x5b, 0x5c, 0x5c, 0x5d, 0x5d, 0x74, 0x5f, 0x60, 0x60, 0x61, 0x61, 0x61, 0x75, 0x62, 0x62, 0x62, 0x63, 0x63, 0x63, 0x63, 0x63, 0x63, 0x63, 0x63, 0x63, 0x63, 0x63, 0x63, 0x63, 0x63, 
  0x63, 0x63, 0x63, 0x63, 0x63, 0x63, 0x63, 0x63, 0x63, 0x63, 0x63, 0x63, 0x63, 0x63, 0x63, 0x63, 0x62, 0x62, 0x75, 0x61, 0x61, 0x60, 0x60, 0x5f, 0x5e, 0x5e, 0x5d, 0x5c, 0x5c, 0x5b, 0xd9, 0x5a, 0x59, 0x58, 0x58, 0x57, 0x73, 0x56, 0x56, 0x55, 0x54, 0x54, 0x52, 0x52, 0x7c, 0x7c, 0x51, 0xd8, 0x4f, 0x4f, 0x7b, 0x4e, 0xd7, 0x4c, 0x4c, 0x7a, 0x4b, 0x71, 0x4a, 0x4a, 0x49, 0x48, 0x48, 0x70, 0x46, 0x45, 0x44, 0x43, 0x90, 0x42, 0x41, 0x40, 0x40, 0x6e, 0x3e, 0x3d, 0x3d, 0x3c, 0xd2, 0x3b, 0x3b, 0x3a, 0x39, 0x38, 0x6c, 0x37, 0x36, 0x36, 0x35, 0x35, 0x34, 0x34, 0x34, 0x32, 0xa6, 0x31, 0x2f, 0x30, 0x2e, 0x2e, 0x2e, 0x2c, 0x2c, 0x79, 0x79, 0x2b, 0x2a, 0x2a, 0x69, 0x29, 0x28, 0x28, 0x27, 0x27, 0x68, 0x25, 0x25, 0x24, 0x24, 0x24, 0x23, 0xcf, 0x22, 0x22, 0x21, 0x21, 0x20, 0x20, 0x66, 0xce, 0x1f, 0x1e, 0x1e, 0x1e, 0x1e, 0x1d, 0xcd, 0xcd, 0x1c, 0x1c, 0xb9, 0xb9, 0xb9, 0x1b, 0x1b, 0x83, 0xb8, 0x1a, 0x1a, 0x19, 0x1a, 0x19, 0x19, 0x18, 0x18, 0x18, 0x81, 0xc9, 0xc9, 0xc9, 0x17, 0x17, 0x17, 0xb5, 0x17, 0xb5, 0xb5, 0xb5, 0xb5, 0x16, 0x16, 0x16, 0x16, 0x16, 0x16, 0x16, 0xb5, 0x16, 0x16, 0x16, 0x16, 0x16, 0xb5, 0x16, 0xb5, 0x16, 0xb5, 0x16, 0x16, 0x16, 0xb5, 0xb5, 0xb5, 0xb5, 0x17, 0xb5, 0x17, 0xb5, 0x17, 0x17, 0x17, 0xc9, 0x81, 0xc9, 0x81, 0x18, 0x18, 0x18, 0x19, 0x18, 0x1a, 0x19, 0x1a, 0x1a, 0x1a, 0x1a, 0x1b, 0xcc, 0xb9, 0x1b, 0x1c, 0xb9, 0x1c, 0x1c, 0xcd, 0x1d, 0x1d, 0x1e, 0x1e, 0x1e, 0x1f, 0x1f, 0x66, 0x20, 0x20, 0x21, 0x21, 0x22, 0x22, 0xcf, 0x67, 0x24, 0x24, 0x24, 0xbc, 0x68, 0x26, 0x27, 0x28, 0x28, 0x29, 0x29, 0x2a, 0x2b, 0x79, 0x79, 0x2c, 0x2c, 0x2d, 0x2e, 0x2f, 0x2f, 0x30, 0x6a, 0x32, 0x32, 0x33, 0x34, 0x34, 0x35, 0x35, 0x36, 0x36, 0x37, 0x37, 0x39, 0x39, 0x3a, 0x3a, 0x3b, 0x3b, 0x3c, 0x3c, 0x3d, 0x3e, 0x6e, 0x40, 0x40, 0x41, 0x42, 0x42, 0x43, 0x44, 0x45, 0x45, 0x46, 0x47, 0x48, 0x49, 0x49, 0x4a, 0x94, 0x71, 0x4b, 0x7a, 0x7a, 0x4c, 0x4d, 0xd7, 0x7b, 0x7b, 0x4f, 0x50, 0x98, 0xd8, 0x7c, 0x52, 0x72, 0x72, 0x55, 0x54, 0x56, 0x56, 0x73, 0x57, 0x58, 0x58, 0x59, 0x5a, 0xd9, 0x5c, 0x5b, 0x5d, 0x5d, 0x5e, 0x9d, 0x5f, 0x60, 0x60, 0x61, 0x61, 0x62, 0x61, 0x63, 0x62, 0x63, 0x63, 0x63, 0x63, 0x63, 0x63, 0x63, 0x63, 0x63, 0x63, 0x63, 0x63, 0x63, 0x63, 0x63, 
  0x63, 0x63, 0x63, 0x63, 0x63, 0x63, 0x63, 0x63, 0x63, 0x63, 0x63, 0x63, 0x63, 0x63, 0x63, 0x62, 0x62, 0x62, 0x75, 0x9e, 0x61, 0x61, 0x60, 0x5f, 0x5f, 0x5e, 0x5d, 0x5d, 0x5c, 0x5c, 0xd9, 0xd9, 0x59, 0x59, 0x58, 0x58, 0x73, 0x73, 0x56, 0x55, 0x55, 0x54, 0x53, 0x72, 0x52, 0x7c, 0x51, 0x51, 0x50, 0x4f, 0x7b, 0x7b, 0x4e, 0x4d, 0x4c, 0x4c, 0x7a, 0x4b, 0x71, 0x4a, 0x4a, 0x49, 0x48, 0x47, 0x46, 0x46, 0x45, 0x44, 0x43, 0x42, 0x42, 0x41, 0x40, 0x3f, 0x3e, 0x3e, 0x3d, 0x3d, 0x3c, 0x3b, 0x3b, 0x3a, 0x3a, 0x39, 0x38, 0x6c, 0x37, 0x36, 0x36, 0x35, 0xd1, 0x34, 0x33, 0x33, 0x32, 0x31, 0x30, 0x30, 0x2f, 0x2f, 0x2d, 0x2d, 0x2c, 0x2c, 0x79, 0x79, 0x2b, 0x2b, 0x69, 0x29, 0x29, 0x28, 0x28, 0x27, 0x27, 0x68, 0x25, 0x25, 0x24, 0x24, 0x24, 0x23, 0xcf, 0x22, 0x22, 0x21, 0x21, 0x21, 0x20, 0x66, 0xce, 0x1f, 0x1f, 0x1e, 0x1e, 0x1e, 0x1d, 0x1d, 0xcd, 0x1c, 0x1c, 0xb9, 0xb9, 0xb9, 0x1b, 0x1b, 0x1b, 0x83, 0xcc, 0xb7, 0x1a, 0x1a, 0x19, 0x1a, 0x18, 0x19, 0x18, 0x18, 0x18, 0x81, 0xc9, 0xc9, 0xc9, 0xc9, 0x17, 0x17, 0x17, 0xb5, 0xb5, 0x17, 0xb5, 0xb5, 0xb5, 0xb5, 0x16, 0xb5, 0xb5, 0xb5, 0xb5, 0xb5, 0xb5, 0xb5, 0xb5, 0xb5, 0xb5, 0xb5, 0xb5, 0xb5, 0x17, 0xb5, 0x17, 0xb5, 0xb5, 0x17, 0xb5, 0xc9, 0x17, 0xc9, 0xc9, 0xc9, 0x81, 0x81, 0x18, 0x19, 0x18, 0x19, 0x19, 0x19, 0x19, 0x1a, 0x1a, 0x1a, 0x1a, 0x1a, 0x1b, 0x1b, 0x1b, 0xb9, 0xb9, 0xb9, 0x1c, 0x1c, 0xcd, 0x65, 0x1d, 0x1d, 0x1e, 0x1e, 0x1e, 0x1f, 0x1f, 0x66, 0x20, 0x21, 0x21, 0x21, 0x22, 0x22, 0xcf, 0x23, 0x24, 0x24, 0x24, 0x68, 0x68, 0x26, 0x27, 0x27, 0x28, 0x29, 0x29, 0x2a, 0x2b, 0x2b, 0x79, 0x2c, 0x2c, 0x2d, 0x2e, 0x2f, 0x2f, 0x30, 0x6a, 0x32, 0x32, 0x33, 0x34, 0x34, 0x8c, 0x35, 0x36, 0x36, 0x37, 0x37, 0x38, 0x39, 0x3a, 0x3a, 0x3b, 0x3b, 0x6d, 0x3c, 0x3d, 0x3d, 0x3e, 0x6e, 0x40, 0x40, 0x42, 0x41, 0x43, 0x44, 0x45, 0x45, 0x46, 0x70, 0x47, 0x48, 0x49, 0x4a, 0x4a, 0x94, 0x4b, 0x7a, 0x7a, 0x4c, 0x4d, 0x4d, 0x4e, 0x7b, 0x7b, 0x4f, 0x50, 0xd8, 0x7c, 0x7c, 0x52, 0x52, 0x54, 0x55, 0x55, 0x56, 0x73, 0x57, 0x57, 0x58, 0x59, 0x59, 0xa8, 0x5b, 0x5b, 0x5d, 0x5c, 0x5e, 0x5e, 0x5f, 0x5f, 0x60, 0x61, 0x61, 0x61, 0x75, 0x62, 0x62, 0x62, 0x63, 0x62, 0x63, 0x63, 0x63, 0x63, 0x63, 0x63, 0x63, 0x63, 0x63, 0x63, 0x63, 0x63, 0x63, 
  0x63, 0x63, 0x63, 0x63, 0x63, 0x63, 0x63, 0x63, 0x63, 0x63, 0x63, 0x63, 0x63, 0x63, 0x63, 0x63, 0x63, 0x62, 0x75, 0x9e, 0x61, 0x60, 0x61, 0x5f, 0x5f, 0x5f, 0x5d, 0x5d, 0x5c, 0x5c, 0x5b, 0xd9, 0x5a, 0x59, 0x58, 0x58, 0x57, 0x73, 0x56, 0x56, 0x55, 0x54, 0x54, 0x52, 0x52, 0x7c, 0x7c, 0x51, 0xd8, 0x50, 0x4f, 0x7b, 0x7b, 0x4e, 0x4c, 0x4c, 0x7a, 0x7a, 0x4b, 0x71, 0x49, 0x4a, 0x48, 0x48, 0x70, 0x46, 0x45, 0x45, 0x44, 0x6f, 0x42, 0x41, 0x41, 0x40, 0xc0, 0x6e, 0x3d, 0x3d, 0x3c, 0x3c, 0x3b, 0x3b, 0x3a, 0x3a, 0x39, 0x38, 0x37, 0x37, 0x36, 0x36, 0x35, 0xd1, 0x34, 0x33, 0x33, 0x32, 0x31, 0x30, 0x30, 0x2f, 0x2e, 0x2d, 0x2d, 0x2c, 0x2c, 0x79, 0x79, 0x2b, 0x2b, 0x2a, 0x29, 0x29, 0x28, 0x28, 0x27, 0x27, 0x68, 0x25, 0xbc, 0x24, 0x24, 0x23, 0x23, 0x23, 0x22, 0x22, 0x21, 0x21, 0x21, 0x20, 0x20, 0xce, 0x1f, 0x1f, 0x1f, 0x1e, 0x1e, 0x1e, 0x1d, 0x1d, 0xcd, 0x1c, 0x1c, 0xb9, 0xb9, 0xb9, 0x1b, 0x1b, 0x83, 0x83, 0xcc, 0x1a, 0x1a, 0x19, 0x1a, 0x19, 0x19, 0x19, 0x18, 0x19, 0x18, 0x18, 0x81, 0xc9, 0xc9, 0xb6, 0x17, 0x17, 0x17, 0xb5, 0x17, 0x17, 0xb5, 0x17, 0xb5, 0x17, 0xb5, 0x17, 0xb5, 0xb5, 0x17, 0xb5, 0x17, 0xb5, 0x17, 0xb5, 0x17, 0xb5, 0x17, 0x17, 0x17, 0x17, 0x17, 0x17, 0xc9, 0x81, 0x81, 0x81, 0x81, 0x18, 0x19, 0x18, 0x19, 0x19, 0x19, 0x19, 0x19, 0x1a, 0x1a, 0x1a, 0xb8, 0xcc, 0x83, 0x1b, 0x1b, 0x1b, 0xb9, 0xb9, 0xb9, 0x1c, 0x1c, 0xcd, 0x1d, 0x1d, 0x1e, 0x1e, 0x1e, 0x1f, 0x84, 0xce, 0x20, 0x20, 0x21, 0x21, 0x21, 0x22, 0x22, 0x67, 0x23, 0x24, 0x24, 0x25, 0x25, 0x68, 0x26, 0x27, 0x27, 0x29, 0x28, 0x29, 0x69, 0x2a, 0x79, 0x79, 0x2c, 0x2c, 0x2d, 0x2d, 0x2f, 0x2f, 0x30, 0x6a, 0x31, 0x32, 0x33, 0x34, 0x34, 0xd1, 0x35, 0x36, 0x36, 0x37, 0x37, 0x6c, 0x39, 0x39, 0x3a, 0x3b, 0x3b, 0x3b, 0x3c, 0x3c, 0x3d, 0x3e, 0x6e, 0x3f, 0x41, 0x41, 0x42, 0x42, 0x43, 0x44, 0x45, 0x46, 0x46, 0x70, 0x48, 0x49, 0x49, 0x4a, 0x4a, 0x4b, 0x4b, 0x7a, 0x7a, 0x4c, 0x4d, 0xd7, 0x7b, 0x7b, 0x4f, 0x50, 0xd8, 0x51, 0x7c, 0x52, 0x52, 0x54, 0x54, 0x55, 0x56, 0x56, 0x73, 0x57, 0x58, 0x58, 0x59, 0x5a, 0xd9, 0x5c, 0x5c, 0x5c, 0x5d, 0x5e, 0x5f, 0x5f, 0x60, 0x60, 0x61, 0x61, 0x9e, 0x62, 0x62, 0x62, 0x63, 0x63, 0x63, 0x63, 0x63, 0x63, 0x63, 0x63, 0x63, 0x63, 0x63, 0x63, 0x63, 0x63, 0x63, 0x63, 
  0x63, 0x63, 0x63, 0x63, 0x63, 0x63, 0x63, 0x63, 0x63, 0x63, 0x63, 0x63, 0x63, 0x63, 0x63, 0x63, 0x62, 0x62, 0x62, 0x75, 0x9e, 0x61, 0x60, 0x60, 0x5f, 0x5f, 0x5e, 0x5d, 0x5d, 0x5c, 0x5c, 0xd9, 0x5a, 0x59, 0x59, 0x58, 0x57, 0x73, 0x73, 0x55, 0x56, 0x54, 0x54, 0x53, 0x52, 0x52, 0x7c, 0x51, 0x51, 0x50, 0x4f, 0x7b, 0x7b, 0xd7, 0x96, 0x4c, 0x4c, 0x7a, 0x4b, 0x71, 0x93, 0x4a, 0x48, 0x49, 0x47, 0x46, 0x46, 0x45, 0x44, 0x44, 0x6f, 0x42, 0x41, 0x40, 0x40, 0x6e, 0x3e, 0x3d, 0x3d, 0x6d, 0x3c, 0x3b, 0x3b, 0x3a, 0x39, 0x38, 0x6c, 0x37, 0x36, 0x36, 0x35, 0x35, 0x34, 0x34, 0x33, 0x32, 0x32, 0x6a, 0x30, 0x30, 0x2f, 0x2e, 0x2e, 0xd0, 0x2c, 0x2c, 0x79, 0x79, 0x2b, 0x2b, 0x2a, 0x69, 0x29, 0x28, 0x28, 0x27, 0x27, 0x68, 0xbc, 0x25, 0x24, 0x24, 0x24, 0x23, 0x67, 0xcf, 0x22, 0x21, 0x21, 0x21, 0x20, 0x20, 0xce, 0xce, 0x1f, 0x1e, 0x1e, 0x1d, 0x1e, 0x1d, 0x1d, 0xa4, 0xcd, 0x1c, 0x1c, 0xb9, 0x1c, 0x1b, 0xb9, 0x1b, 0x1b, 0x83, 0xcc, 0xb8, 0x1a, 0x1a, 0x19, 0x1a, 0x18, 0x19, 0x18, 0x19, 0x18, 0x18, 0x18, 0x81, 0x81, 0xc9, 0xc9, 0xb6, 0xb6, 0x17, 0x17, 0x17, 0x17, 0x17, 0x17, 0x17, 0x17, 0x17, 0x17, 0x17, 0x17, 0x17, 0x17, 0x17, 0x17, 0xc9, 0x17, 0xc9, 0xc9, 0xc9, 0x81, 0x81, 0x81, 0x18, 0x18, 0x18, 0x18, 0x19, 0x18, 0x19, 0x19, 0x19, 0x1a, 0x1a, 0x1a, 0x1a, 0x1a, 0xcc, 0x83, 0x1b, 0x1b, 0x1b, 0xb9, 0xb9, 0x1c, 0x1c, 0x1c, 0xcd, 0x1d, 0x1d, 0x1d, 0x1e, 0x1e, 0x1e, 0x1f, 0x1f, 0x66, 0x20, 0x20, 0x21, 0x21, 0x22, 0x22, 0xcf, 0xcf, 0x23, 0x24, 0x24, 0x24, 0x25, 0x25, 0x26, 0x27, 0x28, 0x28, 0x29, 0x29, 0x2a, 0x2b, 0x2b, 0x79, 0x2c, 0x2c, 0x89, 0x2d, 0x2f, 0x2f, 0x30, 0x6a, 0x31, 0x32, 0x33, 0x33, 0x34, 0x34, 0x35, 0x35, 0x36, 0x36, 0x37, 0x6c, 0x38, 0x39, 0x3a, 0x3a, 0x3b, 0x8e, 0x3c, 0x3c, 0x3d, 0x3e, 0x3e, 0x6e, 0x41, 0x41, 0x41, 0x42, 0x6f, 0x44, 0x44, 0x46, 0x45, 0x47, 0x47, 0x49, 0x49, 0x4a, 0x4a, 0x94, 0x4b, 0x4b, 0x7a, 0x4c, 0x4c, 0xd7, 0x4e, 0x7b, 0x7b, 0x4f, 0x50, 0xd8, 0x7c, 0x7c, 0x52, 0x72, 0x54, 0x55, 0x55, 0x56, 0x56, 0x57, 0x57, 0x58, 0x58, 0x5a, 0xd9, 0x5b, 0x5b, 0x5c, 0x5d, 0x5d, 0x5e, 0x74, 0x5f, 0x60, 0x61, 0x61, 0x61, 0x75, 0x62, 0x62, 0x63, 0x62, 0x63, 0x63, 0x63, 0x63, 0x63, 0x63, 0x63, 0x63, 0x63, 0x63, 0x63, 0x63, 0x63, 0x63, 0x63, 
  0x63, 0x63, 0x63, 0x63, 0x63, 0x63, 0x63, 0x63, 0x63, 0x63, 0x63, 0x63, 0x63, 0x63, 0x63, 0x63, 0x62, 0x63, 0x62, 0x75, 0x9e, 0x61, 0x61, 0x61, 0x5f, 0x5f, 0x5e, 0x5d, 0x5d, 0x5c, 0x5c, 0x5b, 0x5a, 0xd9, 0x58, 0x59, 0x57, 0x57, 0x73, 0x56, 0x56, 0x55, 0x54, 0x53, 0x72, 0x52, 0x7c, 0x7c, 0x51, 0xd8, 0x50, 0x4f, 0x7b, 0x4e, 0x4e, 0x4c, 0x4c, 0x7a, 0x4b, 0x4b, 0x71, 0x49, 0x4a, 0x48, 0x48, 0xa7, 0x46, 0x45, 0x45, 0x44, 0x43, 0x42, 0x42, 0x41, 0x40, 0x3f, 0x6e, 0x3e, 0x3d, 0x3c, 0x3c, 0x3b, 0x3b, 0x3a, 0x3a, 0x39, 0x38, 0x6c, 0x37, 0x36, 0x36, 0x35, 0x8c, 0x34, 0x34, 0x33, 0x32, 0x32, 0x31, 0x30, 0x30, 0x2f, 0x2e, 0x2d, 0x89, 0x2c, 0x2c, 0x79, 0x79, 0x2b, 0x2b, 0x2a, 0x87, 0x69, 0x28, 0x28, 0x27, 0x27, 0x26, 0x25, 0x68, 0x24, 0x24, 0x24, 0x23, 0x23, 0x22, 0x22, 0x22, 0x21, 0x21, 0x21, 0x20, 0x66, 0xce, 0x1f, 0x1f, 0x1f, 0x1e, 0x1e, 0x1e, 0x1d, 0x1d, 0xcd, 0x1c, 0x1c, 0xb9, 0x1c, 0xb9, 0xb9, 0x1b, 0x1b, 0x1b, 0xb8, 0x1a, 0x1a, 0x1a, 0x1a, 0x1a, 0x1a, 0x19, 0x19, 0x19, 0x18, 0x18, 0x18, 0x18, 0x18, 0x18, 0x81, 0x81, 0x81, 0xc9, 0xc9, 0xc9, 0xc9, 0xc9, 0xc9, 0xc9, 0xc9, 0xc9, 0xc9, 0xc9, 0xc9, 0xc9, 0xc9, 0x81, 0x81, 0x81, 0x81, 0x18, 0x18, 0x18, 0x18, 0x19, 0x18, 0x18, 0x19, 0x18, 0x1a, 0x19, 0x1a, 0x1a, 0x1a, 0x1a, 0x1a, 0x1a, 0xcc, 0xb8, 0x1b, 0x1b, 0xb9, 0x1b, 0x1c, 0xb9, 0x1c, 0x1c, 0x1c, 0xcd, 0x1d, 0x1d, 0x1e, 0x1e, 0x1e, 0x1f, 0x1f, 0x1f, 0x66, 0x66, 0x21, 0x21, 0x21, 0x21, 0x22, 0xcf, 0x23, 0x23, 0x24, 0x24, 0x25, 0xbc, 0x68, 0x26, 0x27, 0x28, 0x28, 0x29, 0xbd, 0x2a, 0x2a, 0x79, 0x79, 0x2c, 0x2c, 0x2c, 0x2d, 0x2f, 0x2e, 0x30, 0x30, 0x31, 0x32, 0x32, 0x33, 0x34, 0xd1, 0x35, 0x35, 0x36, 0x36, 0x37, 0x8d, 0x38, 0x39, 0x3a, 0x3a, 0x3b, 0xbf, 0x6d, 0x3c, 0x3d, 0x3d, 0x3e, 0x6e, 0x40, 0x40, 0x41, 0x42, 0x6f, 0x43, 0x44, 0x45, 0x45, 0x70, 0x70, 0x48, 0x49, 0x49, 0x4a, 0x94, 0x71, 0x4b, 0x7a, 0x7a, 0x4c, 0x4d, 0x96, 0x4e, 0x7b, 0x4f, 0x4f, 0xd8, 0x51, 0x7c, 0x7c, 0x52, 0x72, 0x54, 0x55, 0x56, 0x56, 0x73, 0x57, 0x58, 0x58, 0x59, 0x5a, 0xd9, 0x5b, 0x5c, 0x5c, 0x5d, 0x5e, 0x9d, 0x5f, 0x60, 0x60, 0x60, 0x61, 0x9e, 0x75, 0x62, 0x62, 0x62, 0x63, 0x63, 0x63, 0x63, 0x63, 0x63, 0x63, 0x63, 0x63, 0x63, 0x63, 0x63, 0x63, 0x63, 0x63, 0x63, 
  0x63, 0x63, 0x63, 0x63, 0x63, 0x63, 0x63, 0x63, 0x63, 0x63, 0x63, 0x63, 0x63, 0x63, 0x63, 0x63, 0x63, 0x62, 0x62, 0x62, 0x75, 0x9e, 0x61, 0x60, 0x60, 0x5f, 0x5f, 0x5e, 0x5d, 0x5d, 0x5c, 0x5b, 0x5b, 0x5a, 0x59, 0x58, 0x58, 0x57, 0x73, 0x9a, 0x56, 0x55, 0x55, 0x54, 0x54, 0x72, 0x52, 0x7c, 0x51, 0x51, 0x50, 0x4f, 0x4f, 0x7b, 0x4e, 0xd7, 0x4d, 0x4c, 0x7a, 0x4b, 0x4b, 0x4a, 0x49, 0x49, 0x48, 0x47, 0x70, 0x46, 0x45, 0x45, 0x44, 0x6f, 0x42, 0x42, 0x41, 0x40, 0x3f, 0x3e, 0x3e, 0x3d, 0x3c, 0x3c, 0x3b, 0x3b, 0x3a, 0x3a, 0x39, 0x38, 0x37, 0x37, 0x36, 0x36, 0x35, 0xd1, 0x34, 0x33, 0x34, 0x32, 0x32, 0x6a, 0x30, 0x30, 0x2f, 0x2e, 0x2e, 0xd0, 0x89, 0x2c, 0x2c, 0x79, 0x79, 0x2a, 0x2a, 0x69, 0x29, 0x28, 0x28, 0x27, 0x27, 0x26, 0x68, 0x25, 0x25, 0x24, 0x24, 0x24, 0x67, 0xcf, 0xcf, 0x22, 0x21, 0x21, 0x21, 0x20, 0x20, 0xce, 0x1f, 0x1f, 0x1f, 0x1e, 0x1e, 0x1e, 0x1d, 0x1d, 0x1d, 0xcd, 0xa4, 0x1c, 0x1c, 0xb9, 0x1c, 0x1b, 0xb9, 0x1b, 0x1b, 0x1b, 0xcc, 0xb8, 0x1a, 0x1a, 0x1a, 0x1a, 0x19, 0x1a, 0x19, 0x19, 0x19, 0x18, 0x18, 0x18, 0x19, 0x18, 0x18, 0x18, 0x18, 0x18, 0x18, 0x18, 0x18, 0x18, 0x18, 0x18, 0x18, 0x18, 0x18, 0x18, 0x18, 0x19, 0x18, 0x18, 0x18, 0x18, 0x19, 0x19, 0x19, 0x19, 0x19, 0x1a, 0x1a, 0x19, 0x1a, 0x1a, 0x1a, 0xcc, 0x83, 0x1b, 0x1b, 0x1b, 0xb9, 0xb9, 0xb9, 0xb9, 0x1c, 0xb9, 0xcd, 0x1c, 0xcd, 0xa4, 0x1d, 0x1e, 0x1e, 0x1e, 0x1e, 0x1f, 0x1f, 0xce, 0x20, 0x21, 0x21, 0x21, 0x21, 0x22, 0xcf, 0x67, 0x23, 0x23, 0x24, 0x24, 0x25, 0x25, 0x86, 0x26, 0x27, 0x27, 0x28, 0x29, 0x29, 0x2a, 0x2b, 0x2b, 0x79, 0x2c, 0x2c, 0x2d, 0x2e, 0x2e, 0x2f, 0x30, 0x30, 0x31, 0x32, 0x32, 0x34, 0x33, 0xd1, 0x8b, 0x35, 0x36, 0x36, 0x37, 0x37, 0x38, 0x39, 0x39, 0x3a, 0x3b, 0x3b, 0x6d, 0x3c, 0x3d, 0x3e, 0x3e, 0x6e, 0x40, 0x40, 0x41, 0x42, 0x42, 0x43, 0x44, 0x45, 0x45, 0x46, 0x92, 0x47, 0x49, 0x49, 0x4a, 0x4a, 0x71, 0x4b, 0x7a, 0x7a, 0x4c, 0x4d, 0xd7, 0x4e, 0x7b, 0x4f, 0x4f, 0x50, 0x51, 0x51, 0x52, 0x52, 0x72, 0x54, 0x55, 0x55, 0x56, 0x56, 0x73, 0x57, 0x58, 0x59, 0x59, 0x5a, 0x5b, 0x5c, 0x5c, 0x5d, 0x5d, 0x5e, 0x5f, 0x5f, 0x60, 0x61, 0x61, 0x61, 0xd5, 0x62, 0x62, 0x63, 0x63, 0x63, 0x63, 0x63, 0x63, 0x63, 0x63, 0x63, 0x63, 0x63, 0x63, 0x63, 0x63, 0x63, 0x63, 0x63, 0x63, 
  0x63, 0x63, 0x63, 0x63, 0x63, 0x63, 0x63, 0x63, 0x63, 0x63, 0x63, 0x63, 0x63, 0x63, 0x63, 0x63, 0x63, 0x63, 0x63, 0x62, 0x62, 0x61, 0x9e, 0x60, 0x61, 0x5f, 0x5f, 0x9d, 0x5d, 0x5d, 0x5c, 0x5c, 0x5b, 0xd9, 0x5a, 0x59, 0x58, 0x57, 0x57, 0x73, 0x56, 0x56, 0x55, 0x54, 0x54, 0x52, 0x72, 0x7c, 0x7c, 0x51, 0xd8, 0x4f, 0x4f, 0x7b, 0x4e, 0x4e, 0x4d, 0x4c, 0x7a, 0x7a, 0x4b, 0x94, 0x94, 0x49, 0x49, 0x48, 0x47, 0x46, 0x46, 0x45, 0x44, 0x44, 0x43, 0x41, 0x42, 0x40, 0x40, 0x3e, 0x3e, 0x3d, 0x3d, 0x6d, 0x3c, 0x3b, 0x3b, 0x3a, 0x3a, 0x39, 0x6c, 0x8d, 0x36, 0x36, 0x36, 0x35, 0xd1, 0x34, 0x33, 0x33, 0x32, 0x31, 0x6a, 0x30, 0x2f, 0x2f, 0x2e, 0x2e, 0x2d, 0x2c, 0x2c, 0x2c, 0x79, 0x79, 0x2b, 0x2a, 0x87, 0x87, 0x28, 0x28, 0x27, 0x27, 0x26, 0x68, 0x25, 0x24, 0x24, 0x24, 0x24, 0x23, 0xcf, 0x22, 0x22, 0x21, 0x21, 0x21, 0x20, 0x20, 0xce, 0x1f, 0x1f, 0x1f, 0x1e, 0x1e, 0x1e, 0x1e, 0x1d, 0x1d, 0x1d, 0xcd, 0x1c, 0x1c, 0x1c, 0xb9, 0xb9, 0xb9, 0x1b, 0x1b, 0x1b, 0x1b, 0x83, 0xb8, 0x1a, 0x1a, 0x1a, 0xb7, 0x19, 0x1a, 0x19, 0x19, 0x19, 0x19, 0x19, 0x19, 0x19, 0x19, 0x19, 0x19, 0x19, 0x18, 0x19, 0x18, 0x18, 0x18, 0x19, 0x19, 0x18, 0x19, 0x19, 0x19, 0x19, 0x19, 0x19, 0x19, 0x19, 0x19, 0x19, 0x1a, 0x1a, 0x1a, 0x1a, 0xcc, 0x1a, 0x1b, 0xb8, 0x1b, 0x1b, 0x1b, 0xb9, 0xb9, 0xb9, 0xb9, 0x1c, 0x1c, 0x1c, 0xba, 0xcd, 0x1d, 0x1d, 0x1d, 0x1e, 0x1e, 0x1e, 0x1f, 0x1f, 0xa5, 0xce, 0x21, 0x20, 0x21, 0x21, 0x21, 0x22, 0xcf, 0x67, 0x23, 0x23, 0x24, 0x24, 0x25, 0x25, 0x25, 0x26, 0x27, 0x28, 0x28, 0x28, 0x29, 0x2a, 0x2b, 0x79, 0x79, 0x2c, 0x2c, 0x2c, 0x2e, 0x2e, 0x2f, 0x2f, 0x30, 0x6a, 0x32, 0x32, 0x33, 0x33, 0x8b, 0xd1, 0x35, 0x35, 0x36, 0x36, 0x37, 0x6c, 0x38, 0x39, 0x3a, 0x3b, 0x3b, 0x3b, 0x3c, 0x3c, 0x3d, 0x3d, 0x3e, 0x6e, 0x40, 0x41, 0x41, 0x42, 0x42, 0x43, 0x45, 0x45, 0x46, 0x46, 0xa7, 0x48, 0x49, 0x49, 0x49, 0x94, 0x71, 0x4b, 0x7a, 0x7a, 0x4c, 0x4d, 0x96, 0x4e, 0x4f, 0x7b, 0x50, 0x98, 0x51, 0x7c, 0x7c, 0x52, 0x53, 0x54, 0x55, 0x55, 0x56, 0x73, 0x57, 0x58, 0x58, 0x59, 0x5a, 0x5b, 0x5b, 0x5c, 0x5c, 0x5d, 0x5e, 0x5f, 0x5f, 0x60, 0x60, 0x61, 0x61, 0x9e, 0x75, 0x62, 0x62, 0x62, 0x63, 0x63, 0x63, 0x63, 0x63, 0x63, 0x63, 0x63, 0x63, 0x63, 0x63, 0x63, 0x63, 0x63, 0x63, 0x63, 0x63, 
  0x63, 0x63, 0x63, 0x63, 0x63, 0x63, 0x63, 0x63, 0x63, 0x63, 0x63, 0x63, 0x63, 0x63, 0x63, 0x63, 0x63, 0x63, 0x62, 0x62, 0x62, 0x75, 0x61, 0x61, 0x60, 0x60, 0x5f, 0x9d, 0x5e, 0x5d, 0x5d, 0x5c, 0x5b, 0x5b, 0x5a, 0x59, 0x58, 0x58, 0x57, 0x73, 0x73, 0x56, 0x55, 0x55, 0x54, 0x53, 0x72, 0x52, 0x7c, 0x7c, 0x98, 0x98, 0x4f, 0x4f, 0x7b, 0x4e, 0xd7, 0x4c, 0x4c, 0x7a, 0x4b, 0x4b, 0x4a, 0x4a, 0x49, 0x49, 0x48, 0xa7, 0x46, 0x45, 0x45, 0x44, 0x43, 0x6f, 0x42, 0x40, 0x41, 0x3f, 0x6e, 0x3e, 0x3d, 0x3d, 0x3c, 0x6d, 0x3b, 0x3b, 0x3a, 0x3a, 0x39, 0x6c, 0xbe, 0x36, 0x36, 0x36, 0x35, 0xd1, 0x34, 0x33, 0x33, 0x32, 0x31, 0x6a, 0x30, 0x2f, 0x30, 0x2e, 0x2e, 0x2d, 0x89, 0x2c, 0x2c, 0x79, 0x79, 0x2b, 0x2a, 0x69, 0xbd, 0x29, 0x28, 0x28, 0x27, 0x26, 0x68, 0x25, 0x25, 0x24, 0x24, 0x24, 0x23, 0x23, 0x22, 0x22, 0x22, 0x21, 0x21, 0x21, 0x20, 0x20, 0xa5, 0x1f, 0x84, 0x1f, 0x1e, 0x1e, 0x1e, 0x1e, 0x1d, 0x1d, 0x65, 0xcd, 0x1c, 0x1c, 0x1c, 0x1c, 0xb9, 0xb9, 0x1b, 0x1b, 0x1b, 0x1b, 0x83, 0x1b, 0x1a, 0xcc, 0xb7, 0x1a, 0x1a, 0x1a, 0x1a, 0x1a, 0x1a, 0x19, 0x19, 0x19, 0x19, 0x19, 0x19, 0x1a, 0x19, 0x19, 0x1a, 0x19, 0x1a, 0x19, 0x19, 0x19, 0x19, 0x19, 0x1a, 0x1a, 0x1a, 0x1a, 0x1a, 0xb7, 0x1a, 0xb7, 0xb7, 0xb8, 0xcc, 0x83, 0x1b, 0x1b, 0x1b, 0x1b, 0xb9, 0xb9, 0xb9, 0xb9, 0xb9, 0x1c, 0x1c, 0x1c, 0xa4, 0x65, 0x1d, 0x1d, 0x1e, 0x1e, 0x1e, 0x1f, 0x1f, 0x1f, 0xce, 0x20, 0x20, 0x20, 0x21, 0x21, 0x22, 0x22, 0xcf, 0x23, 0x23, 0x24, 0x24, 0x24, 0x25, 0x25, 0x68, 0x26, 0x27, 0x28, 0x28, 0x29, 0x29, 0x69, 0x2b, 0x2b, 0x79, 0x2c, 0x2c, 0x89, 0x2e, 0x2e, 0x2f, 0x30, 0x30, 0x6a, 0x31, 0x32, 0x33, 0x33, 0x8b, 0x34, 0x35, 0x35, 0x36, 0x36, 0xbe, 0x6c, 0x38, 0x39, 0x3a, 0x3a, 0x3b, 0xbf, 0x3c, 0x3c, 0x3d, 0x3e, 0x3e, 0x6e, 0x3f, 0x40, 0x41, 0x42, 0x42, 0x43, 0x44, 0x45, 0x45, 0x46, 0x70, 0x48, 0x48, 0x49, 0x4a, 0x4a, 0x71, 0x4b, 0x7a, 0x7a, 0x4d, 0x4d, 0x4d, 0x4e, 0x7b, 0x7b, 0x50, 0x50, 0xd8, 0x51, 0x7c, 0x52, 0x72, 0x54, 0x55, 0x55, 0x56, 0x73, 0x57, 0x57, 0x58, 0x59, 0x59, 0xa8, 0x5b, 0x5b, 0x5c, 0x5d, 0x5d, 0x5e, 0x5e, 0x5f, 0x60, 0x60, 0x61, 0x61, 0x9e, 0x62, 0x62, 0x63, 0x63, 0x63, 0x63, 0x63, 0x63, 0x63, 0x63, 0x63, 0x63, 0x63, 0x63, 0x63, 0x63, 0x63, 0x63, 0x63, 0x63, 0x63, 
  0x63, 0x63, 0x63, 0x63, 0x63, 0x63, 0x63, 0x63, 0x63, 0x63, 0x63, 0x63, 0x63, 0x63, 0x63, 0x63, 0x63, 0x63, 0x63, 0x62, 0x62, 0x62, 0x9e, 0x61, 0x61, 0x60, 0x5f, 0x5f, 0x5e, 0x5d, 0x5d, 0x5c, 0x5c, 0x5b, 0x5b, 0x59, 0x59, 0x58, 0x57, 0x57, 0x73, 0x56, 0x56, 0x55, 0x54, 0x54, 0x72, 0x52, 0x7c, 0x7c, 0x7c, 0x50, 0xd8, 0x7b, 0x4f, 0x4e, 0x4e, 0x4d, 0x4c, 0x7a, 0x7a, 0x4b, 0x94, 0x4a, 0x49, 0x49, 0x48, 0x47, 0x70, 0x46, 0x45, 0x45, 0x44, 0x6f, 0x42, 0x41, 0x41, 0x40, 0x3f, 0x3e, 0x3d, 0x3d, 0x3c, 0x3c, 0xbf, 0x3b, 0x3a, 0x3a, 0x39, 0x38, 0x6c, 0xbe, 0x36, 0x36, 0x36, 0x35, 0x34, 0x34, 0x33, 0x33, 0x32, 0x31, 0x6a, 0x30, 0x30, 0x2f, 0x2f, 0x2e, 0x2d, 0x88, 0x2c, 0x2c, 0x79, 0x79, 0x2b, 0x2a, 0x69, 0x29, 0x29, 0x28, 0x28, 0x27, 0x27, 0x68, 0x25, 0x68, 0x24, 0x24, 0x24, 0x23, 0x23, 0x22, 0x22, 0x22, 0x21, 0x21, 0x21, 0x20, 0x20, 0xa5, 0x84, 0x1f, 0x84, 0x1e, 0x1e, 0x1e, 0x1e, 0x1e, 0x1e, 0x1d, 0x65, 0x65, 0x1c, 0x1c, 0x1c, 0x1c, 0xb9, 0xb9, 0xb9, 0xb9, 0x1b, 0x1b, 0x1b, 0x83, 0x83, 0xb8, 0xb7, 0xb7, 0x1a, 0x1a, 0x1a, 0x1a, 0xb8, 0x1a, 0x1a, 0x1a, 0x1a, 0x1a, 0x1a, 0x1a, 0x19, 0xb8, 0x19, 0x1a, 0xb7, 0x1a, 0xb7, 0x1a, 0x1a, 0x1a, 0xb7, 0x1a, 0x83, 0xcc, 0xb8, 0x1b, 0x83, 0x1b, 0x1b, 0xb9, 0x1b, 0xb9, 0xb9, 0xb9, 0x1c, 0xb9, 0x1c, 0x1c, 0xba, 0xcd, 0xcd, 0x1d, 0x1d, 0x1d, 0x1e, 0x1e, 0x1e, 0x1e, 0x1f, 0x1f, 0xce, 0xce, 0x20, 0x20, 0x21, 0x21, 0x22, 0x22, 0x22, 0xcf, 0x67, 0x24, 0x24, 0x24, 0x24, 0x25, 0x25, 0x26, 0x26, 0x27, 0x28, 0x28, 0x29, 0x29, 0x2a, 0x2b, 0x79, 0x79, 0x2c, 0x2c, 0x2c, 0x2e, 0x2e, 0x2f, 0x2f, 0x30, 0x6a, 0x31, 0x32, 0x33, 0x33, 0x34, 0x8b, 0x35, 0x35, 0x36, 0x36, 0x37, 0xbe, 0x38, 0x39, 0x3a, 0x3a, 0x3b, 0x8e, 0x6d, 0x3c, 0x3d, 0x3d, 0x3d, 0x6e, 0x3f, 0x40, 0x41, 0x41, 0x42, 0x6f, 0x43, 0x45, 0x45, 0x46, 0x70, 0x47, 0x48, 0x49, 0x49, 0x4a, 0x93, 0x4b, 0x4b, 0x7a, 0x4c, 0x4c, 0x4d, 0x4e, 0x4e, 0x7b, 0x4f, 0x50, 0x98, 0x51, 0x7c, 0x7c, 0x52, 0x53, 0x54, 0x55, 0x56, 0x56, 0x73, 0x73, 0x58, 0x58, 0x59, 0x5a, 0xd9, 0x5b, 0x5d, 0x5c, 0x5d, 0x5e, 0x9d, 0x5f, 0x60, 0x60, 0x61, 0x61, 0x61, 0x75, 0x62, 0x62, 0x62, 0x62, 0x63, 0x63, 0x63, 0x63, 0x63, 0x63, 0x63, 0x63, 0x63, 0x63, 0x63, 0x63, 0x63, 0x63, 0x63, 0x63, 0x63, 
  0x63, 0x63, 0x63, 0x63, 0x63, 0x63, 0x63, 0x63, 0x63, 0x63, 0x63, 0x63, 0x63, 0x63, 0x63, 0x63, 0x63, 0x63, 0x62, 0x63, 0x62, 0x62, 0x75, 0x61, 0x61, 0x60, 0x60, 0x5f, 0x9d, 0x74, 0x5d, 0x5c, 0x5c, 0x5b, 0x5b, 0x9b, 0x59, 0x58, 0x58, 0x57, 0x73, 0x73, 0x56, 0x56, 0x55, 0x54, 0x53, 0x72, 0x52, 0x7c, 0x51, 0x51, 0x50, 0x4f, 0x7b, 0x7b, 0x4e, 0xd7, 0x95, 0x4c, 0x7a, 0x4b, 0x4b, 0x94, 0x4a, 0x49, 0x49, 0x48, 0x47, 0x46, 0x46, 0x45, 0x45, 0x44, 0x6f, 0x42, 0x41, 0x40, 0x40, 0x6e, 0x8f, 0x3e, 0x3d, 0x3c, 0x6d, 0x8e, 0x3b, 0x3a, 0x3a, 0x39, 0x38, 0x8d, 0x37, 0x36, 0x36, 0x36, 0x6b, 0xd1, 0x34, 0x33, 0x33, 0x32, 0x31, 0x6a, 0x30, 0x30, 0x2f, 0x2f, 0x2e, 0x2d, 0x89, 0x2c, 0x2c, 0x79, 0x79, 0x2b, 0x2a, 0x69, 0xbd, 0x29, 0x28, 0x28, 0x27, 0x27, 0x68, 0x68, 0x25, 0x24, 0x24, 0x24, 0x23, 0x23, 0xcf, 0xbb, 0x22, 0x21, 0x21, 0x21, 0x21, 0x20, 0x20, 0xa5, 0xce, 0x84, 0x1f, 0x1f, 0x1e, 0x1e, 0x1e, 0x1e, 0x1d, 0x1d, 0x1d, 0x65, 0xcd, 0x1c, 0x1c, 0xb9, 0xb9, 0xb9, 0xb9, 0xb9, 0x1b, 0xb9, 0x1b, 0x1b, 0x1b, 0x1b, 0x83, 0x83, 0xb8, 0xb8, 0xcc, 0xb8, 0x1a, 0xb8, 0x1a, 0xb8, 0x1a, 0xb8, 0xb7, 0xb7, 0x83, 0x83, 0x1a, 0xb7, 0xb8, 0xcc, 0x83, 0x83, 0x83, 0x83, 0x1b, 0x1b, 0x1b, 0x1b, 0x1b, 0x1b, 0xb9, 0xb9, 0xb9, 0x1c, 0xb9, 0x1c, 0x1c, 0x1c, 0xcd, 0xcd, 0x65, 0x1d, 0x1d, 0x1e, 0x1d, 0x1e, 0x1e, 0x1e, 0x1f, 0x1f, 0x1f, 0xce, 0x20, 0x20, 0x21, 0x21, 0x21, 0x22, 0x22, 0x22, 0x23, 0x23, 0x24, 0x23, 0x25, 0x24, 0x86, 0x25, 0x26, 0x26, 0x27, 0x28, 0x28, 0x87, 0xbd, 0x2a, 0x2b, 0x79, 0x79, 0x2c, 0x2c, 0x89, 0x2e, 0x2e, 0x2f, 0x2f, 0x6a, 0x6a, 0x32, 0x32, 0x33, 0x33, 0x34, 0x34, 0x35, 0x35, 0x36, 0x36, 0x37, 0x37, 0x38, 0x39, 0x39, 0x3a, 0x3b, 0x3b, 0x6d, 0x3c, 0x3d, 0x3d, 0x3e, 0x3e, 0x6e, 0x40, 0x40, 0x41, 0x42, 0x42, 0x43, 0x44, 0x45, 0x45, 0x92, 0x92, 0x48, 0x49, 0x49, 0x4a, 0x4a, 0x71, 0x4b, 0x7a, 0x4c, 0x4c, 0x4d, 0x96, 0x7b, 0x7b, 0x7b, 0x4f, 0x50, 0x51, 0x51, 0x7c, 0xc1, 0x72, 0x53, 0x55, 0x55, 0x56, 0x56, 0x57, 0x57, 0x58, 0x59, 0x59, 0x5a, 0x5b, 0x5b, 0x5c, 0x5d, 0x5d, 0x5e, 0x5f, 0x5f, 0x60, 0x60, 0x61, 0x61, 0x9e, 0x75, 0x62, 0x62, 0x63, 0x63, 0x63, 0x63, 0x63, 0x63, 0x63, 0x63, 0x63, 0x63, 0x63, 0x63, 0x63, 0x63, 0x63, 0x63, 0x63, 0x63, 0x63, 
  0x63, 0x63, 0x63, 0x63, 0x63, 0x63, 0x63, 0x63, 0x63, 0x63, 0x63, 0x63, 0x63, 0x63, 0x63, 0x63, 0x63, 0x63, 0x63, 0x63, 0x62, 0x62, 0x75, 0x9e, 0x61, 0x61, 0x60, 0x60, 0x5f, 0x9c, 0x5d, 0x5d, 0x5c, 0x5c, 0x5b, 0xa8, 0x59, 0x59, 0x58, 0x57, 0x57, 0x73, 0x56, 0x55, 0x56, 0x54, 0x54, 0x72, 0x52, 0x52, 0x7c, 0x51, 0x98, 0x50, 0x50, 0x7b, 0x7b, 0x4e, 0x96, 0x4c, 0x4c, 0x7a, 0x7a, 0x71, 0x94, 0x4a, 0x49, 0x48, 0x48, 0x47, 0x46, 0x45, 0x45, 0x44, 0x43, 0x6f, 0x42, 0x41, 0x40, 0x3f, 0x6e, 0x3e, 0x3d, 0x3d, 0x3c, 0x6d, 0x3b, 0x3b, 0x3a, 0x3a, 0x39, 0x38, 0x37, 0x37, 0x36, 0x36, 0x35, 0x6b, 0x34, 0x34, 0x33, 0x32, 0x32, 0x31, 0x6a, 0x30, 0x30, 0x2f, 0x2f, 0x2e, 0x2d, 0x2d, 0x2c, 0x2c, 0x79, 0x79, 0x2b, 0x2a, 0x69, 0x29, 0x29, 0x28, 0x28, 0x27, 0x27, 0x26, 0x25, 0x25, 0x25, 0x24, 0x24, 0x24, 0x23, 0x23, 0x85, 0x22, 0x85, 0x21, 0x21, 0x21, 0x21, 0x20, 0x20, 0x66, 0x1f, 0x1f, 0x1f, 0x1f, 0x1e, 0x1e, 0x1e, 0x1e, 0x1e, 0x1d, 0x1d, 0x1d, 0xcd, 0xba, 0x1c, 0xcd, 0xb9, 0x1c, 0xb9, 0xb9, 0xb9, 0xb9, 0xb9, 0x1b, 0x1b, 0x1b, 0x1b, 0x83, 0x1b, 0xcc, 0x1b, 0x83, 0x1b, 0xcc, 0x1b, 0x83, 0x83, 0x1b, 0xcc, 0x1b, 0x1b, 0x1b, 0x1b, 0x1b, 0x1b, 0x1b, 0x1b, 0xb9, 0x1b, 0xb9, 0xb9, 0xb9, 0xb9, 0xb9, 0x1c, 0xb9, 0x1c, 0x1c, 0x1c, 0xcd, 0xcd, 0xa4, 0x1d, 0x1d, 0x1d, 0x1e, 0x1e, 0x1e, 0x1e, 0x1e, 0x1f, 0x1f, 0x84, 0xce, 0x20, 0x20, 0x20, 0x21, 0x21, 0x21, 0x22, 0x22, 0xcf, 0x23, 0x23, 0x24, 0x24, 0x24, 0x25, 0xbc, 0x68, 0x26, 0x26, 0x28, 0x28, 0x28, 0xbd, 0x69, 0x2a, 0x2b, 0x2b, 0x79, 0x2c, 0x2c, 0x89, 0x2e, 0x2e, 0x2f, 0x2f, 0x30, 0x6a, 0x31, 0x32, 0x33, 0x33, 0x34, 0x34, 0x8c, 0x35, 0x36, 0x36, 0x36, 0x37, 0x6c, 0x38, 0x39, 0x3a, 0x3b, 0x3b, 0x8e, 0x3c, 0x3c, 0x3d, 0x3d, 0x3e, 0x6e, 0x3f, 0x40, 0x41, 0x41, 0x42, 0x43, 0x44, 0x45, 0x45, 0x92, 0x70, 0x47, 0x48, 0x49, 0x49, 0x4a, 0x93, 0x4b, 0x4b, 0x7a, 0x4c, 0x4c, 0x4e, 0xd7, 0x7b, 0x7b, 0x4f, 0x4f, 0xd8, 0x51, 0x7c, 0x52, 0x99, 0x72, 0x55, 0x54, 0x56, 0x56, 0x57, 0x73, 0x58, 0x58, 0x59, 0x5a, 0xa8, 0x5b, 0x5c, 0x5c, 0x5d, 0x5e, 0x9d, 0x5f, 0x5f, 0x60, 0x60, 0x61, 0x9e, 0x75, 0x62, 0x62, 0x62, 0x63, 0x63, 0x63, 0x63, 0x63, 0x63, 0x63, 0x63, 0x63, 0x63, 0x63, 0x63, 0x63, 0x63, 0x63, 0x63, 0x63, 0x63, 0x63, 
  0x63, 0x63, 0x63, 0x63, 0x63, 0x63, 0x63, 0x63, 0x63, 0x63, 0x63, 0x63, 0x63, 0x63, 0x63, 0x63, 0x63, 0x63, 0x63, 0x62, 0x63, 0x62, 0x62, 0x9e, 0x61, 0x60, 0x60, 0x60, 0x5f, 0x9d, 0x5e, 0x5d, 0x5c, 0x5c, 0x5b, 0xa8, 0xd9, 0x59, 0x58, 0x58, 0x57, 0x57, 0x73, 0x56, 0x56, 0x54, 0x55, 0x53, 0x72, 0x52, 0x7c, 0x7c, 0x51, 0x98, 0x4f, 0x7b, 0x7b, 0x4e, 0x96, 0x4d, 0x4c, 0x7a, 0x7a, 0x4b, 0x71, 0x4a, 0x4a, 0x49, 0x48, 0x48, 0x70, 0x92, 0x45, 0x45, 0x44, 0x43, 0x42, 0x41, 0x41, 0x40, 0x3f, 0x8f, 0x3e, 0x3d, 0x3d, 0x3c, 0x8e, 0x8e, 0x3b, 0x3a, 0x3a, 0x39, 0x38, 0x6c, 0x37, 0x36, 0x36, 0x35, 0xd1, 0x34, 0x34, 0x33, 0x33, 0x32, 0x31, 0xa6, 0x30, 0x30, 0x2f, 0x2f, 0x2e, 0x2e, 0x88, 0x88, 0x2c, 0x79, 0x79, 0x79, 0x2b, 0x2a, 0x69, 0xbd, 0x29, 0x28, 0x27, 0x27, 0x26, 0x68, 0x25, 0x25, 0x24, 0x24, 0x23, 0x24, 0x85, 0x23, 0xbb, 0x22, 0x21, 0x21, 0x21, 0x21, 0x21, 0x20, 0x20, 0x20, 0xce, 0xce, 0x1f, 0x1f, 0x1f, 0x1e, 0x1e, 0x1e, 0x1d, 0x1d, 0x1d, 0x1d, 0xa4, 0xcd, 0xba, 0x1c, 0x1c, 0xb9, 0xb9, 0xb9, 0xb9, 0x1c, 0xb9, 0xb9, 0xb9, 0x1b, 0x1b, 0xb9, 0x1b, 0x1b, 0xb9, 0x1b, 0x1b, 0x1b, 0x1b, 0xb9, 0x1b, 0x1b, 0x1b, 0x1b, 0x1b, 0xb9, 0xb9, 0xb9, 0xb9, 0xb9, 0xb9, 0xb9, 0xb9, 0x1c, 0x1c, 0x1c, 0x1c, 0x1c, 0xcd, 0xba, 0x65, 0x1d, 0x1d, 0x1d, 0x1d, 0x1e, 0x1e, 0x1e, 0x1e, 0x1e, 0x1f, 0x1f, 0x1f, 0xce, 0x20, 0x20, 0x20, 0x21, 0x21, 0x21, 0x22, 0x22, 0xcf, 0x23, 0x23, 0x23, 0x24, 0x24, 0x24, 0x25, 0x25, 0x86, 0x26, 0x27, 0x28, 0x28, 0x28, 0x87, 0x87, 0x2a, 0x2b, 0x79, 0x79, 0x2c, 0x2c, 0x89, 0x2d, 0x2e, 0x2f, 0x2f, 0x8a, 0x6a, 0x31, 0x32, 0x33, 0x33, 0x34, 0x34, 0x8c, 0x35, 0x35, 0x36, 0x36, 0x8d, 0x8d, 0x38, 0x3a, 0x3a, 0x3a, 0x3b, 0xbf, 0x3c, 0x3c, 0x3d, 0x3e, 0x3e, 0x6e, 0x3f, 0x40, 0x40, 0x41, 0x90, 0x90, 0x43, 0x44, 0x45, 0x45, 0x92, 0x70, 0x47, 0x49, 0x49, 0x4a, 0x93, 0x71, 0x4b, 0x7a, 0x7a, 0x4c, 0x4d, 0x4e, 0x4e, 0x7b, 0x4f, 0x4f, 0x98, 0x51, 0x7c, 0x7c, 0x52, 0x99, 0x54, 0x54, 0x55, 0x56, 0x56, 0x73, 0x58, 0x58, 0x59, 0x59, 0xa8, 0x5b, 0x5c, 0x5c, 0x5d, 0x5d, 0x5e, 0x9d, 0x60, 0x60, 0x60, 0x61, 0x61, 0xc3, 0x75, 0x62, 0x62, 0x63, 0x63, 0x63, 0x63, 0x63, 0x63, 0x63, 0x63, 0x63, 0x63, 0x63, 0x63, 0x63, 0x63, 0x63, 0x63, 0x63, 0x63, 0x63, 0x63, 
  0x63, 0x63, 0x63, 0x63, 0x63, 0x63, 0x63, 0x63, 0x63, 0x63, 0x63, 0x63, 0x63, 0x63, 0x63, 0x63, 0x63, 0x63, 0x63, 0x63, 0x62, 0x62, 0x62, 0x75, 0x61, 0x61, 0x61, 0x60, 0x5f, 0x5f, 0x9d, 0x5d, 0x5d, 0x5c, 0x5c, 0x5b, 0xa8, 0x59, 0x59, 0x58, 0x58, 0x57, 0x73, 0x73, 0x55, 0x56, 0x54, 0x54, 0x53, 0x52, 0x52, 0x7c, 0x51, 0x51, 0x50, 0x97, 0x7b, 0x7b, 0x4e, 0x96, 0x4c, 0x4c, 0x7a, 0x4b, 0x4b, 0x94, 0x4a, 0x49, 0x4a, 0x48, 0x47, 0x70, 0x70, 0x45, 0x44, 0x43, 0x91, 0x90, 0x41, 0x41, 0x3f, 0x3f, 0x8f, 0x3d, 0x3d, 0x3c, 0x3c, 0x6d, 0x3b, 0x3b, 0x3a, 0x39, 0x39, 0x38, 0x6c, 0x37, 0x36, 0x36, 0x35, 0x6b, 0x34, 0x34, 0x33, 0x33, 0x32, 0x31, 0x8a, 0x8a, 0x8a, 0x2f, 0x2f, 0x2e, 0x2e, 0x2d, 0x89, 0x2c, 0x2c, 0x79, 0x79, 0x2b, 0x2b, 0x69, 0x29, 0x29, 0x28, 0x28, 0x27, 0x27, 0x25, 0x26, 0x24, 0x25, 0x24, 0x24, 0x23, 0x23, 0x23, 0xcf, 0x85, 0xbb, 0x22, 0x21, 0x21, 0x21, 0x21, 0x20, 0x20, 0x20, 0xce, 0x1f, 0x1f, 0x1e, 0x1f, 0x1e, 0x1e, 0x1e, 0x1e, 0x1d, 0x1d, 0x1d, 0x1d, 0xa4, 0xcd, 0xba, 0xba, 0x1c, 0xba, 0xb9, 0x1c, 0xb9, 0x1c, 0xb9, 0x1c, 0xb9, 0x1c, 0xb9, 0xb9, 0xb9, 0xb9, 0xb9, 0xb9, 0xb9, 0xb9, 0xb9, 0xb9, 0xb9, 0x1c, 0xb9, 0xb9, 0x1c, 0xb9, 0x1c, 0x1c, 0xcd, 0xba, 0xba, 0xcd, 0xcd, 0xcd, 0x1d, 0xcd, 0x1e, 0x1d, 0x1d, 0x1e, 0x1e, 0x1e, 0x1e, 0x1e, 0x1e, 0x1f, 0x84, 0x1f, 0xa5, 0x20, 0x20, 0x21, 0x21, 0x21, 0x21, 0x21, 0x22, 0x22, 0xcf, 0x23, 0x23, 0x24, 0x24, 0x24, 0x24, 0x25, 0x86, 0x26, 0x26, 0x27, 0x28, 0x28, 0xbd, 0x29, 0x2a, 0x2a, 0x2b, 0x79, 0x79, 0x79, 0x2c, 0x2d, 0x2e, 0x2e, 0x2f, 0x2f, 0x30, 0x6a, 0x31, 0x32, 0x33, 0x33, 0x34, 0x34, 0x8c, 0x35, 0x35, 0x36, 0x36, 0x37, 0x8d, 0x38, 0x39, 0x3a, 0x3a, 0x3b, 0xbf, 0x3c, 0x3c, 0x3d, 0x3d, 0x3e, 0xc0, 0x3f, 0x40, 0x41, 0x41, 0x42, 0x90, 0x91, 0x44, 0x45, 0x45, 0x92, 0x92, 0x48, 0x48, 0x49, 0x4a, 0x4a, 0x71, 0x4b, 0x7a, 0x7a, 0x4c, 0x4d, 0x96, 0x4e, 0x7b, 0x7b, 0x4f, 0x50, 0x98, 0x51, 0x7c, 0x7c, 0x99, 0x53, 0x54, 0x55, 0x56, 0x56, 0x73, 0x57, 0x58, 0x58, 0x59, 0x5a, 0xd9, 0x5b, 0x5c, 0x5c, 0x5d, 0x5e, 0x9d, 0x5f, 0x5f, 0x60, 0x60, 0x61, 0x61, 0x9e, 0x62, 0x9e, 0x63, 0x62, 0x63, 0x63, 0x63, 0x63, 0x63, 0x63, 0x63, 0x63, 0x63, 0x63, 0x63, 0x63, 0x63, 0x63, 0x63, 0x63, 0x63, 0x63, 0x63, 
  0x63, 0x63, 0x63, 0x63, 0x63, 0x63, 0x63, 0x63, 0x63, 0x63, 0x63, 0x63, 0x63, 0x63, 0x63, 0x63, 0x63, 0x63, 0x63, 0x63, 0x63, 0x62, 0x62, 0x62, 0x9e, 0x61, 0x60, 0x61, 0x60, 0x5f, 0x5f, 0x9c, 0x5d, 0x5d, 0x5c, 0x5b, 0x5b, 0x5a, 0x59, 0x59, 0x58, 0x57, 0x57, 0x73, 0x56, 0x55, 0x55, 0x54, 0x53, 0x72, 0x52, 0x7c, 0x7c, 0x51, 0x98, 0x97, 0x4f, 0x7b, 0x7b, 0x4e, 0x4d, 0x4c, 0x7a, 0x7a, 0x4b, 0x71, 0x4a, 0x4a, 0x49, 0x49, 0x48, 0x47, 0x46, 0x46, 0x45, 0x45, 0x43, 0x6f, 0x42, 0x41, 0x41, 0x3f, 0x3f, 0xc0, 0x3e, 0x3d, 0x3c, 0x3c, 0x6d, 0x3b, 0x3b, 0x3a, 0x3a, 0x38, 0x38, 0x37, 0x37, 0x36, 0x36, 0x35, 0x8c, 0x34, 0x34, 0x33, 0x33, 0x33, 0x32, 0xa6, 0x6a, 0x8a, 0x2f, 0x2f, 0x2f, 0x2e, 0x2d, 0x89, 0x2c, 0x2c, 0x79, 0x79, 0x2b, 0x2a, 0x69, 0x29, 0x29, 0x28, 0x28, 0x28, 0x27, 0x26, 0x26, 0x25, 0x25, 0x24, 0x25, 0x23, 0x24, 0x23, 0x23, 0xcf, 0x22, 0x22, 0x22, 0x21, 0x21, 0x21, 0x21, 0x21, 0x20, 0x20, 0x66, 0x20, 0x1f, 0x1f, 0x1e, 0x1e, 0x1e, 0x1e, 0x1e, 0x1e, 0x1d, 0x1d, 0x1d, 0x1d, 0xa4, 0xcd, 0xa4, 0xcd, 0xba, 0x1c, 0x1c, 0x1c, 0x1c, 0xb9, 0x1c, 0xb9, 0x1c, 0xb9, 0x1c, 0x1c, 0xb9, 0xb9, 0xba, 0x1c, 0x1c, 0xb9, 0x1c, 0xba, 0x1c, 0x1c, 0xba, 0xcd, 0xcd, 0xa4, 0x1d, 0x1d, 0x1d, 0x1d, 0x1d, 0x1d, 0x1e, 0x1d, 0x1e, 0x1e, 0x1e, 0x1e, 0x84, 0x1f, 0x84, 0x84, 0xce, 0xa5, 0x20, 0x20, 0x21, 0x21, 0x21, 0x21, 0x21, 0x22, 0x22, 0xcf, 0x67, 0x23, 0x23, 0x24, 0x24, 0x24, 0x25, 0x25, 0x68, 0x26, 0x27, 0x28, 0x28, 0x28, 0x87, 0xbd, 0x2a, 0x2a, 0x79, 0x79, 0x79, 0x2c, 0x2c, 0x2d, 0x2e, 0x2e, 0x2f, 0x2f, 0x30, 0x6a, 0x31, 0x32, 0x33, 0x33, 0x34, 0x34, 0x8c, 0x35, 0x36, 0x36, 0x36, 0x8d, 0x37, 0x38, 0x39, 0x39, 0x3a, 0x3b, 0x3b, 0x6d, 0x3c, 0x3c, 0x3d, 0x3d, 0x3e, 0x6e, 0x3f, 0x40, 0x41, 0x41, 0x42, 0x90, 0x43, 0x45, 0x45, 0x46, 0x46, 0xa7, 0x48, 0x49, 0x49, 0x4a, 0x94, 0x71, 0x7a, 0x7a, 0x4c, 0x4c, 0x4d, 0x4e, 0x4e, 0x7b, 0x4f, 0x4f, 0x98, 0x51, 0x7c, 0x7c, 0x72, 0x53, 0x53, 0x55, 0x55, 0x56, 0x56, 0x57, 0x57, 0x58, 0x59, 0x59, 0x5a, 0x5b, 0x5b, 0x5c, 0x5d, 0x5d, 0x5e, 0x9d, 0x60, 0x60, 0x60, 0x61, 0x61, 0x9e, 0x75, 0x62, 0x62, 0x62, 0x63, 0x63, 0x63, 0x63, 0x63, 0x63, 0x63, 0x63, 0x63, 0x63, 0x63, 0x63, 0x63, 0x63, 0x63, 0x63, 0x63, 0x63, 0x63, 0x63, 
  0x63, 0x63, 0x63, 0x63, 0x63, 0x63, 0x63, 0x63, 0x63, 0x63, 0x63, 0x63, 0x63, 0x63, 0x63, 0x63, 0x63, 0x63, 0x63, 0x63, 0x62, 0x63, 0x62, 0x62, 0x75, 0x9e, 0x61, 0x61, 0x60, 0x5f, 0x5f, 0x5e, 0x5d, 0x5d, 0x5c, 0x5c, 0x5b, 0xa8, 0x5a, 0x58, 0x59, 0x58, 0x57, 0x73, 0x9a, 0x56, 0x55, 0x55, 0x54, 0x53, 0x52, 0x52, 0x7c, 0x7c, 0x51, 0x50, 0x97, 0x7b, 0x7b, 0x4e, 0x4e, 0x95, 0x4d, 0x7a, 0x7a, 0x4b, 0x4b, 0x4a, 0x4a, 0x49, 0x49, 0x48, 0x47, 0x46, 0x46, 0x45, 0x44, 0x43, 0x90, 0x42, 0x41, 0x40, 0x6e, 0x3f, 0x3d, 0x3e, 0x3d, 0x3c, 0x3c, 0x8e, 0x3b, 0x3b, 0x3a, 0x39, 0x39, 0x6c, 0x37, 0x37, 0x36, 0x36, 0x35, 0x35, 0x34, 0x34, 0x33, 0x33, 0x32, 0x31, 0xa6, 0x8a, 0x30, 0x8a, 0x2f, 0x2f, 0x2e, 0x2d, 0xd0, 0x2c, 0x2c, 0x79, 0x79, 0x2b, 0x2b, 0x2a, 0x87, 0x87, 0x28, 0x28, 0x28, 0x27, 0x26, 0x26, 0xbc, 0x86, 0x24, 0x24, 0x24, 0x23, 0x24, 0x23, 0x23, 0xcf, 0x22, 0x22, 0x22, 0x21, 0x21, 0x21, 0x21, 0x21, 0x20, 0x20, 0x20, 0x84, 0x84, 0x84, 0x1f, 0x1e, 0x1e, 0x1e, 0x1e, 0x1e, 0x1e, 0x1e, 0x1d, 0x1d, 0x1d, 0x1d, 0x1d, 0xcd, 0x1d, 0xcd, 0xcd, 0xcd, 0xba, 0xba, 0xba, 0x1c, 0xcd, 0x1c, 0xba, 0xba, 0xba, 0xba, 0x1c, 0xa4, 0xcd, 0x1d, 0xcd, 0xa4, 0x1d, 0x1d, 0x1d, 0x1d, 0x1d, 0x1e, 0x1e, 0x1e, 0x1e, 0x1e, 0x1e, 0x1e, 0x1f, 0x1e, 0x1f, 0x84, 0x84, 0xce, 0xce, 0xa5, 0x20, 0x20, 0x20, 0x21, 0x21, 0x21, 0x21, 0x22, 0xbb, 0xcf, 0x23, 0x23, 0x23, 0x24, 0x24, 0x24, 0x25, 0x25, 0x86, 0x68, 0x26, 0x27, 0x28, 0x28, 0x28, 0x29, 0x87, 0x2a, 0x2a, 0x79, 0x2b, 0x2c, 0x2c, 0x2c, 0x2d, 0x2e, 0x2e, 0x30, 0x2f, 0x30, 0x8a, 0x31, 0x32, 0x32, 0x33, 0x34, 0x34, 0x8c, 0x35, 0x35, 0x36, 0xbe, 0x36, 0x37, 0x38, 0x39, 0x3a, 0x3a, 0x3b, 0x3b, 0xbf, 0x3c, 0x3c, 0x3d, 0x3d, 0x3e, 0x6e, 0x3f, 0x40, 0x41, 0x41, 0x42, 0x90, 0x44, 0x44, 0x45, 0x45, 0x46, 0x70, 0x48, 0x48, 0x49, 0x4a, 0x93, 0x71, 0x4b, 0x4b, 0x4c, 0x4c, 0x4d, 0x96, 0x4e, 0x7b, 0x7b, 0x4f, 0xd8, 0x98, 0x7c, 0x7c, 0xc1, 0x99, 0x53, 0x55, 0x55, 0x56, 0x9a, 0x73, 0x57, 0x58, 0x58, 0x59, 0x59, 0x5b, 0x5b, 0x5c, 0x5c, 0x5d, 0x9c, 0x9d, 0x5f, 0x5f, 0x60, 0x60, 0x61, 0x61, 0x75, 0x62, 0x62, 0x62, 0x63, 0x63, 0x63, 0x63, 0x63, 0x63, 0x63, 0x63, 0x63, 0x63, 0x63, 0x63, 0x63, 0x63, 0x63, 0x63, 0x63, 0x63, 0x63, 0x63, 0x63, 
  0x63, 0x63, 0x63, 0x63, 0x63, 0x63, 0x63, 0x63, 0x63, 0x63, 0x63, 0x63, 0x63, 0x63, 0x63, 0x63, 0x63, 0x63, 0x63, 0x63, 0x63, 0x62, 0x63, 0x62, 0x62, 0x9e, 0x61, 0x60, 0x60, 0x60, 0x5f, 0x9d, 0x5e, 0x5d, 0x5c, 0x5c, 0x5c, 0xd9, 0x5a, 0x5a, 0x59, 0x58, 0x58, 0x57, 0x73, 0x56, 0x56, 0x54, 0x55, 0x53, 0x72, 0x52, 0x7c, 0x7c, 0x51, 0x98, 0x97, 0x4f, 0x7b, 0x7b, 0x4e, 0x96, 0x4d, 0x4c, 0x7a, 0x4b, 0x4b, 0x71, 0x4a, 0x4a, 0x49, 0x48, 0x47, 0x70, 0x46, 0x45, 0x45, 0x44, 0x91, 0x42, 0x41, 0x41, 0x41, 0x3f, 0x3f, 0x3e, 0x3d, 0x3d, 0x3c, 0x3c, 0xbf, 0x3b, 0x3b, 0x3a, 0x3a, 0x38, 0x38, 0x37, 0x36, 0x36, 0x36, 0x35, 0x8c, 0x8b, 0x34, 0x33, 0x33, 0x33, 0x32, 0x31, 0xa6, 0x30, 0x30, 0x2f, 0x2f, 0x2e, 0x2e, 0x2d, 0x88, 0x2c, 0x2c, 0x79, 0x2b, 0x2b, 0x2a, 0x69, 0xbd, 0x29, 0x28, 0x28, 0x27, 0x27, 0x26, 0x26, 0xbc, 0x25, 0x24, 0x25, 0x24, 0x24, 0x24, 0x23, 0x23, 0x67, 0xbb, 0x22, 0x22, 0x21, 0x21, 0x21, 0x21, 0x20, 0x20, 0x20, 0xa5, 0xce, 0x84, 0x84, 0x84, 0x1f, 0x1e, 0x1e, 0x1e, 0x1e, 0x1e, 0x1e, 0x1e, 0x1e, 0x1d, 0x1d, 0x1d, 0x1d, 0x1d, 0x1d, 0x1d, 0x1d, 0xa4, 0xa4, 0x1d, 0x1d, 0xa4, 0xa4, 0xa4, 0xa4, 0x1d, 0x1d, 0x1d, 0x1d, 0x1d, 0x1d, 0x1e, 0x1e, 0x1e, 0x1e, 0x1e, 0x1e, 0x1e, 0x1e, 0x1e, 0x1e, 0x1f, 0x1f, 0x1e, 0xa5, 0x1f, 0x84, 0xa5, 0x20, 0x20, 0x20, 0x21, 0x21, 0x21, 0x21, 0x22, 0x22, 0x22, 0xcf, 0x23, 0x23, 0x23, 0x23, 0x24, 0x24, 0x24, 0x25, 0x25, 0x86, 0x26, 0x26, 0x27, 0x28, 0x28, 0x28, 0x87, 0x87, 0x2a, 0x2b, 0x79, 0x79, 0x2c, 0x2c, 0x2c, 0x2d, 0x2e, 0x2e, 0x2f, 0x30, 0x30, 0x6a, 0x31, 0x32, 0x32, 0x33, 0x33, 0x8b, 0x34, 0x35, 0x35, 0x36, 0x36, 0x36, 0x6c, 0x38, 0x38, 0x39, 0x3a, 0x3a, 0xbf, 0x3b, 0x3c, 0x3c, 0x3d, 0x3d, 0x3e, 0x3e, 0x3f, 0x40, 0x40, 0x41, 0x42, 0x42, 0x91, 0x44, 0x45, 0x45, 0x46, 0x92, 0x47, 0x48, 0x49, 0x49, 0x93, 0x94, 0x4b, 0x7a, 0x7a, 0x4c, 0x4c, 0x96, 0x4e, 0x7b, 0x7b, 0x4f, 0x97, 0x98, 0x51, 0x7c, 0x7c, 0x99, 0x72, 0x54, 0x54, 0x55, 0x56, 0x9a, 0x57, 0x57, 0x58, 0x59, 0x59, 0x5b, 0x5b, 0x5c, 0x5c, 0x5d, 0x5d, 0x5e, 0x5f, 0x5f, 0x60, 0x60, 0x61, 0x61, 0x9e, 0x75, 0x62, 0x62, 0x63, 0x62, 0x63, 0x63, 0x63, 0x63, 0x63, 0x63, 0x63, 0x63, 0x63, 0x63, 0x63, 0x63, 0x63, 0x63, 0x63, 0x63, 0x63, 0x63, 0x63, 0x63, 
  0x63, 0x63, 0x63, 0x63, 0x63, 0x63, 0x63, 0x63, 0x63, 0x63, 0x63, 0x63, 0x63, 0x63, 0x63, 0x63, 0x63, 0x63, 0x63, 0x63, 0x63, 0x63, 0x62, 0x62, 0x62, 0x62, 0xc3, 0x61, 0x61, 0x60, 0x5f, 0x5f, 0x5e, 0x5d, 0x5e, 0x5c, 0x5c, 0x5b, 0xa8, 0x59, 0x59, 0x58, 0x58, 0x57, 0x73, 0x56, 0x56, 0x55, 0x55, 0x54, 0x53, 0x99, 0xc1, 0x7c, 0x7c, 0x51, 0x98, 0x4f, 0x4f, 0x7b, 0x4e, 0x4e, 0x4d, 0x4c, 0x4c, 0x7a, 0x4b, 0x4b, 0x71, 0x4a, 0x4a, 0x4a, 0x48, 0x47, 0x70, 0x46, 0x45, 0x45, 0x44, 0x90, 0x6f, 0x41, 0x41, 0x40, 0x3f, 0x3e, 0x6e, 0x3d, 0x3d, 0x3c, 0x3c, 0x8e, 0x3b, 0x3b, 0x3a, 0x39, 0x38, 0x6c, 0x37, 0x37, 0x36, 0x36, 0x35, 0x35, 0x8b, 0x34, 0x34, 0x33, 0x33, 0x32, 0x32, 0x6a, 0x6a, 0x30, 0x30, 0x2f, 0x2e, 0x2e, 0x2d, 0x89, 0x2c, 0x2c, 0x79, 0x79, 0x2b, 0x2b, 0x87, 0x29, 0x29, 0x28, 0x28, 0x28, 0x27, 0x27, 0x26, 0x86, 0x68, 0x24, 0x25, 0x24, 0x24, 0x24, 0x24, 0x23, 0x23, 0xcf, 0xbb, 0x85, 0x22, 0x22, 0x21, 0x21, 0x21, 0x21, 0x20, 0x20, 0x20, 0x20, 0x84, 0xce, 0xa5, 0x84, 0x1f, 0x1f, 0x1e, 0x1e, 0x1e, 0x1e, 0x1e, 0x1e, 0x1e, 0x1e, 0x1e, 0x1d, 0x1e, 0x1d, 0x1e, 0x1d, 0x1e, 0x1e, 0x1e, 0x1e, 0x1d, 0x1d, 0x1e, 0x1e, 0x1e, 0x1e, 0x1e, 0x1e, 0x1e, 0x1e, 0x1e, 0x1e, 0x1f, 0x1f, 0x1f, 0x1f, 0x84, 0x1f, 0x1f, 0xa5, 0xa5, 0x20, 0xa5, 0x21, 0x20, 0x21, 0x21, 0x21, 0x21, 0x21, 0x22, 0x22, 0xbb, 0xcf, 0x23, 0x23, 0x23, 0x24, 0x24, 0x24, 0x24, 0x25, 0x86, 0x68, 0x26, 0x26, 0x27, 0x28, 0x28, 0x28, 0x29, 0x2a, 0x87, 0x2b, 0x2b, 0x79, 0x79, 0x2c, 0x2c, 0x89, 0x2e, 0x2e, 0x2f, 0x2f, 0x30, 0x30, 0x6a, 0x31, 0x32, 0x33, 0x33, 0x34, 0x8b, 0xd1, 0x35, 0x35, 0x36, 0x36, 0xbe, 0x8d, 0x38, 0x39, 0x39, 0x3a, 0x3b, 0x3b, 0x8e, 0x6d, 0x3c, 0x3d, 0x3d, 0x3e, 0x3e, 0x3f, 0x40, 0x41, 0x41, 0x42, 0x42, 0x43, 0x44, 0x45, 0x45, 0x46, 0x92, 0x47, 0x48, 0x49, 0x49, 0x94, 0x4a, 0x4b, 0x4b, 0x7a, 0x4c, 0x4c, 0xd7, 0x4e, 0x4e, 0x7b, 0x7b, 0x97, 0x50, 0x51, 0x7c, 0x7c, 0x52, 0x53, 0x53, 0x55, 0x55, 0x56, 0xc2, 0x57, 0x57, 0x58, 0x59, 0x59, 0x5a, 0x5b, 0x5b, 0x5c, 0x5c, 0x5d, 0x5e, 0x9d, 0x5f, 0x60, 0x60, 0x61, 0x61, 0x9e, 0x75, 0x62, 0x62, 0x63, 0x62, 0x63, 0x63, 0x63, 0x63, 0x63, 0x63, 0x63, 0x63, 0x63, 0x63, 0x63, 0x63, 0x63, 0x63, 0x63, 0x63, 0x63, 0x63, 0x63, 0x63, 0x63, 
  0x63, 0x63, 0x63, 0x63, 0x63, 0x63, 0x63, 0x63, 0x63, 0x63, 0x63, 0x63, 0x63, 0x63, 0x63, 0x63, 0x63, 0x63, 0x63, 0x63, 0x63, 0x63, 0x63, 0x62, 0x62, 0x62, 0x9e, 0x61, 0x61, 0x60, 0x60, 0x5f, 0x5f, 0x5e, 0x5d, 0x5d, 0x5c, 0x5c, 0x5b, 0xd9, 0x59, 0x59, 0x58, 0x58, 0x57, 0x73, 0x56, 0x56, 0x55, 0x55, 0x54, 0x53, 0x52, 0x52, 0x7c, 0x51, 0x51, 0x50, 0x4f, 0x7b, 0x7b, 0x4e, 0x4e, 0x4d, 0x4c, 0x7a, 0x7a, 0x4b, 0x4b, 0x94, 0x4a, 0x49, 0x49, 0x48, 0x47, 0x70, 0x46, 0x45, 0x44, 0x44, 0x6f, 0x42, 0x41, 0x41, 0x40, 0x3f, 0x6e, 0x3e, 0x3d, 0x3d, 0x3c, 0x3c, 0x3b, 0x3b, 0x3b, 0x3a, 0x39, 0x39, 0x8d, 0x37, 0x36, 0x36, 0x36, 0x35, 0x35, 0x8c, 0x34, 0x34, 0x33, 0x33, 0x32, 0x32, 0x31, 0x6a, 0x30, 0x30, 0x2f, 0x2f, 0x2e, 0x2e, 0x2d, 0x2c, 0x2c, 0x79, 0x79, 0x79, 0x2b, 0x2a, 0x69, 0x87, 0x29, 0x28, 0x28, 0x28, 0x27, 0x27, 0x26, 0x26, 0x25, 0x25, 0x24, 0x24, 0x24, 0x24, 0x24, 0x23, 0x23, 0x23, 0x23, 0xbb, 0x22, 0x22, 0x21, 0x21, 0x21, 0x21, 0x21, 0x21, 0x20, 0x20, 0x20, 0x66, 0xa5, 0xce, 0x1f, 0xce, 0x1f, 0x1f, 0x1e, 0x1e, 0x1e, 0x1e, 0x1e, 0x1e, 0x1e, 0x1e, 0x1e, 0x1e, 0x1e, 0x1e, 0x1e, 0x1e, 0x1e, 0x1e, 0x1e, 0x1e, 0x1e, 0x1e, 0x1e, 0x1f, 0x1f, 0x1f, 0x1f, 0x1f, 0x1f, 0x1f, 0x1f, 0xce, 0xce, 0x20, 0x20, 0x20, 0x20, 0x21, 0x21, 0x20, 0x21, 0x21, 0x21, 0x21, 0xbb, 0x22, 0xcf, 0x23, 0x23, 0x23, 0x23, 0x24, 0x24, 0x24, 0x24, 0x25, 0x25, 0x86, 0x68, 0x26, 0x27, 0x27, 0x28, 0x28, 0x29, 0x29, 0x69, 0x2a, 0x2b, 0x79, 0x79, 0x79, 0x2c, 0x2c, 0x89, 0x2e, 0x2e, 0x2f, 0x2f, 0x30, 0x30, 0x6a, 0x31, 0x32, 0x33, 0x33, 0x34, 0x34, 0xd1, 0x35, 0x35, 0x36, 0x36, 0x37, 0x37, 0x38, 0x38, 0x39, 0x3a, 0x3b, 0x3b, 0x3b, 0x3c, 0x3c, 0x3c, 0x3d, 0x3e, 0x3e, 0x6e, 0x40, 0x40, 0x41, 0x42, 0x42, 0x91, 0x43, 0x44, 0x45, 0x45, 0x92, 0x70, 0x47, 0x49, 0x49, 0x4a, 0x4a, 0x4b, 0x4b, 0x7a, 0x4c, 0x4c, 0x4d, 0x4e, 0x4e, 0x7b, 0x7b, 0x50, 0x50, 0x51, 0x51, 0x7c, 0x52, 0x52, 0x53, 0x54, 0x55, 0x56, 0x56, 0x73, 0x57, 0x58, 0x58, 0x59, 0x5a, 0xa8, 0x5b, 0x5c, 0x5d, 0x5d, 0x5d, 0x5e, 0x5f, 0x5f, 0x60, 0x60, 0x61, 0x61, 0x9e, 0x62, 0x62, 0x62, 0x63, 0x63, 0x63, 0x63, 0x63, 0x63, 0x63, 0x63, 0x63, 0x63, 0x63, 0x63, 0x63, 0x63, 0x63, 0x63, 0x63, 0x63, 0x63, 0x63, 0x63, 0x63, 0x63, 
  0x63, 0x63, 0x63, 0x63, 0x63, 0x63, 0x63, 0x63, 0x63, 0x63, 0x63, 0x63, 0x63, 0x63, 0x63, 0x63, 0x63, 0x63, 0x63, 0x63, 0x63, 0x63, 0x62, 0x63, 0x62, 0x62, 0x75, 0x61, 0x61, 0x60, 0x60, 0x5f, 0x5f, 0x9d, 0x5e, 0x5c, 0x5d, 0x5c, 0x5b, 0xd9, 0x5a, 0x59, 0x59, 0x58, 0x57, 0x57, 0x73, 0x56, 0x55, 0x55, 0x54, 0x53, 0x99, 0x52, 0x7c, 0x7c, 0x51, 0x98, 0x50, 0x4f, 0x7b, 0x7b, 0x4e, 0x4e, 0x4d, 0x4d, 0x7a, 0x7a, 0x4b, 0x71, 0x94, 0x93, 0x49, 0x49, 0x48, 0x47, 0x92, 0x45, 0x45, 0x44, 0x43, 0x90, 0x42, 0x41, 0x41, 0x40, 0x3f, 0x6e, 0x6e, 0x3d, 0x3d, 0x3c, 0x3c, 0x3b, 0x3b, 0x3a, 0x3a, 0x39, 0x38, 0x8d, 0x6c, 0x36, 0x36, 0x36, 0x35, 0x35, 0x8c, 0x34, 0x34, 0x33, 0x33, 0x33, 0x32, 0x32, 0x31, 0x30, 0x30, 0x2f, 0x2f, 0x2e, 0x2e, 0x89, 0x88, 0x2c, 0x2c, 0x79, 0x79, 0x2b, 0x2a, 0x2a, 0x29, 0x87, 0x28, 0x28, 0x28, 0x27, 0x27, 0x27, 0x26, 0x26, 0x26, 0x25, 0x25, 0x24, 0x24, 0x24, 0x24, 0x23, 0x23, 0x23, 0x23, 0x85, 0x22, 0xbb, 0x21, 0x21, 0x21, 0x21, 0x21, 0x21, 0x20, 0x20, 0x20, 0x20, 0x20, 0x66, 0x84, 0xce, 0x84, 0xce, 0x1f, 0x1f, 0x1f, 0x1f, 0x1f, 0x1f, 0x1e, 0x1f, 0x1e, 0x1f, 0x1e, 0x1f, 0x1e, 0x1f, 0x1f, 0x1f, 0x1f, 0xce, 0x1f, 0x1f, 0x84, 0xce, 0xce, 0x20, 0x20, 0x20, 0x20, 0x20, 0x20, 0x20, 0x20, 0x21, 0x21, 0x21, 0x21, 0x21, 0x22, 0x22, 0xbb, 0x85, 0xcf, 0x23, 0x23, 0x23, 0x24, 0x24, 0x24, 0x24, 0x24, 0x25, 0x25, 0x86, 0x68, 0x26, 0x27, 0x27, 0x28, 0x28, 0x28, 0x87, 0x29, 0x2a, 0x2a, 0x2b, 0x79, 0x79, 0x79, 0x2c, 0x89, 0x2d, 0x2e, 0x2e, 0x2f, 0x30, 0x30, 0x6a, 0x31, 0x32, 0x32, 0x33, 0x33, 0x34, 0x34, 0x8b, 0x35, 0x35, 0x36, 0x36, 0x36, 0x37, 0x6c, 0x38, 0x39, 0x3a, 0x3a, 0x3b, 0x3b, 0x3c, 0x6d, 0x3d, 0x3d, 0x3e, 0x3e, 0x6e, 0x40, 0x41, 0x41, 0x41, 0x42, 0x90, 0x44, 0x44, 0x45, 0x45, 0x46, 0x92, 0xa7, 0x49, 0x48, 0x4a, 0x4a, 0x71, 0x4b, 0x7a, 0x7a, 0x4c, 0x4d, 0x96, 0x4e, 0x7b, 0x7b, 0x4f, 0x50, 0x98, 0x51, 0x7c, 0x7c, 0x99, 0x72, 0x54, 0x54, 0x56, 0x55, 0x73, 0x57, 0x57, 0x58, 0x59, 0x59, 0xa8, 0x5b, 0x5b, 0x5d, 0x5c, 0x5d, 0x9c, 0x9d, 0x5f, 0x60, 0x60, 0x61, 0x61, 0x61, 0x75, 0x62, 0x62, 0x63, 0x62, 0x63, 0x63, 0x63, 0x63, 0x63, 0x63, 0x63, 0x63, 0x63, 0x63, 0x63, 0x63, 0x63, 0x63, 0x63, 0x63, 0x63, 0x63, 0x63, 0x63, 0x63, 0x63, 
  0x63, 0x63, 0x63, 0x63, 0x63, 0x63, 0x63, 0x63, 0x63, 0x63, 0x63, 0x63, 0x63, 0x63, 0x63, 0x63, 0x63, 0x63, 0x63, 0x63, 0x63, 0x63, 0x63, 0x62, 0x63, 0x62, 0x62, 0xc3, 0x61, 0x61, 0x60, 0x60, 0x60, 0x9d, 0x9d, 0x5e, 0x5d, 0x5c, 0x5c, 0x5b, 0xa8, 0x5a, 0x59, 0x58, 0x58, 0x57, 0x73, 0x73, 0x56, 0x55, 0x55, 0x54, 0x53, 0xc1, 0x52, 0x7c, 0x7c, 0x51, 0x98, 0x4f, 0x4f, 0x7b, 0x7b, 0x4e, 0xd7, 0x4c, 0x4c, 0x7a, 0x7a, 0x4b, 0x71, 0x4a, 0x4a, 0x49, 0x49, 0x48, 0xa7, 0x46, 0x45, 0x45, 0x44, 0x43, 0x6f, 0x42, 0x41, 0x40, 0x40, 0x3f, 0x3e, 0x3e, 0x3d, 0x3d, 0x3c, 0x3c, 0x3b, 0x3b, 0x3a, 0x3a, 0x39, 0x38, 0x38, 0xbe, 0x37, 0x36, 0x36, 0x36, 0x35, 0x35, 0xd1, 0x8b, 0x34, 0x33, 0x33, 0x32, 0x32, 0x31, 0x6a, 0x8a, 0x30, 0x2f, 0x2f, 0x2e, 0x2d, 0x2d, 0x89, 0x2c, 0x79, 0x79, 0x79, 0x2b, 0x2a, 0x2a, 0x29, 0x87, 0x28, 0x29, 0x27, 0x28, 0x27, 0x27, 0x26, 0x68, 0x68, 0xbc, 0x25, 0x24, 0x25, 0x24, 0x24, 0x23, 0x24, 0x23, 0x23, 0xcf, 0x23, 0x22, 0x22, 0x22, 0x21, 0x22, 0x21, 0x21, 0x21, 0x21, 0x21, 0x21, 0x20, 0x20, 0x20, 0x20, 0xce, 0xce, 0x1f, 0x1f, 0x84, 0x84, 0x84, 0x84, 0x84, 0x1f, 0xce, 0xa5, 0xce, 0xce, 0x84, 0xce, 0x84, 0x20, 0x20, 0x20, 0x20, 0x20, 0x20, 0x20, 0x20, 0x21, 0x21, 0x21, 0x21, 0x21, 0x21, 0x21, 0x22, 0x22, 0x22, 0xbb, 0x85, 0xcf, 0x23, 0x23, 0x23, 0x23, 0x24, 0x24, 0x24, 0x24, 0x25, 0x25, 0x25, 0x68, 0x26, 0x26, 0x27, 0x27, 0x28, 0x28, 0x29, 0x28, 0x2a, 0x87, 0x2a, 0x2b, 0x79, 0x79, 0x79, 0x88, 0x2c, 0x2d, 0x2d, 0x2e, 0x2f, 0x2f, 0x30, 0x30, 0x8a, 0x31, 0x32, 0x32, 0x33, 0x33, 0x34, 0x34, 0x8c, 0x35, 0x36, 0x36, 0x36, 0x37, 0x37, 0x6c, 0x39, 0x39, 0x3a, 0x3a, 0xbf, 0xbf, 0x3c, 0x3c, 0x3c, 0x3d, 0x3e, 0x3e, 0x6e, 0x3f, 0x40, 0x41, 0x41, 0x91, 0x42, 0x43, 0x44, 0x45, 0x45, 0x92, 0x92, 0x47, 0x48, 0x49, 0x49, 0x4a, 0x4a, 0x4b, 0x4b, 0x7a, 0x4c, 0x4c, 0xd7, 0x4e, 0x7b, 0x7b, 0x4f, 0x4f, 0x98, 0x51, 0x7c, 0x7c, 0xc1, 0x72, 0x53, 0x55, 0x55, 0x56, 0x73, 0x73, 0x57, 0x58, 0x59, 0x59, 0x5a, 0xa8, 0x5c, 0x5c, 0x5d, 0x5d, 0x5d, 0x9d, 0x5f, 0x5f, 0x60, 0x60, 0x61, 0x61, 0x9e, 0x62, 0x62, 0x62, 0x63, 0x63, 0x63, 0x63, 0x63, 0x63, 0x63, 0x63, 0x63, 0x63, 0x63, 0x63, 0x63, 0x63, 0x63, 0x63, 0x63, 0x63, 0x63, 0x63, 0x63, 0x63, 0x63, 0x63, 
  0x63, 0x63, 0x63, 0x63, 0x63, 0x63, 0x63, 0x63, 0x63, 0x63, 0x63, 0x63, 0x63, 0x63, 0x63, 0x63, 0x63, 0x63, 0x63, 0x63, 0x63, 0x63, 0x63, 0x62, 0x63, 0x62, 0x62, 0x75, 0x9e, 0x61, 0x61, 0x60, 0x5f, 0x5f, 0x9d, 0x5d, 0x5d, 0x5d, 0x5c, 0x5b, 0x5b, 0xd9, 0x59, 0x59, 0x58, 0x58, 0x57, 0x73, 0x56, 0x56, 0x55, 0x55, 0x53, 0x53, 0x52, 0x52, 0x7c, 0x51, 0x51, 0x50, 0x4f, 0x4f, 0x7b, 0x7b, 0x4e, 0x4d, 0x4c, 0x4c, 0x7a, 0x7a, 0x4b, 0x4b, 0x4a, 0x93, 0x49, 0x49, 0x47, 0x70, 0x46, 0x46, 0x45, 0x44, 0x43, 0x42, 0x42, 0x41, 0x41, 0x40, 0x3f, 0x3e, 0x3e, 0x3d, 0x3d, 0x3c, 0x3c, 0x3b, 0x3b, 0x3a, 0x3a, 0x3a, 0x38, 0x6c, 0x37, 0x6c, 0x36, 0x36, 0x36, 0x36, 0x35, 0xd1, 0x34, 0x34, 0x34, 0x33, 0x32, 0x32, 0x31, 0x6a, 0x30, 0x30, 0x2f, 0x2f, 0x2f, 0x2e, 0x2d, 0x89, 0x2c, 0x2c, 0x79, 0x79, 0x2b, 0x2b, 0x2a, 0x69, 0x69, 0x29, 0x29, 0x28, 0x28, 0x28, 0x27, 0x27, 0x26, 0x68, 0x68, 0x25, 0x25, 0x24, 0x24, 0x24, 0x23, 0x24, 0x24, 0x23, 0x23, 0x23, 0xcf, 0xcf, 0x22, 0x22, 0x21, 0x22, 0x21, 0x21, 0x21, 0x21, 0x21, 0x21, 0x21, 0x20, 0x20, 0x20, 0x20, 0x20, 0x20, 0x20, 0x20, 0x20, 0x20, 0x20, 0x20, 0x20, 0x20, 0x20, 0x20, 0x20, 0x21, 0x20, 0x21, 0x21, 0x21, 0x21, 0x21, 0x21, 0x21, 0x21, 0x21, 0x21, 0x21, 0x22, 0x22, 0x22, 0x85, 0xcf, 0x23, 0x23, 0x23, 0x23, 0x23, 0x24, 0x24, 0x24, 0x24, 0x24, 0x25, 0x25, 0x25, 0x68, 0x26, 0x27, 0x27, 0x28, 0x27, 0x29, 0x28, 0x29, 0xbd, 0x69, 0x2a, 0x2b, 0x2b, 0x79, 0x79, 0x2c, 0x2c, 0x88, 0x2d, 0x2e, 0x2e, 0x2f, 0x2f, 0x30, 0x30, 0x6a, 0x31, 0x32, 0x33, 0x33, 0x33, 0x34, 0x34, 0x8c, 0x35, 0x35, 0x36, 0x36, 0x37, 0x37, 0x38, 0x38, 0x39, 0x3a, 0x3a, 0x3b, 0x3b, 0x3c, 0x6d, 0x3d, 0x3d, 0x3e, 0x3e, 0x6e, 0x40, 0x40, 0x41, 0x41, 0x42, 0x6f, 0x43, 0x45, 0x45, 0x45, 0x46, 0x92, 0x47, 0x48, 0x49, 0x49, 0x4a, 0x4a, 0x4b, 0x4b, 0x7a, 0x4c, 0x4c, 0x4d, 0x4e, 0x7b, 0x7b, 0x7b, 0x4f, 0x50, 0x51, 0x7c, 0x7c, 0x52, 0x99, 0x53, 0x54, 0x55, 0x56, 0x56, 0x73, 0x57, 0x58, 0x58, 0x59, 0x59, 0xd9, 0x5b, 0x5c, 0x5c, 0x5d, 0x5d, 0x5e, 0x5f, 0x5f, 0x60, 0x60, 0x61, 0x61, 0x9e, 0x75, 0x62, 0x62, 0x63, 0x63, 0x63, 0x63, 0x63, 0x63, 0x63, 0x63, 0x63, 0x63, 0x63, 0x63, 0x63, 0x63, 0x63, 0x63, 0x63, 0x63, 0x63, 0x63, 0x63, 0x63, 0x63, 0x63, 0x63, 
  0x63, 0x63, 0x63, 0x63, 0x63, 0x63, 0x63, 0x63, 0x63, 0x63, 0x63, 0x63, 0x63, 0x63, 0x63, 0x63, 0x63, 0x63, 0x63, 0x63, 0x63, 0x63, 0x63, 0x63, 0x63, 0x62, 0x62, 0x62, 0x75, 0x61, 0x61, 0x60, 0x60, 0x5f, 0x5f, 0x9d, 0x5e, 0x5d, 0x5d, 0x5c, 0x5b, 0x5b, 0x9b, 0x59, 0x58, 0x58, 0x57, 0x57, 0x9a, 0x56, 0x55, 0x55, 0x54, 0x53, 0x72, 0x52, 0x7c, 0x7c, 0x51, 0x98, 0x50, 0x4f, 0x4f, 0x7b, 0x4e, 0x4e, 0xd7, 0x4c, 0x4c, 0x7a, 0x7a, 0x4b, 0x71, 0x4a, 0x4a, 0x49, 0x48, 0x47, 0x70, 0x46, 0x45, 0x45, 0x44, 0x43, 0x42, 0x42, 0x41, 0x41, 0x40, 0x3f, 0x6e, 0x3e, 0x3d, 0x3d, 0x3c, 0x3c, 0x3b, 0xbf, 0x3a, 0x3a, 0x39, 0x39, 0x8d, 0x6c, 0x37, 0x37, 0x36, 0x36, 0x35, 0x36, 0xd1, 0xd1, 0x34, 0x33, 0x34, 0x33, 0x32, 0x31, 0x31, 0x6a, 0x8a, 0x2f, 0x2f, 0x2e, 0x2e, 0x2d, 0x89, 0x2c, 0x2c, 0x2c, 0x79, 0x79, 0x2b, 0x2b, 0x2a, 0x2a, 0x69, 0x29, 0x29, 0x29, 0x28, 0x28, 0x27, 0x27, 0x26, 0x26, 0x86, 0x68, 0xbc, 0x24, 0x25, 0x24, 0x24, 0x24, 0x23, 0x24, 0x23, 0x23, 0x23, 0xcf, 0x23, 0xcf, 0x22, 0xcf, 0x22, 0x22, 0x21, 0x21, 0x21, 0x21, 0x21, 0x21, 0x21, 0x21, 0x21, 0x20, 0x20, 0x20, 0x20, 0x21, 0x20, 0x21, 0x21, 0x21, 0x21, 0x21, 0x20, 0x21, 0x21, 0x21, 0x21, 0x21, 0x21, 0x21, 0x22, 0x22, 0x22, 0x22, 0x22, 0x22, 0xbb, 0x23, 0x23, 0x23, 0x23, 0x23, 0x24, 0x24, 0x24, 0x24, 0x24, 0x25, 0x25, 0x25, 0x68, 0x26, 0x26, 0x27, 0x27, 0x27, 0x28, 0x28, 0x29, 0x28, 0x69, 0x87, 0x2a, 0x2a, 0x2b, 0x79, 0x79, 0x79, 0x2c, 0x2c, 0x89, 0x2d, 0x2e, 0x2f, 0x2f, 0x30, 0x30, 0x6a, 0x31, 0x32, 0x32, 0x33, 0x33, 0x34, 0x34, 0x8b, 0x8c, 0x35, 0x36, 0x36, 0x36, 0xbe, 0x37, 0x38, 0x39, 0x39, 0x3a, 0x3a, 0x3b, 0x3b, 0x3c, 0x3c, 0x3d, 0x3d, 0x3e, 0x3e, 0x6e, 0x3f, 0x40, 0x41, 0x41, 0x6f, 0x42, 0x91, 0x44, 0x45, 0x45, 0x46, 0x46, 0x47, 0x48, 0x48, 0x49, 0x4a, 0x4a, 0x71, 0x4b, 0x7a, 0x7a, 0x4c, 0x4d, 0xd7, 0x4e, 0x7b, 0x7b, 0x50, 0x50, 0x98, 0x51, 0x7c, 0x7c, 0xc1, 0x72, 0x54, 0x55, 0x55, 0x56, 0xd4, 0x57, 0x57, 0x58, 0x59, 0x59, 0xd9, 0x5b, 0x5c, 0x5c, 0x5d, 0x5d, 0x5d, 0x5e, 0x5f, 0x60, 0x60, 0x60, 0x61, 0x61, 0x75, 0x62, 0x62, 0x62, 0x63, 0x62, 0x63, 0x63, 0x63, 0x63, 0x63, 0x63, 0x63, 0x63, 0x63, 0x63, 0x63, 0x63, 0x63, 0x63, 0x63, 0x63, 0x63, 0x63, 0x63, 0x63, 0x63, 0x63, 0x63, 
  0x63, 0x63, 0x63, 0x63, 0x63, 0x63, 0x63, 0x63, 0x63, 0x63, 0x63, 0x63, 0x63, 0x63, 0x63, 0x63, 0x63, 0x63, 0x63, 0x63, 0x63, 0x63, 0x63, 0x63, 0x62, 0x63, 0x62, 0x62, 0x62, 0x9e, 0x61, 0x61, 0x60, 0x61, 0x5f, 0x5f, 0x5e, 0x5d, 0x5d, 0x5c, 0x5b, 0x5b, 0xa8, 0x5a, 0x59, 0x58, 0x58, 0x57, 0x73, 0x73, 0x56, 0x55, 0x55, 0x54, 0x53, 0x72, 0x52, 0x52, 0x7c, 0x51, 0xd8, 0x50, 0x4f, 0x4f, 0x7b, 0x4e, 0x96, 0x4d, 0x4c, 0x4c, 0x7a, 0x4b, 0x4b, 0x94, 0x4a, 0x4a, 0x49, 0x48, 0x48, 0x70, 0x70, 0x45, 0x44, 0x44, 0x43, 0x42, 0x42, 0x41, 0x41, 0x40, 0x3f, 0x3e, 0x6e, 0x3d, 0x3d, 0x3c, 0x6d, 0x8e, 0x3b, 0x3b, 0x3a, 0x39, 0x39, 0x38, 0x6c, 0x37, 0x37, 0x36, 0x36, 0x36, 0x35, 0x35, 0xd1, 0x34, 0x34, 0x33, 0x33, 0x32, 0x32, 0x31, 0x6a, 0x30, 0x30, 0x2f, 0x2f, 0x2e, 0x2d, 0x2d, 0x88, 0x2c, 0x2c, 0x2c, 0x79, 0x79, 0x2b, 0x2b, 0x2a, 0x2a, 0x29, 0x29, 0x69, 0x28, 0x28, 0x28, 0x27, 0x27, 0x27, 0x26, 0x86, 0x25, 0x25, 0x25, 0x24, 0x24, 0x24, 0x24, 0x23, 0x24, 0x23, 0x23, 0x23, 0x23, 0x23, 0xcf, 0x22, 0x22, 0x22, 0x22, 0x22, 0x21, 0x21, 0x21, 0x21, 0x21, 0x21, 0x21, 0x22, 0x21, 0x21, 0x21, 0x22, 0x21, 0x21, 0x21, 0x21, 0x22, 0x22, 0x22, 0x22, 0x22, 0x22, 0x22, 0xcf, 0x22, 0xcf, 0x22, 0xcf, 0x85, 0x23, 0x23, 0x23, 0x24, 0x23, 0x24, 0x24, 0x24, 0x24, 0x24, 0x25, 0x25, 0x25, 0x68, 0x68, 0x26, 0x27, 0x27, 0x28, 0x27, 0x29, 0x28, 0x29, 0x29, 0x29, 0x69, 0x2a, 0x2a, 0x2b, 0x79, 0x79, 0x79, 0x2c, 0x2c, 0x89, 0x2d, 0x2e, 0x2e, 0x2f, 0x2f, 0x30, 0x30, 0x6a, 0x6a, 0x32, 0x32, 0x33, 0x33, 0x34, 0x34, 0xd1, 0x35, 0x35, 0x36, 0x36, 0x36, 0x6c, 0xbe, 0x38, 0x39, 0x39, 0x3b, 0x3a, 0xbf, 0x3b, 0x3c, 0x3c, 0x3d, 0x3d, 0x3e, 0x3e, 0x6e, 0x3f, 0x40, 0x41, 0x41, 0x42, 0x42, 0x44, 0x44, 0x45, 0x45, 0x46, 0x46, 0x47, 0x48, 0x49, 0x49, 0x4a, 0x4a, 0x71, 0x4b, 0x7a, 0x7a, 0x4c, 0x4d, 0x4d, 0x4e, 0x7b, 0x7b, 0x4f, 0x97, 0x98, 0x51, 0x7c, 0x7c, 0x99, 0x72, 0x54, 0x54, 0x55, 0x56, 0x56, 0x57, 0x57, 0x58, 0x59, 0x59, 0x5a, 0xd9, 0x5b, 0x5c, 0x5c, 0x5d, 0x5d, 0x5e, 0x5f, 0x5f, 0x60, 0x60, 0x61, 0x61, 0x9e, 0x75, 0x62, 0x62, 0x63, 0x63, 0x63, 0x63, 0x63, 0x63, 0x63, 0x63, 0x63, 0x63, 0x63, 0x63, 0x63, 0x63, 0x63, 0x63, 0x63, 0x63, 0x63, 0x63, 0x63, 0x63, 0x63, 0x63, 0x63, 0x63, 
  0x63, 0x63, 0x63, 0x63, 0x63, 0x63, 0x63, 0x63, 0x63, 0x63, 0x63, 0x63, 0x63, 0x63, 0x63, 0x63, 0x63, 0x63, 0x63, 0x63, 0x63, 0x63, 0x63, 0x63, 0x63, 0x63, 0x62, 0x62, 0x62, 0x75, 0x9e, 0x61, 0x60, 0x60, 0x5f, 0x5f, 0x9d, 0x5e, 0x5d, 0x5c, 0x5d, 0x5b, 0x5b, 0x5a, 0x9b, 0x59, 0x58, 0x58, 0x57, 0x73, 0xc2, 0x56, 0x55, 0x55, 0x54, 0x53, 0x52, 0x52, 0x7c, 0x7c, 0x51, 0x98, 0x50, 0x4f, 0x7b, 0x7b, 0x4e, 0x4e, 0x95, 0x4d, 0x4c, 0x7a, 0x7a, 0x71, 0x94, 0x4a, 0x4a, 0x49, 0x48, 0x47, 0x46, 0x46, 0x45, 0x45, 0x44, 0x6f, 0x42, 0x42, 0x41, 0x40, 0x40, 0x3f, 0x6e, 0x3e, 0x3d, 0x3d, 0x3c, 0x3c, 0x8e, 0x3b, 0x3b, 0x3a, 0x3a, 0x39, 0x39, 0x6c, 0x6c, 0x37, 0x36, 0x36, 0x36, 0x35, 0x35, 0xd1, 0x34, 0x34, 0x33, 0x33, 0x32, 0x32, 0x31, 0x6a, 0x30, 0x30, 0x2f, 0x2f, 0x2f, 0x2e, 0x2e, 0x2d, 0x2c, 0x2c, 0x2c, 0x79, 0x2c, 0x79, 0x2b, 0x2b, 0x2a, 0x2a, 0x29, 0x69, 0x29, 0x29, 0x28, 0x28, 0x27, 0x27, 0x27, 0x26, 0x26, 0x68, 0xbc, 0x25, 0x25, 0x25, 0x24, 0x25, 0x24, 0x24, 0x24, 0x24, 0x23, 0x23, 0x23, 0x23, 0xcf, 0xcf, 0xcf, 0xbb, 0xcf, 0x85, 0xcf, 0xbb, 0x22, 0x22, 0x22, 0x21, 0x22, 0x22, 0x22, 0x22, 0xcf, 0x85, 0x22, 0x22, 0x22, 0x22, 0x22, 0x22, 0xcf, 0xcf, 0xcf, 0x23, 0x23, 0x23, 0x23, 0x23, 0x23, 0x24, 0x23, 0x24, 0x24, 0x24, 0x25, 0x24, 0xbc, 0x25, 0x68, 0x68, 0x26, 0x27, 0x27, 0x27, 0x27, 0x28, 0x28, 0x29, 0x28, 0x69, 0x29, 0x87, 0x2a, 0x2b, 0x2b, 0x79, 0x79, 0x79, 0x2c, 0x2c, 0x2c, 0x2d, 0x2e, 0x2e, 0x2e, 0x2f, 0x2f, 0x30, 0x30, 0x6a, 0x32, 0x32, 0x32, 0x34, 0x33, 0xd1, 0x34, 0xd1, 0x35, 0x36, 0x36, 0x36, 0x37, 0x37, 0x38, 0x38, 0x39, 0x39, 0x3a, 0x3a, 0x3b, 0x3b, 0x6d, 0x3c, 0x3c, 0x3d, 0x3e, 0x3e, 0x6e, 0x40, 0x40, 0x41, 0x41, 0x42, 0x42, 0x43, 0x44, 0x45, 0x45, 0x46, 0x46, 0x47, 0x48, 0x48, 0x49, 0x4a, 0x4a, 0x71, 0x71, 0x4b, 0x7a, 0x4c, 0x4c, 0x4d, 0x4e, 0x4e, 0x7b, 0x4f, 0x4f, 0x50, 0x51, 0x51, 0x7c, 0x52, 0x52, 0x54, 0x54, 0x55, 0x56, 0x56, 0x73, 0x57, 0x57, 0x59, 0x58, 0x5a, 0xd9, 0x5b, 0x5c, 0x5c, 0x5d, 0x5d, 0x5e, 0x9d, 0x5f, 0x60, 0x60, 0x60, 0x61, 0x9e, 0x75, 0x62, 0x62, 0x63, 0x62, 0x63, 0x63, 0x63, 0x63, 0x63, 0x63, 0x63, 0x63, 0x63, 0x63, 0x63, 0x63, 0x63, 0x63, 0x63, 0x63, 0x63, 0x63, 0x63, 0x63, 0x63, 0x63, 0x63, 0x63, 0x63, 
  0x63, 0x63, 0x63, 0x63, 0x63, 0x63, 0x63, 0x63, 0x63, 0x63, 0x63, 0x63, 0x63, 0x63, 0x63, 0x63, 0x63, 0x63, 0x63, 0x63, 0x63, 0x63, 0x63, 0x63, 0x63, 0x63, 0x62, 0x63, 0x62, 0x62, 0x75, 0x61, 0x61, 0x60, 0x60, 0x5f, 0x5f, 0x9d, 0x5e, 0x5d, 0x5c, 0x5c, 0x5b, 0x5b, 0x59, 0x9b, 0x58, 0x58, 0x57, 0x57, 0x73, 0x56, 0x56, 0x55, 0x55, 0x54, 0x53, 0x52, 0x72, 0x7c, 0x51, 0x7c, 0x50, 0x50, 0x4f, 0x7b, 0x7b, 0x4e, 0x96, 0x4d, 0x4c, 0x7a, 0x7a, 0x4b, 0x4b, 0xd3, 0x4a, 0x4a, 0x49, 0x48, 0x48, 0x70, 0x46, 0x45, 0x45, 0x44, 0x43, 0x42, 0x42, 0x41, 0x41, 0x40, 0x3f, 0x6e, 0x6e, 0x3d, 0x3d, 0x3c, 0x3c, 0xbf, 0x6d, 0x3a, 0x3b, 0x3a, 0x3a, 0x39, 0x39, 0x6c, 0x37, 0x37, 0x36, 0x36, 0x36, 0x35, 0x6b, 0x34, 0x34, 0x33, 0x33, 0x33, 0x32, 0x31, 0x31, 0x6a, 0x30, 0x30, 0x2f, 0x2f, 0x2f, 0x2e, 0x2e, 0x2d, 0xd0, 0x88, 0x79, 0x2c, 0x79, 0x79, 0x2b, 0x2b, 0x2b, 0x2a, 0x29, 0x29, 0x29, 0x28, 0x28, 0x28, 0x27, 0x28, 0x27, 0x27, 0x26, 0x68, 0x25, 0x68, 0x68, 0x25, 0x24, 0x25, 0x24, 0x24, 0x24, 0x24, 0x24, 0x24, 0x23, 0x23, 0x23, 0x23, 0x23, 0x23, 0x23, 0xcf, 0xcf, 0x85, 0x67, 0x23, 0xcf, 0x67, 0x67, 0x23, 0x23, 0x23, 0x23, 0x23, 0x23, 0x23, 0x23, 0x24, 0x23, 0x24, 0x24, 0x24, 0x23, 0x24, 0x24, 0x24, 0x24, 0x24, 0x25, 0x24, 0x25, 0x25, 0xbc, 0x26, 0x68, 0x26, 0x27, 0x27, 0x27, 0x28, 0x27, 0x29, 0x28, 0x29, 0x29, 0x29, 0x69, 0x2a, 0x2a, 0x2b, 0x2b, 0x79, 0x79, 0x79, 0x2c, 0x2c, 0x89, 0xd0, 0x2e, 0x2e, 0x2f, 0x2f, 0x2f, 0x30, 0x30, 0x6a, 0x31, 0x32, 0x32, 0x33, 0x33, 0x34, 0x34, 0xd1, 0x35, 0x35, 0x36, 0x36, 0x36, 0x37, 0x37, 0x38, 0x39, 0x39, 0x3a, 0x3a, 0x3b, 0x3b, 0x8e, 0x6d, 0x3c, 0x3d, 0x3d, 0x3e, 0x3e, 0x3f, 0x40, 0x40, 0x41, 0x41, 0x42, 0x42, 0x91, 0x44, 0x44, 0x46, 0x45, 0x46, 0x70, 0x48, 0x49, 0x49, 0x4a, 0x4a, 0xd3, 0x4b, 0x7a, 0x7a, 0x4c, 0x4c, 0xd7, 0x4e, 0x4e, 0x4f, 0x7b, 0x4f, 0x50, 0xd8, 0x51, 0x7c, 0x7c, 0x52, 0x53, 0x54, 0x55, 0x56, 0x56, 0xd4, 0x73, 0x58, 0x58, 0x59, 0x5a, 0x5a, 0x5b, 0x5b, 0x5c, 0x5d, 0x5d, 0x5e, 0x9d, 0x5f, 0x5f, 0x60, 0x60, 0x61, 0x61, 0xd5, 0x62, 0x62, 0x63, 0x62, 0x63, 0x63, 0x63, 0x63, 0x63, 0x63, 0x63, 0x63, 0x63, 0x63, 0x63, 0x63, 0x63, 0x63, 0x63, 0x63, 0x63, 0x63, 0x63, 0x63, 0x63, 0x63, 0x63, 0x63, 0x63, 0x63, 
  0x63, 0x63, 0x63, 0x63, 0x63, 0x63, 0x63, 0x63, 0x63, 0x63, 0x63, 0x63, 0x63, 0x63, 0x63, 0x63, 0x63, 0x63, 0x63, 0x63, 0x63, 0x63, 0x63, 0x63, 0x63, 0x63, 0x63, 0x62, 0x62, 0x62, 0x62, 0xd5, 0x61, 0x61, 0x60, 0x60, 0x5f, 0x9d, 0x74, 0x5d, 0x5d, 0x5c, 0x5c, 0x5b, 0x5b, 0x9b, 0x5a, 0x58, 0x58, 0x57, 0x57, 0xd4, 0x56, 0x55, 0x55, 0x54, 0x54, 0x72, 0x72, 0x52, 0x7c, 0x51, 0x51, 0xd8, 0x4f, 0x4f, 0x7b, 0x7b, 0x4e, 0x96, 0x4d, 0x4c, 0x7a, 0x7a, 0x4b, 0x4b, 0x4a, 0x4a, 0x49, 0x49, 0x48, 0x48, 0x70, 0x46, 0x45, 0x45, 0x44, 0x43, 0x6f, 0x42, 0x41, 0x41, 0x40, 0x3f, 0x6e, 0xc0, 0x3d, 0x3d, 0x3d, 0x3c, 0x6d, 0x8e, 0x3b, 0x3b, 0x3a, 0x3a, 0x39, 0x39, 0x6c, 0x6c, 0x37, 0x37, 0x36, 0x36, 0x35, 0x35, 0xd1, 0x8b, 0x34, 0x33, 0x33, 0x32, 0x32, 0x31, 0x6a, 0x6a, 0x30, 0x30, 0x2f, 0x2f, 0x2f, 0x2e, 0x2e, 0x2d, 0xd0, 0x2c, 0x2c, 0x79, 0x79, 0x79, 0x2b, 0x2b, 0x2a, 0x2a, 0x29, 0x29, 0x29, 0x29, 0x28, 0x28, 0x28, 0x28, 0x27, 0x27, 0x27, 0x68, 0x26, 0x68, 0x68, 0x68, 0x25, 0x25, 0x25, 0x24, 0x25, 0x24, 0x24, 0x24, 0x24, 0x24, 0x23, 0x23, 0x24, 0x23, 0x23, 0x24, 0x23, 0x23, 0x23, 0x23, 0x23, 0x23, 0x24, 0x23, 0x24, 0x24, 0x24, 0x24, 0x24, 0x24, 0x24, 0x24, 0x24, 0x24, 0x24, 0x24, 0x24, 0x24, 0x25, 0x24, 0x25, 0x25, 0x68, 0x26, 0x26, 0x27, 0x27, 0x27, 0x27, 0x28, 0x28, 0x28, 0x29, 0x28, 0x69, 0x69, 0x29, 0x69, 0x2b, 0x2b, 0x2b, 0x79, 0x79, 0x79, 0x2c, 0x2c, 0x88, 0x2d, 0x2e, 0x2e, 0x2f, 0x2f, 0x2f, 0x30, 0x30, 0x30, 0x31, 0x32, 0x32, 0x32, 0x33, 0x34, 0x34, 0x34, 0xd1, 0x35, 0x35, 0x36, 0x36, 0x36, 0x6c, 0x6c, 0x38, 0x39, 0x39, 0x3a, 0x3a, 0x3b, 0x3b, 0x8e, 0x3c, 0x3c, 0x3d, 0x3d, 0x3e, 0x3e, 0x6e, 0x3f, 0x40, 0x41, 0x41, 0x42, 0x90, 0x43, 0x44, 0x44, 0x46, 0x45, 0xa7, 0x70, 0x48, 0x48, 0x49, 0x4a, 0x4a, 0x4a, 0x4b, 0x4b, 0x7a, 0x4c, 0x4c, 0x4d, 0xd7, 0x4e, 0x7b, 0x7b, 0x4f, 0x50, 0x98, 0x51, 0x7c, 0x52, 0x52, 0x53, 0x54, 0x54, 0x55, 0x56, 0xd4, 0x57, 0x57, 0x58, 0x59, 0x59, 0x5a, 0xd9, 0x5c, 0x5c, 0x5c, 0x5d, 0x5d, 0x5e, 0x5f, 0x5f, 0x60, 0x60, 0x61, 0x61, 0x9e, 0x75, 0x62, 0x62, 0x62, 0x63, 0x63, 0x63, 0x63, 0x63, 0x63, 0x63, 0x63, 0x63, 0x63, 0x63, 0x63, 0x63, 0x63, 0x63, 0x63, 0x63, 0x63, 0x63, 0x63, 0x63, 0x63, 0x63, 0x63, 0x63, 0x63, 0x63, 
  0x63, 0x63, 0x63, 0x63, 0x63, 0x63, 0x63, 0x63, 0x63, 0x63, 0x63, 0x63, 0x63, 0x63, 0x63, 0x63, 0x63, 0x63, 0x63, 0x63, 0x63, 0x63, 0x63, 0x63, 0x63, 0x63, 0x63, 0x63, 0x63, 0x62, 0x62, 0x75, 0x61, 0x61, 0x61, 0x60, 0x60, 0x60, 0x9d, 0x9c, 0x5d, 0x5d, 0x5c, 0x5c, 0x5b, 0xa8, 0x59, 0x59, 0x58, 0x58, 0x57, 0x57, 0x56, 0x56, 0x56, 0x55, 0x54, 0x54, 0x72, 0x52, 0x52, 0x7c, 0x51, 0x51, 0x50, 0x4f, 0x4f, 0x7b, 0x4e, 0x4e, 0x96, 0x4c, 0x4c, 0x7a, 0x7a, 0x4b, 0x4b, 0x4a, 0x4a, 0x49, 0x49, 0x48, 0x47, 0x46, 0x46, 0x45, 0x45, 0x44, 0x43, 0x42, 0x42, 0x41, 0x41, 0x40, 0x3f, 0x8f, 0x6e, 0x3d, 0x3d, 0x3d, 0x3c, 0x3c, 0x3b, 0x3b, 0x3b, 0x3a, 0x3a, 0x39, 0x39, 0x38, 0x6c, 0x37, 0x37, 0x36, 0x36, 0x35, 0x35, 0xd1, 0x34, 0x34, 0x34, 0x33, 0x33, 0x32, 0x32, 0x31, 0x31, 0x6a, 0x30, 0x30, 0x2f, 0x2f, 0x2e, 0x2e, 0x2e, 0xd0, 0x89, 0x2c, 0x2c, 0x79, 0x79, 0x79, 0x2b, 0x2b, 0x2a, 0x2a, 0x29, 0x87, 0x29, 0x29, 0x28, 0x28, 0x28, 0x28, 0x28, 0x28, 0x27, 0x27, 0x27, 0x26, 0x26, 0x25, 0x25, 0x25, 0x25, 0x25, 0x25, 0x24, 0x24, 0x24, 0x24, 0x24, 0x24, 0x24, 0x24, 0x24, 0x24, 0x24, 0x24, 0x24, 0x24, 0x24, 0x24, 0x24, 0x24, 0x24, 0x24, 0x24, 0x24, 0x24, 0x24, 0x24, 0x25, 0x25, 0x25, 0x25, 0x68, 0xbc, 0x68, 0x26, 0x26, 0x26, 0x27, 0x27, 0x27, 0x27, 0x28, 0x27, 0x29, 0x28, 0x29, 0x29, 0x29, 0x2a, 0x69, 0x2a, 0x2b, 0x2b, 0x2b, 0x79, 0x79, 0x79, 0x2c, 0x88, 0x2c, 0x2d, 0x2d, 0x2e, 0x2f, 0x2f, 0x2f, 0x30, 0x30, 0x30, 0x6a, 0x6a, 0x32, 0x32, 0x33, 0x33, 0x34, 0x34, 0x8b, 0x35, 0x35, 0x36, 0x36, 0x36, 0x37, 0xbe, 0x6c, 0x38, 0x39, 0x39, 0x3b, 0x3a, 0x3b, 0x3b, 0xd2, 0x3c, 0x3c, 0x3d, 0x3d, 0x3e, 0x3e, 0x6e, 0x40, 0x40, 0x41, 0x41, 0x42, 0x6f, 0x43, 0x44, 0x45, 0x45, 0x46, 0x92, 0x70, 0x48, 0x48, 0x49, 0x4a, 0x4a, 0x94, 0x71, 0x4b, 0x7a, 0x7a, 0x4c, 0x4d, 0x96, 0x4e, 0x7b, 0x7b, 0x4f, 0x97, 0xd8, 0x51, 0x7c, 0x7c, 0x52, 0x72, 0x53, 0x55, 0x55, 0x56, 0x56, 0x57, 0x57, 0x58, 0x58, 0x59, 0x5a, 0xa8, 0x5b, 0xd9, 0x5d, 0x5d, 0x5d, 0x5e, 0x5f, 0x5f, 0x60, 0x60, 0x61, 0x61, 0x61, 0x62, 0x75, 0x63, 0x62, 0x63, 0x63, 0x63, 0x63, 0x63, 0x63, 0x63, 0x63, 0x63, 0x63, 0x63, 0x63, 0x63, 0x63, 0x63, 0x63, 0x63, 0x63, 0x63, 0x63, 0x63, 0x63, 0x63, 0x63, 0x63, 0x63, 0x63, 0x63, 
  0x63, 0x63, 0x63, 0x63, 0x63, 0x63, 0x63, 0x63, 0x63, 0x63, 0x63, 0x63, 0x63, 0x63, 0x63, 0x63, 0x63, 0x63, 0x63, 0x63, 0x63, 0x63, 0x63, 0x63, 0x63, 0x63, 0x63, 0x63, 0x62, 0x62, 0x62, 0x62, 0xd5, 0x61, 0x61, 0x60, 0x61, 0x5f, 0x5f, 0x9d, 0x5e, 0x5d, 0x5c, 0x5c, 0x5c, 0xd9, 0xd9, 0x59, 0x59, 0x58, 0x58, 0x57, 0x57, 0x56, 0x56, 0x55, 0x55, 0x55, 0x53, 0x72, 0x52, 0x7c, 0x7c, 0x51, 0xd8, 0x50, 0x4f, 0x7b, 0x7b, 0x4e, 0x4e, 0x4d, 0x4d, 0x4c, 0x7a, 0x7a, 0x4b, 0xd3, 0x4a, 0x4a, 0x49, 0x49, 0x48, 0x47, 0x70, 0x46, 0x45, 0x45, 0x44, 0x44, 0x42, 0x42, 0x41, 0x41, 0x40, 0x40, 0x3f, 0x3e, 0x3e, 0x3d, 0x3d, 0x3c, 0x3c, 0x6d, 0x3b, 0x3b, 0x3b, 0x3a, 0x3a, 0x39, 0x39, 0x6c, 0x37, 0x37, 0x36, 0x36, 0x36, 0x35, 0x35, 0xd1, 0x34, 0x34, 0x33, 0x33, 0x33, 0x32, 0x32, 0x32, 0x6a, 0x6a, 0x30, 0x30, 0x2f, 0x2f, 0x2e, 0x2e, 0x2e, 0xd0, 0x89, 0x2c, 0x2c, 0x2c, 0x79, 0x79, 0x2b, 0x2b, 0x2b, 0x2a, 0x2a, 0x69, 0xbd, 0x69, 0x29, 0x29, 0x28, 0x28, 0x28, 0x28, 0x27, 0x27, 0x27, 0x27, 0x26, 0x26, 0x26, 0x68, 0x25, 0x25, 0x86, 0x25, 0x25, 0x25, 0x25, 0x25, 0x25, 0x25, 0x25, 0x25, 0x25, 0x25, 0x25, 0x25, 0x25, 0x25, 0x25, 0x25, 0x25, 0x25, 0x68, 0x25, 0x68, 0x68, 0x68, 0x25, 0x68, 0x68, 0x26, 0x26, 0x27, 0x27, 0x27, 0x28, 0x28, 0x28, 0x28, 0x29, 0x28, 0x29, 0x29, 0x29, 0x69, 0x69, 0x2a, 0x2a, 0x2b, 0x2b, 0x2b, 0x79, 0x79, 0x2c, 0x79, 0x89, 0x2c, 0x2d, 0x2d, 0x2e, 0x2e, 0x2f, 0x2f, 0x30, 0x30, 0x6a, 0x6a, 0x31, 0x32, 0x32, 0x33, 0x33, 0x34, 0x34, 0x34, 0xd1, 0x35, 0x36, 0x36, 0x36, 0x36, 0x37, 0x37, 0x38, 0x38, 0x39, 0x3a, 0x3a, 0x3b, 0x3b, 0xbf, 0x3c, 0x3c, 0x3c, 0x3d, 0x3d, 0x6e, 0x3e, 0x3f, 0x40, 0x40, 0x41, 0x41, 0x42, 0x6f, 0x43, 0x44, 0x44, 0x45, 0x46, 0x46, 0x70, 0x47, 0x48, 0x49, 0x49, 0x4a, 0xd3, 0x71, 0x4b, 0x7a, 0x7a, 0x4c, 0x4d, 0xd7, 0x4e, 0x4e, 0x7b, 0x4f, 0x4f, 0x50, 0x51, 0x7c, 0x7c, 0x52, 0x72, 0x53, 0x54, 0x55, 0x56, 0x56, 0x57, 0x57, 0x57, 0x58, 0x59, 0x59, 0x5a, 0xd9, 0x5c, 0x5c, 0x5d, 0x5d, 0x5e, 0x5e, 0x5f, 0x5f, 0x60, 0x60, 0x61, 0x61, 0x62, 0x75, 0x62, 0x62, 0x63, 0x63, 0x63, 0x63, 0x63, 0x63, 0x63, 0x63, 0x63, 0x63, 0x63, 0x63, 0x63, 0x63, 0x63, 0x63, 0x63, 0x63, 0x63, 0x63, 0x63, 0x63, 0x63, 0x63, 0x63, 0x63, 0x63, 0x63, 0x63, 
  0x63, 0x63, 0x63, 0x63, 0x63, 0x63, 0x63, 0x63, 0x63, 0x63, 0x63, 0x63, 0x63, 0x63, 0x63, 0x63, 0x63, 0x63, 0x63, 0x63, 0x63, 0x63, 0x63, 0x63, 0x63, 0x63, 0x63, 0x63, 0x63, 0x63, 0x62, 0x62, 0x62, 0x9e, 0x61, 0x61, 0x60, 0x60, 0x5f, 0x5f, 0x5e, 0x5d, 0x5d, 0x5c, 0x5c, 0x5b, 0xd9, 0x5a, 0x59, 0x59, 0x58, 0x57, 0x57, 0x73, 0x56, 0x56, 0x56, 0x55, 0x54, 0x53, 0x52, 0x52, 0x7c, 0x7c, 0x51, 0x98, 0x4f, 0x4f, 0x7b, 0x7b, 0x4e, 0xd7, 0x4d, 0x4c, 0x4c, 0x7a, 0x7a, 0x4b, 0x71, 0x4a, 0x4a, 0x4a, 0x48, 0x48, 0x70, 0x70, 0x46, 0x45, 0x45, 0x44, 0x43, 0x42, 0x6f, 0x41, 0x41, 0x41, 0x40, 0x3f, 0x3e, 0x3e, 0x3d, 0x3d, 0x3c, 0x3c, 0x6d, 0x3b, 0x3b, 0x3b, 0x3a, 0x3a, 0x39, 0x39, 0x38, 0x37, 0x6c, 0x36, 0x36, 0x36, 0x35, 0x35, 0x8c, 0x34, 0xd1, 0x33, 0x34, 0x33, 0x33, 0x32, 0x32, 0x31, 0x6a, 0x30, 0x30, 0x30, 0x2f, 0x2f, 0x2e, 0x2e, 0x2e, 0x2d, 0x2c, 0x2c, 0x2c, 0x2c, 0x79, 0x79, 0x79, 0x2b, 0x2b, 0x2a, 0x2a, 0x69, 0x69, 0x69, 0x29, 0x29, 0x28, 0x29, 0x28, 0x29, 0x28, 0x27, 0x27, 0x27, 0x27, 0x27, 0x26, 0x26, 0x68, 0xbc, 0x68, 0x86, 0x68, 0x25, 0x68, 0x25, 0x25, 0x25, 0x68, 0x25, 0x68, 0x25, 0x68, 0x25, 0x68, 0x26, 0x68, 0x26, 0x68, 0x26, 0x26, 0x26, 0x26, 0x26, 0x26, 0x27, 0x27, 0x27, 0x27, 0x28, 0x28, 0x28, 0x29, 0x28, 0x29, 0x29, 0x69, 0x69, 0x2a, 0x69, 0x2b, 0x2b, 0x2b, 0x79, 0x79, 0x79, 0x2c, 0x79, 0x2c, 0x2c, 0x89, 0x2d, 0x2d, 0x2e, 0x2e, 0x2f, 0x2f, 0x30, 0x30, 0x30, 0x6a, 0x31, 0x32, 0x32, 0x32, 0x33, 0x33, 0x34, 0x34, 0x34, 0x35, 0x35, 0x36, 0x36, 0x36, 0x36, 0xbe, 0x6c, 0x38, 0x39, 0x39, 0x3a, 0x3a, 0x3b, 0x3b, 0x3b, 0x3c, 0x3c, 0x3d, 0x3d, 0x3e, 0x3e, 0x6e, 0x3f, 0x40, 0x40, 0x41, 0x41, 0x42, 0x90, 0x91, 0x44, 0x44, 0x45, 0x45, 0x46, 0x70, 0x47, 0x48, 0x49, 0x49, 0x4a, 0x4a, 0x71, 0x4b, 0x7a, 0x7a, 0x4c, 0x4d, 0xd7, 0x96, 0x7b, 0x7b, 0x4f, 0x4f, 0x50, 0x51, 0x7c, 0x7c, 0x52, 0x52, 0x53, 0x54, 0x55, 0x56, 0x56, 0x73, 0x73, 0x58, 0x58, 0x59, 0x5a, 0x5a, 0x5b, 0x5b, 0x5c, 0x5c, 0x5d, 0x5d, 0x5e, 0x5f, 0x5f, 0x60, 0x60, 0x61, 0x61, 0x9e, 0x62, 0x62, 0x62, 0x63, 0x63, 0x63, 0x63, 0x63, 0x63, 0x63, 0x63, 0x63, 0x63, 0x63, 0x63, 0x63, 0x63, 0x63, 0x63, 0x63, 0x63, 0x63, 0x63, 0x63, 0x63, 0x63, 0x63, 0x63, 0x63, 0x63, 0x63, 0x63, 0x63, 
  0x63, 0x63, 0x63, 0x63, 0x63, 0x63, 0x63, 0x63, 0x63, 0x63, 0x63, 0x63, 0x63, 0x63, 0x63, 0x63, 0x63, 0x63, 0x63, 0x63, 0x63, 0x63, 0x63, 0x63, 0x63, 0x63, 0x63, 0x63, 0x63, 0x62, 0x63, 0x62, 0x62, 0x75, 0x9e, 0x61, 0x61, 0x60, 0x60, 0x5f, 0x5f, 0x5e, 0x5e, 0x5d, 0x5c, 0x5c, 0x5b, 0xa8, 0xd9, 0x59, 0x59, 0x58, 0x57, 0x57, 0x56, 0x56, 0x55, 0x56, 0x54, 0x54, 0x53, 0x72, 0x52, 0x7c, 0x7c, 0x51, 0x98, 0x4f, 0x4f, 0x7b, 0x7b, 0x4e, 0x96, 0x4d, 0x4c, 0x7a, 0x7a, 0x4b, 0x4b, 0x4a, 0x4a, 0x49, 0x4a, 0x48, 0x48, 0x47, 0x70, 0x46, 0x45, 0x45, 0x44, 0x44, 0x43, 0x42, 0x42, 0x41, 0x41, 0x40, 0x40, 0x3e, 0x3e, 0x3d, 0x3d, 0x3c, 0x3c, 0x6d, 0xd2, 0x3b, 0x3b, 0x3a, 0x3a, 0x39, 0x39, 0x38, 0x6c, 0xbe, 0x37, 0x36, 0x36, 0x36, 0x35, 0x35, 0xd1, 0xd1, 0x34, 0x33, 0x34, 0x32, 0x33, 0x32, 0x31, 0x6a, 0x6a, 0x30, 0x30, 0x30, 0x2f, 0x2f, 0x2e, 0x2e, 0x2e, 0x2d, 0x89, 0x2c, 0x88, 0x2c, 0x79, 0x2c, 0x2b, 0x79, 0x2b, 0x2b, 0x2b, 0x2b, 0x69, 0x69, 0x29, 0x29, 0x29, 0x29, 0x28, 0x29, 0x28, 0x28, 0x28, 0x27, 0x27, 0x27, 0x27, 0x27, 0x27, 0x27, 0x27, 0x27, 0x27, 0x26, 0x26, 0x26, 0x26, 0x26, 0x27, 0x26, 0x27, 0x26, 0x26, 0x27, 0x27, 0x27, 0x27, 0x27, 0x27, 0x27, 0x27, 0x28, 0x28, 0x28, 0x28, 0x28, 0x28, 0x29, 0x28, 0xbd, 0x29, 0x29, 0x69, 0x69, 0x2a, 0x2b, 0x2b, 0x2b, 0x79, 0x2b, 0x79, 0x79, 0x2c, 0x79, 0x2c, 0x88, 0x89, 0x2d, 0x2d, 0x2e, 0x2f, 0x2f, 0x2f, 0x30, 0x30, 0x30, 0x6a, 0x31, 0x32, 0x32, 0x32, 0x33, 0x33, 0x34, 0x34, 0x34, 0xd1, 0x35, 0x35, 0x36, 0x36, 0x36, 0x37, 0x37, 0x38, 0x38, 0x39, 0x3a, 0x3a, 0x3b, 0x3b, 0x3b, 0x8e, 0x3c, 0x3c, 0x3d, 0x3d, 0x3e, 0x3e, 0x3e, 0x3f, 0x40, 0x40, 0x41, 0x42, 0x42, 0x42, 0x43, 0x44, 0x45, 0x45, 0x46, 0x46, 0x70, 0x48, 0x48, 0x49, 0x49, 0x4a, 0x4a, 0x71, 0x4b, 0x7a, 0x7a, 0x4c, 0x4c, 0x4d, 0x96, 0x7b, 0x7b, 0x7b, 0x4f, 0x50, 0x98, 0x51, 0x7c, 0x52, 0x52, 0x53, 0x54, 0x55, 0x55, 0x56, 0x56, 0x73, 0x57, 0x58, 0x59, 0x58, 0x5a, 0x5a, 0x5b, 0x5c, 0x5c, 0x5d, 0x5d, 0x5e, 0x5f, 0x5f, 0x60, 0x60, 0x61, 0x61, 0x9e, 0x75, 0x62, 0x62, 0x63, 0x62, 0x63, 0x63, 0x63, 0x63, 0x63, 0x63, 0x63, 0x63, 0x63, 0x63, 0x63, 0x63, 0x63, 0x63, 0x63, 0x63, 0x63, 0x63, 0x63, 0x63, 0x63, 0x63, 0x63, 0x63, 0x63, 0x63, 0x63, 0x63, 0x63, 
  0x63, 0x63, 0x63, 0x63, 0x63, 0x63, 0x63, 0x63, 0x63, 0x63, 0x63, 0x63, 0x63, 0x63, 0x63, 0x63, 0x63, 0x63, 0x63, 0x63, 0x63, 0x63, 0x63, 0x63, 0x63, 0x63, 0x63, 0x63, 0x63, 0x63, 0x62, 0x63, 0x62, 0x62, 0x75, 0x61, 0x61, 0x60, 0x60, 0x5f, 0x5f, 0x5e, 0x5e, 0x5c, 0x5d, 0x5c, 0x5b, 0x5b, 0x5a, 0x5a, 0x59, 0x59, 0x58, 0x57, 0x57, 0x73, 0x56, 0x56, 0x55, 0x54, 0x54, 0x72, 0x52, 0x52, 0x7c, 0x51, 0x51, 0x98, 0x4f, 0x4f, 0x7b, 0x7b, 0x4e, 0xd7, 0x4d, 0x4c, 0x7a, 0x7a, 0x4b, 0x4b, 0x71, 0x4a, 0x4a, 0x49, 0x49, 0x48, 0x47, 0x46, 0x70, 0x45, 0x45, 0x44, 0x44, 0x43, 0x42, 0x42, 0x41, 0x41, 0x40, 0x40, 0x6e, 0x3e, 0x3e, 0x3d, 0x3d, 0x3c, 0x3c, 0x6d, 0x3b, 0x3b, 0x3a, 0x3b, 0x39, 0x39, 0x38, 0x6c, 0x37, 0x37, 0x36, 0x36, 0x36, 0x36, 0x35, 0x35, 0xd1, 0x34, 0x34, 0x34, 0x33, 0x33, 0x33, 0x32, 0x32, 0x31, 0x6a, 0x6a, 0x30, 0x30, 0x2f, 0x2f, 0x2f, 0x2e, 0x2e, 0x2d, 0x88, 0x89, 0x2c, 0x2c, 0x2c, 0x2c, 0x79, 0x79, 0x79, 0x2b, 0x2b, 0x2b, 0x69, 0x2a, 0x69, 0x69, 0x29, 0x29, 0x29, 0x28, 0x29, 0x28, 0x28, 0x28, 0x28, 0x28, 0x28, 0x27, 0x27, 0x28, 0x27, 0x27, 0x27, 0x27, 0x27, 0x28, 0x28, 0x27, 0x28, 0x27, 0x28, 0x28, 0x28, 0x28, 0x28, 0x28, 0x28, 0x28, 0x28, 0x28, 0x28, 0x28, 0x29, 0x29, 0x29, 0x29, 0x2a, 0x69, 0x2a, 0x2a, 0x2b, 0x2b, 0x2b, 0x79, 0x79, 0x79, 0x79, 0x2c, 0x2c, 0x2c, 0x88, 0xd0, 0x89, 0x2d, 0x2d, 0x2e, 0x2f, 0x2f, 0x2f, 0x30, 0x30, 0x30, 0x6a, 0x31, 0x32, 0x32, 0x33, 0x32, 0x34, 0x33, 0x34, 0xd1, 0xd1, 0x35, 0x35, 0x36, 0x36, 0x36, 0x36, 0x37, 0x37, 0x6c, 0x39, 0x39, 0x3a, 0x3a, 0x3b, 0x3b, 0x6d, 0x6d, 0x3c, 0x3d, 0x3d, 0x3e, 0x3e, 0x6e, 0x6e, 0x3f, 0x40, 0x41, 0x41, 0x42, 0x42, 0x6f, 0x43, 0x44, 0x45, 0x45, 0x46, 0x46, 0x47, 0x47, 0x48, 0x49, 0x49, 0x4a, 0x94, 0x71, 0x4b, 0x4b, 0x7a, 0x4c, 0x4c, 0x4d, 0xd7, 0x7b, 0x4e, 0x4f, 0x4f, 0x50, 0x51, 0x51, 0x7c, 0x7c, 0x52, 0x72, 0x54, 0x54, 0x55, 0x56, 0x56, 0x73, 0x57, 0x58, 0x58, 0x59, 0x5a, 0xd9, 0x5b, 0x5c, 0x5c, 0x5d, 0x5d, 0x5e, 0x5f, 0x5f, 0x5f, 0x60, 0x60, 0x61, 0x61, 0xd5, 0x62, 0x62, 0x63, 0x62, 0x63, 0x63, 0x63, 0x63, 0x63, 0x63, 0x63, 0x63, 0x63, 0x63, 0x63, 0x63, 0x63, 0x63, 0x63, 0x63, 0x63, 0x63, 0x63, 0x63, 0x63, 0x63, 0x63, 0x63, 0x63, 0x63, 0x63, 0x63, 0x63, 0x63, 
  0x63, 0x63, 0x63, 0x63, 0x63, 0x63, 0x63, 0x63, 0x63, 0x63, 0x63, 0x63, 0x63, 0x63, 0x63, 0x63, 0x63, 0x63, 0x63, 0x63, 0x63, 0x63, 0x63, 0x63, 0x63, 0x63, 0x63, 0x63, 0x63, 0x63, 0x63, 0x62, 0x63, 0x75, 0x62, 0x61, 0x9e, 0x61, 0x60, 0x60, 0x5f, 0x5f, 0x5e, 0x5e, 0x5d, 0x5d, 0x5c, 0x5c, 0x5b, 0xa8, 0x5a, 0x59, 0x58, 0x58, 0x57, 0x57, 0xd4, 0x56, 0x56, 0x55, 0x54, 0x53, 0x53, 0x52, 0x7c, 0x7c, 0x7c, 0xd8, 0x98, 0x4f, 0x4f, 0x7b, 0x7b, 0x96, 0xd7, 0x4c, 0x4c, 0x4c, 0x7a, 0x4b, 0x4b, 0xd3, 0x4a, 0x4a, 0x49, 0x49, 0x48, 0x47, 0x46, 0x46, 0x45, 0x45, 0x44, 0x44, 0x43, 0x6f, 0x42, 0x41, 0x41, 0x40, 0x40, 0x6e, 0x6e, 0x3e, 0x3e, 0x3d, 0x3c, 0x3c, 0x6d, 0x8e, 0x3b, 0x3b, 0x3a, 0x3a, 0x39, 0x39, 0x38, 0x6c, 0xbe, 0x37, 0x36, 0x36, 0x36, 0x36, 0x35, 0x35, 0xd1, 0xd1, 0x34, 0x34, 0x33, 0x33, 0x32, 0x32, 0x32, 0x31, 0x31, 0x30, 0x8a, 0x30, 0x2f, 0x30, 0x2e, 0x2f, 0x2e, 0x2e, 0x2d, 0x2d, 0x2c, 0x2c, 0x2c, 0x2c, 0x79, 0x2c, 0x2b, 0x79, 0x2b, 0x79, 0x2b, 0x2b, 0x2a, 0x69, 0x87, 0x87, 0x29, 0x29, 0x29, 0x29, 0x29, 0x28, 0x28, 0x29, 0x28, 0x29, 0x28, 0x29, 0x28, 0x29, 0x28, 0x29, 0x28, 0x29, 0x28, 0x29, 0x28, 0x29, 0x28, 0x29, 0x29, 0x29, 0x29, 0x28, 0x29, 0x29, 0x29, 0x29, 0x69, 0xbd, 0x2a, 0x2a, 0x2b, 0x2b, 0x2b, 0x2b, 0x79, 0x79, 0x79, 0x2c, 0x2c, 0x2c, 0x2c, 0x2c, 0x88, 0x88, 0x2d, 0x2e, 0x2e, 0x2e, 0x2f, 0x2f, 0x2f, 0x30, 0x30, 0x30, 0x6a, 0x31, 0x32, 0x32, 0x33, 0x33, 0x33, 0x34, 0x34, 0xd1, 0xd1, 0x35, 0x35, 0x35, 0x36, 0x36, 0x36, 0x37, 0x37, 0x6c, 0x38, 0x39, 0x39, 0x3a, 0x3a, 0x3b, 0x3b, 0x6d, 0x3c, 0x3c, 0x3d, 0x3d, 0x3e, 0x3e, 0x6e, 0x6e, 0x40, 0x40, 0x41, 0x41, 0x42, 0x42, 0x91, 0x43, 0x44, 0x45, 0x45, 0x46, 0x46, 0x70, 0x47, 0x48, 0x49, 0x49, 0x4a, 0x4a, 0xd3, 0x4b, 0x4b, 0x4c, 0x7a, 0x4d, 0x4c, 0xd7, 0x4e, 0x7b, 0x7b, 0x4f, 0x4f, 0x98, 0x51, 0x7c, 0x7c, 0x52, 0x72, 0x54, 0x54, 0x56, 0x56, 0x56, 0x73, 0x57, 0x58, 0x58, 0x59, 0x5a, 0xd9, 0x5b, 0x5b, 0x5c, 0x5d, 0x5d, 0x5e, 0x9d, 0x5f, 0x5f, 0x60, 0x60, 0x61, 0x61, 0x9e, 0x62, 0x62, 0x63, 0x62, 0x63, 0x63, 0x63, 0x63, 0x63, 0x63, 0x63, 0x63, 0x63, 0x63, 0x63, 0x63, 0x63, 0x63, 0x63, 0x63, 0x63, 0x63, 0x63, 0x63, 0x63, 0x63, 0x63, 0x63, 0x63, 0x63, 0x63, 0x63, 0x63, 0x63, 0x63, 
  0x63, 0x63, 0x63, 0x63, 0x63, 0x63, 0x63, 0x63, 0x63, 0x63, 0x63, 0x63, 0x63, 0x63, 0x63, 0x63, 0x63, 0x63, 0x63, 0x63, 0x63, 0x63, 0x63, 0x63, 0x63, 0x63, 0x63, 0x63, 0x63, 0x63, 0x63, 0x63, 0x62, 0x62, 0x62, 0x75, 0x9e, 0x61, 0x61, 0x60, 0x60, 0x5f, 0x9d, 0x9d, 0x5d, 0x5d, 0x5c, 0x5c, 0x5b, 0xd9, 0x5a, 0x59, 0x59, 0x58, 0x58, 0x57, 0x73, 0x9a, 0x56, 0x55, 0x55, 0x54, 0x53, 0x72, 0x52, 0x52, 0x7c, 0x51, 0x51, 0x50, 0x4f, 0x4f, 0x7b, 0x4e, 0x4e, 0xd7, 0x4c, 0x4c, 0x7a, 0x7a, 0x4b, 0x71, 0x94, 0x4a, 0x4a, 0x49, 0x48, 0x48, 0x47, 0x70, 0x46, 0x46, 0x45, 0x45, 0x44, 0x43, 0x42, 0x42, 0x41, 0x41, 0x40, 0x40, 0x3f, 0x6e, 0x3d, 0x3e, 0x3d, 0x3d, 0x3c, 0x3c, 0x8e, 0x3b, 0x3b, 0x3a, 0x3a, 0x39, 0x39, 0x38, 0x38, 0x6c, 0x37, 0x37, 0x36, 0x36, 0x36, 0x36, 0x35, 0x35, 0xd1, 0x34, 0x34, 0x34, 0x33, 0x33, 0x32, 0x32, 0x32, 0x31, 0x31, 0x30, 0xa6, 0x2f, 0x30, 0x2f, 0x2f, 0x2f, 0x2e, 0x2e, 0x2d, 0x2d, 0x2c, 0x2c, 0x2c, 0x2c, 0x2c, 0x2c, 0x79, 0x79, 0x79, 0x2b, 0x2b, 0x2b, 0x2a, 0x2a, 0x2a, 0x87, 0x2a, 0x29, 0xbd, 0x29, 0x29, 0x29, 0x29, 0x29, 0x29, 0x29, 0x29, 0x29, 0x29, 0x29, 0x29, 0x29, 0x29, 0x29, 0x29, 0x29, 0x29, 0x29, 0xbd, 0x69, 0x87, 0x2a, 0x69, 0x69, 0x2a, 0x2a, 0x2a, 0x2b, 0x2b, 0x2b, 0x2b, 0x79, 0x79, 0x2b, 0x2c, 0x79, 0x2c, 0x2c, 0x2c, 0x2c, 0x89, 0x2d, 0x2e, 0x2e, 0x2e, 0x2e, 0x2f, 0x2f, 0x2f, 0x30, 0x8a, 0x6a, 0xa6, 0x31, 0x31, 0x32, 0x32, 0x33, 0x33, 0x33, 0x34, 0x34, 0xd1, 0x35, 0x35, 0x35, 0x36, 0x36, 0x36, 0x37, 0xbe, 0x6c, 0x6c, 0x39, 0x39, 0x3a, 0x3a, 0x3b, 0x3b, 0x8e, 0x6d, 0x3c, 0x3c, 0x3d, 0x3d, 0x3e, 0x3e, 0x6e, 0x3f, 0x40, 0x40, 0x41, 0x41, 0x42, 0x42, 0x43, 0x43, 0x44, 0x45, 0x45, 0x46, 0x46, 0xa7, 0x48, 0x48, 0x49, 0x49, 0x4a, 0x4a, 0x71, 0x4b, 0x4b, 0x7a, 0x7a, 0x4c, 0x4d, 0x4e, 0x4e, 0x7b, 0x7b, 0x4f, 0x50, 0x98, 0x51, 0x7c, 0x7c, 0x52, 0x72, 0x53, 0x54, 0x55, 0x55, 0x56, 0x56, 0x57, 0x57, 0x58, 0x59, 0x5a, 0x5a, 0x5b, 0x5b, 0x5c, 0x5c, 0x5d, 0x5d, 0x74, 0x5f, 0x5f, 0x60, 0x60, 0x61, 0x61, 0x9e, 0x75, 0x62, 0x62, 0x62, 0x63, 0x63, 0x63, 0x63, 0x63, 0x63, 0x63, 0x63, 0x63, 0x63, 0x63, 0x63, 0x63, 0x63, 0x63, 0x63, 0x63, 0x63, 0x63, 0x63, 0x63, 0x63, 0x63, 0x63, 0x63, 0x63, 0x63, 0x63, 0x63, 0x63, 0x63, 0x63, 
  0x63, 0x63, 0x63, 0x63, 0x63, 0x63, 0x63, 0x63, 0x63, 0x63, 0x63, 0x63, 0x63, 0x63, 0x63, 0x63, 0x63, 0x63, 0x63, 0x63, 0x63, 0x63, 0x63, 0x63, 0x63, 0x63, 0x63, 0x63, 0x63, 0x63, 0x63, 0x62, 0x63, 0x62, 0x62, 0x62, 0x75, 0x9e, 0x61, 0x60, 0x60, 0x5f, 0x5f, 0x9d, 0x5e, 0x5d, 0x5d, 0x5c, 0x5c, 0x5b, 0xa8, 0x5a, 0x59, 0x59, 0x58, 0x58, 0x57, 0x73, 0x56, 0x56, 0x55, 0x55, 0x54, 0x53, 0x72, 0x52, 0x7c, 0x7c, 0x51, 0x98, 0x50, 0x4f, 0x4f, 0x7b, 0x4e, 0x4e, 0x4d, 0x4c, 0x4c, 0x7a, 0x7a, 0x4b, 0x4b, 0xd3, 0x4a, 0x4a, 0x49, 0x49, 0x48, 0x47, 0x70, 0x46, 0x46, 0x45, 0x44, 0x44, 0x43, 0x6f, 0x42, 0x42, 0x41, 0x41, 0x40, 0x3f, 0x3f, 0x3e, 0x3e, 0x3d, 0x3d, 0x3c, 0x3c, 0x6d, 0x8e, 0x3b, 0x3b, 0x3a, 0x3a, 0x39, 0x39, 0x38, 0x38, 0x37, 0x37, 0x37, 0x36, 0x36, 0x36, 0x36, 0x35, 0x35, 0xd1, 0x34, 0x34, 0x34, 0x33, 0x33, 0x33, 0x32, 0x32, 0x31, 0x31, 0x6a, 0x8a, 0x30, 0x30, 0x2f, 0x2f, 0x2f, 0x2f, 0x2e, 0x2e, 0x2d, 0x2d, 0x89, 0x2c, 0x2c, 0x2c, 0x2c, 0x79, 0x2c, 0x79, 0x79, 0x79, 0x2b, 0x2b, 0x2b, 0x2b, 0x2b, 0x2a, 0x2a, 0x2a, 0x2a, 0x2a, 0x2a, 0x2a, 0x2a, 0x69, 0x2a, 0x69, 0x69, 0x2a, 0x69, 0x2a, 0x2a, 0x2a, 0x2a, 0x2a, 0x2a, 0x2a, 0x2a, 0x2a, 0x2b, 0x2b, 0x2b, 0x2b, 0x2b, 0x79, 0x79, 0x79, 0x2c, 0x79, 0x2c, 0x2c, 0x2c, 0x2c, 0x2c, 0x88, 0x89, 0x2d, 0x2e, 0x2e, 0x2e, 0x2e, 0x2f, 0x2f, 0x2f, 0x30, 0x2f, 0x6a, 0x8a, 0x31, 0x31, 0x32, 0x32, 0x33, 0x33, 0x33, 0x34, 0x34, 0x34, 0xd1, 0x6b, 0x35, 0x35, 0x36, 0x36, 0x36, 0x36, 0x37, 0x37, 0x6c, 0x38, 0x39, 0x39, 0x3a, 0x3a, 0x3b, 0x3b, 0x6d, 0x6d, 0x3d, 0x3d, 0x3d, 0x3e, 0x3e, 0x6e, 0xc0, 0x3f, 0x40, 0x40, 0x41, 0x41, 0x42, 0x42, 0x91, 0x44, 0x44, 0x45, 0x45, 0x92, 0x46, 0x47, 0x48, 0x48, 0x49, 0x49, 0x4a, 0x4a, 0x71, 0x4b, 0x4b, 0x7a, 0x7a, 0x4d, 0x4d, 0x96, 0x4e, 0x7b, 0x7b, 0x4f, 0x4f, 0x98, 0x51, 0x7c, 0x7c, 0x52, 0x52, 0x53, 0x54, 0x55, 0x55, 0xc2, 0x56, 0x57, 0x57, 0x58, 0x58, 0x59, 0x5a, 0xd9, 0x5b, 0x5c, 0x5c, 0x5d, 0x5d, 0x5e, 0x74, 0x5f, 0x5f, 0x60, 0x61, 0x61, 0x9e, 0x9e, 0x62, 0x62, 0x63, 0x63, 0x63, 0x63, 0x63, 0x63, 0x63, 0x63, 0x63, 0x63, 0x63, 0x63, 0x63, 0x63, 0x63, 0x63, 0x63, 0x63, 0x63, 0x63, 0x63, 0x63, 0x63, 0x63, 0x63, 0x63, 0x63, 0x63, 0x63, 0x63, 0x63, 0x63, 0x63, 0x63, 
  0x63, 0x63, 0x63, 0x63, 0x63, 0x63, 0x63, 0x63, 0x63, 0x63, 0x63, 0x63, 0x63, 0x63, 0x63, 0x63, 0x63, 0x63, 0x63, 0x63, 0x63, 0x63, 0x63, 0x63, 0x63, 0x63, 0x63, 0x63, 0x63, 0x63, 0x63, 0x63, 0x62, 0x63, 0x62, 0x62, 0x75, 0x9e, 0x61, 0x61, 0x60, 0x60, 0x5f, 0x5f, 0x9d, 0x5e, 0x5d, 0x5d, 0x5c, 0x5c, 0x5b, 0xd9, 0x5a, 0x59, 0x58, 0x58, 0x58, 0x73, 0x73, 0x56, 0x56, 0x55, 0x55, 0x54, 0x53, 0x72, 0x52, 0x7c, 0x7c, 0x51, 0xd8, 0x50, 0x4f, 0x7b, 0x7b, 0x4e, 0x4e, 0xd7, 0x4c, 0x4c, 0x7a, 0x7a, 0x4b, 0x4b, 0x4a, 0x93, 0x49, 0x49, 0x49, 0x48, 0x47, 0x70, 0x46, 0x46, 0x46, 0x44, 0x44, 0x43, 0x6f, 0x42, 0x42, 0x41, 0x41, 0x40, 0x3f, 0x6e, 0x3e, 0x3e, 0x3d, 0x3d, 0x3d, 0x3c, 0x6d, 0x8e, 0x3b, 0x3b, 0x3a, 0x3a, 0x3a, 0x39, 0x39, 0x38, 0x6c, 0x37, 0x37, 0x37, 0x36, 0x36, 0x36, 0x36, 0x35, 0x35, 0x8b, 0x34, 0x34, 0x34, 0x33, 0x33, 0x33, 0x33, 0x32, 0x31, 0x31, 0xa6, 0x6a, 0x30, 0x30, 0x30, 0x30, 0x2f, 0x2f, 0x2e, 0x2e, 0x2e, 0x2d, 0x2d, 0x2c, 0x2c, 0x2c, 0x2c, 0x79, 0x2c, 0x79, 0x79, 0x79, 0x79, 0x79, 0x79, 0x79, 0x2b, 0x79, 0x79, 0x2b, 0x2b, 0x2b, 0x2b, 0x2b, 0x2b, 0x2b, 0x2b, 0x2b, 0x2b, 0x2b, 0x2b, 0x2b, 0x2b, 0x79, 0x2b, 0x79, 0x2b, 0x2b, 0x79, 0x79, 0x79, 0x79, 0x79, 0x79, 0x2c, 0x79, 0x2c, 0x2c, 0x2c, 0x89, 0xd0, 0x2d, 0x2d, 0x2e, 0x2e, 0x2e, 0x2e, 0x2f, 0x2f, 0x30, 0x2f, 0x30, 0x30, 0x30, 0xa6, 0x6a, 0x31, 0x32, 0x32, 0x33, 0x33, 0x33, 0x34, 0x34, 0x34, 0xd1, 0x35, 0x35, 0x35, 0x36, 0x36, 0x36, 0x36, 0xbe, 0x37, 0x8d, 0x38, 0x38, 0x39, 0x3a, 0x3a, 0x3a, 0x3b, 0x8e, 0x6d, 0x3c, 0x3c, 0x3d, 0x3d, 0x3e, 0x3e, 0x6e, 0x40, 0x40, 0x40, 0x41, 0x42, 0x41, 0x90, 0x6f, 0x91, 0x44, 0x45, 0x45, 0x45, 0x46, 0x92, 0x47, 0x48, 0x48, 0x49, 0x49, 0x4a, 0x94, 0x71, 0x4b, 0x7a, 0x7a, 0x4c, 0x4c, 0x4d, 0x96, 0x4e, 0x4e, 0x7b, 0x4f, 0x4f, 0x98, 0x51, 0x51, 0x7c, 0x52, 0x52, 0x72, 0x54, 0x55, 0x55, 0x56, 0xc2, 0x73, 0x57, 0x58, 0x59, 0x59, 0x5a, 0xa8, 0x5b, 0x5c, 0x5c, 0x5d, 0x5d, 0x5e, 0x9c, 0x5f, 0x5f, 0x60, 0x60, 0x61, 0x61, 0x75, 0x62, 0x75, 0x63, 0x62, 0x63, 0x63, 0x63, 0x63, 0x63, 0x63, 0x63, 0x63, 0x63, 0x63, 0x63, 0x63, 0x63, 0x63, 0x63, 0x63, 0x63, 0x63, 0x63, 0x63, 0x63, 0x63, 0x63, 0x63, 0x63, 0x63, 0x63, 0x63, 0x63, 0x63, 0x63, 0x63, 0x63, 
  0x63, 0x63, 0x63, 0x63, 0x63, 0x63, 0x63, 0x63, 0x63, 0x63, 0x63, 0x63, 0x63, 0x63, 0x63, 0x63, 0x63, 0x63, 0x63, 0x63, 0x63, 0x63, 0x63, 0x63, 0x63, 0x63, 0x63, 0x63, 0x63, 0x63, 0x63, 0x63, 0x63, 0x62, 0x63, 0x62, 0x62, 0x75, 0x9e, 0x61, 0x61, 0x60, 0x60, 0x5f, 0x5f, 0x5e, 0x5e, 0x5d, 0x5c, 0x5c, 0x5b, 0x5b, 0xa8, 0x5a, 0x59, 0x58, 0x58, 0x57, 0x57, 0x9a, 0x56, 0x55, 0x55, 0x55, 0x54, 0x53, 0xc1, 0x52, 0x7c, 0x7c, 0x51, 0x98, 0x50, 0x4f, 0x7b, 0x7b, 0x4e, 0x96, 0x96, 0x4c, 0x4c, 0x7a, 0x7a, 0x4b, 0x71, 0x94, 0x4a, 0x4a, 0x49, 0x49, 0x48, 0x47, 0xa7, 0x70, 0x45, 0x46, 0x44, 0x45, 0x44, 0x6f, 0x6f, 0x42, 0x41, 0x41, 0x40, 0x40, 0x3f, 0x6e, 0xc0, 0x3d, 0x3d, 0x3d, 0x3c, 0x3c, 0x6d, 0x8e, 0x3b, 0x3b, 0x3a, 0x3b, 0x39, 0x3a, 0x39, 0x38, 0x38, 0x6c, 0xbe, 0x37, 0x36, 0x36, 0x36, 0x36, 0x35, 0x35, 0x8c, 0x34, 0x8b, 0x34, 0x33, 0x33, 0x33, 0x33, 0x32, 0x32, 0x31, 0x31, 0x6a, 0x8a, 0x6a, 0x30, 0x30, 0x2f, 0x2f, 0x2f, 0x2e, 0x2e, 0x2e, 0x2d, 0x89, 0x89, 0x2d, 0x88, 0x2c, 0x2c, 0x2c, 0x2c, 0x79, 0x79, 0x2c, 0x79, 0x2c, 0x79, 0x2c, 0x79, 0x79, 0x79, 0x79, 0x79, 0x79, 0x79, 0x79, 0x79, 0x79, 0x79, 0x79, 0x79, 0x79, 0x79, 0x79, 0x79, 0x2c, 0x79, 0x2c, 0x2c, 0x2c, 0x2c, 0x2c, 0x2c, 0x88, 0x88, 0x2d, 0x2d, 0x2d, 0x2e, 0x2e, 0x2e, 0x2f, 0x2f, 0x2f, 0x2f, 0x2f, 0x30, 0x2f, 0x6a, 0x8a, 0x8a, 0x31, 0x31, 0x32, 0x32, 0x33, 0x33, 0x33, 0x34, 0x34, 0xd1, 0xd1, 0x35, 0x35, 0x35, 0x36, 0x36, 0x36, 0x36, 0x37, 0x37, 0x6c, 0x38, 0x39, 0x39, 0x3a, 0x3a, 0x3a, 0x3b, 0x3b, 0x8e, 0x3c, 0x3c, 0x3c, 0x3d, 0x3d, 0x6e, 0x3e, 0x6e, 0x40, 0x40, 0x40, 0x41, 0x41, 0x42, 0x90, 0x6f, 0x43, 0x44, 0x45, 0x45, 0x45, 0x92, 0x70, 0x47, 0x48, 0x49, 0x49, 0x49, 0x4a, 0x94, 0xd3, 0x4b, 0x7a, 0x7a, 0x4c, 0x4c, 0x4d, 0x96, 0x4e, 0x7b, 0x7b, 0x4f, 0x4f, 0x98, 0x51, 0x51, 0x7c, 0x7c, 0xc1, 0x53, 0x54, 0x55, 0x55, 0x56, 0x56, 0x73, 0x57, 0x57, 0x58, 0x59, 0x59, 0xd9, 0x5b, 0x5b, 0x5c, 0x5d, 0x5d, 0x5d, 0x9d, 0x5f, 0x60, 0x5f, 0x61, 0x60, 0x9e, 0x61, 0x75, 0x62, 0x62, 0x62, 0x63, 0x63, 0x63, 0x63, 0x63, 0x63, 0x63, 0x63, 0x63, 0x63, 0x63, 0x63, 0x63, 0x63, 0x63, 0x63, 0x63, 0x63, 0x63, 0x63, 0x63, 0x63, 0x63, 0x63, 0x63, 0x63, 0x63, 0x63, 0x63, 0x63, 0x63, 0x63, 0x63, 0x63, 
  0x63, 0x63, 0x63, 0x63, 0x63, 0x63, 0x63, 0x63, 0x63, 0x63, 0x63, 0x63, 0x63, 0x63, 0x63, 0x63, 0x63, 0x63, 0x63, 0x63, 0x63, 0x63, 0x63, 0x63, 0x63, 0x63, 0x63, 0x63, 0x63, 0x63, 0x63, 0x63, 0x63, 0x63, 0x62, 0x63, 0x62, 0x62, 0x75, 0x61, 0x61, 0x61, 0x60, 0x5f, 0x5f, 0x9d, 0x5e, 0x5d, 0x5d, 0x5c, 0x5c, 0x5b, 0x5b, 0xd9, 0x59, 0x9b, 0x58, 0x58, 0x57, 0x57, 0x73, 0x56, 0x56, 0x55, 0x54, 0x54, 0x72, 0x52, 0x52, 0x7c, 0x7c, 0x51, 0xd8, 0x50, 0x4f, 0x7b, 0x7b, 0x4e, 0x4e, 0xd7, 0x4c, 0x95, 0x7a, 0x7a, 0x4b, 0x4b, 0x93, 0x4a, 0x4a, 0x49, 0x49, 0x48, 0x47, 0x47, 0x70, 0x46, 0x46, 0x45, 0x44, 0x44, 0x43, 0x6f, 0x42, 0x42, 0x41, 0x41, 0x40, 0x3f, 0x3f, 0xc0, 0x3e, 0x3d, 0x3d, 0x3d, 0x3c, 0x3c, 0x6d, 0xbf, 0x8e, 0x3a, 0x3b, 0x3a, 0x3a, 0x39, 0x39, 0x38, 0x6c, 0x6c, 0x37, 0x37, 0x36, 0x36, 0x36, 0x36, 0x35, 0x35, 0x8c, 0x8b, 0x8b, 0x34, 0x34, 0x33, 0x33, 0x33, 0x32, 0x32, 0x32, 0x31, 0x6a, 0x6a, 0x6a, 0x30, 0x30, 0x30, 0x2f, 0x2f, 0x2f, 0x2e, 0x2e, 0x2e, 0x2e, 0x2d, 0x2d, 0x89, 0x2c, 0x88, 0x89, 0x88, 0x2c, 0x2c, 0x2c, 0x2c, 0x2c, 0x2c, 0x2c, 0x2c, 0x2c, 0x2c, 0x2c, 0x2c, 0x2c, 0x2c, 0x2c, 0x2c, 0x2c, 0x2c, 0x2c, 0x2c, 0x88, 0x2c, 0x2c, 0x2c, 0x2c, 0x2c, 0x89, 0x2c, 0x2d, 0x2d, 0x2e, 0x2e, 0x2e, 0x2e, 0x2e, 0x2f, 0x2f, 0x30, 0x2f, 0x2f, 0x30, 0x30, 0x8a, 0x6a, 0xa6, 0x31, 0x31, 0x32, 0x32, 0x33, 0x32, 0x34, 0x33, 0x34, 0x34, 0xd1, 0xd1, 0x6b, 0x35, 0x35, 0x36, 0x36, 0x36, 0x36, 0x37, 0xbe, 0x6c, 0x38, 0x39, 0x39, 0x3a, 0x3a, 0x3a, 0x3a, 0x3b, 0x8e, 0x6d, 0x3c, 0x3c, 0x3d, 0x3d, 0x3e, 0x3e, 0x6e, 0x3f, 0x40, 0x40, 0x41, 0x41, 0x42, 0x42, 0x42, 0x43, 0x44, 0x44, 0x45, 0x45, 0x46, 0x92, 0xa7, 0x47, 0x48, 0x49, 0x49, 0x4a, 0x4a, 0x4a, 0x71, 0x4b, 0x7a, 0x7a, 0x7a, 0x4c, 0x4c, 0x4e, 0x4e, 0x4e, 0x7b, 0x4f, 0x4f, 0x50, 0x51, 0x51, 0x7c, 0x52, 0x99, 0x72, 0x53, 0x54, 0x55, 0x56, 0x56, 0x73, 0x73, 0x58, 0x58, 0x59, 0x59, 0x5a, 0x5b, 0x5b, 0x5c, 0x5c, 0x5d, 0x9c, 0x5e, 0x5f, 0x5f, 0x60, 0x60, 0x61, 0x61, 0x9e, 0x75, 0x62, 0x62, 0x62, 0x63, 0x63, 0x63, 0x63, 0x63, 0x63, 0x63, 0x63, 0x63, 0x63, 0x63, 0x63, 0x63, 0x63, 0x63, 0x63, 0x63, 0x63, 0x63, 0x63, 0x63, 0x63, 0x63, 0x63, 0x63, 0x63, 0x63, 0x63, 0x63, 0x63, 0x63, 0x63, 0x63, 0x63, 0x63, 
  0x63, 0x63, 0x63, 0x63, 0x63, 0x63, 0x63, 0x63, 0x63, 0x63, 0x63, 0x63, 0x63, 0x63, 0x63, 0x63, 0x63, 0x63, 0x63, 0x63, 0x63, 0x63, 0x63, 0x63, 0x63, 0x63, 0x63, 0x63, 0x63, 0x63, 0x63, 0x63, 0x63, 0x63, 0x63, 0x62, 0x62, 0x62, 0x62, 0x9e, 0x61, 0x61, 0x60, 0x61, 0x60, 0x5f, 0x5f, 0x5d, 0x5d, 0x5d, 0x5c, 0x5c, 0x5b, 0x5b, 0x5a, 0x59, 0x58, 0x58, 0x58, 0x73, 0x73, 0x73, 0x55, 0x56, 0x55, 0x54, 0x54, 0x53, 0x72, 0x52, 0x7c, 0x7c, 0x51, 0x98, 0x50, 0x4f, 0x7b, 0x7b, 0x4e, 0x4e, 0x96, 0x95, 0x4c, 0x7a, 0x7a, 0x4b, 0x4b, 0x94, 0x4a, 0x4a, 0x49, 0x49, 0x48, 0x48, 0x47, 0x70, 0x46, 0x46, 0x45, 0x45, 0x44, 0x43, 0x6f, 0x90, 0x42, 0x41, 0x41, 0x40, 0x3f, 0x3f, 0x8f, 0x3e, 0x3e, 0x3d, 0x3d, 0x3c, 0x3c, 0x3c, 0x6d, 0x8e, 0x3b, 0x3b, 0x3b, 0x3a, 0x3a, 0x39, 0x39, 0x38, 0x38, 0x8d, 0x37, 0x36, 0x36, 0x36, 0x36, 0x35, 0x35, 0x8c, 0x8c, 0xd1, 0x8b, 0x34, 0x34, 0x34, 0x33, 0x33, 0x33, 0x32, 0x33, 0x32, 0x31, 0xa6, 0x6a, 0x30, 0x30, 0x30, 0x2f, 0x2f, 0x2f, 0x2f, 0x2f, 0x2e, 0x2e, 0x2e, 0x2e, 0x2e, 0x2d, 0x2d, 0x2d, 0x2d, 0x2d, 0x2d, 0x2d, 0x2d, 0x89, 0x2c, 0x89, 0x2c, 0x89, 0x2c, 0x89, 0x2c, 0x88, 0x88, 0x88, 0x88, 0x88, 0x88, 0x89, 0x89, 0x2d, 0x2d, 0x2d, 0x2e, 0x2e, 0x2e, 0x2e, 0x2e, 0x2e, 0x2f, 0x2f, 0x2f, 0x30, 0x2f, 0x30, 0x2f, 0x8a, 0x30, 0x8a, 0x8a, 0xa6, 0x31, 0x31, 0x32, 0x32, 0x33, 0x33, 0x33, 0x34, 0x33, 0xd1, 0x8b, 0x35, 0x35, 0x35, 0x35, 0x36, 0x36, 0x36, 0x36, 0x37, 0x8d, 0x8d, 0x38, 0x38, 0x39, 0x3a, 0x39, 0x3a, 0x3a, 0x8e, 0x8e, 0x6d, 0x6d, 0x3c, 0x3d, 0x3d, 0x3e, 0x3e, 0x3e, 0x6e, 0x3f, 0x40, 0x40, 0x41, 0x41, 0x42, 0x42, 0x90, 0x91, 0x43, 0x45, 0x45, 0x45, 0x46, 0x46, 0x47, 0x47, 0x49, 0x49, 0x49, 0x4a, 0x4a, 0x94, 0x4b, 0x4b, 0x7a, 0x7a, 0x4c, 0x4c, 0x4d, 0x96, 0x4e, 0x4e, 0x7b, 0x7b, 0x97, 0x97, 0x51, 0x51, 0x7c, 0x7c, 0x52, 0xc1, 0x53, 0x54, 0x55, 0x56, 0x56, 0x73, 0x57, 0x57, 0x58, 0x59, 0x59, 0x5a, 0x5b, 0x5b, 0x5c, 0x5c, 0x5d, 0x5d, 0x9c, 0x9d, 0x5f, 0x60, 0x60, 0x60, 0x61, 0x61, 0x9e, 0x62, 0x62, 0x62, 0x63, 0x63, 0x63, 0x63, 0x63, 0x63, 0x63, 0x63, 0x63, 0x63, 0x63, 0x63, 0x63, 0x63, 0x63, 0x63, 0x63, 0x63, 0x63, 0x63, 0x63, 0x63, 0x63, 0x63, 0x63, 0x63, 0x63, 0x63, 0x63, 0x63, 0x63, 0x63, 0x63, 0x63, 0x63, 0x63, 
  0x63, 0x63, 0x63, 0x63, 0x63, 0x63, 0x63, 0x63, 0x63, 0x63, 0x63, 0x63, 0x63, 0x63, 0x63, 0x63, 0x63, 0x63, 0x63, 0x63, 0x63, 0x63, 0x63, 0x63, 0x63, 0x63, 0x63, 0x63, 0x63, 0x63, 0x63, 0x63, 0x63, 0x63, 0x63, 0x62, 0x63, 0x62, 0x62, 0x75, 0x9e, 0x61, 0x61, 0x60, 0x60, 0x5f, 0x5f, 0x9d, 0x5e, 0x5d, 0x5d, 0x5c, 0x5c, 0x5b, 0x5b, 0xa8, 0x59, 0x59, 0x58, 0x58, 0x57, 0x57, 0x73, 0x56, 0x56, 0x55, 0x54, 0x54, 0x53, 0x72, 0x52, 0x7c, 0x7c, 0x51, 0x98, 0x97, 0x97, 0x7b, 0x7b, 0x7b, 0x4e, 0x96, 0x4c, 0x95, 0x7a, 0x7a, 0x4b, 0x4b, 0x71, 0x93, 0x4a, 0x4a, 0x49, 0x49, 0x48, 0x47, 0x70, 0x46, 0x46, 0x45, 0x45, 0x44, 0x44, 0x43, 0x90, 0x42, 0x42, 0x41, 0x41, 0x40, 0x3f, 0x8f, 0xc0, 0x3e, 0x3e, 0x3d, 0x3d, 0x3c, 0x3c, 0x6d, 0x6d, 0x3b, 0x3b, 0x3b, 0x3a, 0x3a, 0x3a, 0x3a, 0x39, 0x38, 0x6c, 0x8d, 0x37, 0x37, 0x36, 0x36, 0x36, 0x36, 0x35, 0x35, 0x35, 0x8c, 0x34, 0x34, 0x34, 0x34, 0x33, 0x34, 0x32, 0x33, 0x32, 0x32, 0x31, 0x31, 0x8a, 0x8a, 0x8a, 0x30, 0x8a, 0x2f, 0x30, 0x2f, 0x2f, 0x2f, 0x2f, 0x2f, 0x2f, 0x2e, 0x2f, 0x2e, 0x2e, 0x2e, 0x2e, 0x2e, 0x2e, 0x2e, 0x2e, 0x2e, 0x2e, 0x2e, 0x2d, 0x2d, 0x2e, 0x2d, 0x2d, 0x2e, 0x2e, 0x2e, 0x2e, 0x2e, 0x2e, 0x2e, 0x2e, 0x2e, 0x2f, 0x2f, 0x2f, 0x2f, 0x30, 0x2f, 0x30, 0x2f, 0x30, 0x30, 0x30, 0x8a, 0x6a, 0xa6, 0x31, 0x32, 0x32, 0x32, 0x33, 0x33, 0x33, 0x33, 0x34, 0x34, 0xd1, 0x35, 0xd1, 0x36, 0x35, 0x36, 0x36, 0x36, 0x36, 0x37, 0x37, 0x6c, 0x8d, 0x38, 0x38, 0x39, 0x39, 0x3a, 0x3a, 0x3b, 0x8e, 0xbf, 0x6d, 0x6d, 0x3c, 0x3c, 0x3d, 0x3d, 0x3e, 0x3e, 0x6e, 0x3f, 0x40, 0x40, 0x41, 0x42, 0x41, 0x42, 0x90, 0x91, 0x43, 0x44, 0x45, 0x45, 0x45, 0x46, 0x70, 0x47, 0x48, 0x48, 0x49, 0x49, 0x4a, 0x94, 0x71, 0x4b, 0x4b, 0x7a, 0x7a, 0x4c, 0x4c, 0x4c, 0x4e, 0x4e, 0x7b, 0x7b, 0x7b, 0x97, 0x97, 0x51, 0x51, 0x7c, 0x7c, 0xc1, 0x99, 0x54, 0x54, 0x55, 0x55, 0x56, 0x56, 0x57, 0x57, 0x58, 0x58, 0x59, 0x59, 0x5b, 0x5b, 0x5c, 0x5c, 0x5c, 0x5d, 0x9c, 0x9d, 0x5f, 0x5f, 0x60, 0x60, 0x61, 0x61, 0x9e, 0x75, 0x62, 0x62, 0x63, 0x62, 0x63, 0x63, 0x63, 0x63, 0x63, 0x63, 0x63, 0x63, 0x63, 0x63, 0x63, 0x63, 0x63, 0x63, 0x63, 0x63, 0x63, 0x63, 0x63, 0x63, 0x63, 0x63, 0x63, 0x63, 0x63, 0x63, 0x63, 0x63, 0x63, 0x63, 0x63, 0x63, 0x63, 0x63, 0x63, 
  0x63, 0x63, 0x63, 0x63, 0x63, 0x63, 0x63, 0x63, 0x63, 0x63, 0x63, 0x63, 0x63, 0x63, 0x63, 0x63, 0x63, 0x63, 0x63, 0x63, 0x63, 0x63, 0x63, 0x63, 0x63, 0x63, 0x63, 0x63, 0x63, 0x63, 0x63, 0x63, 0x63, 0x63, 0x63, 0x63, 0x62, 0x63, 0x62, 0x62, 0x75, 0x61, 0x61, 0x61, 0x60, 0x60, 0x5f, 0x5f, 0x9d, 0x5e, 0x5d, 0x5c, 0x5c, 0x5c, 0x5b, 0xa8, 0x5a, 0x59, 0x58, 0x58, 0x57, 0x57, 0x73, 0x73, 0x55, 0x56, 0x54, 0x55, 0x53, 0x53, 0x52, 0x52, 0x7c, 0x7c, 0x51, 0x51, 0x97, 0x4f, 0x4f, 0x4e, 0x7b, 0x4e, 0x96, 0x95, 0x4c, 0x7a, 0x7a, 0x7a, 0x4b, 0x71, 0x94, 0x4a, 0x4a, 0x49, 0x49, 0x48, 0x47, 0x47, 0x46, 0x46, 0x46, 0x45, 0x45, 0x44, 0x43, 0x6f, 0x42, 0x41, 0x41, 0x41, 0x40, 0x40, 0x3f, 0x6e, 0x6e, 0x3e, 0x3d, 0x3d, 0x3d, 0x3c, 0x3c, 0x6d, 0x6d, 0x8e, 0x3b, 0x3b, 0x3a, 0x3a, 0x3a, 0x39, 0x39, 0x38, 0x38, 0xbe, 0x37, 0x37, 0x36, 0x37, 0x36, 0x36, 0x36, 0x35, 0x36, 0xd1, 0x8c, 0x34, 0x34, 0x34, 0x34, 0x33, 0x33, 0x33, 0x33, 0x32, 0x32, 0x31, 0x31, 0xa6, 0xa6, 0x6a, 0x8a, 0x30, 0x8a, 0x30, 0x30, 0x2f, 0x30, 0x2f, 0x2f, 0x30, 0x2f, 0x2f, 0x2f, 0x2f, 0x2f, 0x2f, 0x2f, 0x2f, 0x2f, 0x2f, 0x2f, 0x2f, 0x2f, 0x2f, 0x2f, 0x2f, 0x2f, 0x2f, 0x2f, 0x2f, 0x2f, 0x2f, 0x2f, 0x2f, 0x30, 0x2f, 0x30, 0x2f, 0x30, 0x30, 0x6a, 0x6a, 0x6a, 0x31, 0x31, 0x31, 0x32, 0x32, 0x32, 0x33, 0x33, 0x33, 0x34, 0x34, 0x34, 0x8b, 0xd1, 0x8c, 0x35, 0x35, 0x35, 0x36, 0x36, 0x36, 0x36, 0x37, 0x37, 0x37, 0x6c, 0x38, 0x39, 0x39, 0x3a, 0x3a, 0x3a, 0x3b, 0x3b, 0x3b, 0x3b, 0x6d, 0x3c, 0x3c, 0x3d, 0x3d, 0x3d, 0xc0, 0x3e, 0x6e, 0x3f, 0x40, 0x40, 0x41, 0x41, 0x42, 0x42, 0x6f, 0x43, 0x44, 0x44, 0x45, 0x45, 0x92, 0x92, 0x70, 0x47, 0x48, 0x49, 0x49, 0x4a, 0x4a, 0x4a, 0x71, 0x4b, 0x4b, 0x7a, 0x7a, 0x4c, 0x4c, 0x4d, 0x96, 0x4e, 0x7b, 0x7b, 0x4f, 0x4f, 0x98, 0x51, 0x51, 0x7c, 0x7c, 0xc1, 0x99, 0x53, 0x54, 0x55, 0x55, 0x56, 0x56, 0x57, 0x57, 0x58, 0x58, 0x59, 0x59, 0xa8, 0x5b, 0x5b, 0x5c, 0x5c, 0x9c, 0x9c, 0x9d, 0x5f, 0x5f, 0x60, 0x60, 0x61, 0x61, 0x9e, 0x75, 0x62, 0x62, 0x63, 0x62, 0x63, 0x63, 0x63, 0x63, 0x63, 0x63, 0x63, 0x63, 0x63, 0x63, 0x63, 0x63, 0x63, 0x63, 0x63, 0x63, 0x63, 0x63, 0x63, 0x63, 0x63, 0x63, 0x63, 0x63, 0x63, 0x63, 0x63, 0x63, 0x63, 0x63, 0x63, 0x63, 0x63, 0x63, 0x63, 0x63, 
  0x63, 0x63, 0x63, 0x63, 0x63, 0x63, 0x63, 0x63, 0x63, 0x63, 0x63, 0x63, 0x63, 0x63, 0x63, 0x63, 0x63, 0x63, 0x63, 0x63, 0x63, 0x63, 0x63, 0x63, 0x63, 0x63, 0x63, 0x63, 0x63, 0x63, 0x63, 0x63, 0x63, 0x63, 0x63, 0x63, 0x63, 0x62, 0x63, 0x62, 0x62, 0x9e, 0x9e, 0x60, 0x61, 0x60, 0x60, 0x5f, 0x5f, 0x5e, 0x9c, 0x9c, 0x5c, 0x5c, 0x5b, 0x5b, 0xa8, 0x9b, 0x59, 0x58, 0x58, 0x57, 0x57, 0x73, 0x56, 0x56, 0x55, 0x55, 0x54, 0x54, 0x72, 0x52, 0x52, 0x7c, 0x7c, 0x51, 0x98, 0x97, 0x4f, 0x4f, 0x7b, 0x4e, 0x4e, 0x96, 0x4d, 0x4c, 0x4c, 0x7a, 0x7a, 0x4b, 0x71, 0x94, 0x4a, 0x4a, 0x49, 0x49, 0x48, 0x48, 0x47, 0x70, 0x46, 0x46, 0x45, 0x45, 0x44, 0x43, 0x91, 0x42, 0x42, 0x41, 0x41, 0x40, 0x40, 0x40, 0x3f, 0xc0, 0x6e, 0x3d, 0x3e, 0x3d, 0x3d, 0x3c, 0x3c, 0x3c, 0x8e, 0x8e, 0x3b, 0x3b, 0x3a, 0x3a, 0x3a, 0x39, 0x39, 0x38, 0x6c, 0x6c, 0x37, 0x37, 0x36, 0x36, 0x36, 0x36, 0x36, 0x36, 0x35, 0x35, 0x35, 0x34, 0x34, 0x34, 0x34, 0x33, 0x33, 0x33, 0x33, 0x33, 0x32, 0x32, 0x32, 0x31, 0x31, 0xa6, 0x6a, 0x8a, 0x6a, 0x8a, 0x8a, 0x30, 0x6a, 0x2f, 0x30, 0x30, 0x30, 0x30, 0x30, 0x2f, 0x2f, 0x30, 0x2f, 0x2f, 0x2f, 0x2f, 0x2f, 0x2f, 0x2f, 0x2f, 0x2f, 0x2f, 0x30, 0x30, 0x30, 0x30, 0x30, 0x30, 0x30, 0x8a, 0x6a, 0x31, 0xa6, 0x31, 0x31, 0x31, 0x32, 0x32, 0x32, 0x33, 0x33, 0x33, 0x33, 0x34, 0x33, 0x34, 0x34, 0xd1, 0x8c, 0x35, 0x35, 0x35, 0x36, 0x36, 0x36, 0x36, 0x36, 0x37, 0x37, 0x6c, 0x38, 0x38, 0x38, 0x39, 0x3a, 0x3a, 0x3a, 0x3b, 0x3a, 0xbf, 0x8e, 0x6d, 0x3c, 0x3c, 0x3c, 0x3d, 0x3d, 0x3e, 0xc0, 0x6e, 0x6e, 0x40, 0x40, 0x41, 0x41, 0x41, 0x42, 0x90, 0x6f, 0x44, 0x44, 0x45, 0x45, 0x45, 0x92, 0x46, 0xa7, 0x47, 0x48, 0x49, 0x49, 0x49, 0x4a, 0x94, 0x71, 0x4b, 0x7a, 0x7a, 0x4c, 0x4c, 0x4d, 0x4d, 0x4e, 0x4e, 0x7b, 0x7b, 0x7b, 0x4f, 0x97, 0x51, 0x51, 0x7c, 0x7c, 0x52, 0x99, 0x53, 0x53, 0x54, 0x55, 0x56, 0x73, 0x73, 0x57, 0x58, 0x58, 0x59, 0x59, 0x5a, 0x5b, 0x5b, 0x5c, 0x5c, 0x5d, 0x5d, 0x9c, 0x5f, 0x5f, 0x60, 0x60, 0x60, 0x61, 0x9e, 0x9e, 0x62, 0x62, 0x63, 0x62, 0x63, 0x63, 0x63, 0x63, 0x63, 0x63, 0x63, 0x63, 0x63, 0x63, 0x63, 0x63, 0x63, 0x63, 0x63, 0x63, 0x63, 0x63, 0x63, 0x63, 0x63, 0x63, 0x63, 0x63, 0x63, 0x63, 0x63, 0x63, 0x63, 0x63, 0x63, 0x63, 0x63, 0x63, 0x63, 0x63, 0x63, 
  0x63, 0x63, 0x63, 0x63, 0x63, 0x63, 0x63, 0x63, 0x63, 0x63, 0x63, 0x63, 0x63, 0x63, 0x63, 0x63, 0x63, 0x63, 0x63, 0x63, 0x63, 0x63, 0x63, 0x63, 0x63, 0x63, 0x63, 0x63, 0x63, 0x63, 0x63, 0x63, 0x63, 0x63, 0x63, 0x63, 0x63, 0x63, 0x62, 0x62, 0x62, 0x75, 0x9e, 0x61, 0x61, 0x60, 0x61, 0x5f, 0x5f, 0x9d, 0x5e, 0x5d, 0x5d, 0x5c, 0x5c, 0x5b, 0x5b, 0x9b, 0x59, 0x59, 0x58, 0x58, 0x57, 0x57, 0x73, 0x56, 0x56, 0x55, 0x55, 0x54, 0x53, 0x53, 0x52, 0x52, 0x7c, 0x7c, 0x51, 0x98, 0x97, 0x4f, 0x7b, 0x7b, 0x7b, 0x4e, 0x96, 0x4d, 0x4c, 0x4c, 0x7a, 0x7a, 0x4b, 0x4b, 0x4a, 0x4a, 0x4a, 0x49, 0x49, 0x49, 0x48, 0x47, 0x70, 0x46, 0x45, 0x45, 0x45, 0x44, 0x44, 0x43, 0x42, 0x42, 0x41, 0x42, 0x41, 0x40, 0x40, 0x40, 0x3f, 0x6e, 0x3e, 0x3e, 0x3d, 0x3d, 0x3d, 0x3c, 0x3c, 0x6d, 0x6d, 0x8e, 0x3b, 0x3b, 0x3a, 0x3a, 0x3a, 0x3a, 0x39, 0x38, 0x38, 0x8d, 0x6c, 0x37, 0x37, 0x36, 0x36, 0x36, 0x36, 0x36, 0x35, 0x35, 0x35, 0x6b, 0xd1, 0x8b, 0x8b, 0x34, 0x33, 0x33, 0x33, 0x33, 0x33, 0x32, 0x33, 0x32, 0x32, 0x32, 0x32, 0x32, 0x31, 0x31, 0x31, 0xa6, 0x6a, 0x31, 0x6a, 0x30, 0x6a, 0x8a, 0x8a, 0x30, 0x30, 0x8a, 0x8a, 0x8a, 0x8a, 0x8a, 0x30, 0x8a, 0x6a, 0x8a, 0x6a, 0x8a, 0x6a, 0x8a, 0x31, 0x31, 0x31, 0x31, 0x31, 0x32, 0x32, 0x32, 0x32, 0x33, 0x33, 0x33, 0x33, 0x33, 0x33, 0x33, 0x8b, 0x33, 0x8c, 0x8b, 0x8c, 0x35, 0x35, 0x35, 0x36, 0x36, 0x36, 0x36, 0x36, 0x6c, 0x37, 0x6c, 0x38, 0x38, 0x39, 0x39, 0x3a, 0x3a, 0x3a, 0x3a, 0xbf, 0xbf, 0x8e, 0x6d, 0x6d, 0x3c, 0x3c, 0x3d, 0x3d, 0x3e, 0x3e, 0x3e, 0x6e, 0x3f, 0x40, 0x40, 0x41, 0x41, 0x42, 0x42, 0x90, 0x43, 0x43, 0x44, 0x45, 0x45, 0x46, 0x46, 0x92, 0x47, 0x47, 0x48, 0x49, 0x49, 0x4a, 0x4a, 0x71, 0x4b, 0x4b, 0x7a, 0x7a, 0x7a, 0x4c, 0x4c, 0x96, 0x4e, 0x4e, 0x7b, 0x7b, 0x4f, 0x4f, 0x98, 0x51, 0x51, 0x7c, 0x7c, 0xc1, 0x99, 0x53, 0x54, 0x55, 0x55, 0x56, 0x56, 0x73, 0x57, 0x58, 0x58, 0x59, 0x59, 0x5a, 0x5b, 0x5b, 0x5c, 0x5c, 0x5d, 0x5d, 0x5e, 0x9d, 0x5f, 0x60, 0x60, 0x60, 0x61, 0x61, 0x75, 0x62, 0x62, 0x62, 0x62, 0x63, 0x63, 0x63, 0x63, 0x63, 0x63, 0x63, 0x63, 0x63, 0x63, 0x63, 0x63, 0x63, 0x63, 0x63, 0x63, 0x63, 0x63, 0x63, 0x63, 0x63, 0x63, 0x63, 0x63, 0x63, 0x63, 0x63, 0x63, 0x63, 0x63, 0x63, 0x63, 0x63, 0x63, 0x63, 0x63, 0x63, 0x63, 
  0x63, 0x63, 0x63, 0x63, 0x63, 0x63, 0x63, 0x63, 0x63, 0x63, 0x63, 0x63, 0x63, 0x63, 0x63, 0x63, 0x63, 0x63, 0x63, 0x63, 0x63, 0x63, 0x63, 0x63, 0x63, 0x63, 0x63, 0x63, 0x63, 0x63, 0x63, 0x63, 0x63, 0x63, 0x63, 0x63, 0x63, 0x63, 0x62, 0x63, 0x62, 0x62, 0x75, 0x61, 0x61, 0x61, 0x60, 0x60, 0x5f, 0x5f, 0x9d, 0x5e, 0x5d, 0x5d, 0x5c, 0x5c, 0x5b, 0xa8, 0xd9, 0x59, 0x59, 0x58, 0x58, 0x57, 0x57, 0x73, 0x56, 0x56, 0x55, 0x55, 0x54, 0x53, 0x72, 0x52, 0x52, 0x7c, 0x7c, 0x51, 0x98, 0x98, 0x4f, 0x4f, 0x7b, 0x7b, 0x4e, 0x4e, 0x4d, 0x4c, 0x4c, 0x7a, 0x7a, 0x4b, 0x4b, 0x71, 0x94, 0x4a, 0x4a, 0x49, 0x49, 0x48, 0x47, 0x47, 0x70, 0x92, 0x45, 0x45, 0x45, 0x44, 0x43, 0x91, 0x42, 0x42, 0x41, 0x41, 0x41, 0x40, 0x40, 0x3f, 0x6e, 0x6e, 0x3e, 0x3e, 0x3d, 0x3d, 0x3d, 0x3c, 0x3c, 0x6d, 0x6d, 0x8e, 0xbf, 0x3b, 0x3b, 0x3a, 0x3a, 0x39, 0x39, 0x39, 0x38, 0x38, 0x6c, 0x37, 0x37, 0x37, 0x36, 0x36, 0x36, 0x36, 0x36, 0x35, 0x35, 0x35, 0x35, 0xd1, 0x8b, 0x8b, 0x34, 0x8b, 0x33, 0x34, 0x33, 0x33, 0x33, 0x33, 0x33, 0x32, 0x32, 0x32, 0x32, 0x32, 0x32, 0x32, 0x32, 0x31, 0x31, 0x31, 0x31, 0x31, 0x31, 0x31, 0x31, 0x31, 0x31, 0x8a, 0x31, 0x31, 0x31, 0x31, 0x31, 0x31, 0x31, 0x32, 0x32, 0x32, 0x32, 0x33, 0x32, 0x33, 0x33, 0x33, 0x33, 0x33, 0x33, 0x33, 0x34, 0x8b, 0x8b, 0x8b, 0x8c, 0x35, 0x35, 0x36, 0x35, 0x36, 0x36, 0x36, 0x36, 0x36, 0x37, 0x37, 0xbe, 0x6c, 0x38, 0x38, 0x39, 0x39, 0x3a, 0x3a, 0x3a, 0x3b, 0x8e, 0xbf, 0x8e, 0x6d, 0x3c, 0x3c, 0x3d, 0x3d, 0x3e, 0x3d, 0x3e, 0x3e, 0x6e, 0x3f, 0x40, 0x40, 0x41, 0x41, 0x42, 0x42, 0x6f, 0x43, 0x43, 0x44, 0x45, 0x45, 0x45, 0x46, 0x92, 0x70, 0x47, 0x48, 0x48, 0x49, 0x49, 0x4a, 0x4a, 0x4a, 0x4b, 0x4b, 0x7a, 0x7a, 0x4c, 0x4c, 0x4d, 0xd7, 0x4e, 0x4e, 0x7b, 0x7b, 0x4f, 0x97, 0xd8, 0x98, 0x7c, 0x7c, 0x52, 0xc1, 0x72, 0x53, 0x54, 0x55, 0x55, 0x56, 0x56, 0x73, 0x57, 0x57, 0x58, 0x58, 0x59, 0x59, 0x5b, 0x5b, 0x5c, 0x5c, 0x5d, 0x5d, 0x5d, 0x5f, 0x5f, 0x60, 0x60, 0x60, 0x61, 0x61, 0x75, 0x75, 0x62, 0x62, 0x63, 0x63, 0x63, 0x63, 0x63, 0x63, 0x63, 0x63, 0x63, 0x63, 0x63, 0x63, 0x63, 0x63, 0x63, 0x63, 0x63, 0x63, 0x63, 0x63, 0x63, 0x63, 0x63, 0x63, 0x63, 0x63, 0x63, 0x63, 0x63, 0x63, 0x63, 0x63, 0x63, 0x63, 0x63, 0x63, 0x63, 0x63, 0x63, 0x63, 
  0x63, 0x63, 0x63, 0x63, 0x63, 0x63, 0x63, 0x63, 0x63, 0x63, 0x63, 0x63, 0x63, 0x63, 0x63, 0x63, 0x63, 0x63, 0x63, 0x63, 0x63, 0x63, 0x63, 0x63, 0x63, 0x63, 0x63, 0x63, 0x63, 0x63, 0x63, 0x63, 0x63, 0x63, 0x63, 0x63, 0x63, 0x63, 0x63, 0x62, 0x63, 0x62, 0x62, 0x75, 0x9e, 0x61, 0x61, 0x60, 0x60, 0x5f, 0x5f, 0x9d, 0x9c, 0x5d, 0x5c, 0x5c, 0x5c, 0x5b, 0xa8, 0x5a, 0x59, 0x59, 0x58, 0x58, 0x57, 0x57, 0x73, 0x56, 0x56, 0x55, 0x55, 0x54, 0x53, 0x72, 0x52, 0x7c, 0x7c, 0x7c, 0x51, 0x98, 0x97, 0x4f, 0x4f, 0x7b, 0x7b, 0x4e, 0x4e, 0x95, 0x95, 0x4c, 0x7a, 0x7a, 0x4b, 0x4b, 0x71, 0x94, 0x4a, 0x4a, 0x49, 0x49, 0x48, 0x48, 0x92, 0x92, 0x46, 0x45, 0x45, 0x45, 0x44, 0x43, 0x43, 0x6f, 0x90, 0x42, 0x42, 0x41, 0x41, 0x40, 0x40, 0x3f, 0x3f, 0x3e, 0x3e, 0x3d, 0x3d, 0x3d, 0x3d, 0x3c, 0x3c, 0x3c, 0x8e, 0x8e, 0x3b, 0x3b, 0x3a, 0x3b, 0x3a, 0x3a, 0x39, 0x39, 0x39, 0x38, 0x6c, 0x6c, 0xbe, 0x37, 0x37, 0x36, 0x36, 0x36, 0x36, 0x35, 0x35, 0x35, 0x35, 0x8c, 0x8c, 0xd1, 0x8b, 0x34, 0x34, 0x34, 0x33, 0x33, 0x34, 0x33, 0x34, 0x33, 0x34, 0x32, 0x33, 0x33, 0x33, 0x32, 0x33, 0x33, 0x32, 0x32, 0x32, 0x32, 0x32, 0x32, 0x32, 0x32, 0x32, 0x32, 0x32, 0x33, 0x32, 0x32, 0x33, 0x33, 0x33, 0x33, 0x33, 0x33, 0x33, 0x33, 0x33, 0x34, 0x34, 0x34, 0x8b, 0x8c, 0xd1, 0x8c, 0xd1, 0x35, 0x35, 0x35, 0x36, 0x35, 0x36, 0x36, 0x36, 0x37, 0x37, 0xbe, 0x6c, 0x38, 0x38, 0x38, 0x39, 0x39, 0x39, 0x3a, 0x3a, 0x3b, 0x3a, 0x8e, 0x3b, 0x6d, 0x3c, 0x3c, 0x3c, 0x3d, 0x3d, 0x3d, 0x3e, 0x3e, 0x6e, 0x3f, 0x40, 0x40, 0x40, 0x41, 0x41, 0x42, 0x42, 0x6f, 0x43, 0x44, 0x44, 0x45, 0x45, 0x45, 0x46, 0x92, 0x47, 0x47, 0x48, 0x49, 0x49, 0x49, 0x4a, 0x4a, 0x94, 0x4b, 0x4b, 0x7a, 0x7a, 0x4c, 0x4c, 0x4d, 0x96, 0x4e, 0x4e, 0x7b, 0x7b, 0x4f, 0x4f, 0x98, 0x51, 0x51, 0x7c, 0x7c, 0xc1, 0x52, 0x53, 0x54, 0x55, 0x55, 0x56, 0x56, 0x73, 0x57, 0x57, 0x58, 0x59, 0x59, 0x5a, 0xa8, 0x5b, 0x5c, 0x5c, 0x5c, 0x9c, 0x5d, 0x9d, 0x5f, 0x5f, 0x60, 0x60, 0x61, 0x61, 0x9e, 0x75, 0x62, 0x62, 0x63, 0x62, 0x63, 0x63, 0x63, 0x63, 0x63, 0x63, 0x63, 0x63, 0x63, 0x63, 0x63, 0x63, 0x63, 0x63, 0x63, 0x63, 0x63, 0x63, 0x63, 0x63, 0x63, 0x63, 0x63, 0x63, 0x63, 0x63, 0x63, 0x63, 0x63, 0x63, 0x63, 0x63, 0x63, 0x63, 0x63, 0x63, 0x63, 0x63, 0x63, 
  0x63, 0x63, 0x63, 0x63, 0x63, 0x63, 0x63, 0x63, 0x63, 0x63, 0x63, 0x63, 0x63, 0x63, 0x63, 0x63, 0x63, 0x63, 0x63, 0x63, 0x63, 0x63, 0x63, 0x63, 0x63, 0x63, 0x63, 0x63, 0x63, 0x63, 0x63, 0x63, 0x63, 0x63, 0x63, 0x63, 0x63, 0x63, 0x63, 0x63, 0x62, 0x63, 0x62, 0x62, 0x61, 0xc3, 0x60, 0x61, 0x60, 0x60, 0x5f, 0x9d, 0x5e, 0x5d, 0x5d, 0x5c, 0x5c, 0x5b, 0x5b, 0xa8, 0x5a, 0x59, 0x59, 0x58, 0x58, 0x57, 0x57, 0x73, 0x56, 0x56, 0x55, 0x55, 0x54, 0x53, 0x99, 0x53, 0x7c, 0x7c, 0x7c, 0x51, 0x98, 0x97, 0x4f, 0x4f, 0x7b, 0x7b, 0x4e, 0x4e, 0x96, 0x4c, 0x4c, 0x4c, 0x7a, 0x7a, 0x4b, 0x4b, 0x71, 0x4a, 0x4a, 0x49, 0x49, 0x48, 0x48, 0x47, 0x70, 0x46, 0x46, 0x45, 0x45, 0x44, 0x44, 0x44, 0x44, 0x6f, 0x42, 0x42, 0x41, 0x41, 0x41, 0x40, 0x40, 0x3f, 0x6e, 0x8f, 0x3e, 0x3e, 0x3d, 0x3d, 0x3d, 0x3c, 0x3c, 0x3c, 0x6d, 0x8e, 0xbf, 0x3b, 0x3a, 0x3b, 0x3a, 0x3a, 0x39, 0x39, 0x39, 0x38, 0x38, 0x37, 0x37, 0x37, 0x8d, 0x36, 0x36, 0x36, 0x36, 0x36, 0x36, 0x35, 0x35, 0x35, 0x35, 0x35, 0xd1, 0xd1, 0xd1, 0x8c, 0x8b, 0xd1, 0x34, 0xd1, 0x33, 0x34, 0x34, 0x33, 0x33, 0x34, 0x33, 0x33, 0x33, 0x33, 0x33, 0x33, 0x33, 0x33, 0x33, 0x33, 0x33, 0x33, 0x33, 0x33, 0x33, 0x34, 0x33, 0x33, 0x34, 0x34, 0x34, 0x34, 0x8b, 0xd1, 0x8b, 0x34, 0x8b, 0x8c, 0x35, 0x35, 0x35, 0x35, 0x36, 0x36, 0x36, 0x36, 0x37, 0x36, 0x37, 0x37, 0x37, 0x37, 0x6c, 0x38, 0x38, 0x39, 0x39, 0x3a, 0x3a, 0x3a, 0x3a, 0x3b, 0x3b, 0xbf, 0x6d, 0x6d, 0x6d, 0x3c, 0x3c, 0x3d, 0x3d, 0x3d, 0x3e, 0xc0, 0x6e, 0x3f, 0x3f, 0x40, 0x41, 0x40, 0x42, 0x41, 0x90, 0x6f, 0x6f, 0x44, 0x44, 0x44, 0x45, 0x45, 0x46, 0x92, 0x70, 0x47, 0x48, 0x48, 0x49, 0x49, 0x4a, 0x4a, 0x94, 0x71, 0x4b, 0x7a, 0x7a, 0x7a, 0x4c, 0x4c, 0x4d, 0x96, 0x4e, 0x7b, 0x7b, 0x7b, 0x4f, 0x97, 0x97, 0x51, 0x51, 0x7c, 0x7c, 0x52, 0x72, 0x53, 0x54, 0x55, 0x55, 0x56, 0x56, 0x56, 0x57, 0x57, 0x58, 0x59, 0x59, 0x5a, 0xa8, 0x5b, 0x5b, 0x5c, 0x5c, 0x5d, 0x5d, 0x9c, 0x5f, 0x5f, 0x60, 0x60, 0x61, 0x61, 0x61, 0x75, 0x62, 0x75, 0x63, 0x62, 0x63, 0x63, 0x63, 0x63, 0x63, 0x63, 0x63, 0x63, 0x63, 0x63, 0x63, 0x63, 0x63, 0x63, 0x63, 0x63, 0x63, 0x63, 0x63, 0x63, 0x63, 0x63, 0x63, 0x63, 0x63, 0x63, 0x63, 0x63, 0x63, 0x63, 0x63, 0x63, 0x63, 0x63, 0x63, 0x63, 0x63, 0x63, 0x63, 0x63, 
  0x63, 0x63, 0x63, 0x63, 0x63, 0x63, 0x63, 0x63, 0x63, 0x63, 0x63, 0x63, 0x63, 0x63, 0x63, 0x63, 0x63, 0x63, 0x63, 0x63, 0x63, 0x63, 0x63, 0x63, 0x63, 0x63, 0x63, 0x63, 0x63, 0x63, 0x63, 0x63, 0x63, 0x63, 0x63, 0x63, 0x63, 0x63, 0x63, 0x63, 0x63, 0x62, 0x63, 0x75, 0x62, 0x9e, 0x61, 0x61, 0x60, 0x60, 0x60, 0x5f, 0x5f, 0x5d, 0x5d, 0x5d, 0x5c, 0x5c, 0x5b, 0x5b, 0xd9, 0x9b, 0x59, 0x59, 0x58, 0x58, 0x57, 0x57, 0x73, 0xc2, 0x56, 0x55, 0x55, 0x54, 0x53, 0x53, 0x52, 0x52, 0x7c, 0x7c, 0x51, 0x51, 0x50, 0x4f, 0x4f, 0x7b, 0x7b, 0x4e, 0x4e, 0x96, 0x4d, 0x4c, 0x4c, 0x7a, 0x7a, 0x4b, 0x4b, 0x71, 0x94, 0x4a, 0x4a, 0x49, 0x49, 0x48, 0x47, 0x47, 0x46, 0x46, 0x46, 0x45, 0x45, 0x44, 0x44, 0x44, 0x43, 0x6f, 0x42, 0x42, 0x41, 0x41, 0x41, 0x40, 0x40, 0x3f, 0x3f, 0x3e, 0x8f, 0x3e, 0x3d, 0x3d, 0x3d, 0x3c, 0x3c, 0x3c, 0x6d, 0x8e, 0x3b, 0x3b, 0x3b, 0x3a, 0x3b, 0x3a, 0x3a, 0x39, 0x39, 0x39, 0x38, 0x6c, 0x6c, 0x38, 0x37, 0x37, 0x37, 0x36, 0x36, 0x36, 0x36, 0x36, 0x36, 0x36, 0x35, 0x35, 0x35, 0x35, 0x35, 0x35, 0x35, 0x8c, 0x8c, 0xd1, 0xd1, 0x8c, 0x34, 0x34, 0x34, 0x8b, 0x34, 0x34, 0x33, 0x34, 0x33, 0x34, 0x34, 0x34, 0x34, 0x34, 0x34, 0x34, 0x34, 0x34, 0x34, 0x34, 0x34, 0x34, 0x34, 0xd1, 0x8c, 0x35, 0x35, 0x35, 0x35, 0x36, 0x35, 0x36, 0x36, 0x36, 0x36, 0x36, 0x36, 0x37, 0x37, 0x37, 0x6c, 0x38, 0x6c, 0x39, 0x39, 0x39, 0x39, 0x3a, 0x3a, 0x3a, 0x3b, 0x3b, 0x3b, 0x8e, 0x8e, 0x6d, 0x3c, 0x3c, 0x3d, 0x3d, 0x3d, 0x3e, 0x3d, 0x6e, 0xc0, 0x3f, 0x40, 0x40, 0x40, 0x41, 0x41, 0x41, 0x42, 0x42, 0x6f, 0x43, 0x44, 0x44, 0x45, 0x45, 0x45, 0x92, 0x46, 0xa7, 0x48, 0x48, 0x49, 0x49, 0x4a, 0x4a, 0x4a, 0x71, 0x4b, 0x4b, 0x7a, 0x7a, 0x4c, 0x4c, 0x4c, 0xd7, 0x4e, 0x4e, 0x7b, 0x7b, 0x7b, 0x97, 0x97, 0x50, 0x51, 0x7c, 0x7c, 0x7c, 0x72, 0x72, 0x53, 0x54, 0x55, 0x55, 0x56, 0x56, 0x73, 0x57, 0x58, 0x58, 0x59, 0x59, 0x5a, 0xa8, 0x5b, 0x5b, 0x5c, 0x5c, 0x9c, 0x5d, 0x9d, 0x5f, 0x5f, 0x60, 0x60, 0x61, 0x61, 0x9e, 0x75, 0x62, 0x62, 0x62, 0x63, 0x63, 0x63, 0x63, 0x63, 0x63, 0x63, 0x63, 0x63, 0x63, 0x63, 0x63, 0x63, 0x63, 0x63, 0x63, 0x63, 0x63, 0x63, 0x63, 0x63, 0x63, 0x63, 0x63, 0x63, 0x63, 0x63, 0x63, 0x63, 0x63, 0x63, 0x63, 0x63, 0x63, 0x63, 0x63, 0x63, 0x63, 0x63, 0x63, 0x63, 0x63, 
  0x63, 0x63, 0x63, 0x63, 0x63, 0x63, 0x63, 0x63, 0x63, 0x63, 0x63, 0x63, 0x63, 0x63, 0x63, 0x63, 0x63, 0x63, 0x63, 0x63, 0x63, 0x63, 0x63, 0x63, 0x63, 0x63, 0x63, 0x63, 0x63, 0x63, 0x63, 0x63, 0x63, 0x63, 0x63, 0x63, 0x63, 0x63, 0x63, 0x63, 0x63, 0x63, 0x62, 0x62, 0x62, 0x75, 0x9e, 0x61, 0x61, 0x61, 0x60, 0x5f, 0x5f, 0x9d, 0x5e, 0x5d, 0x5d, 0x5c, 0x5c, 0x5b, 0x5b, 0x5a, 0x5a, 0x59, 0x59, 0x58, 0x58, 0x57, 0x57, 0x73, 0x56, 0x56, 0x55, 0x55, 0x54, 0x53, 0x72, 0x52, 0x52, 0x7c, 0x7c, 0x51, 0xd8, 0x50, 0x4f, 0x4f, 0x4f, 0x7b, 0x7b, 0x7b, 0x96, 0x4d, 0x4c, 0x4c, 0x7a, 0x7a, 0x4b, 0x4b, 0x71, 0x93, 0x4a, 0x93, 0x49, 0x49, 0x48, 0x48, 0x47, 0x70, 0x70, 0x46, 0x46, 0x45, 0x45, 0x44, 0x44, 0x44, 0x43, 0x6f, 0x42, 0x42, 0x41, 0x41, 0x40, 0x40, 0x3f, 0x3f, 0x6e, 0x6e, 0x3e, 0x3e, 0x3d, 0x3d, 0x3d, 0x3c, 0x3c, 0x3c, 0x6d, 0xd2, 0x3b, 0x3b, 0x3b, 0x3a, 0x3b, 0x3a, 0x3a, 0x3a, 0x39, 0x39, 0x39, 0x38, 0x38, 0x6c, 0x6c, 0x37, 0x37, 0x37, 0x36, 0x37, 0x36, 0x36, 0x36, 0x36, 0x36, 0x36, 0x36, 0x36, 0x36, 0x35, 0x35, 0x35, 0x35, 0x35, 0x35, 0x35, 0x8c, 0x8c, 0x8b, 0x8c, 0x8c, 0xd1, 0x8c, 0xd1, 0x8b, 0xd1, 0x34, 0x34, 0xd1, 0x34, 0x6b, 0x6b, 0x6b, 0x6b, 0x35, 0xd1, 0x36, 0x35, 0x35, 0x35, 0x36, 0x36, 0x36, 0x36, 0x36, 0x37, 0x36, 0x37, 0x37, 0x37, 0x38, 0x6c, 0x38, 0x38, 0x39, 0x39, 0x3a, 0x39, 0x3a, 0x3a, 0x3a, 0x3b, 0x3b, 0x3b, 0x3b, 0x8e, 0x8e, 0x3c, 0x3c, 0x3c, 0x3c, 0x3d, 0x3d, 0x3d, 0x3e, 0x3e, 0x6e, 0x3f, 0x3f, 0x40, 0x41, 0x40, 0x42, 0x41, 0x42, 0x90, 0x6f, 0x43, 0x43, 0x44, 0x45, 0x45, 0x45, 0x46, 0x92, 0x70, 0xa7, 0x48, 0x48, 0x49, 0x49, 0x4a, 0x4a, 0x4a, 0x4b, 0x71, 0x7a, 0x4b, 0x4c, 0x7a, 0x4c, 0x95, 0xd7, 0x4e, 0x4e, 0x7b, 0x7b, 0x7b, 0x4f, 0x50, 0x98, 0x51, 0x51, 0x7c, 0x7c, 0xc1, 0x72, 0x53, 0x54, 0x55, 0x55, 0x56, 0x56, 0x73, 0x57, 0x57, 0x58, 0x58, 0x59, 0x5a, 0xa8, 0x5b, 0x5b, 0x5c, 0x5c, 0x5d, 0x5d, 0x5e, 0x9d, 0x5f, 0x60, 0x60, 0x61, 0x61, 0x9e, 0xd5, 0x62, 0x62, 0x62, 0x63, 0x62, 0x63, 0x63, 0x63, 0x63, 0x63, 0x63, 0x63, 0x63, 0x63, 0x63, 0x63, 0x63, 0x63, 0x63, 0x63, 0x63, 0x63, 0x63, 0x63, 0x63, 0x63, 0x63, 0x63, 0x63, 0x63, 0x63, 0x63, 0x63, 0x63, 0x63, 0x63, 0x63, 0x63, 0x63, 0x63, 0x63, 0x63, 0x63, 0x63, 0x63, 0x63, 
  0x63, 0x63, 0x63, 0x63, 0x63, 0x63, 0x63, 0x63, 0x63, 0x63, 0x63, 0x63, 0x63, 0x63, 0x63, 0x63, 0x63, 0x63, 0x63, 0x63, 0x63, 0x63, 0x63, 0x63, 0x63, 0x63, 0x63, 0x63, 0x63, 0x63, 0x63, 0x63, 0x63, 0x63, 0x63, 0x63, 0x63, 0x63, 0x63, 0x63, 0x63, 0x62, 0x63, 0x62, 0x62, 0x62, 0x75, 0x61, 0x61, 0x60, 0x61, 0x5f, 0x60, 0x5f, 0x9d, 0x5e, 0x5d, 0x5d, 0x5c, 0x5c, 0x5c, 0x5b, 0xd9, 0x5a, 0x59, 0x59, 0x58, 0x58, 0x57, 0x73, 0x73, 0x56, 0x56, 0x55, 0x55, 0x54, 0x53, 0x53, 0x52, 0x52, 0x7c, 0x7c, 0x51, 0x51, 0x50, 0x50, 0x4f, 0x4f, 0x7b, 0x7b, 0x4e, 0xd7, 0x4d, 0x4c, 0x4c, 0x7a, 0x7a, 0x7a, 0x4b, 0x71, 0x94, 0x4a, 0x4a, 0x49, 0x4a, 0x48, 0x49, 0x48, 0x47, 0x70, 0x70, 0x46, 0x46, 0x45, 0x45, 0x44, 0x44, 0x43, 0x6f, 0x90, 0x42, 0x42, 0x41, 0x41, 0x40, 0x40, 0x40, 0x3f, 0x6e, 0xc0, 0x3e, 0x3e, 0x3d, 0x3e, 0x3c, 0x3d, 0x3c, 0x3c, 0x6d, 0x6d, 0x8e, 0xd2, 0x3b, 0x3a, 0x3b, 0x3a, 0x3a, 0x3a, 0x39, 0x39, 0x39, 0x39, 0x38, 0x38, 0x8d, 0x6c, 0x6c, 0x37, 0x37, 0x37, 0x37, 0x36, 0x36, 0x37, 0x36, 0x36, 0x36, 0x36, 0x36, 0x36, 0x36, 0x36, 0x36, 0x35, 0x35, 0x35, 0x35, 0x35, 0x35, 0x35, 0x35, 0x35, 0x35, 0x35, 0x35, 0x35, 0x35, 0x36, 0x35, 0x36, 0x35, 0x36, 0x36, 0x36, 0x35, 0x36, 0x36, 0x36, 0x36, 0x36, 0x36, 0x37, 0x37, 0x37, 0x37, 0x8d, 0x38, 0x38, 0x39, 0x39, 0x39, 0x39, 0x3a, 0x3a, 0x3a, 0x3b, 0x3b, 0x3b, 0x3b, 0x3b, 0x3b, 0x8e, 0x6d, 0x3c, 0x3c, 0x3c, 0x3c, 0x3d, 0x3d, 0x3e, 0x3d, 0x6e, 0x8f, 0x3f, 0x40, 0x40, 0x40, 0x41, 0x41, 0x42, 0x41, 0x6f, 0x42, 0x6f, 0x43, 0x44, 0x44, 0x45, 0x45, 0x45, 0x46, 0x46, 0xa7, 0x47, 0x48, 0x48, 0x49, 0x49, 0x4a, 0x4a, 0x71, 0x4b, 0x4b, 0x4b, 0x7a, 0x4c, 0x7a, 0x4d, 0x4d, 0x96, 0x4e, 0x4e, 0x7b, 0x7b, 0x4f, 0x4f, 0x50, 0x98, 0x51, 0x51, 0x7c, 0x7c, 0x72, 0x72, 0x53, 0x54, 0x55, 0x55, 0x56, 0x56, 0x73, 0x57, 0x57, 0x59, 0x58, 0x5a, 0x59, 0xd9, 0xd9, 0x5b, 0x5c, 0x5c, 0x5d, 0x5c, 0x5f, 0x5e, 0x5f, 0x60, 0x60, 0x61, 0x60, 0x75, 0xd5, 0x62, 0x62, 0x63, 0x62, 0x63, 0x63, 0x63, 0x63, 0x63, 0x63, 0x63, 0x63, 0x63, 0x63, 0x63, 0x63, 0x63, 0x63, 0x63, 0x63, 0x63, 0x63, 0x63, 0x63, 0x63, 0x63, 0x63, 0x63, 0x63, 0x63, 0x63, 0x63, 0x63, 0x63, 0x63, 0x63, 0x63, 0x63, 0x63, 0x63, 0x63, 0x63, 0x63, 0x63, 0x63, 0x63, 0x63, 
  0x63, 0x63, 0x63, 0x63, 0x63, 0x63, 0x63, 0x63, 0x63, 0x63, 0x63, 0x63, 0x63, 0x63, 0x63, 0x63, 0x63, 0x63, 0x63, 0x63, 0x63, 0x63, 0x63, 0x63, 0x63, 0x63, 0x63, 0x63, 0x63, 0x63, 0x63, 0x63, 0x63, 0x63, 0x63, 0x63, 0x63, 0x63, 0x63, 0x63, 0x63, 0x63, 0x62, 0x63, 0x62, 0x62, 0x62, 0x9e, 0xc3, 0x61, 0x61, 0x60, 0x60, 0x5f, 0x5f, 0x9d, 0x5e, 0x5d, 0x5d, 0x5c, 0x5c, 0x5b, 0xd9, 0xd9, 0x5a, 0x59, 0x59, 0x58, 0x58, 0x57, 0x57, 0x73, 0x56, 0x56, 0x55, 0x55, 0x54, 0x54, 0x53, 0x52, 0x52, 0x7c, 0x7c, 0x7c, 0x51, 0xd8, 0x50, 0x4f, 0x4f, 0x7b, 0x7b, 0x4e, 0x4e, 0x96, 0x4d, 0x4c, 0x4c, 0x7a, 0x7a, 0x4b, 0x4b, 0x94, 0x4a, 0x94, 0x49, 0x4a, 0x49, 0x48, 0x48, 0x47, 0x70, 0x70, 0x46, 0x46, 0x45, 0x46, 0x44, 0x44, 0x44, 0x43, 0x42, 0x43, 0x41, 0x42, 0x41, 0x41, 0x41, 0x40, 0x3f, 0x3f, 0x6e, 0x3e, 0x3e, 0x3d, 0x3e, 0x3d, 0x3d, 0x3d, 0x3c, 0x3c, 0x3c, 0x6d, 0x8e, 0x8e, 0x3b, 0x3b, 0x3b, 0x3a, 0x3b, 0x3a, 0x3a, 0x3a, 0x39, 0x39, 0x39, 0x39, 0x38, 0x38, 0x38, 0x6c, 0x6c, 0x6c, 0x37, 0x37, 0x37, 0x37, 0x37, 0x36, 0x36, 0x36, 0x36, 0x36, 0x36, 0x36, 0x36, 0x36, 0x36, 0x36, 0x36, 0x36, 0x36, 0x36, 0x36, 0x36, 0x36, 0x36, 0x36, 0x36, 0x36, 0x36, 0x36, 0x36, 0x36, 0x36, 0x37, 0x36, 0x36, 0x37, 0x37, 0xbe, 0x37, 0xbe, 0x8d, 0x38, 0x38, 0x39, 0x39, 0x39, 0x39, 0x3a, 0x39, 0x3b, 0x3a, 0x3b, 0x3b, 0x3b, 0x3b, 0xbf, 0x3b, 0x3c, 0x6d, 0x3c, 0x3c, 0x3c, 0x3d, 0x3d, 0x3d, 0x3e, 0x3e, 0x3e, 0x3f, 0x3f, 0x3f, 0x40, 0x40, 0x41, 0x40, 0x42, 0x41, 0x42, 0x90, 0x6f, 0x43, 0x44, 0x44, 0x45, 0x45, 0x45, 0x46, 0x92, 0x70, 0x47, 0x48, 0x48, 0x49, 0x4a, 0x49, 0x4a, 0x4a, 0x71, 0x4b, 0x7a, 0x4b, 0x4c, 0x7a, 0x4c, 0x4d, 0x4d, 0x96, 0x4e, 0x4e, 0x7b, 0x7b, 0x4f, 0x4f, 0x4f, 0x51, 0x51, 0x7c, 0x7c, 0x52, 0xc1, 0x72, 0x53, 0x54, 0x55, 0x56, 0x56, 0x56, 0xd4, 0x57, 0x57, 0x58, 0x58, 0x59, 0x5a, 0xd9, 0x5b, 0x5b, 0x5c, 0x5c, 0x5c, 0x5d, 0x9d, 0x5e, 0x60, 0x5f, 0x60, 0x60, 0x61, 0x9e, 0x9e, 0x62, 0x62, 0x62, 0x62, 0x63, 0x63, 0x63, 0x63, 0x63, 0x63, 0x63, 0x63, 0x63, 0x63, 0x63, 0x63, 0x63, 0x63, 0x63, 0x63, 0x63, 0x63, 0x63, 0x63, 0x63, 0x63, 0x63, 0x63, 0x63, 0x63, 0x63, 0x63, 0x63, 0x63, 0x63, 0x63, 0x63, 0x63, 0x63, 0x63, 0x63, 0x63, 0x63, 0x63, 0x63, 0x63, 0x63, 0x63, 
  0x63, 0x63, 0x63, 0x63, 0x63, 0x63, 0x63, 0x63, 0x63, 0x63, 0x63, 0x63, 0x63, 0x63, 0x63, 0x63, 0x63, 0x63, 0x63, 0x63, 0x63, 0x63, 0x63, 0x63, 0x63, 0x63, 0x63, 0x63, 0x63, 0x63, 0x63, 0x63, 0x63, 0x63, 0x63, 0x63, 0x63, 0x63, 0x63, 0x63, 0x63, 0x63, 0x63, 0x63, 0x62, 0x62, 0x62, 0x62, 0x9e, 0x61, 0x61, 0x61, 0x60, 0x60, 0x5f, 0x5f, 0x5e, 0x5e, 0x5d, 0x5d, 0x5c, 0x5c, 0x5b, 0x5b, 0xd9, 0x5a, 0x59, 0x58, 0x58, 0x58, 0x57, 0x57, 0x73, 0x56, 0x56, 0x55, 0x55, 0x54, 0x54, 0x53, 0x72, 0x52, 0x7c, 0x7c, 0x7c, 0x51, 0xd8, 0x50, 0x50, 0x4f, 0x7b, 0x7b, 0x4e, 0x4e, 0x4e, 0x95, 0x4c, 0x4c, 0x7a, 0x7a, 0x7a, 0x4b, 0x71, 0x94, 0x4a, 0x4a, 0x49, 0x49, 0x49, 0x48, 0x48, 0x48, 0x70, 0x70, 0x46, 0x46, 0x45, 0x45, 0x44, 0x44, 0x43, 0x43, 0x6f, 0x42, 0x42, 0x41, 0x41, 0x41, 0x40, 0x40, 0x40, 0x3f, 0x6e, 0x6e, 0x3e, 0x3e, 0x3d, 0x3d, 0x3d, 0x3d, 0x3c, 0x3c, 0x3c, 0x6d, 0x6d, 0x8e, 0x8e, 0x3b, 0x3b, 0x3a, 0x3b, 0x3a, 0x3a, 0x3a, 0x3a, 0x3a, 0x39, 0x39, 0x39, 0x39, 0x39, 0x38, 0x38, 0x6c, 0x6c, 0x6c, 0x6c, 0x37, 0x6c, 0xbe, 0x6c, 0x37, 0x37, 0x37, 0x36, 0x37, 0x36, 0x37, 0x36, 0x36, 0x36, 0x36, 0x36, 0x36, 0x36, 0x36, 0x36, 0x37, 0x36, 0x37, 0x36, 0x37, 0x37, 0x37, 0x37, 0x37, 0xbe, 0xbe, 0x37, 0x6c, 0x38, 0x38, 0x39, 0x39, 0x39, 0x3a, 0x3a, 0x3a, 0x3b, 0x3a, 0x3b, 0x3b, 0x3b, 0x3b, 0x3b, 0x8e, 0x6d, 0x3c, 0x3c, 0x3c, 0x3d, 0x3d, 0x3d, 0x3d, 0x3e, 0x3e, 0x3e, 0x6e, 0x6e, 0x3f, 0x3f, 0x3f, 0x40, 0x41, 0x41, 0x41, 0x42, 0x42, 0x42, 0x6f, 0x43, 0x43, 0x44, 0x44, 0x45, 0x45, 0x46, 0x46, 0x46, 0x47, 0x47, 0x48, 0x49, 0x49, 0x49, 0x4a, 0x4a, 0x71, 0x71, 0x4b, 0x4b, 0x7a, 0x7a, 0x7a, 0x4c, 0x4d, 0xd7, 0x4e, 0x4e, 0x7b, 0x7b, 0x4f, 0x7b, 0x50, 0x4f, 0x51, 0x51, 0x7c, 0x7c, 0x52, 0x52, 0x72, 0x54, 0x54, 0x55, 0x55, 0x56, 0x56, 0x73, 0x57, 0x57, 0x58, 0x59, 0x59, 0x59, 0x5a, 0x5b, 0x5b, 0x5c, 0x5c, 0x5d, 0x5d, 0x5e, 0x9d, 0x5f, 0x5f, 0x60, 0x60, 0x61, 0x61, 0x61, 0x75, 0x62, 0x62, 0x63, 0x62, 0x63, 0x63, 0x63, 0x63, 0x63, 0x63, 0x63, 0x63, 0x63, 0x63, 0x63, 0x63, 0x63, 0x63, 0x63, 0x63, 0x63, 0x63, 0x63, 0x63, 0x63, 0x63, 0x63, 0x63, 0x63, 0x63, 0x63, 0x63, 0x63, 0x63, 0x63, 0x63, 0x63, 0x63, 0x63, 0x63, 0x63, 0x63, 0x63, 0x63, 0x63, 0x63, 0x63, 0x63, 
  0x63, 0x63, 0x63, 0x63, 0x63, 0x63, 0x63, 0x63, 0x63, 0x63, 0x63, 0x63, 0x63, 0x63, 0x63, 0x63, 0x63, 0x63, 0x63, 0x63, 0x63, 0x63, 0x63, 0x63, 0x63, 0x63, 0x63, 0x63, 0x63, 0x63, 0x63, 0x63, 0x63, 0x63, 0x63, 0x63, 0x63, 0x63, 0x63, 0x63, 0x63, 0x63, 0x63, 0x63, 0x62, 0x63, 0x62, 0x62, 0x75, 0x9e, 0x61, 0x61, 0x61, 0x60, 0x60, 0x5f, 0x60, 0x5e, 0x5e, 0x5d, 0x5d, 0x5c, 0x5c, 0x5b, 0x5b, 0xd9, 0x5a, 0x59, 0x59, 0x58, 0x58, 0x57, 0x73, 0x73, 0x56, 0x56, 0x56, 0x55, 0x54, 0x54, 0x53, 0x72, 0x52, 0x52, 0x7c, 0x7c, 0x51, 0x51, 0x50, 0x50, 0x4f, 0x4f, 0x7b, 0x4e, 0x4e, 0x4e, 0x96, 0x4d, 0x4c, 0x4c, 0x7a, 0x7a, 0x4b, 0x4b, 0x71, 0x4a, 0x4a, 0x4a, 0x4a, 0x49, 0x49, 0x48, 0x48, 0x48, 0x70, 0x70, 0x46, 0x46, 0x45, 0x45, 0x44, 0x44, 0x43, 0x43, 0x90, 0x6f, 0x41, 0x42, 0x41, 0x41, 0x41, 0x40, 0x40, 0x40, 0x6e, 0x6e, 0x6e, 0x3e, 0x3d, 0x3e, 0x3d, 0x3d, 0x3d, 0x3c, 0x3c, 0x3c, 0x6d, 0x6d, 0x8e, 0x6d, 0x3b, 0x3b, 0x3b, 0x3b, 0x3b, 0x3a, 0x3b, 0x3a, 0x3a, 0x3a, 0x3a, 0x3a, 0x39, 0x39, 0x39, 0x39, 0x38, 0x38, 0x38, 0x38, 0x8d, 0x6c, 0x37, 0xbe, 0xbe, 0x6c, 0xbe, 0x37, 0xbe, 0x6c, 0x37, 0x6c, 0x37, 0x6c, 0x37, 0x6c, 0x37, 0x37, 0x37, 0x37, 0x6c, 0x6c, 0x37, 0x38, 0x6c, 0x6c, 0x38, 0x38, 0x39, 0x39, 0x3a, 0x39, 0x3a, 0x39, 0x3b, 0x3a, 0x3b, 0x3b, 0x3b, 0xd2, 0x3b, 0xd2, 0x6d, 0x3c, 0x3c, 0x3d, 0x3c, 0x3c, 0x3d, 0x3d, 0x3d, 0x3d, 0x3e, 0x3e, 0x3e, 0x3e, 0x3f, 0x3f, 0x3f, 0x40, 0x41, 0x40, 0x42, 0x41, 0x42, 0x42, 0x6f, 0x6f, 0x43, 0x44, 0x44, 0x45, 0x45, 0x45, 0x46, 0x46, 0x70, 0x70, 0x47, 0x48, 0x48, 0x49, 0x49, 0x4a, 0x4a, 0x4a, 0x71, 0xd3, 0x7a, 0x4b, 0x4c, 0x7a, 0x4c, 0x4d, 0xd7, 0x96, 0xd7, 0x7b, 0x7b, 0x7b, 0x4f, 0x4f, 0x50, 0x98, 0x51, 0x51, 0x7c, 0x7c, 0x52, 0x52, 0x53, 0x54, 0x54, 0x55, 0x56, 0x56, 0x56, 0x73, 0x73, 0x58, 0x58, 0x58, 0x59, 0x5a, 0xa8, 0x5b, 0x5b, 0x5c, 0x5c, 0x5c, 0x5d, 0x5e, 0x9d, 0x5f, 0x5f, 0x60, 0x60, 0x60, 0x61, 0xd5, 0x62, 0x62, 0x62, 0x63, 0x62, 0x63, 0x63, 0x63, 0x63, 0x63, 0x63, 0x63, 0x63, 0x63, 0x63, 0x63, 0x63, 0x63, 0x63, 0x63, 0x63, 0x63, 0x63, 0x63, 0x63, 0x63, 0x63, 0x63, 0x63, 0x63, 0x63, 0x63, 0x63, 0x63, 0x63, 0x63, 0x63, 0x63, 0x63, 0x63, 0x63, 0x63, 0x63, 0x63, 0x63, 0x63, 0x63, 0x63, 0x63, 0x63, 
  0x63, 0x63, 0x63, 0x63, 0x63, 0x63, 0x63, 0x63, 0x63, 0x63, 0x63, 0x63, 0x63, 0x63, 0x63, 0x63, 0x63, 0x63, 0x63, 0x63, 0x63, 0x63, 0x63, 0x63, 0x63, 0x63, 0x63, 0x63, 0x63, 0x63, 0x63, 0x63, 0x63, 0x63, 0x63, 0x63, 0x63, 0x63, 0x63, 0x63, 0x63, 0x63, 0x63, 0x63, 0x63, 0x62, 0x63, 0x62, 0x62, 0x62, 0xd5, 0x61, 0x61, 0x60, 0x60, 0x60, 0x5f, 0x5f, 0x5e, 0x5e, 0x5d, 0x5d, 0x5c, 0x5c, 0x5b, 0x5b, 0xa8, 0x5a, 0x59, 0x59, 0x58, 0x58, 0x57, 0x57, 0x73, 0xc2, 0x56, 0x55, 0x55, 0x54, 0x54, 0x72, 0x72, 0x52, 0x52, 0x7c, 0x7c, 0x51, 0x51, 0x98, 0x50, 0x4f, 0x4f, 0x7b, 0x7b, 0x4e, 0x4e, 0x96, 0x4d, 0x4c, 0x4c, 0x7a, 0x7a, 0x7a, 0x4b, 0x71, 0x71, 0x4a, 0x4a, 0x4a, 0x49, 0x49, 0x49, 0x48, 0x48, 0xa7, 0x70, 0x46, 0x46, 0x45, 0x46, 0x44, 0x45, 0x44, 0x44, 0x43, 0x6f, 0x42, 0x42, 0x42, 0x41, 0x41, 0x40, 0x40, 0x40, 0x3f, 0x6e, 0x6e, 0x6e, 0x3e, 0x3d, 0x3e, 0x3d, 0x3e, 0x3c, 0x3d, 0x3c, 0x3c, 0x3c, 0x3c, 0x6d, 0x8e, 0xbf, 0x3b, 0x3b, 0x3b, 0x3b, 0x3b, 0x3a, 0x3b, 0x3a, 0x3a, 0x3a, 0x3a, 0x3a, 0x39, 0x39, 0x39, 0x39, 0x39, 0x39, 0x39, 0x39, 0x38, 0x38, 0x38, 0x38, 0x38, 0x38, 0x38, 0x6c, 0x6c, 0x6c, 0x6c, 0x38, 0x6c, 0x6c, 0x6c, 0x38, 0x38, 0x38, 0x38, 0x38, 0x39, 0x39, 0x39, 0x39, 0x39, 0x39, 0x3a, 0x3a, 0x3a, 0x3a, 0x3b, 0x3b, 0x3b, 0x3b, 0x3b, 0x3c, 0x6d, 0x3c, 0x3c, 0x3c, 0x3c, 0x3c, 0x3d, 0x3d, 0x3d, 0x3e, 0x3d, 0x3e, 0x3e, 0x3e, 0xc0, 0x3f, 0x3f, 0x40, 0x40, 0x40, 0x41, 0x41, 0x42, 0x41, 0x6f, 0x6f, 0x6f, 0x43, 0x44, 0x44, 0x44, 0x45, 0x45, 0x45, 0x46, 0x46, 0x70, 0xa7, 0x48, 0x48, 0x48, 0x49, 0x49, 0x4a, 0x4a, 0x4a, 0x4b, 0x4b, 0x4b, 0x7a, 0x7a, 0x7a, 0x4c, 0x4c, 0x4d, 0x96, 0x7b, 0x4e, 0x7b, 0x7b, 0x4f, 0x4f, 0x50, 0x98, 0x51, 0x51, 0x7c, 0x7c, 0xc1, 0x52, 0x53, 0x54, 0x54, 0x56, 0x55, 0x56, 0x56, 0x73, 0x57, 0x58, 0x58, 0x58, 0x59, 0x59, 0x5a, 0xd9, 0x5b, 0x5c, 0x5c, 0x5d, 0x5d, 0x5e, 0x5e, 0x5f, 0x5f, 0x60, 0x60, 0x61, 0x61, 0x9e, 0x75, 0x62, 0x62, 0x63, 0x62, 0x63, 0x63, 0x63, 0x63, 0x63, 0x63, 0x63, 0x63, 0x63, 0x63, 0x63, 0x63, 0x63, 0x63, 0x63, 0x63, 0x63, 0x63, 0x63, 0x63, 0x63, 0x63, 0x63, 0x63, 0x63, 0x63, 0x63, 0x63, 0x63, 0x63, 0x63, 0x63, 0x63, 0x63, 0x63, 0x63, 0x63, 0x63, 0x63, 0x63, 0x63, 0x63, 0x63, 0x63, 0x63, 0x63, 
  0x63, 0x63, 0x63, 0x63, 0x63, 0x63, 0x63, 0x63, 0x63, 0x63, 0x63, 0x63, 0x63, 0x63, 0x63, 0x63, 0x63, 0x63, 0x63, 0x63, 0x63, 0x63, 0x63, 0x63, 0x63, 0x63, 0x63, 0x63, 0x63, 0x63, 0x63, 0x63, 0x63, 0x63, 0x63, 0x63, 0x63, 0x63, 0x63, 0x63, 0x63, 0x63, 0x63, 0x63, 0x63, 0x63, 0x62, 0x63, 0x62, 0x62, 0x75, 0x75, 0x61, 0x61, 0x61, 0x60, 0x60, 0x5f, 0x5f, 0x5e, 0x5d, 0x5d, 0x5d, 0x5c, 0x5c, 0x5b, 0x5b, 0xd9, 0x5a, 0x59, 0x59, 0x58, 0x58, 0x57, 0x57, 0x73, 0x56, 0x56, 0x56, 0x55, 0x55, 0x54, 0x54, 0x53, 0x72, 0x52, 0x52, 0x7c, 0x7c, 0x51, 0xd8, 0x50, 0x4f, 0x97, 0x7b, 0x7b, 0x4e, 0x4e, 0x96, 0x96, 0x4c, 0x4c, 0x4c, 0x7a, 0x7a, 0x4b, 0x4b, 0x4b, 0x4a, 0x4a, 0x4a, 0x4a, 0x49, 0x49, 0x48, 0x48, 0x47, 0x70, 0x70, 0x70, 0x45, 0x46, 0x45, 0x45, 0x44, 0x44, 0x43, 0x6f, 0x6f, 0x42, 0x42, 0x41, 0x41, 0x41, 0x40, 0x40, 0x40, 0x3f, 0x3f, 0x6e, 0x6e, 0x3e, 0x6e, 0x3d, 0x3e, 0x3d, 0x3d, 0x3d, 0x3d, 0x3c, 0x3c, 0x3c, 0x3c, 0x3c, 0x6d, 0x6d, 0xd2, 0x3b, 0x3b, 0x3b, 0x3b, 0x3b, 0x3b, 0x3b, 0x3b, 0x3a, 0x3a, 0x3b, 0x3a, 0x3a, 0x3a, 0x39, 0x3a, 0x3a, 0x39, 0x39, 0x39, 0x39, 0x39, 0x39, 0x39, 0x39, 0x39, 0x39, 0x39, 0x39, 0x39, 0x39, 0x39, 0x39, 0x39, 0x39, 0x39, 0x39, 0x3a, 0x3a, 0x3a, 0x3a, 0x3b, 0x3a, 0x3b, 0x3b, 0x3b, 0x3b, 0xbf, 0x6d, 0x6d, 0x3c, 0x3c, 0x3c, 0x3c, 0x3d, 0x3d, 0x3d, 0x3e, 0x3d, 0x3e, 0x3e, 0x3e, 0x6e, 0x8f, 0x3f, 0x3f, 0x40, 0x40, 0x40, 0x41, 0x41, 0x42, 0x41, 0x42, 0x6f, 0x6f, 0x43, 0x6f, 0x44, 0x44, 0x44, 0x45, 0x45, 0x45, 0x46, 0x46, 0x70, 0x47, 0x47, 0x48, 0x48, 0x49, 0x49, 0x4a, 0x4a, 0x4a, 0x94, 0x4b, 0x4b, 0x4b, 0x7a, 0x7a, 0x4c, 0x4d, 0x4d, 0x96, 0xd7, 0x7b, 0x4e, 0x7b, 0x7b, 0x4f, 0x50, 0x97, 0x51, 0x51, 0x7c, 0x7c, 0x52, 0x52, 0x72, 0x53, 0x54, 0x55, 0x54, 0x56, 0x56, 0x56, 0x73, 0x57, 0x57, 0x58, 0x59, 0x59, 0x5a, 0x5a, 0xd9, 0x5c, 0x5b, 0x5d, 0x5c, 0x5d, 0x5d, 0x9d, 0x5f, 0x5f, 0x60, 0x60, 0x61, 0x61, 0x61, 0x75, 0x62, 0x75, 0x63, 0x62, 0x63, 0x63, 0x63, 0x63, 0x63, 0x63, 0x63, 0x63, 0x63, 0x63, 0x63, 0x63, 0x63, 0x63, 0x63, 0x63, 0x63, 0x63, 0x63, 0x63, 0x63, 0x63, 0x63, 0x63, 0x63, 0x63, 0x63, 0x63, 0x63, 0x63, 0x63, 0x63, 0x63, 0x63, 0x63, 0x63, 0x63, 0x63, 0x63, 0x63, 0x63, 0x63, 0x63, 0x63, 0x63, 0x63, 0x63, 
  0x63, 0x63, 0x63, 0x63, 0x63, 0x63, 0x63, 0x63, 0x63, 0x63, 0x63, 0x63, 0x63, 0x63, 0x63, 0x63, 0x63, 0x63, 0x63, 0x63, 0x63, 0x63, 0x63, 0x63, 0x63, 0x63, 0x63, 0x63, 0x63, 0x63, 0x63, 0x63, 0x63, 0x63, 0x63, 0x63, 0x63, 0x63, 0x63, 0x63, 0x63, 0x63, 0x63, 0x63, 0x63, 0x63, 0x63, 0x63, 0x62, 0x62, 0x62, 0x75, 0x75, 0x61, 0x61, 0x60, 0x60, 0x60, 0x5f, 0x5f, 0x5e, 0x5e, 0x5d, 0x5d, 0x5c, 0x5c, 0x5b, 0x5b, 0x9b, 0x5a, 0x59, 0x59, 0x58, 0x58, 0x57, 0x57, 0x73, 0xd4, 0x56, 0x56, 0x55, 0x55, 0x55, 0x54, 0x53, 0x72, 0x52, 0x52, 0x7c, 0x7c, 0x51, 0x98, 0xd8, 0x4f, 0x4f, 0x7b, 0x7b, 0x4e, 0x7b, 0xd7, 0x96, 0x4d, 0x4c, 0x4c, 0x7a, 0x7a, 0x7a, 0x4b, 0x4b, 0xd3, 0x4a, 0x4a, 0x4a, 0x49, 0x49, 0x48, 0x48, 0x47, 0x47, 0x47, 0x70, 0x46, 0x46, 0x45, 0x46, 0x44, 0x45, 0x44, 0x44, 0x6f, 0x6f, 0x42, 0x42, 0x42, 0x41, 0x41, 0x41, 0x40, 0x40, 0x40, 0x3f, 0x3f, 0x6e, 0x8f, 0x3e, 0x3e, 0x3e, 0x3d, 0x3d, 0x3e, 0x3c, 0x3d, 0x3c, 0x3c, 0x3d, 0x3c, 0x3c, 0x3c, 0x6d, 0x6d, 0x6d, 0xd2, 0x8e, 0x3b, 0x3b, 0x3b, 0x3b, 0x3a, 0x3a, 0x3b, 0x3a, 0x3b, 0x3a, 0x3a, 0x3a, 0x3b, 0x3a, 0x3a, 0x3a, 0x3a, 0x3a, 0x3a, 0x3a, 0x3a, 0x3a, 0x3a, 0x3a, 0x3a, 0x3a, 0x3a, 0x3a, 0x3a, 0x3a, 0x3b, 0x3a, 0x3a, 0x3b, 0x3a, 0x3b, 0x3b, 0x3b, 0xbf, 0x6d, 0x6d, 0x3c, 0x3c, 0x3d, 0x3d, 0x3d, 0x3d, 0x3d, 0x3e, 0x3d, 0x6e, 0x3e, 0x3e, 0x3e, 0x3e, 0x3f, 0x3f, 0x3f, 0x40, 0x40, 0x40, 0x41, 0x41, 0x41, 0x42, 0x41, 0x6f, 0x90, 0x6f, 0x44, 0x43, 0x45, 0x45, 0x45, 0x45, 0x46, 0x46, 0x46, 0x70, 0x70, 0x47, 0x48, 0x48, 0x49, 0x49, 0x4a, 0x49, 0x94, 0x4a, 0x4b, 0x4b, 0x4b, 0x7a, 0x7a, 0x4c, 0x4c, 0x4c, 0x4d, 0xd7, 0x4e, 0x4e, 0x7b, 0x7b, 0x4f, 0x4f, 0x4f, 0x50, 0x51, 0x51, 0x7c, 0x7c, 0x52, 0x52, 0x72, 0x53, 0x54, 0x55, 0x55, 0x56, 0x56, 0x56, 0x57, 0x57, 0x58, 0x58, 0x59, 0x58, 0x5a, 0x5a, 0xd9, 0x5b, 0x5c, 0x5c, 0x5c, 0x5d, 0x5d, 0x5e, 0x9d, 0x5f, 0x60, 0x60, 0x61, 0x61, 0x61, 0x62, 0x75, 0x62, 0x62, 0x63, 0x63, 0x63, 0x63, 0x63, 0x63, 0x63, 0x63, 0x63, 0x63, 0x63, 0x63, 0x63, 0x63, 0x63, 0x63, 0x63, 0x63, 0x63, 0x63, 0x63, 0x63, 0x63, 0x63, 0x63, 0x63, 0x63, 0x63, 0x63, 0x63, 0x63, 0x63, 0x63, 0x63, 0x63, 0x63, 0x63, 0x63, 0x63, 0x63, 0x63, 0x63, 0x63, 0x63, 0x63, 0x63, 0x63, 0x63, 0x63, 
  0x63, 0x63, 0x63, 0x63, 0x63, 0x63, 0x63, 0x63, 0x63, 0x63, 0x63, 0x63, 0x63, 0x63, 0x63, 0x63, 0x63, 0x63, 0x63, 0x63, 0x63, 0x63, 0x63, 0x63, 0x63, 0x63, 0x63, 0x63, 0x63, 0x63, 0x63, 0x63, 0x63, 0x63, 0x63, 0x63, 0x63, 0x63, 0x63, 0x63, 0x63, 0x63, 0x63, 0x63, 0x63, 0x63, 0x63, 0x63, 0x63, 0x63, 0x62, 0x62, 0x62, 0x61, 0x61, 0x61, 0x60, 0x60, 0x60, 0x5f, 0x5f, 0x5e, 0x5e, 0x5c, 0x5d, 0x5c, 0x5c, 0x5b, 0x5b, 0xa8, 0x5a, 0x59, 0x59, 0x58, 0x58, 0x57, 0x57, 0x73, 0xd4, 0x56, 0x56, 0x55, 0x55, 0x54, 0x54, 0x53, 0x72, 0x52, 0x52, 0x7c, 0x7c, 0x51, 0x51, 0x98, 0x50, 0x4f, 0x4f, 0x7b, 0x7b, 0x4e, 0x4e, 0xd7, 0x4d, 0x4c, 0x4c, 0x4c, 0x7a, 0x7a, 0x7a, 0x4b, 0x71, 0x4a, 0x4a, 0x4a, 0x4a, 0x49, 0x49, 0x49, 0x48, 0x48, 0x47, 0x70, 0x92, 0x70, 0x45, 0x46, 0x45, 0x45, 0x44, 0x44, 0x44, 0x43, 0x6f, 0x42, 0x42, 0x42, 0x41, 0x41, 0x40, 0x40, 0x40, 0x40, 0x40, 0x3f, 0x3f, 0x6e, 0x6e, 0xc0, 0x6e, 0x3d, 0x3e, 0x3e, 0x3d, 0x3e, 0x3d, 0x3d, 0x3d, 0x3d, 0x3c, 0x3c, 0x3c, 0x3c, 0x3c, 0x6d, 0x3c, 0xbf, 0x6d, 0x8e, 0x6d, 0x3b, 0x3b, 0x3b, 0x3b, 0x3b, 0x3b, 0x3a, 0x3b, 0x3a, 0x3b, 0x3b, 0x3b, 0x3a, 0x3a, 0x3a, 0x3a, 0x3b, 0x3a, 0x3a, 0x3a, 0x3b, 0x3b, 0x3b, 0x3a, 0x3b, 0x3b, 0x3b, 0x3b, 0x6d, 0x8e, 0x6d, 0x6d, 0x3c, 0x3c, 0x3c, 0x3c, 0x3d, 0x3d, 0x3d, 0x3d, 0x3e, 0x3e, 0x3e, 0x3e, 0x6e, 0x6e, 0x3f, 0x3f, 0x3f, 0x40, 0x40, 0x40, 0x41, 0x41, 0x42, 0x41, 0x42, 0x42, 0x90, 0x6f, 0x43, 0x44, 0x43, 0x45, 0x44, 0x45, 0x45, 0x45, 0x46, 0x46, 0x46, 0x70, 0x47, 0x48, 0x48, 0x48, 0x49, 0x49, 0x4a, 0x4a, 0x94, 0x71, 0x71, 0x4b, 0x7a, 0x7a, 0x4c, 0x7a, 0x4c, 0x4d, 0xd7, 0xd7, 0x4e, 0x7b, 0x7b, 0x7b, 0x4f, 0x4f, 0x4f, 0xd8, 0x51, 0x51, 0x7c, 0x7c, 0x52, 0x52, 0x72, 0x53, 0x54, 0x55, 0x55, 0x56, 0x56, 0xd4, 0x73, 0x57, 0x58, 0x58, 0x58, 0x59, 0x5a, 0xd9, 0x5b, 0x5b, 0x5c, 0x5c, 0x5c, 0x5d, 0x5d, 0x9d, 0x9d, 0x5f, 0x60, 0x60, 0x61, 0x61, 0x9e, 0x9e, 0x75, 0x62, 0x62, 0x63, 0x62, 0x63, 0x63, 0x63, 0x63, 0x63, 0x63, 0x63, 0x63, 0x63, 0x63, 0x63, 0x63, 0x63, 0x63, 0x63, 0x63, 0x63, 0x63, 0x63, 0x63, 0x63, 0x63, 0x63, 0x63, 0x63, 0x63, 0x63, 0x63, 0x63, 0x63, 0x63, 0x63, 0x63, 0x63, 0x63, 0x63, 0x63, 0x63, 0x63, 0x63, 0x63, 0x63, 0x63, 0x63, 0x63, 0x63, 0x63, 0x63, 
  0x63, 0x63, 0x63, 0x63, 0x63, 0x63, 0x63, 0x63, 0x63, 0x63, 0x63, 0x63, 0x63, 0x63, 0x63, 0x63, 0x63, 0x63, 0x63, 0x63, 0x63, 0x63, 0x63, 0x63, 0x63, 0x63, 0x63, 0x63, 0x63, 0x63, 0x63, 0x63, 0x63, 0x63, 0x63, 0x63, 0x63, 0x63, 0x63, 0x63, 0x63, 0x63, 0x63, 0x63, 0x63, 0x63, 0x63, 0x63, 0x62, 0x63, 0x62, 0x63, 0x61, 0x62, 0x61, 0x61, 0x61, 0x60, 0x60, 0x5f, 0x5f, 0x5f, 0x5e, 0x9d, 0x5d, 0x5d, 0x5c, 0x5c, 0x5b, 0x5b, 0xa8, 0x5a, 0x59, 0x59, 0x58, 0x58, 0x57, 0x57, 0x73, 0x56, 0x56, 0x56, 0x55, 0x55, 0x54, 0x54, 0x53, 0x72, 0x52, 0x52, 0x7c, 0x7c, 0x51, 0x51, 0x98, 0x50, 0x4f, 0x4f, 0x7b, 0x7b, 0x4e, 0x4e, 0xd7, 0xd7, 0x4d, 0x4c, 0x4c, 0x7a, 0x7a, 0x4b, 0x4b, 0x4b, 0x71, 0x94, 0x4a, 0x4a, 0x49, 0x49, 0x49, 0x48, 0x48, 0x48, 0x47, 0x70, 0x70, 0x46, 0x46, 0x45, 0x45, 0x44, 0x44, 0x44, 0x43, 0x43, 0x6f, 0x42, 0x42, 0x42, 0x41, 0x42, 0x40, 0x41, 0x41, 0x40, 0x40, 0x3f, 0x3f, 0x3f, 0x6e, 0x6e, 0x3e, 0x3e, 0x3e, 0x3d, 0x3e, 0x3d, 0x3d, 0x3d, 0x3d, 0x3d, 0x3d, 0x3c, 0x3c, 0x3c, 0x3c, 0x3c, 0x3c, 0x3c, 0x8e, 0x3c, 0x6d, 0x8e, 0x8e, 0x3b, 0x3b, 0xbf, 0x3b, 0x3b, 0x3b, 0x3b, 0x3b, 0x3b, 0x3b, 0x3b, 0x3b, 0x3b, 0x3b, 0x8e, 0x3b, 0xbf, 0x3b, 0x8e, 0x6d, 0x8e, 0x8e, 0x6d, 0x6d, 0x6d, 0x3c, 0x3c, 0x3c, 0x3d, 0x3d, 0x3d, 0x3d, 0x3e, 0x3d, 0x3e, 0x3e, 0x3e, 0x3e, 0x6e, 0x3f, 0x3f, 0x40, 0x40, 0x40, 0x40, 0x41, 0x41, 0x41, 0x42, 0x41, 0x42, 0x42, 0x6f, 0x6f, 0x43, 0x43, 0x44, 0x44, 0x44, 0x45, 0x45, 0x46, 0x45, 0x46, 0x46, 0x70, 0x47, 0x48, 0x48, 0x49, 0x49, 0x49, 0x49, 0x4a, 0x4a, 0x94, 0x71, 0x4b, 0x4b, 0x7a, 0x7a, 0x4c, 0x7a, 0x4d, 0x4d, 0xd7, 0x96, 0x7b, 0x7b, 0x7b, 0x4f, 0x4f, 0x4f, 0x50, 0x98, 0x51, 0x51, 0x7c, 0x7c, 0x52, 0x52, 0x72, 0x54, 0x54, 0x55, 0x55, 0x56, 0x56, 0x56, 0x73, 0x57, 0x57, 0x58, 0x59, 0x59, 0x59, 0x5a, 0x5b, 0x5b, 0x5c, 0x5c, 0x5d, 0x5d, 0x5d, 0x9d, 0x5f, 0x5f, 0x60, 0x60, 0x61, 0x61, 0x61, 0xd5, 0x75, 0x62, 0x62, 0x63, 0x62, 0x63, 0x63, 0x63, 0x63, 0x63, 0x63, 0x63, 0x63, 0x63, 0x63, 0x63, 0x63, 0x63, 0x63, 0x63, 0x63, 0x63, 0x63, 0x63, 0x63, 0x63, 0x63, 0x63, 0x63, 0x63, 0x63, 0x63, 0x63, 0x63, 0x63, 0x63, 0x63, 0x63, 0x63, 0x63, 0x63, 0x63, 0x63, 0x63, 0x63, 0x63, 0x63, 0x63, 0x63, 0x63, 0x63, 0x63, 0x63, 0x63, 
  0x63, 0x63, 0x63, 0x63, 0x63, 0x63, 0x63, 0x63, 0x63, 0x63, 0x63, 0x63, 0x63, 0x63, 0x63, 0x63, 0x63, 0x63, 0x63, 0x63, 0x63, 0x63, 0x63, 0x63, 0x63, 0x63, 0x63, 0x63, 0x63, 0x63, 0x63, 0x63, 0x63, 0x63, 0x63, 0x63, 0x63, 0x63, 0x63, 0x63, 0x63, 0x63, 0x63, 0x63, 0x63, 0x63, 0x63, 0x63, 0x63, 0x62, 0x63, 0x62, 0x62, 0x62, 0x62, 0x75, 0x61, 0x61, 0x60, 0x60, 0x5f, 0x5f, 0x5f, 0x5e, 0x5d, 0x5d, 0x5d, 0x5c, 0x5c, 0x5c, 0x5c, 0xa8, 0x5a, 0x59, 0x5a, 0x58, 0x58, 0x58, 0x57, 0x57, 0x73, 0x56, 0x56, 0x55, 0x55, 0x54, 0x54, 0x53, 0x72, 0x52, 0x52, 0x7c, 0x7c, 0x7c, 0x51, 0x51, 0x98, 0x4f, 0x50, 0x7b, 0x4f, 0x7b, 0x7b, 0x4e, 0xd7, 0x4d, 0x4d, 0x4c, 0x4c, 0x7a, 0x7a, 0x7a, 0x4b, 0x4b, 0x71, 0x93, 0x4a, 0x4a, 0x49, 0x49, 0x49, 0x48, 0x48, 0x48, 0x47, 0x70, 0x70, 0x46, 0x46, 0x46, 0x45, 0x45, 0x44, 0x44, 0x44, 0x43, 0x6f, 0x42, 0x90, 0x41, 0x42, 0x41, 0x41, 0x41, 0x41, 0x41, 0x40, 0x40, 0x40, 0x40, 0x40, 0x3f, 0x3f, 0x3f, 0x6e, 0x6e, 0x6e, 0x3e, 0x3e, 0x3d, 0x3e, 0x3d, 0x3d, 0x3d, 0x3d, 0x3c, 0x3d, 0x3c, 0x3d, 0x3c, 0x3c, 0x3c, 0x3c, 0x3c, 0x6d, 0x3c, 0x6d, 0x6d, 0x3c, 0x3c, 0x3c, 0x6d, 0x6d, 0xd2, 0x6d, 0x6d, 0x6d, 0x6d, 0x6d, 0x6d, 0x6d, 0x3c, 0x6d, 0x3c, 0x3c, 0x3c, 0x3c, 0x3c, 0x3d, 0x3d, 0x3e, 0x3d, 0x3e, 0x3d, 0x3e, 0x3e, 0x6e, 0x6e, 0x3f, 0x3f, 0x40, 0x40, 0x40, 0x40, 0x40, 0x41, 0x41, 0x41, 0x41, 0x41, 0x42, 0x42, 0x42, 0x6f, 0x43, 0x43, 0x44, 0x44, 0x44, 0x45, 0x45, 0x45, 0x46, 0x46, 0x46, 0x70, 0x47, 0x47, 0x48, 0x48, 0x48, 0x49, 0x49, 0x49, 0x4a, 0x4a, 0x94, 0x71, 0x4b, 0x4b, 0x7a, 0x7a, 0x7a, 0x4c, 0x4d, 0x4d, 0xd7, 0x4e, 0x4e, 0x7b, 0x7b, 0x7b, 0x4f, 0x4f, 0x50, 0x98, 0xd8, 0x7c, 0x51, 0x7c, 0x7c, 0x52, 0x72, 0x53, 0x54, 0x54, 0x55, 0x55, 0x56, 0x56, 0xd4, 0x57, 0x57, 0x58, 0x58, 0x59, 0x59, 0x59, 0xd9, 0x5b, 0x5b, 0x5c, 0x5c, 0x5d, 0x5d, 0x5d, 0x9d, 0x9d, 0x5f, 0x5f, 0x60, 0x60, 0x61, 0xd5, 0x75, 0x62, 0x62, 0x63, 0x62, 0x63, 0x63, 0x63, 0x63, 0x63, 0x63, 0x63, 0x63, 0x63, 0x63, 0x63, 0x63, 0x63, 0x63, 0x63, 0x63, 0x63, 0x63, 0x63, 0x63, 0x63, 0x63, 0x63, 0x63, 0x63, 0x63, 0x63, 0x63, 0x63, 0x63, 0x63, 0x63, 0x63, 0x63, 0x63, 0x63, 0x63, 0x63, 0x63, 0x63, 0x63, 0x63, 0x63, 0x63, 0x63, 0x63, 0x63, 0x63, 0x63, 0x63, 0x63, 
  0x63, 0x63, 0x63, 0x63, 0x63, 0x63, 0x63, 0x63, 0x63, 0x63, 0x63, 0x63, 0x63, 0x63, 0x63, 0x63, 0x63, 0x63, 0x63, 0x63, 0x63, 0x63, 0x63, 0x63, 0x63, 0x63, 0x63, 0x63, 0x63, 0x63, 0x63, 0x63, 0x63, 0x63, 0x63, 0x63, 0x63, 0x63, 0x63, 0x63, 0x63, 0x63, 0x63, 0x63, 0x63, 0x63, 0x63, 0x63, 0x63, 0x63, 0x63, 0x63, 0x62, 0x62, 0x62, 0x75, 0x9e, 0x61, 0x61, 0x60, 0x61, 0x5f, 0x5f, 0x5f, 0x5e, 0x5e, 0x5d, 0x5d, 0x5c, 0x5c, 0x5b, 0x5c, 0x5a, 0xd9, 0x59, 0x59, 0x59, 0x58, 0x57, 0x58, 0x57, 0x73, 0x56, 0x56, 0x56, 0x55, 0x55, 0x54, 0x54, 0x72, 0xc1, 0x52, 0x52, 0x7c, 0x7c, 0x51, 0x51, 0x98, 0x50, 0x4f, 0x4f, 0x7b, 0x7b, 0x7b, 0x4e, 0x4e, 0xd7, 0x95, 0x4c, 0x4c, 0x7a, 0x7a, 0x7a, 0x4b, 0x4b, 0x71, 0x94, 0x4a, 0x94, 0x4a, 0x4a, 0x49, 0x49, 0x49, 0x48, 0x48, 0x47, 0x47, 0x70, 0x46, 0x46, 0x46, 0x45, 0x45, 0x44, 0x44, 0x44, 0x43, 0x91, 0x6f, 0x90, 0x42, 0x42, 0x42, 0x41, 0x41, 0x42, 0x40, 0x41, 0x40, 0x40, 0x40, 0x40, 0x40, 0x40, 0x3f, 0x3f, 0x6e, 0x6e, 0x3e, 0x3e, 0x3e, 0x3e, 0x3e, 0x3d, 0x3e, 0x3d, 0x3d, 0x3d, 0x3d, 0x3d, 0x3d, 0x3c, 0x3c, 0x3d, 0x3c, 0x3d, 0x3c, 0x3c, 0x3c, 0x3c, 0x3c, 0x3c, 0x3c, 0x3c, 0x3c, 0x3c, 0x3d, 0x3c, 0x3c, 0x3c, 0x3c, 0x3d, 0x3c, 0x3d, 0x3d, 0x3d, 0x3e, 0x3d, 0x3e, 0x3d, 0x3e, 0x6e, 0x6e, 0x6e, 0x3f, 0x3f, 0x40, 0x40, 0x40, 0x40, 0x40, 0x41, 0x41, 0x41, 0x42, 0x42, 0x42, 0x42, 0x42, 0x42, 0x6f, 0x43, 0x43, 0x44, 0x44, 0x45, 0x45, 0x45, 0x46, 0x45, 0x70, 0x46, 0x70, 0x47, 0x47, 0x48, 0x48, 0x48, 0x49, 0x49, 0x4a, 0x4a, 0x4a, 0x94, 0xd3, 0x4b, 0x4b, 0x7a, 0x7a, 0x7a, 0x4c, 0x4c, 0x4d, 0x4d, 0xd7, 0x4e, 0x7b, 0x7b, 0x7b, 0x4f, 0x4f, 0x4f, 0x50, 0x51, 0x51, 0x51, 0x7c, 0x7c, 0x52, 0x52, 0x99, 0x53, 0x54, 0x54, 0x55, 0x56, 0x56, 0x56, 0x73, 0x57, 0x58, 0x58, 0x58, 0x59, 0x59, 0x5a, 0xd9, 0x5b, 0x5b, 0x5c, 0x5c, 0x5d, 0x5d, 0x5d, 0x9d, 0x5f, 0x5f, 0x60, 0x60, 0x60, 0x61, 0x61, 0x75, 0x62, 0x62, 0x62, 0x62, 0x63, 0x63, 0x63, 0x63, 0x63, 0x63, 0x63, 0x63, 0x63, 0x63, 0x63, 0x63, 0x63, 0x63, 0x63, 0x63, 0x63, 0x63, 0x63, 0x63, 0x63, 0x63, 0x63, 0x63, 0x63, 0x63, 0x63, 0x63, 0x63, 0x63, 0x63, 0x63, 0x63, 0x63, 0x63, 0x63, 0x63, 0x63, 0x63, 0x63, 0x63, 0x63, 0x63, 0x63, 0x63, 0x63, 0x63, 0x63, 0x63, 0x63, 0x63, 0x63, 
  0x63, 0x63, 0x63, 0x63, 0x63, 0x63, 0x63, 0x63, 0x63, 0x63, 0x63, 0x63, 0x63, 0x63, 0x63, 0x63, 0x63, 0x63, 0x63, 0x63, 0x63, 0x63, 0x63, 0x63, 0x63, 0x63, 0x63, 0x63, 0x63, 0x63, 0x63, 0x63, 0x63, 0x63, 0x63, 0x63, 0x63, 0x63, 0x63, 0x63, 0x63, 0x63, 0x63, 0x63, 0x63, 0x63, 0x63, 0x63, 0x63, 0x63, 0x62, 0x63, 0x62, 0x63, 0x62, 0x62, 0x75, 0x9e, 0x61, 0x61, 0x60, 0x60, 0x60, 0x5f, 0x5f, 0x9d, 0x5e, 0x5d, 0x5d, 0x5c, 0x5c, 0x5c, 0x5b, 0xa8, 0xd9, 0x5a, 0x59, 0x59, 0x58, 0x58, 0x57, 0x73, 0x73, 0x73, 0x56, 0x56, 0x55, 0x55, 0x55, 0x54, 0x53, 0x99, 0x52, 0x52, 0x7c, 0x7c, 0x51, 0x51, 0x98, 0x50, 0x4f, 0x4f, 0x4f, 0x7b, 0x7b, 0x4e, 0x4e, 0x96, 0x4d, 0x4d, 0x4c, 0x4c, 0x7a, 0x7a, 0x7a, 0x4b, 0x4b, 0x71, 0x94, 0x4a, 0x4a, 0x4a, 0x49, 0x49, 0x49, 0x48, 0x48, 0x47, 0x47, 0x70, 0x46, 0x70, 0x45, 0x46, 0x45, 0x45, 0x45, 0x44, 0x44, 0x44, 0x43, 0x91, 0x90, 0x6f, 0x42, 0x6f, 0x41, 0x42, 0x42, 0x41, 0x41, 0x41, 0x41, 0x40, 0x40, 0x40, 0x40, 0x40, 0x40, 0x3f, 0x3f, 0x6e, 0x3e, 0x3e, 0x3e, 0x3e, 0x3e, 0x3e, 0x3e, 0x3e, 0x3d, 0x3e, 0x3d, 0x3d, 0x3d, 0x3d, 0x3d, 0x3d, 0x3d, 0x3d, 0x3d, 0x3d, 0x3d, 0x3d, 0x3d, 0x3d, 0x3d, 0x3d, 0x3d, 0x3d, 0x3d, 0x3d, 0x3d, 0x3d, 0x3e, 0x3e, 0x3d, 0x3e, 0x3e, 0x3e, 0x3f, 0x6e, 0x3f, 0x3f, 0x40, 0x40, 0x40, 0x40, 0x41, 0x40, 0x42, 0x41, 0x42, 0x42, 0x42, 0x42, 0x6f, 0x90, 0x6f, 0x43, 0x43, 0x44, 0x44, 0x44, 0x45, 0x45, 0x45, 0x46, 0x46, 0x46, 0x46, 0x70, 0x47, 0x47, 0x48, 0x48, 0x49, 0x49, 0x4a, 0x49, 0x4a, 0x4a, 0x94, 0x71, 0x71, 0x4b, 0x4b, 0x7a, 0x7a, 0x4c, 0x4c, 0x4c, 0x4d, 0x96, 0x4e, 0x4e, 0x7b, 0x7b, 0x4f, 0x4f, 0x4f, 0x4f, 0xd8, 0x51, 0x51, 0x51, 0x52, 0x7c, 0x52, 0x52, 0x72, 0x53, 0x54, 0x54, 0x55, 0x55, 0x56, 0x56, 0x73, 0x57, 0x57, 0x58, 0x58, 0x59, 0x59, 0x5a, 0xa8, 0x5b, 0x5c, 0x5b, 0x5d, 0x5c, 0x5d, 0x9c, 0x74, 0x9d, 0x5f, 0x60, 0x60, 0x60, 0x61, 0x61, 0xd5, 0x62, 0x75, 0x63, 0x62, 0x63, 0x63, 0x63, 0x63, 0x63, 0x63, 0x63, 0x63, 0x63, 0x63, 0x63, 0x63, 0x63, 0x63, 0x63, 0x63, 0x63, 0x63, 0x63, 0x63, 0x63, 0x63, 0x63, 0x63, 0x63, 0x63, 0x63, 0x63, 0x63, 0x63, 0x63, 0x63, 0x63, 0x63, 0x63, 0x63, 0x63, 0x63, 0x63, 0x63, 0x63, 0x63, 0x63, 0x63, 0x63, 0x63, 0x63, 0x63, 0x63, 0x63, 0x63, 0x63, 0x63, 
  0x63, 0x63, 0x63, 0x63, 0x63, 0x63, 0x63, 0x63, 0x63, 0x63, 0x63, 0x63, 0x63, 0x63, 0x63, 0x63, 0x63, 0x63, 0x63, 0x63, 0x63, 0x63, 0x63, 0x63, 0x63, 0x63, 0x63, 0x63, 0x63, 0x63, 0x63, 0x63, 0x63, 0x63, 0x63, 0x63, 0x63, 0x63, 0x63, 0x63, 0x63, 0x63, 0x63, 0x63, 0x63, 0x63, 0x63, 0x63, 0x63, 0x63, 0x63, 0x63, 0x63, 0x62, 0x63, 0x75, 0x62, 0x75, 0x9e, 0x61, 0x61, 0x60, 0x60, 0x60, 0x5f, 0x9d, 0x5f, 0x5d, 0x5d, 0x5d, 0x5d, 0x5c, 0x5b, 0x5c, 0xd9, 0xd9, 0x59, 0x59, 0x59, 0x58, 0x58, 0x57, 0x57, 0x73, 0x73, 0x55, 0x56, 0x55, 0x55, 0x54, 0x54, 0x53, 0x72, 0x52, 0x52, 0x7c, 0x52, 0x51, 0x7c, 0xd8, 0xd8, 0x4f, 0x4f, 0x4f, 0x7b, 0x7b, 0x7b, 0x4e, 0x4e, 0x4d, 0x4d, 0x4c, 0x4c, 0x7a, 0x7a, 0x7a, 0x4b, 0x4b, 0x4b, 0x71, 0x94, 0x4a, 0x94, 0x4a, 0x49, 0x4a, 0x49, 0x48, 0x48, 0x48, 0x47, 0x70, 0x92, 0x46, 0x46, 0x46, 0x45, 0x45, 0x45, 0x45, 0x44, 0x44, 0x44, 0x43, 0x43, 0x43, 0x91, 0x42, 0x42, 0x42, 0x42, 0x41, 0x42, 0x41, 0x41, 0x41, 0x41, 0x40, 0x41, 0x40, 0x40, 0x40, 0x3f, 0x3f, 0x3f, 0x8f, 0x8f, 0x3e, 0x6e, 0x3e, 0x3e, 0x3e, 0x3d, 0x3e, 0x3e, 0x3e, 0x3e, 0x3e, 0x3e, 0x3e, 0x3e, 0x3e, 0x3d, 0x3e, 0x3d, 0x3d, 0x3d, 0x3e, 0x3e, 0x3e, 0x3e, 0x3e, 0xc0, 0x3e, 0x3e, 0x3e, 0x3f, 0x6e, 0x6e, 0x3f, 0x40, 0x40, 0x40, 0x40, 0x41, 0x41, 0x41, 0x41, 0x42, 0x42, 0x41, 0x6f, 0x42, 0x42, 0x91, 0x43, 0x91, 0x43, 0x44, 0x44, 0x44, 0x44, 0x45, 0x45, 0x46, 0x46, 0x46, 0x46, 0x46, 0x70, 0x47, 0x47, 0x48, 0x48, 0x48, 0x49, 0x49, 0x49, 0x4a, 0x4a, 0x94, 0x94, 0x71, 0x4b, 0x4b, 0x7a, 0x7a, 0x4c, 0x7a, 0x4d, 0x4c, 0xd7, 0x4e, 0x4e, 0x4e, 0x7b, 0x7b, 0x4f, 0x4f, 0x4f, 0xd8, 0x98, 0x51, 0x51, 0x7c, 0x7c, 0x7c, 0x52, 0x52, 0x72, 0x53, 0x54, 0x55, 0x55, 0x56, 0x56, 0x73, 0x73, 0x57, 0x57, 0x58, 0x58, 0x59, 0x59, 0x5a, 0xa8, 0x5b, 0x5b, 0x5c, 0x5c, 0x5d, 0x5d, 0x5e, 0x9d, 0x5f, 0x5f, 0x60, 0x60, 0x60, 0x61, 0x61, 0x75, 0x75, 0x62, 0x62, 0x63, 0x62, 0x63, 0x63, 0x63, 0x63, 0x63, 0x63, 0x63, 0x63, 0x63, 0x63, 0x63, 0x63, 0x63, 0x63, 0x63, 0x63, 0x63, 0x63, 0x63, 0x63, 0x63, 0x63, 0x63, 0x63, 0x63, 0x63, 0x63, 0x63, 0x63, 0x63, 0x63, 0x63, 0x63, 0x63, 0x63, 0x63, 0x63, 0x63, 0x63, 0x63, 0x63, 0x63, 0x63, 0x63, 0x63, 0x63, 0x63, 0x63, 0x63, 0x63, 0x63, 0x63, 0x63, 
  0x63, 0x63, 0x63, 0x63, 0x63, 0x63, 0x63, 0x63, 0x63, 0x63, 0x63, 0x63, 0x63, 0x63, 0x63, 0x63, 0x63, 0x63, 0x63, 0x63, 0x63, 0x63, 0x63, 0x63, 0x63, 0x63, 0x63, 0x63, 0x63, 0x63, 0x63, 0x63, 0x63, 0x63, 0x63, 0x63, 0x63, 0x63, 0x63, 0x63, 0x63, 0x63, 0x63, 0x63, 0x63, 0x63, 0x63, 0x63, 0x63, 0x63, 0x63, 0x63, 0x63, 0x63, 0x62, 0x63, 0x62, 0x62, 0x75, 0x75, 0x60, 0x61, 0x60, 0x60, 0x60, 0x5f, 0x5f, 0x5e, 0x5e, 0x5e, 0x5c, 0x5d, 0x5c, 0x5b, 0x5b, 0x5b, 0xa8, 0x5a, 0x59, 0x59, 0x58, 0x58, 0x57, 0x57, 0x57, 0x73, 0x56, 0x56, 0x55, 0x55, 0x54, 0x54, 0x53, 0x53, 0x52, 0x52, 0x52, 0x7c, 0x7c, 0x51, 0x51, 0x98, 0x50, 0x4f, 0x4f, 0x7b, 0x7b, 0x7b, 0x4e, 0x4e, 0x96, 0x4d, 0x95, 0x95, 0x7a, 0x4c, 0x7a, 0x7a, 0x4b, 0x4b, 0x4b, 0x4b, 0xd3, 0x4a, 0x94, 0x49, 0x4a, 0x49, 0x49, 0x48, 0x48, 0x48, 0x47, 0x47, 0x46, 0x46, 0x46, 0x46, 0x45, 0x45, 0x45, 0x45, 0x44, 0x44, 0x44, 0x44, 0x44, 0x43, 0x43, 0x6f, 0x6f, 0x6f, 0x42, 0x42, 0x42, 0x41, 0x41, 0x41, 0x41, 0x41, 0x41, 0x41, 0x40, 0x40, 0x40, 0x40, 0x3f, 0x3f, 0x3f, 0x3f, 0x3f, 0x6e, 0x3f, 0x6e, 0x6e, 0x3e, 0x6e, 0xc0, 0x6e, 0x3e, 0x3e, 0x3e, 0x3e, 0x3e, 0xc0, 0x6e, 0x8f, 0x3e, 0x3e, 0xc0, 0x6e, 0x8f, 0x6e, 0x3f, 0x3f, 0x40, 0x40, 0x40, 0x40, 0x40, 0x40, 0x41, 0x41, 0x41, 0x42, 0x41, 0x42, 0x42, 0x42, 0x42, 0x91, 0x6f, 0x43, 0x44, 0x43, 0x44, 0x44, 0x44, 0x45, 0x45, 0x46, 0x45, 0x46, 0x46, 0x46, 0x46, 0x70, 0x47, 0x48, 0x48, 0x48, 0x48, 0x49, 0x49, 0x4a, 0x49, 0x93, 0x4a, 0x93, 0x4b, 0x71, 0x4b, 0x4b, 0x7a, 0x7a, 0x7a, 0x4c, 0x4c, 0x4d, 0x4d, 0xd7, 0x4e, 0x4e, 0x7b, 0x7b, 0x4f, 0x4f, 0x4f, 0x50, 0x98, 0x51, 0x51, 0x51, 0x7c, 0x7c, 0x52, 0x52, 0x99, 0x53, 0x53, 0x55, 0x55, 0x55, 0x56, 0x56, 0xc2, 0x73, 0x57, 0x57, 0x58, 0x58, 0x59, 0x59, 0x5a, 0x5b, 0x5b, 0x5b, 0x5c, 0x5c, 0x5d, 0x5d, 0x9c, 0x9d, 0x5f, 0x5f, 0x60, 0x60, 0x61, 0x61, 0x61, 0x9e, 0x75, 0x62, 0x63, 0x62, 0x63, 0x63, 0x63, 0x63, 0x63, 0x63, 0x63, 0x63, 0x63, 0x63, 0x63, 0x63, 0x63, 0x63, 0x63, 0x63, 0x63, 0x63, 0x63, 0x63, 0x63, 0x63, 0x63, 0x63, 0x63, 0x63, 0x63, 0x63, 0x63, 0x63, 0x63, 0x63, 0x63, 0x63, 0x63, 0x63, 0x63, 0x63, 0x63, 0x63, 0x63, 0x63, 0x63, 0x63, 0x63, 0x63, 0x63, 0x63, 0x63, 0x63, 0x63, 0x63, 0x63, 0x63, 0x63, 
  0x63, 0x63, 0x63, 0x63, 0x63, 0x63, 0x63, 0x63, 0x63, 0x63, 0x63, 0x63, 0x63, 0x63, 0x63, 0x63, 0x63, 0x63, 0x63, 0x63, 0x63, 0x63, 0x63, 0x63, 0x63, 0x63, 0x63, 0x63, 0x63, 0x63, 0x63, 0x63, 0x63, 0x63, 0x63, 0x63, 0x63, 0x63, 0x63, 0x63, 0x63, 0x63, 0x63, 0x63, 0x63, 0x63, 0x63, 0x63, 0x63, 0x63, 0x63, 0x63, 0x63, 0x63, 0x63, 0x62, 0x63, 0x62, 0x62, 0x75, 0x9e, 0x61, 0x61, 0x60, 0x60, 0x60, 0x5f, 0x5f, 0x9d, 0x5e, 0x5e, 0x5d, 0x5c, 0x5d, 0x5c, 0x5b, 0x5b, 0xa8, 0x5a, 0x59, 0x59, 0x58, 0x58, 0x57, 0x57, 0x73, 0x73, 0xc2, 0x56, 0x56, 0x55, 0x55, 0x54, 0x54, 0x53, 0x72, 0x52, 0x52, 0x7c, 0x7c, 0x51, 0x51, 0x98, 0x50, 0x4f, 0x4f, 0x4f, 0x7b, 0x7b, 0x7b, 0x4e, 0x4e, 0x96, 0x4d, 0x95, 0x4c, 0x4c, 0x7a, 0x4c, 0x7a, 0x4b, 0x4b, 0x4b, 0x4b, 0xd3, 0x71, 0x4a, 0x4a, 0x4a, 0x49, 0x49, 0x49, 0x48, 0x48, 0x47, 0xa7, 0x70, 0x92, 0x46, 0x92, 0x46, 0x46, 0x45, 0x46, 0x45, 0x45, 0x44, 0x44, 0x44, 0x44, 0x43, 0x43, 0x43, 0x6f, 0x6f, 0x42, 0x90, 0x42, 0x42, 0x41, 0x42, 0x41, 0x42, 0x41, 0x41, 0x41, 0x40, 0x41, 0x40, 0x40, 0x40, 0x40, 0x40, 0x40, 0x3f, 0x3f, 0x3f, 0x3f, 0x3f, 0x3f, 0x3f, 0x3f, 0x3f, 0x3f, 0x3f, 0x3f, 0x3f, 0x3f, 0x3f, 0x3f, 0x40, 0x3f, 0x40, 0x40, 0x40, 0x40, 0x40, 0x41, 0x41, 0x41, 0x41, 0x42, 0x41, 0x42, 0x42, 0x42, 0x6f, 0x6f, 0x91, 0x43, 0x43, 0x44, 0x44, 0x45, 0x45, 0x45, 0x45, 0x45, 0x45, 0x46, 0x45, 0x70, 0x46, 0x46, 0x70, 0x47, 0x48, 0x48, 0x48, 0x49, 0x49, 0x49, 0x49, 0x4a, 0x4a, 0x4a, 0x94, 0x94, 0x71, 0x4b, 0x4b, 0x7a, 0x7a, 0x7a, 0x4c, 0x4c, 0x4d, 0x4d, 0x96, 0x4e, 0x4e, 0x7b, 0x7b, 0x4f, 0x7b, 0x50, 0x4f, 0xd8, 0x51, 0x51, 0x7c, 0x7c, 0x7c, 0x52, 0x52, 0x72, 0x53, 0x53, 0x54, 0x55, 0x54, 0x56, 0x55, 0x56, 0x73, 0x57, 0x57, 0x57, 0x58, 0x58, 0x59, 0x59, 0x5a, 0xd9, 0x5b, 0x5c, 0x5c, 0x5c, 0x5d, 0x5d, 0x9c, 0x9d, 0x5f, 0x5f, 0x60, 0x60, 0x61, 0x61, 0x61, 0x62, 0x75, 0x62, 0x62, 0x62, 0x63, 0x63, 0x63, 0x63, 0x63, 0x63, 0x63, 0x63, 0x63, 0x63, 0x63, 0x63, 0x63, 0x63, 0x63, 0x63, 0x63, 0x63, 0x63, 0x63, 0x63, 0x63, 0x63, 0x63, 0x63, 0x63, 0x63, 0x63, 0x63, 0x63, 0x63, 0x63, 0x63, 0x63, 0x63, 0x63, 0x63, 0x63, 0x63, 0x63, 0x63, 0x63, 0x63, 0x63, 0x63, 0x63, 0x63, 0x63, 0x63, 0x63, 0x63, 0x63, 0x63, 0x63, 0x63, 0x63, 
  0x63, 0x63, 0x63, 0x63, 0x63, 0x63, 0x63, 0x63, 0x63, 0x63, 0x63, 0x63, 0x63, 0x63, 0x63, 0x63, 0x63, 0x63, 0x63, 0x63, 0x63, 0x63, 0x63, 0x63, 0x63, 0x63, 0x63, 0x63, 0x63, 0x63, 0x63, 0x63, 0x63, 0x63, 0x63, 0x63, 0x63, 0x63, 0x63, 0x63, 0x63, 0x63, 0x63, 0x63, 0x63, 0x63, 0x63, 0x63, 0x63, 0x63, 0x63, 0x63, 0x63, 0x63, 0x63, 0x63, 0x62, 0x62, 0x62, 0x62, 0x75, 0x9e, 0x61, 0x61, 0x60, 0x60, 0x60, 0x5f, 0x5f, 0x9d, 0x5e, 0x5d, 0x5d, 0x5d, 0x5c, 0x5d, 0x5b, 0x5b, 0xa8, 0x9b, 0x5a, 0x58, 0x59, 0x58, 0x58, 0x57, 0x57, 0x73, 0x73, 0x56, 0x56, 0x55, 0x55, 0x55, 0x54, 0x53, 0x72, 0x52, 0x52, 0x7c, 0x7c, 0x7c, 0x51, 0x51, 0x98, 0x4f, 0x4f, 0x4f, 0x4f, 0x7b, 0x7b, 0x7b, 0x4e, 0x4e, 0x96, 0x96, 0x4d, 0x4c, 0x4c, 0x7a, 0x4c, 0x7a, 0x7a, 0x4b, 0x4b, 0x71, 0x94, 0x4a, 0x4a, 0x4a, 0x4a, 0x49, 0x49, 0x49, 0x49, 0x48, 0x48, 0x47, 0x47, 0x47, 0x92, 0x70, 0x46, 0x46, 0x46, 0x45, 0x46, 0x45, 0x45, 0x45, 0x44, 0x44, 0x44, 0x44, 0x43, 0x43, 0x43, 0x90, 0x6f, 0x6f, 0x90, 0x42, 0x42, 0x41, 0x42, 0x41, 0x42, 0x41, 0x41, 0x41, 0x41, 0x41, 0x41, 0x40, 0x40, 0x40, 0x41, 0x40, 0x40, 0x40, 0x40, 0x40, 0x40, 0x41, 0x40, 0x40, 0x41, 0x40, 0x41, 0x40, 0x41, 0x41, 0x41, 0x41, 0x41, 0x41, 0x42, 0x41, 0x42, 0x42, 0x42, 0x42, 0x91, 0x6f, 0x91, 0x43, 0x44, 0x43, 0x44, 0x44, 0x45, 0x45, 0x45, 0x45, 0x45, 0x46, 0x46, 0x92, 0x46, 0xa7, 0x70, 0x47, 0x47, 0x48, 0x48, 0x48, 0x49, 0x48, 0x4a, 0x49, 0x4a, 0x4a, 0x4a, 0x93, 0x93, 0x4b, 0x71, 0x4b, 0x7a, 0x7a, 0x7a, 0x7a, 0x4c, 0x95, 0x4c, 0x4d, 0x96, 0xd7, 0x7b, 0x4e, 0x7b, 0x7b, 0x4f, 0x4f, 0x97, 0xd8, 0x51, 0x51, 0x7c, 0x7c, 0x7c, 0x7c, 0x52, 0xc1, 0x99, 0x53, 0x54, 0x54, 0x55, 0x55, 0x56, 0x56, 0x73, 0xc2, 0x57, 0x57, 0x58, 0x59, 0x58, 0x59, 0x59, 0xd9, 0x5b, 0x5b, 0x5c, 0x5c, 0x5c, 0x5d, 0x5d, 0x5e, 0x9d, 0x5f, 0x60, 0x60, 0x60, 0x60, 0x61, 0x61, 0x75, 0x75, 0x62, 0x62, 0x62, 0x63, 0x63, 0x63, 0x63, 0x63, 0x63, 0x63, 0x63, 0x63, 0x63, 0x63, 0x63, 0x63, 0x63, 0x63, 0x63, 0x63, 0x63, 0x63, 0x63, 0x63, 0x63, 0x63, 0x63, 0x63, 0x63, 0x63, 0x63, 0x63, 0x63, 0x63, 0x63, 0x63, 0x63, 0x63, 0x63, 0x63, 0x63, 0x63, 0x63, 0x63, 0x63, 0x63, 0x63, 0x63, 0x63, 0x63, 0x63, 0x63, 0x63, 0x63, 0x63, 0x63, 0x63, 0x63, 0x63, 0x63, 
  0x63, 0x63, 0x63, 0x63, 0x63, 0x63, 0x63, 0x63, 0x63, 0x63, 0x63, 0x63, 0x63, 0x63, 0x63, 0x63, 0x63, 0x63, 0x63, 0x63, 0x63, 0x63, 0x63, 0x63, 0x63, 0x63, 0x63, 0x63, 0x63, 0x63, 0x63, 0x63, 0x63, 0x63, 0x63, 0x63, 0x63, 0x63, 0x63, 0x63, 0x63, 0x63, 0x63, 0x63, 0x63, 0x63, 0x63, 0x63, 0x63, 0x63, 0x63, 0x63, 0x63, 0x63, 0x63, 0x63, 0x63, 0x62, 0x63, 0x62, 0x62, 0x75, 0x9e, 0x9e, 0x61, 0x61, 0x60, 0x60, 0x60, 0x5f, 0x5f, 0x9d, 0x5e, 0x5d, 0x5d, 0x5c, 0x5c, 0x5b, 0x5b, 0xa8, 0x9b, 0x9b, 0x59, 0x58, 0x58, 0x58, 0x57, 0x57, 0x73, 0x73, 0x56, 0x56, 0x56, 0x55, 0x55, 0x54, 0x54, 0x53, 0x72, 0x52, 0x7c, 0x7c, 0x7c, 0x51, 0x51, 0x51, 0x98, 0x97, 0x4f, 0x7b, 0x4f, 0x7b, 0x7b, 0x4e, 0x4e, 0x4e, 0x96, 0x96, 0x4d, 0x4c, 0x4c, 0x4c, 0x7a, 0x4c, 0x4b, 0x7a, 0x4b, 0x71, 0x94, 0x94, 0x4a, 0x93, 0x4a, 0x49, 0x49, 0x49, 0x49, 0x48, 0x48, 0x48, 0x47, 0x47, 0x47, 0x70, 0x70, 0x70, 0x46, 0x46, 0x46, 0x45, 0x46, 0x45, 0x45, 0x45, 0x44, 0x44, 0x44, 0x44, 0x43, 0x43, 0x43, 0x91, 0x6f, 0x90, 0x42, 0x42, 0x42, 0x42, 0x42, 0x42, 0x42, 0x41, 0x42, 0x42, 0x41, 0x42, 0x41, 0x42, 0x41, 0x41, 0x42, 0x41, 0x41, 0x41, 0x41, 0x41, 0x41, 0x41, 0x41, 0x41, 0x41, 0x42, 0x41, 0x6f, 0x42, 0x42, 0x6f, 0x6f, 0x6f, 0x6f, 0x6f, 0x43, 0x44, 0x44, 0x44, 0x44, 0x44, 0x45, 0x45, 0x45, 0x45, 0x45, 0x46, 0x45, 0x70, 0x92, 0x46, 0x70, 0xa7, 0x48, 0x48, 0x48, 0x48, 0x49, 0x49, 0x49, 0x49, 0x4a, 0x49, 0x94, 0x4a, 0x93, 0x94, 0x4b, 0x4b, 0x4b, 0x7a, 0x4b, 0x7a, 0x7a, 0x7a, 0x95, 0x4c, 0x4d, 0x96, 0x4e, 0x4e, 0x7b, 0x4e, 0x4f, 0x7b, 0x50, 0x4f, 0x50, 0x98, 0x51, 0x51, 0x7c, 0x7c, 0x7c, 0x52, 0x52, 0x99, 0x53, 0x54, 0x54, 0x54, 0x55, 0x55, 0x56, 0x56, 0x56, 0x73, 0x57, 0x57, 0x58, 0x58, 0x59, 0x59, 0x5a, 0xa8, 0x5b, 0x5b, 0x5c, 0x5c, 0x5c, 0x9c, 0x5d, 0x5e, 0x5f, 0x5f, 0x5f, 0x60, 0x60, 0x61, 0x61, 0x61, 0x75, 0x62, 0x62, 0x62, 0x63, 0x62, 0x63, 0x63, 0x63, 0x63, 0x63, 0x63, 0x63, 0x63, 0x63, 0x63, 0x63, 0x63, 0x63, 0x63, 0x63, 0x63, 0x63, 0x63, 0x63, 0x63, 0x63, 0x63, 0x63, 0x63, 0x63, 0x63, 0x63, 0x63, 0x63, 0x63, 0x63, 0x63, 0x63, 0x63, 0x63, 0x63, 0x63, 0x63, 0x63, 0x63, 0x63, 0x63, 0x63, 0x63, 0x63, 0x63, 0x63, 0x63, 0x63, 0x63, 0x63, 0x63, 0x63, 0x63, 0x63, 0x63, 0x63, 
  0x63, 0x63, 0x63, 0x63, 0x63, 0x63, 0x63, 0x63, 0x63, 0x63, 0x63, 0x63, 0x63, 0x63, 0x63, 0x63, 0x63, 0x63, 0x63, 0x63, 0x63, 0x63, 0x63, 0x63, 0x63, 0x63, 0x63, 0x63, 0x63, 0x63, 0x63, 0x63, 0x63, 0x63, 0x63, 0x63, 0x63, 0x63, 0x63, 0x63, 0x63, 0x63, 0x63, 0x63, 0x63, 0x63, 0x63, 0x63, 0x63, 0x63, 0x63, 0x63, 0x63, 0x63, 0x63, 0x63, 0x63, 0x62, 0x63, 0x62, 0x62, 0x62, 0x75, 0x9e, 0x61, 0x61, 0x61, 0x61, 0x60, 0x60, 0x5f, 0x5f, 0x9d, 0x5e, 0x5d, 0x5d, 0x5c, 0x5c, 0x5c, 0x5b, 0x5b, 0xa8, 0x5a, 0x59, 0x9b, 0x58, 0x58, 0x58, 0x57, 0x57, 0x73, 0x56, 0x56, 0x56, 0x55, 0x55, 0x54, 0x54, 0x53, 0x72, 0x52, 0x52, 0x7c, 0x7c, 0x7c, 0x51, 0x51, 0x51, 0x98, 0x50, 0x4f, 0x4f, 0x7b, 0x7b, 0x7b, 0x7b, 0x4e, 0x4e, 0xd7, 0xd7, 0x4d, 0x4d, 0x4c, 0x4c, 0x7a, 0x7a, 0x7a, 0x7a, 0x4b, 0x4b, 0x4b, 0x93, 0x93, 0x93, 0x4a, 0x4a, 0x49, 0x4a, 0x49, 0x49, 0x49, 0x48, 0x48, 0x48, 0x48, 0x47, 0x47, 0x70, 0x70, 0x46, 0x46, 0x46, 0x45, 0x46, 0x45, 0x45, 0x45, 0x45, 0x44, 0x45, 0x44, 0x44, 0x44, 0x43, 0x43, 0x43, 0x43, 0x43, 0x6f, 0x42, 0x42, 0x90, 0x42, 0x42, 0x42, 0x42, 0x42, 0x42, 0x42, 0x6f, 0x41, 0x90, 0x42, 0x90, 0x42, 0x90, 0x42, 0x90, 0x42, 0x90, 0x42, 0x90, 0x6f, 0x91, 0x6f, 0x43, 0x43, 0x43, 0x43, 0x44, 0x44, 0x44, 0x44, 0x45, 0x45, 0x45, 0x46, 0x45, 0x46, 0x45, 0x46, 0x92, 0x46, 0xa7, 0x47, 0x47, 0x48, 0x48, 0x48, 0x48, 0x49, 0x49, 0x4a, 0x49, 0x49, 0x4a, 0x4a, 0x4a, 0x4a, 0x94, 0x71, 0x4b, 0x4b, 0x4b, 0x7a, 0x7a, 0x7a, 0x7a, 0x4c, 0x95, 0x95, 0x4d, 0x96, 0x4e, 0x4e, 0x7b, 0x7b, 0x7b, 0x4f, 0x4f, 0x50, 0x50, 0x98, 0x51, 0x51, 0x7c, 0x7c, 0x7c, 0x52, 0x52, 0x99, 0x53, 0x53, 0x54, 0x55, 0x55, 0x55, 0x56, 0x56, 0xc2, 0x73, 0x73, 0x57, 0x57, 0x58, 0x59, 0x59, 0x59, 0x5a, 0xa8, 0x5b, 0x5b, 0x5c, 0x5c, 0x5d, 0x5d, 0x9c, 0x9d, 0x9d, 0x5f, 0x60, 0x5f, 0x61, 0x60, 0x61, 0x61, 0x75, 0x62, 0x62, 0x62, 0x62, 0x63, 0x63, 0x63, 0x63, 0x63, 0x63, 0x63, 0x63, 0x63, 0x63, 0x63, 0x63, 0x63, 0x63, 0x63, 0x63, 0x63, 0x63, 0x63, 0x63, 0x63, 0x63, 0x63, 0x63, 0x63, 0x63, 0x63, 0x63, 0x63, 0x63, 0x63, 0x63, 0x63, 0x63, 0x63, 0x63, 0x63, 0x63, 0x63, 0x63, 0x63, 0x63, 0x63, 0x63, 0x63, 0x63, 0x63, 0x63, 0x63, 0x63, 0x63, 0x63, 0x63, 0x63, 0x63, 0x63, 0x63, 0x63, 0x63, 
  0x63, 0x63, 0x63, 0x63, 0x63, 0x63, 0x63, 0x63, 0x63, 0x63, 0x63, 0x63, 0x63, 0x63, 0x63, 0x63, 0x63, 0x63, 0x63, 0x63, 0x63, 0x63, 0x63, 0x63, 0x63, 0x63, 0x63, 0x63, 0x63, 0x63, 0x63, 0x63, 0x63, 0x63, 0x63, 0x63, 0x63, 0x63, 0x63, 0x63, 0x63, 0x63, 0x63, 0x63, 0x63, 0x63, 0x63, 0x63, 0x63, 0x63, 0x63, 0x63, 0x63, 0x63, 0x63, 0x63, 0x63, 0x63, 0x63, 0x63, 0x62, 0x62, 0x62, 0x62, 0x75, 0x9e, 0x61, 0x60, 0x61, 0x5f, 0x60, 0x5f, 0x5f, 0x9d, 0x5e, 0x5d, 0x5d, 0x5c, 0x5c, 0x5c, 0x5b, 0x5b, 0xa8, 0x5a, 0x9b, 0x59, 0x58, 0x58, 0x58, 0x57, 0x57, 0x73, 0x73, 0x56, 0x56, 0x56, 0x55, 0x55, 0x54, 0x53, 0x53, 0x52, 0x52, 0x52, 0x7c, 0x7c, 0x7c, 0x51, 0x51, 0x98, 0x50, 0x97, 0x4f, 0x4f, 0x4f, 0x7b, 0x7b, 0x7b, 0x4e, 0x4e, 0x4e, 0xd7, 0x95, 0x4d, 0x4c, 0x4c, 0x7a, 0x7a, 0x7a, 0x7a, 0x4b, 0x7a, 0x94, 0x71, 0x94, 0x4a, 0x93, 0x4a, 0x49, 0x4a, 0x49, 0x4a, 0x49, 0x49, 0x48, 0x48, 0x48, 0x48, 0x47, 0x47, 0x47, 0x70, 0x92, 0x70, 0x46, 0x46, 0x45, 0x46, 0x45, 0x45, 0x45, 0x45, 0x45, 0x45, 0x44, 0x45, 0x44, 0x44, 0x44, 0x44, 0x43, 0x43, 0x43, 0x43, 0x43, 0x43, 0x91, 0x43, 0x91, 0x43, 0x91, 0x91, 0x91, 0x91, 0x90, 0x91, 0x91, 0x91, 0x43, 0x43, 0x43, 0x43, 0x44, 0x44, 0x44, 0x44, 0x44, 0x44, 0x44, 0x45, 0x45, 0x45, 0x46, 0x45, 0x46, 0x46, 0x46, 0x46, 0x92, 0xa7, 0x70, 0x47, 0x47, 0x47, 0x48, 0x48, 0x48, 0x49, 0x49, 0x49, 0x4a, 0x49, 0x4a, 0x4a, 0x4a, 0x94, 0x4a, 0x71, 0x4b, 0x4b, 0x4b, 0x7a, 0x7a, 0x7a, 0x7a, 0x4c, 0x4c, 0x4c, 0x95, 0x4d, 0x96, 0x4e, 0x4e, 0x4e, 0x7b, 0x7b, 0x4f, 0x4f, 0x4f, 0x50, 0xd8, 0x51, 0x51, 0x7c, 0x7c, 0x7c, 0x52, 0x52, 0x99, 0x53, 0x53, 0x54, 0x55, 0x55, 0x55, 0x55, 0x56, 0x56, 0x73, 0x9a, 0x73, 0x58, 0x58, 0x58, 0x59, 0x59, 0x59, 0xd9, 0x5b, 0x5b, 0x5c, 0x5c, 0x5c, 0x5d, 0x5d, 0x9c, 0x9d, 0x9d, 0x5f, 0x5f, 0x60, 0x60, 0x61, 0x61, 0x61, 0x75, 0x62, 0x62, 0x62, 0x63, 0x62, 0x63, 0x63, 0x63, 0x63, 0x63, 0x63, 0x63, 0x63, 0x63, 0x63, 0x63, 0x63, 0x63, 0x63, 0x63, 0x63, 0x63, 0x63, 0x63, 0x63, 0x63, 0x63, 0x63, 0x63, 0x63, 0x63, 0x63, 0x63, 0x63, 0x63, 0x63, 0x63, 0x63, 0x63, 0x63, 0x63, 0x63, 0x63, 0x63, 0x63, 0x63, 0x63, 0x63, 0x63, 0x63, 0x63, 0x63, 0x63, 0x63, 0x63, 0x63, 0x63, 0x63, 0x63, 0x63, 0x63, 0x63, 0x63, 0x63, 
  0x63, 0x63, 0x63, 0x63, 0x63, 0x63, 0x63, 0x63, 0x63, 0x63, 0x63, 0x63, 0x63, 0x63, 0x63, 0x63, 0x63, 0x63, 0x63, 0x63, 0x63, 0x63, 0x63, 0x63, 0x63, 0x63, 0x63, 0x63, 0x63, 0x63, 0x63, 0x63, 0x63, 0x63, 0x63, 0x63, 0x63, 0x63, 0x63, 0x63, 0x63, 0x63, 0x63, 0x63, 0x63, 0x63, 0x63, 0x63, 0x63, 0x63, 0x63, 0x63, 0x63, 0x63, 0x63, 0x63, 0x63, 0x63, 0x63, 0x63, 0x62, 0x63, 0x62, 0x62, 0x75, 0x75, 0x9e, 0x61, 0x61, 0x60, 0x60, 0x60, 0x5f, 0x5f, 0x9d, 0x9c, 0x5e, 0x5c, 0x5d, 0x5c, 0x5c, 0x5b, 0xa8, 0xa8, 0x5a, 0x9b, 0x59, 0x59, 0x58, 0x58, 0x58, 0x57, 0x73, 0x73, 0x56, 0x56, 0x56, 0x55, 0x55, 0x54, 0x54, 0x53, 0x53, 0x7c, 0xc1, 0x7c, 0x7c, 0x51, 0x7c, 0x51, 0x51, 0x98, 0x50, 0x4f, 0x4f, 0x4f, 0x4f, 0x7b, 0x7b, 0x7b, 0x4e, 0x4e, 0x4e, 0x96, 0x4c, 0x4d, 0x4c, 0x95, 0x7a, 0x7a, 0x7a, 0x4b, 0x7a, 0x4b, 0x4b, 0x4b, 0x71, 0x94, 0x94, 0x93, 0x4a, 0x4a, 0x49, 0x4a, 0x49, 0x4a, 0x49, 0x49, 0x48, 0x48, 0x48, 0x48, 0x47, 0x47, 0x92, 0xa7, 0x92, 0x92, 0x46, 0x92, 0x45, 0x46, 0x45, 0x46, 0x45, 0x45, 0x45, 0x45, 0x45, 0x45, 0x45, 0x44, 0x44, 0x44, 0x44, 0x44, 0x44, 0x44, 0x44, 0x43, 0x43, 0x44, 0x44, 0x44, 0x44, 0x44, 0x44, 0x44, 0x44, 0x44, 0x44, 0x44, 0x45, 0x45, 0x45, 0x45, 0x45, 0x46, 0x45, 0x46, 0x46, 0x46, 0x46, 0x46, 0x92, 0x92, 0xa7, 0xa7, 0x47, 0x47, 0x48, 0x48, 0x48, 0x49, 0x49, 0x49, 0x4a, 0x49, 0x4a, 0x4a, 0x4a, 0xd3, 0x4a, 0x94, 0x71, 0x71, 0x4b, 0x4b, 0x4b, 0x7a, 0x7a, 0x7a, 0x7a, 0x4c, 0x4c, 0x95, 0x4d, 0x96, 0x96, 0x4e, 0x4e, 0x7b, 0x7b, 0x7b, 0x4f, 0x4f, 0x4f, 0x50, 0xd8, 0x51, 0x51, 0x7c, 0x7c, 0x7c, 0x52, 0x52, 0xc1, 0x53, 0x53, 0x53, 0x54, 0x55, 0x55, 0x55, 0x56, 0x56, 0x9a, 0x73, 0x57, 0x57, 0x57, 0x58, 0x58, 0x59, 0x59, 0x5a, 0xd9, 0x5b, 0x5b, 0x5c, 0x5c, 0x5c, 0x5d, 0x5d, 0x9c, 0x9d, 0x5f, 0x5f, 0x60, 0x60, 0x60, 0x61, 0x61, 0x9e, 0x75, 0x62, 0x62, 0x63, 0x62, 0x63, 0x63, 0x63, 0x63, 0x63, 0x63, 0x63, 0x63, 0x63, 0x63, 0x63, 0x63, 0x63, 0x63, 0x63, 0x63, 0x63, 0x63, 0x63, 0x63, 0x63, 0x63, 0x63, 0x63, 0x63, 0x63, 0x63, 0x63, 0x63, 0x63, 0x63, 0x63, 0x63, 0x63, 0x63, 0x63, 0x63, 0x63, 0x63, 0x63, 0x63, 0x63, 0x63, 0x63, 0x63, 0x63, 0x63, 0x63, 0x63, 0x63, 0x63, 0x63, 0x63, 0x63, 0x63, 0x63, 0x63, 0x63, 0x63, 0x63, 0x63, 
  0x63, 0x63, 0x63, 0x63, 0x63, 0x63, 0x63, 0x63, 0x63, 0x63, 0x63, 0x63, 0x63, 0x63, 0x63, 0x63, 0x63, 0x63, 0x63, 0x63, 0x63, 0x63, 0x63, 0x63, 0x63, 0x63, 0x63, 0x63, 0x63, 0x63, 0x63, 0x63, 0x63, 0x63, 0x63, 0x63, 0x63, 0x63, 0x63, 0x63, 0x63, 0x63, 0x63, 0x63, 0x63, 0x63, 0x63, 0x63, 0x63, 0x63, 0x63, 0x63, 0x63, 0x63, 0x63, 0x63, 0x63, 0x63, 0x63, 0x63, 0x63, 0x62, 0x63, 0x62, 0x62, 0x62, 0x75, 0x9e, 0x61, 0x61, 0x60, 0x60, 0x60, 0x5f, 0x5f, 0x9d, 0x5e, 0x9c, 0x5d, 0x5d, 0x5c, 0x5c, 0x5b, 0x5b, 0x5b, 0xa8, 0x5a, 0x59, 0x59, 0x59, 0x58, 0x58, 0x57, 0x57, 0x73, 0x73, 0x56, 0x56, 0x55, 0x55, 0x55, 0x53, 0x54, 0x53, 0x99, 0x52, 0x52, 0x7c, 0x7c, 0x7c, 0x7c, 0x51, 0x51, 0x98, 0x50, 0x50, 0x4f, 0x4f, 0x4f, 0x7b, 0x4f, 0x4e, 0x7b, 0x4e, 0x4e, 0x96, 0x96, 0x4d, 0x95, 0x95, 0x4c, 0x7a, 0x7a, 0x7a, 0x7a, 0x4b, 0x7a, 0x4b, 0x4b, 0x4b, 0x71, 0x71, 0xd3, 0x4a, 0x4a, 0x4a, 0x49, 0x4a, 0x49, 0x49, 0x49, 0x49, 0x49, 0x49, 0x48, 0x48, 0x47, 0x47, 0x47, 0xa7, 0x70, 0xa7, 0x70, 0x70, 0x46, 0x70, 0x46, 0x46, 0x46, 0x45, 0x46, 0x45, 0x46, 0x45, 0x45, 0x45, 0x45, 0x45, 0x45, 0x45, 0x45, 0x45, 0x45, 0x45, 0x45, 0x45, 0x45, 0x45, 0x45, 0x46, 0x45, 0x46, 0x45, 0x46, 0x46, 0x46, 0x46, 0x46, 0x46, 0x70, 0x46, 0xa7, 0x47, 0x47, 0x47, 0x48, 0x48, 0x48, 0x49, 0x49, 0x49, 0x49, 0x49, 0x4a, 0x49, 0x4a, 0x4a, 0x4a, 0x94, 0x4a, 0x71, 0x71, 0x4b, 0x4b, 0x4b, 0x4b, 0x7a, 0x7a, 0x7a, 0x7a, 0x7a, 0x4c, 0x4c, 0x4d, 0x95, 0x96, 0x4e, 0x4e, 0x7b, 0x7b, 0x7b, 0x7b, 0x4f, 0x4f, 0x97, 0x50, 0x98, 0x51, 0x51, 0x7c, 0x7c, 0x7c, 0x52, 0x52, 0x52, 0x99, 0x53, 0x54, 0x54, 0x55, 0x55, 0x55, 0x56, 0x56, 0x73, 0xc2, 0x57, 0x57, 0x57, 0x58, 0x58, 0x59, 0x59, 0x59, 0xd9, 0x5b, 0x5b, 0x5b, 0x5c, 0x5c, 0x5c, 0x5d, 0x5d, 0x5e, 0x5f, 0x5f, 0x5f, 0x60, 0x60, 0x60, 0x61, 0x61, 0x61, 0x75, 0x62, 0x62, 0x63, 0x62, 0x63, 0x63, 0x63, 0x63, 0x63, 0x63, 0x63, 0x63, 0x63, 0x63, 0x63, 0x63, 0x63, 0x63, 0x63, 0x63, 0x63, 0x63, 0x63, 0x63, 0x63, 0x63, 0x63, 0x63, 0x63, 0x63, 0x63, 0x63, 0x63, 0x63, 0x63, 0x63, 0x63, 0x63, 0x63, 0x63, 0x63, 0x63, 0x63, 0x63, 0x63, 0x63, 0x63, 0x63, 0x63, 0x63, 0x63, 0x63, 0x63, 0x63, 0x63, 0x63, 0x63, 0x63, 0x63, 0x63, 0x63, 0x63, 0x63, 0x63, 0x63, 0x63, 
  0x63, 0x63, 0x63, 0x63, 0x63, 0x63, 0x63, 0x63, 0x63, 0x63, 0x63, 0x63, 0x63, 0x63, 0x63, 0x63, 0x63, 0x63, 0x63, 0x63, 0x63, 0x63, 0x63, 0x63, 0x63, 0x63, 0x63, 0x63, 0x63, 0x63, 0x63, 0x63, 0x63, 0x63, 0x63, 0x63, 0x63, 0x63, 0x63, 0x63, 0x63, 0x63, 0x63, 0x63, 0x63, 0x63, 0x63, 0x63, 0x63, 0x63, 0x63, 0x63, 0x63, 0x63, 0x63, 0x63, 0x63, 0x63, 0x63, 0x63, 0x63, 0x63, 0x62, 0x63, 0x62, 0x62, 0x62, 0x75, 0x9e, 0x61, 0x61, 0x61, 0x60, 0x60, 0x5f, 0x5f, 0x5f, 0x9d, 0x5e, 0x5d, 0x9c, 0x5c, 0x5c, 0x5c, 0x5b, 0x5b, 0xa8, 0x5a, 0x59, 0x59, 0x59, 0x58, 0x58, 0x57, 0x57, 0x73, 0x73, 0x56, 0x56, 0x56, 0x55, 0x55, 0x54, 0x54, 0x53, 0x53, 0x72, 0x52, 0xc1, 0x7c, 0x7c, 0x7c, 0x7c, 0x51, 0x51, 0x98, 0x98, 0x50, 0x4f, 0x50, 0x7b, 0x4f, 0x7b, 0x7b, 0x7b, 0x4e, 0x4e, 0x4e, 0x96, 0x95, 0x4d, 0x95, 0x4c, 0x4c, 0x7a, 0x4c, 0x7a, 0x7a, 0x7a, 0x4b, 0x4b, 0x4b, 0x4b, 0x71, 0x4a, 0x94, 0x4a, 0x4a, 0x4a, 0x4a, 0x49, 0x4a, 0x49, 0x49, 0x49, 0x49, 0x49, 0x48, 0x49, 0x48, 0x48, 0x48, 0x47, 0x47, 0x47, 0xa7, 0x70, 0x46, 0x70, 0x70, 0x46, 0x70, 0x45, 0x46, 0x46, 0x46, 0x46, 0x46, 0x45, 0x46, 0x46, 0x46, 0x46, 0x46, 0x46, 0x46, 0x92, 0x46, 0x46, 0x46, 0x92, 0x46, 0x46, 0x70, 0x70, 0x46, 0xa7, 0x47, 0x47, 0x48, 0x48, 0x48, 0x48, 0x48, 0x49, 0x49, 0x49, 0x49, 0x49, 0x4a, 0x49, 0x4a, 0x4a, 0x4a, 0x94, 0x94, 0x71, 0x71, 0x71, 0x4b, 0x4b, 0x7a, 0x4b, 0x7a, 0x7a, 0x4c, 0x7a, 0x4c, 0x4c, 0x95, 0x4d, 0x4d, 0x96, 0x4e, 0x4e, 0x4e, 0x7b, 0x7b, 0x7b, 0x4f, 0x4f, 0x4f, 0x50, 0x4f, 0x51, 0xd8, 0x7c, 0x51, 0x7c, 0x7c, 0x52, 0x52, 0x52, 0x72, 0x53, 0x54, 0x54, 0x55, 0x55, 0x55, 0x56, 0x56, 0x73, 0x73, 0x73, 0x57, 0x57, 0x57, 0x58, 0x58, 0x59, 0x59, 0x5a, 0xa8, 0x5b, 0x5b, 0x5c, 0x5c, 0x5c, 0x5d, 0x9c, 0x5e, 0x9d, 0x5f, 0x5f, 0x5f, 0x60, 0x60, 0x60, 0x61, 0x61, 0x9e, 0x75, 0x62, 0x62, 0x63, 0x62, 0x63, 0x63, 0x63, 0x63, 0x63, 0x63, 0x63, 0x63, 0x63, 0x63, 0x63, 0x63, 0x63, 0x63, 0x63, 0x63, 0x63, 0x63, 0x63, 0x63, 0x63, 0x63, 0x63, 0x63, 0x63, 0x63, 0x63, 0x63, 0x63, 0x63, 0x63, 0x63, 0x63, 0x63, 0x63, 0x63, 0x63, 0x63, 0x63, 0x63, 0x63, 0x63, 0x63, 0x63, 0x63, 0x63, 0x63, 0x63, 0x63, 0x63, 0x63, 0x63, 0x63, 0x63, 0x63, 0x63, 0x63, 0x63, 0x63, 0x63, 0x63, 0x63, 0x63, 
  0x63, 0x63, 0x63, 0x63, 0x63, 0x63, 0x63, 0x63, 0x63, 0x63, 0x63, 0x63, 0x63, 0x63, 0x63, 0x63, 0x63, 0x63, 0x63, 0x63, 0x63, 0x63, 0x63, 0x63, 0x63, 0x63, 0x63, 0x63, 0x63, 0x63, 0x63, 0x63, 0x63, 0x63, 0x63, 0x63, 0x63, 0x63, 0x63, 0x63, 0x63, 0x63, 0x63, 0x63, 0x63, 0x63, 0x63, 0x63, 0x63, 0x63, 0x63, 0x63, 0x63, 0x63, 0x63, 0x63, 0x63, 0x63, 0x63, 0x63, 0x63, 0x63, 0x63, 0x63, 0x62, 0x63, 0x62, 0x62, 0x75, 0x9e, 0x61, 0x61, 0x60, 0x60, 0x60, 0x60, 0x5f, 0x9d, 0x9d, 0x9c, 0x5d, 0x5c, 0x5d, 0x5b, 0x5c, 0x5b, 0x5c, 0x5b, 0xa8, 0x5a, 0x59, 0x59, 0x59, 0x58, 0x58, 0x57, 0x57, 0x73, 0x56, 0x56, 0x56, 0x55, 0x55, 0x55, 0x54, 0x53, 0x53, 0x53, 0x52, 0x52, 0x52, 0x7c, 0x7c, 0x7c, 0x7c, 0x7c, 0x51, 0x51, 0x98, 0x50, 0x50, 0x4f, 0x4f, 0x7b, 0x4f, 0x7b, 0x7b, 0x4e, 0x4e, 0x4e, 0x4e, 0x4d, 0x4d, 0x4c, 0x4c, 0x4c, 0x4c, 0x4c, 0x4c, 0x7a, 0x4c, 0x4b, 0x7a, 0x4b, 0x7a, 0x4b, 0x4b, 0x94, 0x94, 0x4a, 0x94, 0x49, 0x94, 0x4a, 0x4a, 0x49, 0x49, 0x49, 0x49, 0x49, 0x49, 0x49, 0x48, 0x49, 0x48, 0x48, 0x48, 0x48, 0x48, 0x47, 0x47, 0x47, 0x70, 0xa7, 0x70, 0x92, 0x92, 0x46, 0x92, 0x92, 0x92, 0x46, 0x92, 0x92, 0x46, 0x70, 0x70, 0x70, 0x47, 0x47, 0x48, 0x47, 0x48, 0x48, 0x48, 0x48, 0x48, 0x48, 0x49, 0x48, 0x49, 0x49, 0x49, 0x49, 0x49, 0x49, 0x4a, 0x4a, 0x4a, 0x93, 0x93, 0x94, 0x71, 0x71, 0x71, 0x4b, 0x4b, 0x4b, 0x7a, 0x7a, 0x7a, 0x7a, 0x4c, 0x7a, 0x4c, 0x7a, 0x95, 0x4c, 0x4d, 0x4d, 0x96, 0x4e, 0x4e, 0x4e, 0x7b, 0x7b, 0x7b, 0x4f, 0x4f, 0x4f, 0x4f, 0x98, 0xd8, 0x51, 0x51, 0x7c, 0x7c, 0x52, 0x7c, 0x52, 0x52, 0x52, 0x53, 0x54, 0x54, 0x55, 0x55, 0x55, 0x56, 0x56, 0x55, 0x73, 0x73, 0x57, 0x57, 0x58, 0x58, 0x58, 0x59, 0x59, 0x5a, 0x5a, 0xd9, 0x5b, 0x5b, 0x5c, 0x5c, 0x5c, 0x5d, 0x5c, 0x9d, 0x9c, 0x5f, 0x5f, 0x60, 0x60, 0x60, 0x61, 0x61, 0x61, 0x9e, 0x75, 0x62, 0x62, 0x63, 0x62, 0x63, 0x63, 0x63, 0x63, 0x63, 0x63, 0x63, 0x63, 0x63, 0x63, 0x63, 0x63, 0x63, 0x63, 0x63, 0x63, 0x63, 0x63, 0x63, 0x63, 0x63, 0x63, 0x63, 0x63, 0x63, 0x63, 0x63, 0x63, 0x63, 0x63, 0x63, 0x63, 0x63, 0x63, 0x63, 0x63, 0x63, 0x63, 0x63, 0x63, 0x63, 0x63, 0x63, 0x63, 0x63, 0x63, 0x63, 0x63, 0x63, 0x63, 0x63, 0x63, 0x63, 0x63, 0x63, 0x63, 0x63, 0x63, 0x63, 0x63, 0x63, 0x63, 0x63, 0x63, 
  0x63, 0x63, 0x63, 0x63, 0x63, 0x63, 0x63, 0x63, 0x63, 0x63, 0x63, 0x63, 0x63, 0x63, 0x63, 0x63, 0x63, 0x63, 0x63, 0x63, 0x63, 0x63, 0x63, 0x63, 0x63, 0x63, 0x63, 0x63, 0x63, 0x63, 0x63, 0x63, 0x63, 0x63, 0x63, 0x63, 0x63, 0x63, 0x63, 0x63, 0x63, 0x63, 0x63, 0x63, 0x63, 0x63, 0x63, 0x63, 0x63, 0x63, 0x63, 0x63, 0x63, 0x63, 0x63, 0x63, 0x63, 0x63, 0x63, 0x63, 0x63, 0x63, 0x63, 0x63, 0x63, 0x62, 0x63, 0x62, 0x62, 0x75, 0x9e, 0x9e, 0x61, 0x61, 0x60, 0x60, 0x60, 0x5f, 0x5f, 0x9d, 0x5e, 0x5e, 0x5d, 0x5d, 0x5d, 0x5c, 0x5c, 0x5b, 0x5b, 0xd9, 0x5a, 0x59, 0x59, 0x59, 0x58, 0x58, 0x58, 0x57, 0x57, 0x9a, 0x73, 0x56, 0x56, 0x55, 0x55, 0x55, 0x54, 0x54, 0x53, 0x72, 0x72, 0x52, 0x52, 0x52, 0x7c, 0x7c, 0x7c, 0x7c, 0x51, 0x51, 0x98, 0x98, 0x97, 0x50, 0x7b, 0x4f, 0x7b, 0x7b, 0x7b, 0x7b, 0x4e, 0x4e, 0x4e, 0x4e, 0x96, 0x4d, 0x4c, 0x4c, 0x4c, 0x4d, 0x7a, 0x4c, 0x7a, 0x7a, 0x7a, 0x4b, 0x4b, 0x4b, 0x4b, 0x4b, 0x4b, 0x4b, 0x71, 0x94, 0x4a, 0x93, 0x4a, 0x93, 0x4a, 0x4a, 0x49, 0x4a, 0x49, 0x49, 0x49, 0x49, 0x49, 0x49, 0x49, 0x48, 0x48, 0x48, 0x48, 0x48, 0x48, 0x47, 0x48, 0x47, 0x47, 0x47, 0x47, 0x48, 0x47, 0x48, 0x48, 0x48, 0x48, 0x48, 0x48, 0x48, 0x48, 0x49, 0x49, 0x49, 0x49, 0x49, 0x49, 0x49, 0x49, 0x49, 0x4a, 0x49, 0x4a, 0x4a, 0x93, 0x93, 0x93, 0x93, 0x71, 0x71, 0x71, 0x4b, 0x4b, 0x7a, 0x4b, 0x7a, 0x7a, 0x7a, 0x7a, 0x7a, 0x4c, 0x7a, 0x4c, 0x4c, 0x4c, 0x95, 0x96, 0x96, 0x4e, 0x4e, 0x7b, 0x4e, 0x7b, 0x7b, 0x7b, 0x4f, 0x4f, 0x4f, 0x50, 0x98, 0x51, 0x51, 0x7c, 0x51, 0x52, 0x7c, 0x52, 0x52, 0x52, 0x72, 0x72, 0x54, 0x54, 0x55, 0x54, 0x56, 0x55, 0x56, 0x56, 0x73, 0x73, 0x57, 0x57, 0x57, 0x58, 0x58, 0x59, 0x59, 0x59, 0x5a, 0xa8, 0x5b, 0x5b, 0x5c, 0x5c, 0x5c, 0x5d, 0x5d, 0x5e, 0x9d, 0x9d, 0x5f, 0x5f, 0x60, 0x60, 0x60, 0x61, 0x61, 0x9e, 0x75, 0x62, 0x62, 0x63, 0x62, 0x63, 0x63, 0x63, 0x63, 0x63, 0x63, 0x63, 0x63, 0x63, 0x63, 0x63, 0x63, 0x63, 0x63, 0x63, 0x63, 0x63, 0x63, 0x63, 0x63, 0x63, 0x63, 0x63, 0x63, 0x63, 0x63, 0x63, 0x63, 0x63, 0x63, 0x63, 0x63, 0x63, 0x63, 0x63, 0x63, 0x63, 0x63, 0x63, 0x63, 0x63, 0x63, 0x63, 0x63, 0x63, 0x63, 0x63, 0x63, 0x63, 0x63, 0x63, 0x63, 0x63, 0x63, 0x63, 0x63, 0x63, 0x63, 0x63, 0x63, 0x63, 0x63, 0x63, 0x63, 0x63, 0x63, 
  0x63, 0x63, 0x63, 0x63, 0x63, 0x63, 0x63, 0x63, 0x63, 0x63, 0x63, 0x63, 0x63, 0x63, 0x63, 0x63, 0x63, 0x63, 0x63, 0x63, 0x63, 0x63, 0x63, 0x63, 0x63, 0x63, 0x63, 0x63, 0x63, 0x63, 0x63, 0x63, 0x63, 0x63, 0x63, 0x63, 0x63, 0x63, 0x63, 0x63, 0x63, 0x63, 0x63, 0x63, 0x63, 0x63, 0x63, 0x63, 0x63, 0x63, 0x63, 0x63, 0x63, 0x63, 0x63, 0x63, 0x63, 0x63, 0x63, 0x63, 0x63, 0x63, 0x63, 0x63, 0x63, 0x63, 0x62, 0x63, 0x62, 0x62, 0x62, 0xd5, 0x61, 0x61, 0x61, 0x60, 0x60, 0x60, 0x60, 0x5f, 0x9d, 0x5e, 0x5e, 0x5d, 0x5d, 0x5c, 0x5c, 0x5c, 0x5c, 0x5b, 0xa8, 0xd9, 0x5a, 0x59, 0x59, 0x59, 0x58, 0x58, 0x57, 0x57, 0x73, 0x73, 0x56, 0x56, 0x56, 0x55, 0x56, 0x54, 0x55, 0x54, 0x53, 0x53, 0x72, 0x52, 0x52, 0x52, 0x7c, 0x7c, 0x7c, 0x51, 0x51, 0x51, 0x51, 0x98, 0x98, 0x4f, 0x4f, 0x97, 0x4f, 0x7b, 0x7b, 0x7b, 0x7b, 0x4e, 0x4e, 0x4e, 0x96, 0xd7, 0x4d, 0x4d, 0x4d, 0x4c, 0x4c, 0x4c, 0x4c, 0x7a, 0x4c, 0x4b, 0x7a, 0x7a, 0x4b, 0x4b, 0x4b, 0x4b, 0x4b, 0x71, 0x71, 0x71, 0x94, 0x4a, 0xd3, 0x4a, 0x4a, 0x4a, 0x4a, 0x4a, 0x4a, 0x49, 0x49, 0x4a, 0x49, 0x49, 0x49, 0x49, 0x49, 0x49, 0x49, 0x49, 0x49, 0x49, 0x49, 0x49, 0x49, 0x49, 0x49, 0x49, 0x49, 0x49, 0x49, 0x4a, 0x49, 0x4a, 0x49, 0x4a, 0x49, 0x4a, 0x4a, 0x4a, 0x4a, 0x4a, 0x4a, 0x93, 0x71, 0x94, 0x71, 0x71, 0x71, 0x4b, 0x4b, 0x7a, 0x4b, 0x7a, 0x4b, 0x7a, 0x7a, 0x4c, 0x7a, 0x4c, 0x4c, 0x4c, 0x4d, 0x4d, 0x4d, 0x4d, 0x96, 0x4e, 0x4e, 0x4e, 0x7b, 0x7b, 0x7b, 0x7b, 0x4f, 0x7b, 0x98, 0x4f, 0x50, 0x98, 0x51, 0x51, 0x7c, 0x7c, 0x7c, 0x52, 0x7c, 0x72, 0x52, 0x72, 0x53, 0x54, 0x54, 0x54, 0x55, 0x55, 0x56, 0x55, 0x73, 0x9a, 0x73, 0x57, 0x57, 0x57, 0x58, 0x58, 0x58, 0x59, 0x59, 0x59, 0xd9, 0xd9, 0x5b, 0x5c, 0x5c, 0x5c, 0x5c, 0x5d, 0x5d, 0x5e, 0x9d, 0x9d, 0x5f, 0x5f, 0x60, 0x60, 0x61, 0x61, 0x61, 0x75, 0x75, 0x62, 0x62, 0x62, 0x62, 0x63, 0x63, 0x63, 0x63, 0x63, 0x63, 0x63, 0x63, 0x63, 0x63, 0x63, 0x63, 0x63, 0x63, 0x63, 0x63, 0x63, 0x63, 0x63, 0x63, 0x63, 0x63, 0x63, 0x63, 0x63, 0x63, 0x63, 0x63, 0x63, 0x63, 0x63, 0x63, 0x63, 0x63, 0x63, 0x63, 0x63, 0x63, 0x63, 0x63, 0x63, 0x63, 0x63, 0x63, 0x63, 0x63, 0x63, 0x63, 0x63, 0x63, 0x63, 0x63, 0x63, 0x63, 0x63, 0x63, 0x63, 0x63, 0x63, 0x63, 0x63, 0x63, 0x63, 0x63, 0x63, 0x63, 0x63, 
  0x63, 0x63, 0x63, 0x63, 0x63, 0x63, 0x63, 0x63, 0x63, 0x63, 0x63, 0x63, 0x63, 0x63, 0x63, 0x63, 0x63, 0x63, 0x63, 0x63, 0x63, 0x63, 0x63, 0x63, 0x63, 0x63, 0x63, 0x63, 0x63, 0x63, 0x63, 0x63, 0x63, 0x63, 0x63, 0x63, 0x63, 0x63, 0x63, 0x63, 0x63, 0x63, 0x63, 0x63, 0x63, 0x63, 0x63, 0x63, 0x63, 0x63, 0x63, 0x63, 0x63, 0x63, 0x63, 0x63, 0x63, 0x63, 0x63, 0x63, 0x63, 0x63, 0x63, 0x63, 0x63, 0x63, 0x63, 0x62, 0x63, 0x62, 0x62, 0x62, 0x75, 0x9e, 0x61, 0x61, 0x61, 0x60, 0x60, 0x5f, 0x5f, 0x9d, 0x5e, 0x5e, 0x5d, 0x5d, 0x5d, 0x5d, 0x5c, 0x5c, 0x5b, 0x5b, 0xa8, 0x5a, 0x9b, 0x58, 0x59, 0x58, 0x58, 0x57, 0x57, 0x57, 0x73, 0x56, 0x73, 0x55, 0x56, 0x55, 0x55, 0x55, 0x54, 0x54, 0x53, 0x53, 0x72, 0x52, 0x52, 0x52, 0x7c, 0x7c, 0x7c, 0x7c, 0x51, 0x51, 0x51, 0x98, 0x98, 0x50, 0x50, 0x4f, 0x4f, 0x4f, 0x7b, 0x7b, 0x7b, 0x4e, 0x7b, 0x4e, 0x4e, 0xd7, 0xd7, 0xd7, 0x4d, 0x4c, 0x4c, 0x4d, 0x7a, 0x4c, 0x7a, 0x7a, 0x7a, 0x7a, 0x7a, 0x7a, 0x4b, 0x4b, 0x4b, 0x4b, 0x4b, 0x4b, 0x71, 0x71, 0x71, 0x4a, 0x4a, 0x4a, 0x4a, 0x4a, 0x94, 0x49, 0x4a, 0x4a, 0x4a, 0x4a, 0x49, 0x4a, 0x49, 0x49, 0x49, 0x49, 0x49, 0x49, 0x49, 0x49, 0x49, 0x4a, 0x4a, 0x4a, 0x4a, 0x4a, 0x4a, 0x4a, 0xd3, 0x4a, 0x93, 0x94, 0x4a, 0x94, 0x71, 0x71, 0x71, 0x4b, 0x4b, 0x4b, 0x4b, 0x7a, 0x4b, 0x7a, 0x7a, 0x7a, 0x7a, 0x7a, 0x4c, 0x4c, 0x4c, 0x4c, 0x4d, 0x4c, 0x4d, 0x96, 0xd7, 0x4e, 0x4e, 0x4e, 0x4e, 0x7b, 0x4e, 0x4f, 0x7b, 0x4f, 0x4f, 0x4f, 0x50, 0x50, 0xd8, 0xd8, 0x51, 0x51, 0x7c, 0x51, 0x52, 0x7c, 0x52, 0x52, 0x72, 0x53, 0x53, 0x54, 0x54, 0x54, 0x55, 0x55, 0x55, 0x56, 0x56, 0x73, 0x73, 0x57, 0x57, 0x57, 0x58, 0x58, 0x58, 0x59, 0x59, 0x5a, 0x5a, 0xd9, 0x5b, 0x5c, 0x5c, 0x5c, 0x5c, 0x5d, 0x5d, 0x5d, 0x5e, 0x9d, 0x5f, 0x60, 0x5f, 0x60, 0x60, 0x61, 0x61, 0x61, 0x9e, 0x75, 0x62, 0x62, 0x62, 0x63, 0x63, 0x63, 0x63, 0x63, 0x63, 0x63, 0x63, 0x63, 0x63, 0x63, 0x63, 0x63, 0x63, 0x63, 0x63, 0x63, 0x63, 0x63, 0x63, 0x63, 0x63, 0x63, 0x63, 0x63, 0x63, 0x63, 0x63, 0x63, 0x63, 0x63, 0x63, 0x63, 0x63, 0x63, 0x63, 0x63, 0x63, 0x63, 0x63, 0x63, 0x63, 0x63, 0x63, 0x63, 0x63, 0x63, 0x63, 0x63, 0x63, 0x63, 0x63, 0x63, 0x63, 0x63, 0x63, 0x63, 0x63, 0x63, 0x63, 0x63, 0x63, 0x63, 0x63, 0x63, 0x63, 0x63, 0x63, 0x63, 
  0x63, 0x63, 0x63, 0x63, 0x63, 0x63, 0x63, 0x63, 0x63, 0x63, 0x63, 0x63, 0x63, 0x63, 0x63, 0x63, 0x63, 0x63, 0x63, 0x63, 0x63, 0x63, 0x63, 0x63, 0x63, 0x63, 0x63, 0x63, 0x63, 0x63, 0x63, 0x63, 0x63, 0x63, 0x63, 0x63, 0x63, 0x63, 0x63, 0x63, 0x63, 0x63, 0x63, 0x63, 0x63, 0x63, 0x63, 0x63, 0x63, 0x63, 0x63, 0x63, 0x63, 0x63, 0x63, 0x63, 0x63, 0x63, 0x63, 0x63, 0x63, 0x63, 0x63, 0x63, 0x63, 0x63, 0x63, 0x63, 0x62, 0x63, 0x62, 0x62, 0x62, 0x75, 0x9e, 0x61, 0x61, 0x60, 0x61, 0x5f, 0x60, 0x5f, 0x5f, 0x9d, 0x5e, 0x5e, 0x5d, 0x5d, 0x5c, 0x5c, 0x5c, 0x5b, 0x5c, 0xd9, 0x5a, 0xd9, 0x59, 0x59, 0x58, 0x58, 0x58, 0x57, 0x57, 0x73, 0x73, 0x73, 0x56, 0x56, 0x56, 0x55, 0x55, 0x55, 0x54, 0x55, 0x53, 0x53, 0x72, 0x99, 0x52, 0x52, 0x7c, 0x7c, 0x7c, 0x7c, 0x51, 0x7c, 0xd8, 0x51, 0x98, 0xd8, 0x4f, 0x4f, 0x4f, 0x4f, 0x4f, 0x7b, 0x7b, 0x7b, 0x7b, 0x4e, 0x7b, 0x4e, 0x4e, 0x96, 0xd7, 0x95, 0xd7, 0x95, 0x4d, 0x95, 0x4c, 0x4c, 0x7a, 0x4c, 0x7a, 0x4c, 0x7a, 0x7a, 0x7a, 0x4b, 0x7a, 0x7a, 0x4b, 0x4b, 0x4b, 0x4b, 0x4b, 0x71, 0x71, 0x94, 0x94, 0x4a, 0x94, 0x4a, 0x94, 0x4a, 0x93, 0x71, 0x4a, 0x94, 0x4a, 0x94, 0x4a, 0x94, 0x4a, 0x4a, 0x4a, 0x94, 0xd3, 0x71, 0x71, 0x71, 0x4b, 0x71, 0x71, 0x4b, 0x4b, 0x4b, 0x4b, 0x7a, 0x4b, 0x7a, 0x4b, 0x7a, 0x7a, 0x7a, 0x4c, 0x7a, 0x4c, 0x4c, 0x4c, 0x4c, 0x4d, 0x4c, 0x4d, 0x4d, 0xd7, 0xd7, 0x4e, 0x4e, 0x4e, 0x4e, 0x7b, 0x7b, 0x7b, 0x7b, 0x7b, 0x4f, 0x7b, 0x50, 0x4f, 0x50, 0x98, 0x51, 0x51, 0x51, 0x7c, 0x7c, 0x52, 0x52, 0x52, 0x72, 0x72, 0x53, 0x53, 0x54, 0x54, 0x54, 0x55, 0x55, 0x55, 0x56, 0x56, 0x9a, 0xc2, 0x73, 0x57, 0x57, 0x58, 0x58, 0x59, 0x58, 0x5a, 0x59, 0x5a, 0xd9, 0xd9, 0x5b, 0x5b, 0x5c, 0x5c, 0x5c, 0x5e, 0x5d, 0x5e, 0x9d, 0x9d, 0x5f, 0x5f, 0x60, 0x60, 0x60, 0x61, 0x61, 0x61, 0x9e, 0x75, 0x62, 0x62, 0x63, 0x62, 0x63, 0x63, 0x63, 0x63, 0x63, 0x63, 0x63, 0x63, 0x63, 0x63, 0x63, 0x63, 0x63, 0x63, 0x63, 0x63, 0x63, 0x63, 0x63, 0x63, 0x63, 0x63, 0x63, 0x63, 0x63, 0x63, 0x63, 0x63, 0x63, 0x63, 0x63, 0x63, 0x63, 0x63, 0x63, 0x63, 0x63, 0x63, 0x63, 0x63, 0x63, 0x63, 0x63, 0x63, 0x63, 0x63, 0x63, 0x63, 0x63, 0x63, 0x63, 0x63, 0x63, 0x63, 0x63, 0x63, 0x63, 0x63, 0x63, 0x63, 0x63, 0x63, 0x63, 0x63, 0x63, 0x63, 0x63, 0x63, 0x63, 
  0x63, 0x63, 0x63, 0x63, 0x63, 0x63, 0x63, 0x63, 0x63, 0x63, 0x63, 0x63, 0x63, 0x63, 0x63, 0x63, 0x63, 0x63, 0x63, 0x63, 0x63, 0x63, 0x63, 0x63, 0x63, 0x63, 0x63, 0x63, 0x63, 0x63, 0x63, 0x63, 0x63, 0x63, 0x63, 0x63, 0x63, 0x63, 0x63, 0x63, 0x63, 0x63, 0x63, 0x63, 0x63, 0x63, 0x63, 0x63, 0x63, 0x63, 0x63, 0x63, 0x63, 0x63, 0x63, 0x63, 0x63, 0x63, 0x63, 0x63, 0x63, 0x63, 0x63, 0x63, 0x63, 0x63, 0x63, 0x63, 0x63, 0x62, 0x63, 0x62, 0x62, 0x62, 0x75, 0x9e, 0x9e, 0x61, 0x61, 0x60, 0x60, 0x60, 0x60, 0x5f, 0x74, 0x5e, 0x5e, 0x5d, 0x5d, 0x5d, 0x5c, 0x5c, 0x5b, 0x5b, 0x5b, 0xa8, 0x5a, 0x5a, 0x59, 0x59, 0x58, 0x58, 0x58, 0x57, 0x57, 0x57, 0x73, 0x56, 0x56, 0x56, 0x56, 0x55, 0x55, 0x55, 0x54, 0x54, 0x54, 0x53, 0x72, 0x72, 0xc1, 0x72, 0x7c, 0x52, 0x7c, 0x7c, 0x7c, 0x7c, 0x51, 0x51, 0xd8, 0xd8, 0x50, 0x4f, 0x50, 0x4f, 0x4f, 0x7b, 0x4f, 0x7b, 0x7b, 0x7b, 0x7b, 0x4e, 0x4e, 0x4e, 0x4e, 0x4e, 0x96, 0x4d, 0x4d, 0x4c, 0x95, 0x4c, 0x4d, 0x7a, 0x4c, 0x4c, 0x7a, 0x4c, 0x7a, 0x7a, 0x7a, 0x7a, 0x4b, 0x4b, 0x4b, 0x4b, 0x4b, 0x4b, 0x4b, 0x4b, 0x4b, 0x71, 0x4b, 0x71, 0x71, 0x71, 0x71, 0x71, 0x71, 0x71, 0x71, 0x71, 0x71, 0x4b, 0x4b, 0x4b, 0x4b, 0x4b, 0x4b, 0x4b, 0x4b, 0x4b, 0x7a, 0x4b, 0x7a, 0x7a, 0x7a, 0x7a, 0x7a, 0x7a, 0x4c, 0x7a, 0x4c, 0x7a, 0x4c, 0x4c, 0x4c, 0x4d, 0x4d, 0x96, 0xd7, 0xd7, 0x4e, 0x4e, 0x4e, 0x4e, 0x4e, 0x7b, 0x7b, 0x7b, 0x4f, 0x7b, 0x4f, 0x97, 0x4f, 0x50, 0x50, 0x98, 0x98, 0x51, 0x7c, 0x51, 0x7c, 0x7c, 0x52, 0x7c, 0x52, 0x52, 0x72, 0x53, 0x54, 0x54, 0x54, 0x55, 0x55, 0x55, 0x56, 0x56, 0x56, 0xc2, 0x73, 0x73, 0x57, 0x57, 0x58, 0x58, 0x59, 0x58, 0x59, 0x59, 0x5a, 0xd9, 0xa8, 0x5b, 0x5b, 0x5c, 0x5c, 0x5d, 0x5d, 0x5d, 0x5e, 0x5e, 0x9d, 0x5f, 0x5f, 0x60, 0x60, 0x61, 0x60, 0x61, 0x61, 0x61, 0x62, 0x75, 0x62, 0x62, 0x63, 0x62, 0x63, 0x63, 0x63, 0x63, 0x63, 0x63, 0x63, 0x63, 0x63, 0x63, 0x63, 0x63, 0x63, 0x63, 0x63, 0x63, 0x63, 0x63, 0x63, 0x63, 0x63, 0x63, 0x63, 0x63, 0x63, 0x63, 0x63, 0x63, 0x63, 0x63, 0x63, 0x63, 0x63, 0x63, 0x63, 0x63, 0x63, 0x63, 0x63, 0x63, 0x63, 0x63, 0x63, 0x63, 0x63, 0x63, 0x63, 0x63, 0x63, 0x63, 0x63, 0x63, 0x63, 0x63, 0x63, 0x63, 0x63, 0x63, 0x63, 0x63, 0x63, 0x63, 0x63, 0x63, 0x63, 0x63, 0x63, 0x63, 0x63, 0x63, 
  0x63, 0x63, 0x63, 0x63, 0x63, 0x63, 0x63, 0x63, 0x63, 0x63, 0x63, 0x63, 0x63, 0x63, 0x63, 0x63, 0x63, 0x63, 0x63, 0x63, 0x63, 0x63, 0x63, 0x63, 0x63, 0x63, 0x63, 0x63, 0x63, 0x63, 0x63, 0x63, 0x63, 0x63, 0x63, 0x63, 0x63, 0x63, 0x63, 0x63, 0x63, 0x63, 0x63, 0x63, 0x63, 0x63, 0x63, 0x63, 0x63, 0x63, 0x63, 0x63, 0x63, 0x63, 0x63, 0x63, 0x63, 0x63, 0x63, 0x63, 0x63, 0x63, 0x63, 0x63, 0x63, 0x63, 0x63, 0x63, 0x63, 0x63, 0x63, 0x63, 0x62, 0x62, 0x62, 0x62, 0x75, 0x61, 0x61, 0x61, 0x61, 0x60, 0x60, 0x60, 0x5f, 0x5f, 0x5f, 0x5e, 0x5d, 0x5d, 0x5d, 0x5c, 0x5d, 0x5b, 0x5c, 0x5b, 0x5b, 0xa8, 0x5a, 0x59, 0x59, 0x59, 0x58, 0x58, 0x58, 0x57, 0x57, 0x57, 0x73, 0xc2, 0x56, 0x56, 0x56, 0x56, 0x55, 0x55, 0x55, 0x54, 0x54, 0x53, 0x53, 0x72, 0x53, 0x52, 0x52, 0x7c, 0x7c, 0x7c, 0x7c, 0x7c, 0x7c, 0x51, 0x51, 0xd8, 0x98, 0x50, 0x50, 0x4f, 0x4f, 0x4f, 0x4f, 0x7b, 0x7b, 0x4f, 0x4e, 0x7b, 0x4e, 0x7b, 0x4e, 0x4e, 0x4e, 0x4e, 0x96, 0x96, 0x4d, 0x4d, 0x4d, 0x4d, 0x4c, 0x4c, 0x4c, 0x4c, 0x4c, 0x7a, 0x4c, 0x7a, 0x7a, 0x7a, 0x7a, 0x7a, 0x7a, 0x7a, 0x7a, 0x7a, 0x4b, 0x7a, 0x4b, 0x7a, 0x4b, 0x7a, 0x7a, 0x4b, 0x7a, 0x7a, 0x4b, 0x7a, 0x7a, 0x7a, 0x7a, 0x7a, 0x7a, 0x7a, 0x4c, 0x7a, 0x7a, 0x4c, 0x7a, 0x7a, 0x4c, 0x4c, 0x4c, 0x4c, 0x4c, 0x4d, 0x4d, 0x4d, 0x4d, 0x96, 0x96, 0xd7, 0x4e, 0x4e, 0x4e, 0x4e, 0x7b, 0x7b, 0x7b, 0x7b, 0x7b, 0x4f, 0x7b, 0x4f, 0x7b, 0x50, 0x4f, 0x50, 0x98, 0x98, 0x51, 0x51, 0x51, 0x7c, 0x7c, 0x52, 0x7c, 0x72, 0x52, 0x72, 0x53, 0x53, 0x54, 0x54, 0x54, 0x55, 0x55, 0x55, 0x56, 0x56, 0x56, 0x56, 0x73, 0x73, 0x57, 0x57, 0x58, 0x58, 0x58, 0x59, 0x59, 0x59, 0x5a, 0x5a, 0xd9, 0xa8, 0x5c, 0x5b, 0x5c, 0x5c, 0x5d, 0x5d, 0x5d, 0x5e, 0x5e, 0x9d, 0x5f, 0x5f, 0x60, 0x60, 0x60, 0x60, 0x9e, 0x9e, 0xd5, 0x62, 0x62, 0x62, 0x63, 0x62, 0x63, 0x63, 0x63, 0x63, 0x63, 0x63, 0x63, 0x63, 0x63, 0x63, 0x63, 0x63, 0x63, 0x63, 0x63, 0x63, 0x63, 0x63, 0x63, 0x63, 0x63, 0x63, 0x63, 0x63, 0x63, 0x63, 0x63, 0x63, 0x63, 0x63, 0x63, 0x63, 0x63, 0x63, 0x63, 0x63, 0x63, 0x63, 0x63, 0x63, 0x63, 0x63, 0x63, 0x63, 0x63, 0x63, 0x63, 0x63, 0x63, 0x63, 0x63, 0x63, 0x63, 0x63, 0x63, 0x63, 0x63, 0x63, 0x63, 0x63, 0x63, 0x63, 0x63, 0x63, 0x63, 0x63, 0x63, 0x63, 0x63, 0x63, 0x63, 0x63, 
  0x63, 0x63, 0x63, 0x63, 0x63, 0x63, 0x63, 0x63, 0x63, 0x63, 0x63, 0x63, 0x63, 0x63, 0x63, 0x63, 0x63, 0x63, 0x63, 0x63, 0x63, 0x63, 0x63, 0x63, 0x63, 0x63, 0x63, 0x63, 0x63, 0x63, 0x63, 0x63, 0x63, 0x63, 0x63, 0x63, 0x63, 0x63, 0x63, 0x63, 0x63, 0x63, 0x63, 0x63, 0x63, 0x63, 0x63, 0x63, 0x63, 0x63, 0x63, 0x63, 0x63, 0x63, 0x63, 0x63, 0x63, 0x63, 0x63, 0x63, 0x63, 0x63, 0x63, 0x63, 0x63, 0x63, 0x63, 0x63, 0x63, 0x63, 0x62, 0x63, 0x62, 0x63, 0x62, 0x62, 0x62, 0x62, 0xd5, 0x61, 0x61, 0x61, 0x60, 0x60, 0x60, 0x5f, 0x5f, 0x5f, 0x9d, 0x5e, 0x5d, 0x5d, 0x5c, 0x5c, 0x5c, 0x5c, 0x5b, 0x5b, 0xd9, 0xa8, 0x5a, 0x59, 0x59, 0x59, 0x58, 0x58, 0x58, 0x57, 0x57, 0x57, 0x73, 0x73, 0x56, 0x56, 0x56, 0x56, 0x55, 0x55, 0x55, 0x54, 0x54, 0x53, 0x53, 0x72, 0x72, 0x52, 0x52, 0x52, 0x52, 0x7c, 0x7c, 0x7c, 0x7c, 0x51, 0x7c, 0x51, 0xd8, 0x98, 0xd8, 0x50, 0x50, 0x4f, 0x4f, 0x7b, 0x4f, 0x4f, 0x7b, 0x7b, 0x7b, 0x7b, 0x7b, 0x7b, 0x4e, 0x7b, 0x4e, 0x4e, 0xd7, 0xd7, 0x4d, 0x4d, 0x4d, 0x4c, 0x4d, 0x4d, 0x4c, 0x4c, 0x4c, 0x4c, 0x4c, 0x4c, 0x4c, 0x7a, 0x7a, 0x7a, 0x7a, 0x7a, 0x7a, 0x7a, 0x7a, 0x7a, 0x4c, 0x7a, 0x4c, 0x7a, 0x4c, 0x7a, 0x4c, 0x4c, 0x4c, 0x4c, 0x4c, 0x4c, 0x4c, 0x4c, 0x4c, 0x4c, 0x4c, 0x4c, 0x4c, 0x95, 0x4d, 0x4d, 0x4d, 0x4d, 0x96, 0xd7, 0x7b, 0xd7, 0x7b, 0x4e, 0x7b, 0x7b, 0x7b, 0x7b, 0x7b, 0x4f, 0x7b, 0x4f, 0x4f, 0x4f, 0x4f, 0x4f, 0x50, 0x98, 0xd8, 0x51, 0x51, 0x7c, 0x51, 0x7c, 0x7c, 0x52, 0x7c, 0x52, 0x52, 0x72, 0x53, 0x53, 0x55, 0x54, 0x55, 0x55, 0x56, 0x55, 0x56, 0x56, 0x56, 0x56, 0x73, 0x73, 0x57, 0x57, 0x58, 0x58, 0x58, 0x59, 0x59, 0x59, 0x5a, 0x5a, 0xd9, 0x5b, 0x5b, 0x5c, 0x5c, 0x5c, 0x5c, 0x5d, 0x5d, 0x9c, 0x5e, 0x9d, 0x5f, 0x5f, 0x60, 0x60, 0x60, 0x60, 0x61, 0x61, 0x9e, 0xd5, 0x62, 0x62, 0x62, 0x63, 0x62, 0x63, 0x63, 0x63, 0x63, 0x63, 0x63, 0x63, 0x63, 0x63, 0x63, 0x63, 0x63, 0x63, 0x63, 0x63, 0x63, 0x63, 0x63, 0x63, 0x63, 0x63, 0x63, 0x63, 0x63, 0x63, 0x63, 0x63, 0x63, 0x63, 0x63, 0x63, 0x63, 0x63, 0x63, 0x63, 0x63, 0x63, 0x63, 0x63, 0x63, 0x63, 0x63, 0x63, 0x63, 0x63, 0x63, 0x63, 0x63, 0x63, 0x63, 0x63, 0x63, 0x63, 0x63, 0x63, 0x63, 0x63, 0x63, 0x63, 0x63, 0x63, 0x63, 0x63, 0x63, 0x63, 0x63, 0x63, 0x63, 0x63, 0x63, 0x63, 0x63, 0x63, 
  0x63, 0x63, 0x63, 0x63, 0x63, 0x63, 0x63, 0x63, 0x63, 0x63, 0x63, 0x63, 0x63, 0x63, 0x63, 0x63, 0x63, 0x63, 0x63, 0x63, 0x63, 0x63, 0x63, 0x63, 0x63, 0x63, 0x63, 0x63, 0x63, 0x63, 0x63, 0x63, 0x63, 0x63, 0x63, 0x63, 0x63, 0x63, 0x63, 0x63, 0x63, 0x63, 0x63, 0x63, 0x63, 0x63, 0x63, 0x63, 0x63, 0x63, 0x63, 0x63, 0x63, 0x63, 0x63, 0x63, 0x63, 0x63, 0x63, 0x63, 0x63, 0x63, 0x63, 0x63, 0x63, 0x63, 0x63, 0x63, 0x63, 0x63, 0x63, 0x63, 0x63, 0x62, 0x63, 0x62, 0x62, 0x62, 0x75, 0x75, 0x61, 0x61, 0x61, 0x60, 0x60, 0x60, 0x5f, 0x5f, 0x5f, 0x9d, 0x5e, 0x5d, 0x5d, 0x5d, 0x5d, 0x5c, 0x5c, 0x5b, 0x5c, 0xd9, 0xa8, 0x5a, 0x5a, 0x59, 0x59, 0x58, 0x59, 0x58, 0x58, 0x57, 0x57, 0x73, 0x73, 0x73, 0x56, 0x56, 0x56, 0x56, 0x55, 0x55, 0x55, 0x55, 0x54, 0x54, 0x54, 0x53, 0x53, 0x72, 0x52, 0x52, 0x52, 0x7c, 0x52, 0x7c, 0x7c, 0x7c, 0x51, 0x51, 0x51, 0x98, 0xd8, 0x50, 0x50, 0x50, 0x50, 0x4f, 0x4f, 0x4f, 0x4f, 0x7b, 0x4f, 0x7b, 0x7b, 0x7b, 0x7b, 0x7b, 0x4e, 0x4e, 0x7b, 0xd7, 0x4e, 0x4e, 0xd7, 0xd7, 0x4d, 0x4d, 0x4d, 0x4d, 0x4c, 0x4d, 0x4c, 0x4c, 0x4d, 0x4c, 0x4d, 0x4c, 0x4d, 0x4c, 0x4d, 0x4c, 0x4c, 0x4c, 0x4c, 0x4d, 0x4c, 0x4d, 0x4d, 0x4d, 0x4c, 0x4d, 0x4d, 0x4d, 0x4d, 0x4d, 0x96, 0x4d, 0x4d, 0x96, 0x4e, 0x96, 0x4e, 0x4e, 0x7b, 0x4e, 0x7b, 0x7b, 0x7b, 0x7b, 0x7b, 0x7b, 0x7b, 0x4f, 0x4f, 0x4f, 0x4f, 0x4f, 0x4f, 0x50, 0x50, 0x98, 0x98, 0x98, 0x51, 0x51, 0x51, 0x51, 0x7c, 0x7c, 0x7c, 0x52, 0x7c, 0x72, 0x52, 0x72, 0x53, 0x54, 0x54, 0x54, 0x55, 0x55, 0x55, 0x55, 0x56, 0x56, 0x56, 0x56, 0x73, 0x73, 0x57, 0x57, 0x57, 0x58, 0x58, 0x59, 0x59, 0x59, 0x59, 0x5a, 0x5a, 0xd9, 0x5b, 0x5b, 0x5c, 0x5c, 0x5c, 0x5d, 0x5d, 0x5d, 0x5e, 0x5e, 0x9d, 0x5f, 0x5f, 0x60, 0x60, 0x60, 0x61, 0x61, 0x61, 0x9e, 0x62, 0x62, 0x62, 0x62, 0x63, 0x62, 0x63, 0x63, 0x63, 0x63, 0x63, 0x63, 0x63, 0x63, 0x63, 0x63, 0x63, 0x63, 0x63, 0x63, 0x63, 0x63, 0x63, 0x63, 0x63, 0x63, 0x63, 0x63, 0x63, 0x63, 0x63, 0x63, 0x63, 0x63, 0x63, 0x63, 0x63, 0x63, 0x63, 0x63, 0x63, 0x63, 0x63, 0x63, 0x63, 0x63, 0x63, 0x63, 0x63, 0x63, 0x63, 0x63, 0x63, 0x63, 0x63, 0x63, 0x63, 0x63, 0x63, 0x63, 0x63, 0x63, 0x63, 0x63, 0x63, 0x63, 0x63, 0x63, 0x63, 0x63, 0x63, 0x63, 0x63, 0x63, 0x63, 0x63, 0x63, 0x63, 0x63, 0x63, 
  0x63, 0x63, 0x63, 0x63, 0x63, 0x63, 0x63, 0x63, 0x63, 0x63, 0x63, 0x63, 0x63, 0x63, 0x63, 0x63, 0x63, 0x63, 0x63, 0x63, 0x63, 0x63, 0x63, 0x63, 0x63, 0x63, 0x63, 0x63, 0x63, 0x63, 0x63, 0x63, 0x63, 0x63, 0x63, 0x63, 0x63, 0x63, 0x63, 0x63, 0x63, 0x63, 0x63, 0x63, 0x63, 0x63, 0x63, 0x63, 0x63, 0x63, 0x63, 0x63, 0x63, 0x63, 0x63, 0x63, 0x63, 0x63, 0x63, 0x63, 0x63, 0x63, 0x63, 0x63, 0x63, 0x63, 0x63, 0x63, 0x63, 0x63, 0x63, 0x63, 0x63, 0x63, 0x63, 0x62, 0x63, 0x62, 0x62, 0x62, 0x75, 0x61, 0x61, 0x61, 0x60, 0x60, 0x60, 0x60, 0x5f, 0x5f, 0x9d, 0x9d, 0x5e, 0x9c, 0x5c, 0x5d, 0x5d, 0x5c, 0x5c, 0x5c, 0x5b, 0x5b, 0xd9, 0x5a, 0x5a, 0x59, 0x59, 0x59, 0x58, 0x58, 0x58, 0x57, 0x57, 0x57, 0x57, 0xd4, 0x56, 0x56, 0x56, 0x56, 0x56, 0x55, 0x55, 0x55, 0x54, 0x54, 0x54, 0x54, 0x53, 0x72, 0x72, 0x72, 0x52, 0x52, 0x7c, 0x7c, 0x7c, 0x7c, 0x51, 0x7c, 0x51, 0x51, 0x98, 0x51, 0x98, 0x50, 0x50, 0x4f, 0x4f, 0x4f, 0x4f, 0x4f, 0x4f, 0x4f, 0x7b, 0x7b, 0x7b, 0x7b, 0x7b, 0x7b, 0x7b, 0x7b, 0x7b, 0x4e, 0x7b, 0x4e, 0x4e, 0x4e, 0xd7, 0x96, 0x96, 0x96, 0x96, 0x96, 0x96, 0x4d, 0x4d, 0x4d, 0x4d, 0x4d, 0xd7, 0xd7, 0xd7, 0xd7, 0xd7, 0xd7, 0x96, 0xd7, 0x4e, 0xd7, 0x4e, 0x4e, 0x4e, 0x4e, 0x4e, 0x4e, 0x4e, 0x4e, 0x4e, 0x7b, 0x4e, 0x7b, 0x7b, 0x7b, 0x7b, 0x7b, 0x4f, 0x7b, 0x4f, 0x4f, 0x4f, 0x4f, 0x50, 0x4f, 0x50, 0x50, 0x50, 0xd8, 0x51, 0x51, 0x51, 0x7c, 0x51, 0x7c, 0x7c, 0x7c, 0x7c, 0x52, 0x52, 0x52, 0x53, 0x72, 0x53, 0x54, 0x54, 0x55, 0x54, 0x56, 0x55, 0x56, 0x56, 0x56, 0x56, 0xc2, 0x73, 0x57, 0x57, 0x57, 0x57, 0x58, 0x59, 0x58, 0x59, 0x59, 0x5a, 0x5a, 0xa8, 0x5b, 0xd9, 0x5c, 0x5b, 0x5d, 0x5c, 0x5c, 0x5d, 0x5d, 0x5d, 0x5e, 0x9d, 0x5f, 0x5f, 0x60, 0x60, 0x60, 0x61, 0x60, 0x61, 0x61, 0x75, 0x62, 0x62, 0x62, 0x63, 0x62, 0x63, 0x63, 0x63, 0x63, 0x63, 0x63, 0x63, 0x63, 0x63, 0x63, 0x63, 0x63, 0x63, 0x63, 0x63, 0x63, 0x63, 0x63, 0x63, 0x63, 0x63, 0x63, 0x63, 0x63, 0x63, 0x63, 0x63, 0x63, 0x63, 0x63, 0x63, 0x63, 0x63, 0x63, 0x63, 0x63, 0x63, 0x63, 0x63, 0x63, 0x63, 0x63, 0x63, 0x63, 0x63, 0x63, 0x63, 0x63, 0x63, 0x63, 0x63, 0x63, 0x63, 0x63, 0x63, 0x63, 0x63, 0x63, 0x63, 0x63, 0x63, 0x63, 0x63, 0x63, 0x63, 0x63, 0x63, 0x63, 0x63, 0x63, 0x63, 0x63, 0x63, 0x63, 0x63, 0x63, 
  0x63, 0x63, 0x63, 0x63, 0x63, 0x63, 0x63, 0x63, 0x63, 0x63, 0x63, 0x63, 0x63, 0x63, 0x63, 0x63, 0x63, 0x63, 0x63, 0x63, 0x63, 0x63, 0x63, 0x63, 0x63, 0x63, 0x63, 0x63, 0x63, 0x63, 0x63, 0x63, 0x63, 0x63, 0x63, 0x63, 0x63, 0x63, 0x63, 0x63, 0x63, 0x63, 0x63, 0x63, 0x63, 0x63, 0x63, 0x63, 0x63, 0x63, 0x63, 0x63, 0x63, 0x63, 0x63, 0x63, 0x63, 0x63, 0x63, 0x63, 0x63, 0x63, 0x63, 0x63, 0x63, 0x63, 0x63, 0x63, 0x63, 0x63, 0x63, 0x63, 0x63, 0x63, 0x63, 0x63, 0x62, 0x63, 0x62, 0x62, 0x62, 0x62, 0x75, 0x9e, 0x61, 0x61, 0x61, 0x60, 0x60, 0x5f, 0x5f, 0x5f, 0x9d, 0x5e, 0x5e, 0x5d, 0x5d, 0x5d, 0x5c, 0x5c, 0x5c, 0x5c, 0x5b, 0x5c, 0xd9, 0x5a, 0x5a, 0x59, 0x59, 0x59, 0x58, 0x59, 0x58, 0x57, 0x57, 0x57, 0x73, 0x73, 0x9a, 0x56, 0x56, 0x56, 0x56, 0x55, 0x55, 0x55, 0x55, 0x55, 0x54, 0x54, 0x53, 0x53, 0x72, 0x72, 0x52, 0x72, 0x7c, 0x52, 0x7c, 0x7c, 0x7c, 0x7c, 0x51, 0x7c, 0x51, 0x51, 0x51, 0xd8, 0x98, 0x50, 0x50, 0x50, 0x4f, 0x4f, 0x50, 0x50, 0x4f, 0x4f, 0x4f, 0x4f, 0x7b, 0x4f, 0x7b, 0x7b, 0x7b, 0x7b, 0x4e, 0x7b, 0x4e, 0x7b, 0x4e, 0x7b, 0x4e, 0x7b, 0x4e, 0x4e, 0x4e, 0x7b, 0xd7, 0x7b, 0x4e, 0x4e, 0x4e, 0x4e, 0x4e, 0x7b, 0x7b, 0x4e, 0x7b, 0x7b, 0x7b, 0x7b, 0x7b, 0x7b, 0x7b, 0x7b, 0x7b, 0x7b, 0x7b, 0x7b, 0x4f, 0x7b, 0x4f, 0x4f, 0x4f, 0x50, 0x4f, 0x50, 0x50, 0x50, 0x50, 0xd8, 0xd8, 0x51, 0x51, 0x51, 0x51, 0x51, 0x7c, 0x7c, 0x7c, 0x7c, 0x52, 0x7c, 0x52, 0x52, 0x52, 0x52, 0x52, 0x53, 0x53, 0x54, 0x55, 0x55, 0x55, 0x55, 0x56, 0x55, 0x56, 0x56, 0x56, 0x73, 0x73, 0x73, 0x57, 0x57, 0x58, 0x58, 0x58, 0x58, 0x59, 0x59, 0x5a, 0x5a, 0xa8, 0xd9, 0x5b, 0x5b, 0x5c, 0x5c, 0x5c, 0x5c, 0x5d, 0x5d, 0x5d, 0x5e, 0x9d, 0x9d, 0x5f, 0x5f, 0x60, 0x60, 0x61, 0x60, 0x61, 0xc3, 0x9e, 0x75, 0x62, 0x62, 0x62, 0x63, 0x62, 0x63, 0x63, 0x63, 0x63, 0x63, 0x63, 0x63, 0x63, 0x63, 0x63, 0x63, 0x63, 0x63, 0x63, 0x63, 0x63, 0x63, 0x63, 0x63, 0x63, 0x63, 0x63, 0x63, 0x63, 0x63, 0x63, 0x63, 0x63, 0x63, 0x63, 0x63, 0x63, 0x63, 0x63, 0x63, 0x63, 0x63, 0x63, 0x63, 0x63, 0x63, 0x63, 0x63, 0x63, 0x63, 0x63, 0x63, 0x63, 0x63, 0x63, 0x63, 0x63, 0x63, 0x63, 0x63, 0x63, 0x63, 0x63, 0x63, 0x63, 0x63, 0x63, 0x63, 0x63, 0x63, 0x63, 0x63, 0x63, 0x63, 0x63, 0x63, 0x63, 0x63, 0x63, 0x63, 0x63, 0x63, 
  0x63, 0x63, 0x63, 0x63, 0x63, 0x63, 0x63, 0x63, 0x63, 0x63, 0x63, 0x63, 0x63, 0x63, 0x63, 0x63, 0x63, 0x63, 0x63, 0x63, 0x63, 0x63, 0x63, 0x63, 0x63, 0x63, 0x63, 0x63, 0x63, 0x63, 0x63, 0x63, 0x63, 0x63, 0x63, 0x63, 0x63, 0x63, 0x63, 0x63, 0x63, 0x63, 0x63, 0x63, 0x63, 0x63, 0x63, 0x63, 0x63, 0x63, 0x63, 0x63, 0x63, 0x63, 0x63, 0x63, 0x63, 0x63, 0x63, 0x63, 0x63, 0x63, 0x63, 0x63, 0x63, 0x63, 0x63, 0x63, 0x63, 0x63, 0x63, 0x63, 0x63, 0x63, 0x63, 0x63, 0x63, 0x63, 0x62, 0x63, 0x62, 0x62, 0x75, 0x75, 0x61, 0x61, 0x61, 0x60, 0x61, 0x60, 0x60, 0x5f, 0x5f, 0x5f, 0x9d, 0x5e, 0x5d, 0x5d, 0x5d, 0x5d, 0x5d, 0x5c, 0x5c, 0x5b, 0x5b, 0x5c, 0x5a, 0x5a, 0x59, 0x5a, 0x58, 0x59, 0x58, 0x58, 0x58, 0x58, 0x57, 0x57, 0x57, 0x73, 0x73, 0x56, 0x56, 0x56, 0x56, 0x56, 0x55, 0x55, 0x55, 0x55, 0x54, 0x54, 0x54, 0x53, 0x53, 0x72, 0x52, 0x52, 0x52, 0x52, 0x52, 0x7c, 0x52, 0x7c, 0x7c, 0x7c, 0x7c, 0x51, 0x7c, 0x51, 0x51, 0x51, 0x98, 0xd8, 0x50, 0x50, 0x50, 0x50, 0x50, 0x50, 0x4f, 0x4f, 0x4f, 0x4f, 0x4f, 0x7b, 0x4f, 0x7b, 0x7b, 0x7b, 0x7b, 0x7b, 0x7b, 0x7b, 0x7b, 0x7b, 0x7b, 0x7b, 0x7b, 0x7b, 0x7b, 0x7b, 0x7b, 0x4f, 0x7b, 0x7b, 0x7b, 0x4f, 0x7b, 0x7b, 0x7b, 0x7b, 0x7b, 0x7b, 0x7b, 0x4f, 0x4f, 0x4f, 0x4f, 0x4f, 0x4f, 0x4f, 0x50, 0x50, 0x50, 0x50, 0xd8, 0x98, 0xd8, 0x51, 0x51, 0x51, 0x51, 0x51, 0x51, 0x7c, 0x7c, 0x7c, 0x7c, 0x52, 0x7c, 0x52, 0x52, 0x52, 0x72, 0x72, 0x72, 0x53, 0x54, 0x54, 0x54, 0x55, 0x55, 0x55, 0x56, 0x56, 0x56, 0x56, 0x73, 0x73, 0x73, 0x57, 0x57, 0x57, 0x58, 0x58, 0x58, 0x58, 0x59, 0x59, 0x9b, 0x5a, 0x5a, 0x5b, 0x5b, 0x5b, 0x5c, 0x5b, 0x5d, 0x5c, 0x5d, 0x5d, 0x5d, 0x5e, 0x5e, 0x5f, 0x5f, 0x5f, 0x60, 0x5f, 0x61, 0x60, 0x61, 0x61, 0x9e, 0x75, 0x62, 0x62, 0x75, 0x63, 0x62, 0x63, 0x63, 0x63, 0x63, 0x63, 0x63, 0x63, 0x63, 0x63, 0x63, 0x63, 0x63, 0x63, 0x63, 0x63, 0x63, 0x63, 0x63, 0x63, 0x63, 0x63, 0x63, 0x63, 0x63, 0x63, 0x63, 0x63, 0x63, 0x63, 0x63, 0x63, 0x63, 0x63, 0x63, 0x63, 0x63, 0x63, 0x63, 0x63, 0x63, 0x63, 0x63, 0x63, 0x63, 0x63, 0x63, 0x63, 0x63, 0x63, 0x63, 0x63, 0x63, 0x63, 0x63, 0x63, 0x63, 0x63, 0x63, 0x63, 0x63, 0x63, 0x63, 0x63, 0x63, 0x63, 0x63, 0x63, 0x63, 0x63, 0x63, 0x63, 0x63, 0x63, 0x63, 0x63, 0x63, 0x63, 0x63, 0x63, 
  0x63, 0x63, 0x63, 0x63, 0x63, 0x63, 0x63, 0x63, 0x63, 0x63, 0x63, 0x63, 0x63, 0x63, 0x63, 0x63, 0x63, 0x63, 0x63, 0x63, 0x63, 0x63, 0x63, 0x63, 0x63, 0x63, 0x63, 0x63, 0x63, 0x63, 0x63, 0x63, 0x63, 0x63, 0x63, 0x63, 0x63, 0x63, 0x63, 0x63, 0x63, 0x63, 0x63, 0x63, 0x63, 0x63, 0x63, 0x63, 0x63, 0x63, 0x63, 0x63, 0x63, 0x63, 0x63, 0x63, 0x63, 0x63, 0x63, 0x63, 0x63, 0x63, 0x63, 0x63, 0x63, 0x63, 0x63, 0x63, 0x63, 0x63, 0x63, 0x63, 0x63, 0x63, 0x63, 0x63, 0x63, 0x63, 0x63, 0x62, 0x63, 0x62, 0x62, 0x62, 0x75, 0x75, 0x9e, 0x61, 0x61, 0x60, 0x61, 0x5f, 0x60, 0x5f, 0x5f, 0x5f, 0x5e, 0x5e, 0x5e, 0x5d, 0x5d, 0x5d, 0x5c, 0x5c, 0x5b, 0x5b, 0x5b, 0x5b, 0xd9, 0x5a, 0x5a, 0x59, 0x59, 0x59, 0x58, 0x58, 0x58, 0x57, 0x57, 0x57, 0x57, 0x73, 0x73, 0x73, 0x56, 0x56, 0x56, 0x56, 0x55, 0x55, 0x55, 0x55, 0x54, 0x54, 0x54, 0x54, 0x53, 0x53, 0x72, 0x72, 0x72, 0x52, 0x52, 0x52, 0x52, 0x7c, 0x52, 0x7c, 0x7c, 0x7c, 0x7c, 0x51, 0x7c, 0x51, 0x7c, 0xd8, 0x51, 0xd8, 0x98, 0x98, 0xd8, 0x50, 0x50, 0x50, 0x50, 0x50, 0x50, 0x4f, 0x50, 0x4f, 0x4f, 0x4f, 0x4f, 0x4f, 0x4f, 0x4f, 0x4f, 0x4f, 0x4f, 0x4f, 0x4f, 0x4f, 0x4f, 0x7b, 0x4f, 0x4f, 0x4f, 0x7b, 0x50, 0x4f, 0x50, 0x4f, 0x50, 0x4f, 0x97, 0x50, 0x4f, 0x50, 0x50, 0x50, 0xd8, 0x98, 0xd8, 0xd8, 0x51, 0x51, 0x51, 0x51, 0x7c, 0x51, 0x7c, 0x7c, 0x7c, 0x7c, 0x7c, 0x52, 0x7c, 0x52, 0x52, 0x52, 0x52, 0x72, 0x72, 0x53, 0x54, 0x54, 0x54, 0x54, 0x54, 0x55, 0x55, 0x56, 0x55, 0x56, 0x56, 0x56, 0x56, 0x57, 0x73, 0x57, 0x57, 0x57, 0x58, 0x58, 0x58, 0x59, 0x59, 0x59, 0x5a, 0x5a, 0xa8, 0xa8, 0x5b, 0x5b, 0x5c, 0x5c, 0x5c, 0x5d, 0x5c, 0x5d, 0x5d, 0x5d, 0x5e, 0x5e, 0x5f, 0x5f, 0x5f, 0x60, 0x60, 0x61, 0x60, 0x61, 0x61, 0x75, 0x75, 0x62, 0x62, 0x62, 0x63, 0x62, 0x63, 0x63, 0x63, 0x63, 0x63, 0x63, 0x63, 0x63, 0x63, 0x63, 0x63, 0x63, 0x63, 0x63, 0x63, 0x63, 0x63, 0x63, 0x63, 0x63, 0x63, 0x63, 0x63, 0x63, 0x63, 0x63, 0x63, 0x63, 0x63, 0x63, 0x63, 0x63, 0x63, 0x63, 0x63, 0x63, 0x63, 0x63, 0x63, 0x63, 0x63, 0x63, 0x63, 0x63, 0x63, 0x63, 0x63, 0x63, 0x63, 0x63, 0x63, 0x63, 0x63, 0x63, 0x63, 0x63, 0x63, 0x63, 0x63, 0x63, 0x63, 0x63, 0x63, 0x63, 0x63, 0x63, 0x63, 0x63, 0x63, 0x63, 0x63, 0x63, 0x63, 0x63, 0x63, 0x63, 0x63, 0x63, 0x63, 0x63, 
  0x63, 0x63, 0x63, 0x63, 0x63, 0x63, 0x63, 0x63, 0x63, 0x63, 0x63, 0x63, 0x63, 0x63, 0x63, 0x63, 0x63, 0x63, 0x63, 0x63, 0x63, 0x63, 0x63, 0x63, 0x63, 0x63, 0x63, 0x63, 0x63, 0x63, 0x63, 0x63, 0x63, 0x63, 0x63, 0x63, 0x63, 0x63, 0x63, 0x63, 0x63, 0x63, 0x63, 0x63, 0x63, 0x63, 0x63, 0x63, 0x63, 0x63, 0x63, 0x63, 0x63, 0x63, 0x63, 0x63, 0x63, 0x63, 0x63, 0x63, 0x63, 0x63, 0x63, 0x63, 0x63, 0x63, 0x63, 0x63, 0x63, 0x63, 0x63, 0x63, 0x63, 0x63, 0x63, 0x63, 0x63, 0x63, 0x63, 0x63, 0x62, 0x63, 0x62, 0x62, 0x62, 0x75, 0x75, 0x61, 0x61, 0x61, 0x60, 0x60, 0x60, 0x60, 0x5f, 0x5f, 0x5f, 0x5f, 0x9d, 0x5e, 0x5e, 0x5d, 0x5e, 0x5c, 0x5d, 0x5c, 0x5c, 0x5b, 0x5b, 0x5b, 0xa8, 0x5a, 0x5a, 0x9b, 0x59, 0x59, 0x59, 0x58, 0x58, 0x58, 0x58, 0x57, 0x57, 0x57, 0x73, 0x57, 0x56, 0xd4, 0x56, 0x56, 0x56, 0x55, 0x56, 0x55, 0x55, 0x55, 0x54, 0x54, 0x54, 0x53, 0x53, 0x53, 0x72, 0x52, 0x72, 0x52, 0x52, 0x52, 0x52, 0x52, 0x7c, 0x52, 0x7c, 0x52, 0x7c, 0x7c, 0x7c, 0x7c, 0x7c, 0x51, 0x51, 0x51, 0x51, 0x51, 0x51, 0x98, 0x98, 0x98, 0x98, 0x50, 0x50, 0x50, 0x50, 0x4f, 0x50, 0x4f, 0x50, 0x50, 0x50, 0x4f, 0x50, 0x50, 0x50, 0x50, 0x50, 0x50, 0x50, 0x50, 0x50, 0x50, 0x50, 0x98, 0x98, 0x98, 0x98, 0xd8, 0x51, 0x98, 0x51, 0x51, 0x51, 0x7c, 0x51, 0x7c, 0x7c, 0x7c, 0x7c, 0x52, 0x7c, 0x52, 0x7c, 0x52, 0x52, 0x52, 0x52, 0x52, 0x52, 0x99, 0x72, 0x72, 0x53, 0x53, 0x54, 0x54, 0x54, 0x55, 0x55, 0x56, 0x55, 0x56, 0x56, 0x56, 0x56, 0x73, 0x73, 0x57, 0x57, 0x57, 0x57, 0x57, 0x58, 0x59, 0x58, 0x58, 0x59, 0x59, 0x59, 0x5a, 0xa8, 0x5b, 0x5b, 0x5b, 0x5c, 0x5c, 0x5c, 0x5d, 0x5c, 0x5d, 0x5d, 0x5e, 0x5e, 0x74, 0x9d, 0x60, 0x5f, 0x60, 0x60, 0x60, 0x61, 0x60, 0x61, 0x61, 0x9e, 0x62, 0x62, 0x62, 0x63, 0x62, 0x63, 0x63, 0x63, 0x63, 0x63, 0x63, 0x63, 0x63, 0x63, 0x63, 0x63, 0x63, 0x63, 0x63, 0x63, 0x63, 0x63, 0x63, 0x63, 0x63, 0x63, 0x63, 0x63, 0x63, 0x63, 0x63, 0x63, 0x63, 0x63, 0x63, 0x63, 0x63, 0x63, 0x63, 0x63, 0x63, 0x63, 0x63, 0x63, 0x63, 0x63, 0x63, 0x63, 0x63, 0x63, 0x63, 0x63, 0x63, 0x63, 0x63, 0x63, 0x63, 0x63, 0x63, 0x63, 0x63, 0x63, 0x63, 0x63, 0x63, 0x63, 0x63, 0x63, 0x63, 0x63, 0x63, 0x63, 0x63, 0x63, 0x63, 0x63, 0x63, 0x63, 0x63, 0x63, 0x63, 0x63, 0x63, 0x63, 0x63, 0x63, 0x63, 
  0x63, 0x63, 0x63, 0x63, 0x63, 0x63, 0x63, 0x63, 0x63, 0x63, 0x63, 0x63, 0x63, 0x63, 0x63, 0x63, 0x63, 0x63, 0x63, 0x63, 0x63, 0x63, 0x63, 0x63, 0x63, 0x63, 0x63, 0x63, 0x63, 0x63, 0x63, 0x63, 0x63, 0x63, 0x63, 0x63, 0x63, 0x63, 0x63, 0x63, 0x63, 0x63, 0x63, 0x63, 0x63, 0x63, 0x63, 0x63, 0x63, 0x63, 0x63, 0x63, 0x63, 0x63, 0x63, 0x63, 0x63, 0x63, 0x63, 0x63, 0x63, 0x63, 0x63, 0x63, 0x63, 0x63, 0x63, 0x63, 0x63, 0x63, 0x63, 0x63, 0x63, 0x63, 0x63, 0x63, 0x63, 0x63, 0x63, 0x63, 0x63, 0x63, 0x63, 0x62, 0x62, 0x62, 0x62, 0x75, 0x75, 0x9e, 0x61, 0x61, 0x61, 0x60, 0x60, 0x60, 0x5f, 0x5f, 0x5f, 0x5f, 0x9d, 0x74, 0x5e, 0x5d, 0x5d, 0x5d, 0x5c, 0x5c, 0x5c, 0x5b, 0x5c, 0x5b, 0x5b, 0xa8, 0x5a, 0x5a, 0x59, 0x59, 0x59, 0x58, 0x58, 0x58, 0x58, 0x58, 0x57, 0x57, 0x57, 0x73, 0x73, 0xc2, 0x56, 0x56, 0x56, 0x55, 0x56, 0x55, 0x55, 0x55, 0x55, 0x54, 0x54, 0x54, 0x54, 0x54, 0x53, 0x53, 0x72, 0x72, 0x72, 0x72, 0x52, 0x52, 0x52, 0x7c, 0x52, 0x7c, 0x52, 0x7c, 0x7c, 0x52, 0x51, 0x7c, 0x7c, 0x7c, 0x7c, 0x51, 0x7c, 0x51, 0x7c, 0xd8, 0x51, 0x51, 0x51, 0x51, 0x51, 0x51, 0x51, 0x51, 0x51, 0x51, 0x51, 0x51, 0x51, 0x51, 0x51, 0x51, 0x51, 0x51, 0x51, 0x51, 0x51, 0x51, 0x51, 0x7c, 0x51, 0x7c, 0x51, 0x7c, 0x7c, 0x7c, 0x7c, 0x7c, 0x7c, 0x52, 0x7c, 0x52, 0x52, 0x7c, 0x72, 0x52, 0x52, 0x52, 0x52, 0x99, 0x72, 0x53, 0x53, 0x53, 0x54, 0x54, 0x54, 0x54, 0x55, 0x55, 0x55, 0x55, 0x55, 0x56, 0x56, 0x56, 0x56, 0x73, 0x73, 0x57, 0x57, 0x57, 0x57, 0x58, 0x58, 0x58, 0x58, 0x59, 0x59, 0x59, 0x5a, 0x5a, 0xa8, 0x5b, 0x5b, 0x5b, 0x5c, 0x5c, 0x5c, 0x5d, 0x5d, 0x5d, 0x5d, 0x5e, 0x5e, 0x5e, 0x5f, 0x5f, 0x5f, 0x5f, 0x60, 0x60, 0x61, 0x61, 0x61, 0x61, 0x9e, 0x75, 0x62, 0x62, 0x62, 0x63, 0x62, 0x63, 0x63, 0x63, 0x63, 0x63, 0x63, 0x63, 0x63, 0x63, 0x63, 0x63, 0x63, 0x63, 0x63, 0x63, 0x63, 0x63, 0x63, 0x63, 0x63, 0x63, 0x63, 0x63, 0x63, 0x63, 0x63, 0x63, 0x63, 0x63, 0x63, 0x63, 0x63, 0x63, 0x63, 0x63, 0x63, 0x63, 0x63, 0x63, 0x63, 0x63, 0x63, 0x63, 0x63, 0x63, 0x63, 0x63, 0x63, 0x63, 0x63, 0x63, 0x63, 0x63, 0x63, 0x63, 0x63, 0x63, 0x63, 0x63, 0x63, 0x63, 0x63, 0x63, 0x63, 0x63, 0x63, 0x63, 0x63, 0x63, 0x63, 0x63, 0x63, 0x63, 0x63, 0x63, 0x63, 0x63, 0x63, 0x63, 0x63, 0x63, 0x63, 0x63, 
  0x63, 0x63, 0x63, 0x63, 0x63, 0x63, 0x63, 0x63, 0x63, 0x63, 0x63, 0x63, 0x63, 0x63, 0x63, 0x63, 0x63, 0x63, 0x63, 0x63, 0x63, 0x63, 0x63, 0x63, 0x63, 0x63, 0x63, 0x63, 0x63, 0x63, 0x63, 0x63, 0x63, 0x63, 0x63, 0x63, 0x63, 0x63, 0x63, 0x63, 0x63, 0x63, 0x63, 0x63, 0x63, 0x63, 0x63, 0x63, 0x63, 0x63, 0x63, 0x63, 0x63, 0x63, 0x63, 0x63, 0x63, 0x63, 0x63, 0x63, 0x63, 0x63, 0x63, 0x63, 0x63, 0x63, 0x63, 0x63, 0x63, 0x63, 0x63, 0x63, 0x63, 0x63, 0x63, 0x63, 0x63, 0x63, 0x63, 0x63, 0x63, 0x63, 0x63, 0x62, 0x63, 0x62, 0x62, 0x62, 0x75, 0x75, 0x61, 0x9e, 0x61, 0x9e, 0x60, 0x60, 0x60, 0x60, 0x60, 0x5f, 0x5f, 0x9d, 0x5e, 0x5e, 0x5d, 0x5d, 0x5d, 0x5c, 0x5d, 0x5c, 0x5c, 0x5c, 0x5b, 0x5b, 0x5b, 0xa8, 0x5a, 0x59, 0x5a, 0x59, 0x59, 0x59, 0x58, 0x58, 0x58, 0x57, 0x57, 0x57, 0x57, 0x73, 0x73, 0x56, 0xc2, 0x56, 0x56, 0x56, 0x56, 0x55, 0x55, 0x55, 0x55, 0x55, 0x55, 0x54, 0x54, 0x54, 0x54, 0x53, 0x53, 0x53, 0x72, 0x53, 0x72, 0x72, 0x52, 0x52, 0x52, 0x52, 0x52, 0x7c, 0x52, 0x52, 0x7c, 0x7c, 0x52, 0x7c, 0x7c, 0x7c, 0x7c, 0x7c, 0x7c, 0x7c, 0x7c, 0x7c, 0x7c, 0x7c, 0x7c, 0x7c, 0x7c, 0x51, 0x7c, 0x51, 0x7c, 0x7c, 0x7c, 0x7c, 0x7c, 0x7c, 0x7c, 0x7c, 0x7c, 0x7c, 0x7c, 0x7c, 0x7c, 0x7c, 0x7c, 0x52, 0x7c, 0x52, 0x52, 0x52, 0x7c, 0x52, 0x52, 0x52, 0x52, 0x72, 0x72, 0x72, 0x72, 0x53, 0x53, 0x54, 0x54, 0x53, 0x54, 0x54, 0x54, 0x55, 0x55, 0x55, 0x56, 0x55, 0x56, 0x56, 0x56, 0x56, 0x73, 0x73, 0x73, 0x57, 0x57, 0x57, 0x58, 0x58, 0x59, 0x58, 0x58, 0x59, 0x59, 0x59, 0x5a, 0x5a, 0xa8, 0x5b, 0x5c, 0x5b, 0x5c, 0x5c, 0x5c, 0x5c, 0x5d, 0x5d, 0x5d, 0x5d, 0x5e, 0x5e, 0x5e, 0x5f, 0x5f, 0x5f, 0x60, 0x60, 0x60, 0x61, 0x61, 0x61, 0x9e, 0x75, 0x75, 0x62, 0x62, 0x62, 0x63, 0x62, 0x63, 0x63, 0x63, 0x63, 0x63, 0x63, 0x63, 0x63, 0x63, 0x63, 0x63, 0x63, 0x63, 0x63, 0x63, 0x63, 0x63, 0x63, 0x63, 0x63, 0x63, 0x63, 0x63, 0x63, 0x63, 0x63, 0x63, 0x63, 0x63, 0x63, 0x63, 0x63, 0x63, 0x63, 0x63, 0x63, 0x63, 0x63, 0x63, 0x63, 0x63, 0x63, 0x63, 0x63, 0x63, 0x63, 0x63, 0x63, 0x63, 0x63, 0x63, 0x63, 0x63, 0x63, 0x63, 0x63, 0x63, 0x63, 0x63, 0x63, 0x63, 0x63, 0x63, 0x63, 0x63, 0x63, 0x63, 0x63, 0x63, 0x63, 0x63, 0x63, 0x63, 0x63, 0x63, 0x63, 0x63, 0x63, 0x63, 0x63, 0x63, 0x63, 0x63, 0x63, 
  0x63, 0x63, 0x63, 0x63, 0x63, 0x63, 0x63, 0x63, 0x63, 0x63, 0x63, 0x63, 0x63, 0x63, 0x63, 0x63, 0x63, 0x63, 0x63, 0x63, 0x63, 0x63, 0x63, 0x63, 0x63, 0x63, 0x63, 0x63, 0x63, 0x63, 0x63, 0x63, 0x63, 0x63, 0x63, 0x63, 0x63, 0x63, 0x63, 0x63, 0x63, 0x63, 0x63, 0x63, 0x63, 0x63, 0x63, 0x63, 0x63, 0x63, 0x63, 0x63, 0x63, 0x63, 0x63, 0x63, 0x63, 0x63, 0x63, 0x63, 0x63, 0x63, 0x63, 0x63, 0x63, 0x63, 0x63, 0x63, 0x63, 0x63, 0x63, 0x63, 0x63, 0x63, 0x63, 0x63, 0x63, 0x63, 0x63, 0x63, 0x63, 0x63, 0x63, 0x63, 0x62, 0x63, 0x62, 0x62, 0x62, 0x62, 0x75, 0x75, 0x9e, 0x61, 0x61, 0x61, 0x61, 0x60, 0x60, 0x60, 0x60, 0x5f, 0x5f, 0x5f, 0x9d, 0x5e, 0x5e, 0x5d, 0x5d, 0x5c, 0x5c, 0x5c, 0x5c, 0x5c, 0x5b, 0x5b, 0x5b, 0x5b, 0xd9, 0x9b, 0x5a, 0x59, 0x59, 0x59, 0x59, 0x58, 0x58, 0x58, 0x57, 0x58, 0x73, 0x57, 0x73, 0x73, 0x73, 0x9a, 0x56, 0x56, 0x9a, 0x56, 0x56, 0x55, 0x55, 0x56, 0x55, 0x55, 0x55, 0x55, 0x54, 0x55, 0x54, 0x55, 0x54, 0x54, 0x53, 0x53, 0x72, 0x53, 0x72, 0x53, 0x99, 0xc1, 0x52, 0xc1, 0x52, 0x52, 0x52, 0x52, 0x52, 0x52, 0x52, 0x7c, 0x52, 0x7c, 0x52, 0x7c, 0x52, 0x7c, 0x52, 0x7c, 0x52, 0x7c, 0x52, 0x7c, 0x52, 0x7c, 0x7c, 0x7c, 0x7c, 0x7c, 0x7c, 0x7c, 0x7c, 0x52, 0x52, 0x52, 0x52, 0x52, 0x52, 0x72, 0x52, 0x72, 0x72, 0x72, 0x53, 0x53, 0x53, 0x53, 0x54, 0x54, 0x54, 0x54, 0x54, 0x55, 0x54, 0x55, 0x55, 0x55, 0x55, 0x55, 0x56, 0x56, 0x55, 0x73, 0x56, 0x56, 0x73, 0x73, 0x57, 0x57, 0x57, 0x58, 0x58, 0x58, 0x59, 0x58, 0x59, 0x59, 0x59, 0x5a, 0x5a, 0xa8, 0x5b, 0x5b, 0x5b, 0x5b, 0x5c, 0x5c, 0x5c, 0x5c, 0x5d, 0x5d, 0x5d, 0x5d, 0x5e, 0x5e, 0x5f, 0x5f, 0x5f, 0x60, 0x5f, 0x60, 0x60, 0x60, 0x61, 0x60, 0x75, 0x9e, 0x75, 0x62, 0x62, 0x62, 0x63, 0x62, 0x63, 0x63, 0x63, 0x63, 0x63, 0x63, 0x63, 0x63, 0x63, 0x63, 0x63, 0x63, 0x63, 0x63, 0x63, 0x63, 0x63, 0x63, 0x63, 0x63, 0x63, 0x63, 0x63, 0x63, 0x63, 0x63, 0x63, 0x63, 0x63, 0x63, 0x63, 0x63, 0x63, 0x63, 0x63, 0x63, 0x63, 0x63, 0x63, 0x63, 0x63, 0x63, 0x63, 0x63, 0x63, 0x63, 0x63, 0x63, 0x63, 0x63, 0x63, 0x63, 0x63, 0x63, 0x63, 0x63, 0x63, 0x63, 0x63, 0x63, 0x63, 0x63, 0x63, 0x63, 0x63, 0x63, 0x61, 0x63, 0x63, 0x63, 0x63, 0x63, 0x63, 0x63, 0x63, 0x63, 0x63, 0x63, 0x63, 0x63, 0x63, 0x63, 0x63, 0x63, 0x63, 0x63, 
  0x63, 0x63, 0x63, 0x63, 0x63, 0x63, 0x63, 0x63, 0x63, 0x63, 0x63, 0x63, 0x63, 0x63, 0x63, 0x63, 0x63, 0x63, 0x63, 0x63, 0x63, 0x63, 0x63, 0x63, 0x63, 0x63, 0x63, 0x63, 0x63, 0x63, 0x63, 0x63, 0x63, 0x63, 0x63, 0x63, 0x63, 0x63, 0x63, 0x63, 0x63, 0x63, 0x63, 0x63, 0x63, 0x63, 0x63, 0x63, 0x63, 0x63, 0x63, 0x63, 0x63, 0x63, 0x63, 0x63, 0x63, 0x63, 0x63, 0x63, 0x63, 0x63, 0x63, 0x63, 0x63, 0x63, 0x63, 0x63, 0x63, 0x63, 0x63, 0x63, 0x63, 0x63, 0x63, 0x63, 0x63, 0x63, 0x63, 0x63, 0x63, 0x63, 0x63, 0x63, 0x63, 0x62, 0x63, 0x62, 0x63, 0x62, 0x62, 0x62, 0x75, 0x75, 0x9e, 0x61, 0x61, 0x61, 0x61, 0x60, 0x60, 0x60, 0x5f, 0x5f, 0x5f, 0x9d, 0x5e, 0x5e, 0x5e, 0x9c, 0x5d, 0x5d, 0x5c, 0x5c, 0x5c, 0x5c, 0x5c, 0x5b, 0x5b, 0xd9, 0xa8, 0x5a, 0x59, 0x59, 0x59, 0x5a, 0x58, 0x59, 0x58, 0x58, 0x58, 0x58, 0x57, 0x57, 0x73, 0x73, 0x73, 0x9a, 0x73, 0x56, 0x56, 0x56, 0x56, 0x56, 0x55, 0x56, 0x55, 0x56, 0x55, 0x55, 0x55, 0x55, 0x55, 0x54, 0x54, 0x54, 0x54, 0x54, 0x54, 0x53, 0x53, 0x53, 0x53, 0x53, 0x53, 0x99, 0x72, 0x99, 0x52, 0x52, 0x52, 0x72, 0x72, 0x72, 0x72, 0x72, 0x72, 0x52, 0x52, 0x52, 0x52, 0x52, 0x52, 0x52, 0x52, 0x52, 0xc1, 0x72, 0xc1, 0x72, 0x52, 0x53, 0xc1, 0x72, 0x52, 0xc1, 0x72, 0x72, 0x72, 0x53, 0x53, 0x54, 0x54, 0x54, 0x54, 0x54, 0x54, 0x55, 0x54, 0x55, 0x55, 0x55, 0x55, 0x55, 0x56, 0x55, 0x56, 0x56, 0x56, 0x56, 0x56, 0x56, 0x73, 0x73, 0x73, 0x57, 0x57, 0x57, 0x58, 0x57, 0x59, 0x58, 0x59, 0x58, 0x59, 0x59, 0x59, 0x5a, 0x5a, 0xa8, 0x5b, 0x5b, 0x5b, 0x5b, 0x5c, 0x5c, 0x5c, 0x5d, 0x5d, 0x5d, 0x5e, 0x9c, 0x74, 0x9d, 0x74, 0x60, 0x5f, 0x5f, 0x60, 0x60, 0x61, 0x60, 0x61, 0x61, 0x61, 0x75, 0x9e, 0x62, 0x62, 0x62, 0x62, 0x63, 0x62, 0x63, 0x63, 0x63, 0x63, 0x63, 0x63, 0x63, 0x63, 0x63, 0x63, 0x63, 0x63, 0x63, 0x63, 0x63, 0x63, 0x63, 0x63, 0x63, 0x63, 0x63, 0x63, 0x63, 0x63, 0x63, 0x63, 0x63, 0x63, 0x63, 0x63, 0x63, 0x63, 0x63, 0x63, 0x63, 0x63, 0x63, 0x63, 0x63, 0x63, 0x63, 0x63, 0x63, 0x63, 0x63, 0x63, 0x63, 0x63, 0x63, 0x63, 0x63, 0x63, 0x63, 0x63, 0x63, 0x63, 0x63, 0x63, 0x63, 0x63, 0x63, 0x63, 0x63, 0x63, 0x63, 0x63, 0x73, 0x3b, 0x63, 0x63, 0x63, 0x63, 0x63, 0x63, 0x63, 0x63, 0x63, 0x63, 0x63, 0x63, 0x63, 0x63, 0x63, 0x63, 0x63, 0x63, 0x63, 
  0x63, 0x63, 0x63, 0x63, 0x63, 0x63, 0x63, 0x63, 0x63, 0x63, 0x63, 0x63, 0x63, 0x63, 0x63, 0x63, 0x63, 0x63, 0x63, 0x63, 0x63, 0x63, 0x63, 0x63, 0x63, 0x63, 0x63, 0x63, 0x63, 0x63, 0x63, 0x63, 0x63, 0x63, 0x63, 0x63, 0x63, 0x63, 0x63, 0x63, 0x63, 0x63, 0x63, 0x63, 0x63, 0x63, 0x63, 0x63, 0x63, 0x63, 0x63, 0x63, 0x63, 0x63, 0x63, 0x63, 0x63, 0x63, 0x63, 0x63, 0x63, 0x63, 0x63, 0x63, 0x63, 0x63, 0x63, 0x63, 0x63, 0x63, 0x63, 0x63, 0x63, 0x63, 0x63, 0x63, 0x63, 0x63, 0x63, 0x63, 0x63, 0x63, 0x63, 0x63, 0x63, 0x63, 0x63, 0x63, 0x62, 0x63, 0x62, 0x62, 0x62, 0x62, 0x75, 0x9e, 0x61, 0x61, 0x61, 0x61, 0x61, 0x60, 0x60, 0x60, 0x60, 0x5f, 0x60, 0x5f, 0x9d, 0x5e, 0x5e, 0x5d, 0x5d, 0x5d, 0x5c, 0x5c, 0x5c, 0x5c, 0x5c, 0x5b, 0x5c, 0xd9, 0x5b, 0xd9, 0x9b, 0x5a, 0x5a, 0x59, 0x59, 0x59, 0x58, 0x58, 0x58, 0x58, 0x58, 0x57, 0x57, 0x57, 0x57, 0x73, 0x57, 0x73, 0x73, 0xc2, 0x73, 0x56, 0x56, 0x56, 0x56, 0x56, 0x55, 0x56, 0x55, 0x56, 0x55, 0x55, 0x55, 0x55, 0x55, 0x54, 0x55, 0x54, 0x55, 0x53, 0x54, 0x54, 0x54, 0x54, 0x53, 0x53, 0x53, 0x53, 0x53, 0x53, 0x54, 0x53, 0x53, 0x53, 0x53, 0x53, 0x53, 0x53, 0x53, 0x53, 0x53, 0x53, 0x53, 0x53, 0x53, 0x53, 0x53, 0x53, 0x53, 0x53, 0x53, 0x53, 0x54, 0x54, 0x54, 0x54, 0x54, 0x54, 0x54, 0x55, 0x55, 0x55, 0x55, 0x55, 0x55, 0x55, 0x56, 0x55, 0x9a, 0x56, 0x56, 0x56, 0xc2, 0x56, 0x56, 0x73, 0x73, 0x57, 0x57, 0x57, 0x57, 0x57, 0x58, 0x58, 0x58, 0x58, 0x59, 0x58, 0x5a, 0x5a, 0x5a, 0x5a, 0xa8, 0xa8, 0x5b, 0x5b, 0x5b, 0x5c, 0x5c, 0x5c, 0x5c, 0x5d, 0x5d, 0x5d, 0x5d, 0x5e, 0x5e, 0x5f, 0x9d, 0x5f, 0x5f, 0x5f, 0x60, 0x60, 0x60, 0x61, 0x60, 0x9e, 0x61, 0x61, 0x62, 0x9e, 0x62, 0x62, 0x62, 0x63, 0x62, 0x63, 0x63, 0x63, 0x63, 0x63, 0x63, 0x63, 0x63, 0x63, 0x63, 0x63, 0x63, 0x63, 0x63, 0x63, 0x63, 0x63, 0x63, 0x63, 0x63, 0x63, 0x63, 0x63, 0x63, 0x63, 0x63, 0x63, 0x63, 0x63, 0x63, 0x63, 0x63, 0x63, 0x63, 0x63, 0x63, 0x63, 0x63, 0x63, 0x63, 0x63, 0x63, 0x63, 0x63, 0x63, 0x63, 0x63, 0x63, 0x63, 0x63, 0x63, 0x63, 0x63, 0x63, 0x63, 0x63, 0x63, 0x63, 0x63, 0x63, 0x63, 0x63, 0x63, 0x63, 0x63, 0x63, 0x63, 0x63, 0x4a, 0x27, 0xa8, 0x63, 0x63, 0x63, 0x63, 0x63, 0x63, 0x63, 0x63, 0x63, 0x63, 0x63, 0x63, 0x63, 0x63, 0x63, 0x63, 0x63, 0x63, 
  0x63, 0x63, 0x63, 0x63, 0x63, 0x63, 0x63, 0x63, 0x63, 0x63, 0x63, 0x63, 0x63, 0x63, 0x63, 0x63, 0x63, 0x63, 0x63, 0x63, 0x63, 0x63, 0x63, 0x63, 0x63, 0x63, 0x63, 0x63, 0x63, 0x63, 0x63, 0x63, 0x63, 0x63, 0x63, 0x63, 0x63, 0x63, 0x63, 0x63, 0x63, 0x63, 0x63, 0x63, 0x63, 0x63, 0x63, 0x63, 0x63, 0x63, 0x63, 0x63, 0x63, 0x63, 0x63, 0x63, 0x63, 0x63, 0x63, 0x63, 0x63, 0x63, 0x63, 0x63, 0x63, 0x63, 0x63, 0x63, 0x63, 0x63, 0x63, 0x63, 0x63, 0x63, 0x63, 0x63, 0x63, 0x63, 0x63, 0x63, 0x63, 0x63, 0x63, 0x63, 0x63, 0x63, 0x63, 0x63, 0x63, 0x62, 0x63, 0x62, 0x63, 0x62, 0x62, 0x62, 0x62, 0x75, 0x9e, 0x61, 0x61, 0x61, 0x60, 0x60, 0x60, 0x60, 0x5f, 0x5f, 0x5f, 0x5f, 0x9d, 0x9d, 0x5d, 0x5d, 0x5e, 0x5c, 0x5d, 0x5c, 0x5d, 0x5c, 0x5c, 0x5c, 0x5b, 0x5b, 0x5b, 0xa8, 0xd9, 0x5a, 0x9b, 0x58, 0x59, 0x58, 0x59, 0x58, 0x58, 0x58, 0x58, 0x58, 0x57, 0x57, 0x57, 0x57, 0x57, 0x57, 0x73, 0x73, 0x57, 0xc2, 0x73, 0x56, 0x56, 0x56, 0x56, 0x56, 0x56, 0x56, 0x55, 0x55, 0x55, 0x55, 0x55, 0x55, 0x55, 0x55, 0x55, 0x55, 0x55, 0x54, 0x54, 0x55, 0x54, 0x54, 0x54, 0x54, 0x54, 0x54, 0x54, 0x54, 0x54, 0x54, 0x54, 0x54, 0x54, 0x54, 0x54, 0x54, 0x54, 0x54, 0x54, 0x54, 0x54, 0x54, 0x54, 0x54, 0x55, 0x54, 0x55, 0x55, 0x55, 0x55, 0x55, 0x56, 0x55, 0x56, 0x55, 0x56, 0x55, 0x56, 0x56, 0x56, 0x56, 0xc2, 0xc2, 0xc2, 0x9a, 0x73, 0x73, 0x73, 0x57, 0x57, 0x57, 0x57, 0x57, 0x58, 0x58, 0x59, 0x58, 0x59, 0x59, 0x59, 0x59, 0x9b, 0x9b, 0x9b, 0xd9, 0x5b, 0x5b, 0x5b, 0x5c, 0x5c, 0x5c, 0x5c, 0x5c, 0x5c, 0x5d, 0x5d, 0x5e, 0x5e, 0x74, 0x9d, 0x5f, 0x5f, 0x5f, 0x60, 0x60, 0x60, 0x60, 0x60, 0x61, 0x61, 0x61, 0x9e, 0x9e, 0x62, 0x62, 0x62, 0x62, 0x62, 0x63, 0x62, 0x63, 0x63, 0x63, 0x63, 0x63, 0x63, 0x63, 0x63, 0x63, 0x63, 0x63, 0x63, 0x63, 0x63, 0x63, 0x63, 0x63, 0x63, 0x63, 0x63, 0x63, 0x63, 0x63, 0x63, 0x63, 0x63, 0x63, 0x63, 0x63, 0x63, 0x63, 0x63, 0x63, 0x63, 0x63, 0x63, 0x63, 0x63, 0x63, 0x63, 0x63, 0x63, 0x63, 0x63, 0x63, 0x63, 0x63, 0x63, 0x63, 0x63, 0x63, 0x63, 0x63, 0x63, 0x63, 0x63, 0x63, 0x63, 0x63, 0x63, 0x63, 0x63, 0x63, 0x63, 0x63, 0x63, 0x63, 0x63, 0x75, 0x33, 0x68, 0x44, 0x63, 0x63, 0x63, 0x63, 0x63, 0x63, 0x63, 0x63, 0x63, 0x63, 0x63, 0x63, 0x63, 0x63, 0x63, 0x63, 0x63, 0x63, 
  0x63, 0x63, 0x63, 0x63, 0x63, 0x63, 0x63, 0x63, 0x63, 0x63, 0x63, 0x63, 0x63, 0x63, 0x63, 0x63, 0x63, 0x63, 0x63, 0x63, 0x63, 0x63, 0x63, 0x63, 0x63, 0x63, 0x63, 0x63, 0x63, 0x63, 0x63, 0x63, 0x63, 0x63, 0x63, 0x63, 0x63, 0x63, 0x63, 0x63, 0x63, 0x63, 0x63, 0x63, 0x63, 0x63, 0x63, 0x63, 0x63, 0x63, 0x63, 0x63, 0x63, 0x63, 0x63, 0x63, 0x63, 0x63, 0x63, 0x63, 0x63, 0x63, 0x63, 0x63, 0x63, 0x63, 0x63, 0x63, 0x63, 0x63, 0x63, 0x63, 0x63, 0x63, 0x63, 0x63, 0x63, 0x63, 0x63, 0x63, 0x63, 0x63, 0x63, 0x63, 0x63, 0x63, 0x63, 0x63, 0x63, 0x63, 0x63, 0x63, 0x62, 0x63, 0x62, 0x62, 0x62, 0x62, 0x75, 0x62, 0x9e, 0x61, 0x61, 0x61, 0x61, 0x60, 0x60, 0x60, 0x5f, 0x60, 0x5f, 0x5f, 0x9d, 0x5f, 0x5d, 0x9d, 0x5e, 0x5d, 0x5d, 0x5c, 0x5d, 0x5c, 0x5c, 0x5c, 0x5c, 0x5b, 0x5b, 0x5b, 0xd9, 0xa8, 0x5a, 0x9b, 0x59, 0x59, 0x59, 0x59, 0x58, 0x58, 0x58, 0x58, 0x58, 0x58, 0x57, 0x57, 0x58, 0x57, 0x57, 0x57, 0x57, 0x73, 0x73, 0x73, 0x73, 0xc2, 0x9a, 0xc2, 0x56, 0x9a, 0x56, 0x9a, 0x56, 0x56, 0x56, 0x55, 0x55, 0x56, 0x55, 0x56, 0x55, 0x55, 0x56, 0x55, 0x56, 0x55, 0x55, 0x55, 0x55, 0x55, 0x55, 0x55, 0x55, 0x55, 0x55, 0x55, 0x55, 0x55, 0x55, 0x55, 0x55, 0x55, 0x55, 0x55, 0x56, 0x55, 0x55, 0x56, 0x55, 0x55, 0x56, 0x56, 0x56, 0x55, 0x73, 0x56, 0x56, 0x9a, 0xc2, 0x9a, 0x56, 0x9a, 0x73, 0x9a, 0x73, 0x73, 0x57, 0x57, 0x57, 0x57, 0x57, 0x58, 0x58, 0x58, 0x58, 0x59, 0x58, 0x59, 0x59, 0x59, 0x59, 0x5a, 0x5a, 0xa8, 0xd9, 0x5b, 0x5b, 0x5b, 0x5c, 0x5c, 0x5c, 0x5c, 0x5d, 0x5c, 0x5e, 0x5d, 0x5d, 0x5e, 0x9d, 0x9d, 0x5f, 0x5f, 0x5f, 0x60, 0x60, 0x60, 0x60, 0x60, 0x61, 0x61, 0x61, 0x9e, 0x9e, 0x75, 0x62, 0x62, 0x62, 0x62, 0x63, 0x62, 0x63, 0x63, 0x63, 0x63, 0x63, 0x63, 0x63, 0x63, 0x63, 0x63, 0x63, 0x63, 0x63, 0x63, 0x63, 0x63, 0x63, 0x63, 0x63, 0x63, 0x63, 0x63, 0x63, 0x63, 0x63, 0x63, 0x63, 0x63, 0x63, 0x63, 0x63, 0x63, 0x63, 0x63, 0x63, 0x63, 0x63, 0x63, 0x63, 0x63, 0x63, 0x63, 0x63, 0x63, 0x63, 0x63, 0x63, 0x63, 0x63, 0x63, 0x63, 0x63, 0x63, 0x63, 0x63, 0x63, 0x63, 0x63, 0x63, 0x63, 0x63, 0x63, 0x63, 0x63, 0x63, 0x63, 0x63, 0x63, 0x63, 0x63, 0x46, 0x28, 0x79, 0x79, 0x57, 0x63, 0x63, 0x63, 0x63, 0x63, 0x63, 0x63, 0x63, 0x63, 0x63, 0x63, 0x63, 0x63, 0x63, 0x63, 0x63, 0x63, 
  0x63, 0x63, 0x63, 0x63, 0x63, 0x63, 0x63, 0x63, 0x63, 0x63, 0x63, 0x63, 0x63, 0x63, 0x63, 0x63, 0x63, 0x63, 0x63, 0x63, 0x63, 0x63, 0x63, 0x63, 0x63, 0x63, 0x63, 0x63, 0x63, 0x63, 0x63, 0x63, 0x63, 0x63, 0x63, 0x63, 0x63, 0x63, 0x63, 0x63, 0x63, 0x63, 0x63, 0x63, 0x63, 0x63, 0x63, 0x63, 0x63, 0x63, 0x63, 0x63, 0x63, 0x63, 0x63, 0x63, 0x63, 0x63, 0x63, 0x63, 0x63, 0x63, 0x63, 0x63, 0x63, 0x63, 0x63, 0x63, 0x63, 0x63, 0x63, 0x63, 0x63, 0x63, 0x63, 0x63, 0x63, 0x63, 0x63, 0x63, 0x63, 0x63, 0x63, 0x63, 0x63, 0x63, 0x63, 0x63, 0x63, 0x63, 0x63, 0x63, 0x63, 0x63, 0x63, 0x62, 0x63, 0x62, 0x62, 0x62, 0x75, 0x75, 0xc3, 0x61, 0x9e, 0x60, 0x61, 0x60, 0x60, 0x60, 0x60, 0x5f, 0x5f, 0x5f, 0x5f, 0x9d, 0x5e, 0x5e, 0x5d, 0x5d, 0x5d, 0x5d, 0x5d, 0x5c, 0x5c, 0x5c, 0x5c, 0x5b, 0x5b, 0x5b, 0xd9, 0xa8, 0xa8, 0x9b, 0x59, 0x59, 0x59, 0x59, 0x59, 0x59, 0x59, 0x58, 0x59, 0x58, 0x58, 0x58, 0x58, 0x57, 0x58, 0x57, 0x57, 0x57, 0x57, 0x57, 0x73, 0x73, 0x73, 0x9a, 0x73, 0x56, 0x9a, 0x56, 0x56, 0xc2, 0x56, 0x56, 0x56, 0x56, 0x56, 0x56, 0x56, 0x55, 0x56, 0x55, 0x56, 0x56, 0x56, 0x56, 0x55, 0x56, 0x55, 0x56, 0x55, 0x56, 0x55, 0x56, 0x55, 0x56, 0x56, 0x56, 0x56, 0x55, 0x56, 0x56, 0x56, 0x56, 0xc2, 0x56, 0x56, 0x56, 0xc2, 0x73, 0x9a, 0x73, 0x73, 0x73, 0x73, 0x73, 0x57, 0x57, 0x57, 0x58, 0x57, 0x58, 0x57, 0x58, 0x58, 0x58, 0x59, 0x58, 0x58, 0x59, 0x59, 0x59, 0x59, 0x59, 0x5a, 0x5a, 0xd9, 0x5b, 0x5b, 0x5b, 0x5b, 0x5c, 0x5c, 0x5c, 0x5c, 0x5c, 0x5c, 0x5d, 0x9c, 0x5d, 0x5e, 0x9d, 0x9d, 0x5f, 0x5f, 0x5f, 0x60, 0x60, 0x60, 0x60, 0x60, 0x61, 0x61, 0x61, 0x61, 0x9e, 0x9e, 0x62, 0x62, 0x62, 0x62, 0x62, 0x63, 0x62, 0x63, 0x63, 0x63, 0x63, 0x63, 0x63, 0x63, 0x63, 0x63, 0x63, 0x63, 0x63, 0x63, 0x63, 0x63, 0x63, 0x63, 0x63, 0x63, 0x63, 0x63, 0x63, 0x63, 0x63, 0x63, 0x63, 0x63, 0x63, 0x63, 0x63, 0x63, 0x63, 0x63, 0x63, 0x63, 0x63, 0x63, 0x63, 0x63, 0x63, 0x63, 0x63, 0x63, 0x63, 0x63, 0x63, 0x63, 0x63, 0x63, 0x63, 0x63, 0x63, 0x63, 0x63, 0x63, 0x63, 0x63, 0x63, 0x63, 0x63, 0x63, 0x63, 0x63, 0x63, 0x63, 0x63, 0x63, 0x63, 0x63, 0x63, 0x63, 0x51, 0x2a, 0x79, 0x2c, 0x2a, 0x34, 0x60, 0x63, 0x63, 0x63, 0x63, 0x63, 0x63, 0x63, 0x63, 0x63, 0x63, 0x63, 0x63, 0x63, 0x63, 0x63, 0x63, 
  0x63, 0x63, 0x63, 0x63, 0x63, 0x63, 0x63, 0x63, 0x63, 0x63, 0x63, 0x63, 0x63, 0x63, 0x63, 0x63, 0x63, 0x63, 0x63, 0x63, 0x63, 0x63, 0x63, 0x63, 0x63, 0x63, 0x63, 0x63, 0x63, 0x63, 0x63, 0x63, 0x63, 0x63, 0x63, 0x63, 0x63, 0x63, 0x63, 0x63, 0x63, 0x63, 0x63, 0x63, 0x63, 0x63, 0x63, 0x63, 0x63, 0x63, 0x63, 0x63, 0x63, 0x63, 0x63, 0x63, 0x63, 0x63, 0x63, 0x63, 0x63, 0x63, 0x63, 0x63, 0x63, 0x63, 0x63, 0x63, 0x63, 0x63, 0x63, 0x63, 0x63, 0x63, 0x63, 0x63, 0x63, 0x63, 0x63, 0x63, 0x63, 0x63, 0x63, 0x63, 0x63, 0x63, 0x63, 0x63, 0x63, 0x63, 0x63, 0x63, 0x63, 0x63, 0x63, 0x63, 0x62, 0x63, 0x62, 0x62, 0x62, 0x62, 0x62, 0x9e, 0x9e, 0x61, 0x61, 0x61, 0x61, 0x60, 0x60, 0x60, 0x60, 0x5f, 0x5f, 0x60, 0x5f, 0x5f, 0x5e, 0x5e, 0x5e, 0x5d, 0x5d, 0x5d, 0x5d, 0x5c, 0x5c, 0x5c, 0x5c, 0x5c, 0x5c, 0x5b, 0x5b, 0xa8, 0x5b, 0x9b, 0x5a, 0x5a, 0x59, 0x59, 0x59, 0x59, 0x59, 0x59, 0x59, 0x59, 0x58, 0x59, 0x57, 0x58, 0x58, 0x58, 0x57, 0x58, 0x57, 0x57, 0x57, 0x57, 0x73, 0x57, 0x73, 0x57, 0x73, 0x73, 0x73, 0xc2, 0x73, 0xc2, 0x73, 0x56, 0x73, 0x56, 0xd4, 0x56, 0x56, 0x56, 0x56, 0x56, 0x56, 0x9a, 0x56, 0x56, 0x56, 0xc2, 0x56, 0x56, 0x56, 0x56, 0x56, 0x56, 0x56, 0x56, 0x73, 0x56, 0x73, 0x56, 0x73, 0x73, 0x73, 0x73, 0x73, 0x73, 0x57, 0x57, 0x57, 0x57, 0x58, 0x57, 0x58, 0x57, 0x58, 0x58, 0x58, 0x58, 0x58, 0x58, 0x58, 0x59, 0x58, 0x5a, 0x59, 0x5a, 0x59, 0x5a, 0x5a, 0xa8, 0xa8, 0x5b, 0x5b, 0x5b, 0x5c, 0x5c, 0x5c, 0x5c, 0x5c, 0x5c, 0x9c, 0x5d, 0x9c, 0x9c, 0x9d, 0x5e, 0x9d, 0x5f, 0x5f, 0x5f, 0x5f, 0x60, 0x60, 0x60, 0x61, 0x61, 0x61, 0x61, 0x61, 0x9e, 0x75, 0x62, 0x62, 0x62, 0x62, 0x62, 0x63, 0x62, 0x63, 0x63, 0x63, 0x63, 0x63, 0x63, 0x63, 0x63, 0x63, 0x63, 0x63, 0x63, 0x63, 0x63, 0x63, 0x63, 0x63, 0x63, 0x63, 0x63, 0x63, 0x63, 0x63, 0x63, 0x63, 0x63, 0x63, 0x63, 0x63, 0x63, 0x63, 0x63, 0x63, 0x63, 0x63, 0x63, 0x63, 0x63, 0x63, 0x63, 0x63, 0x63, 0x63, 0x63, 0x63, 0x63, 0x63, 0x63, 0x63, 0x63, 0x63, 0x63, 0x63, 0x63, 0x63, 0x63, 0x63, 0x63, 0x63, 0x63, 0x63, 0x63, 0x63, 0x63, 0x63, 0x63, 0x63, 0x63, 0x63, 0x63, 0x63, 0x63, 0x51, 0x2c, 0x2b, 0x88, 0x2c, 0x89, 0x29, 0x36, 0x5d, 0x63, 0x63, 0x63, 0x63, 0x63, 0x63, 0x63, 0x63, 0x63, 0x63, 0x63, 0x63, 0x63, 0x63, 0x63, 
  0x63, 0x63, 0x63, 0x63, 0x63, 0x63, 0x63, 0x63, 0x63, 0x63, 0x63, 0x63, 0x63, 0x63, 0x63, 0x63, 0x63, 0x63, 0x63, 0x63, 0x63, 0x63, 0x63, 0x63, 0x63, 0x63, 0x63, 0x63, 0x63, 0x63, 0x63, 0x63, 0x63, 0x63, 0x63, 0x63, 0x63, 0x63, 0x63, 0x63, 0x63, 0x63, 0x63, 0x63, 0x63, 0x63, 0x63, 0x63, 0x63, 0x63, 0x63, 0x63, 0x63, 0x63, 0x63, 0x63, 0x63, 0x63, 0x63, 0x63, 0x63, 0x63, 0x63, 0x63, 0x63, 0x63, 0x63, 0x63, 0x63, 0x63, 0x63, 0x63, 0x63, 0x63, 0x63, 0x63, 0x63, 0x63, 0x63, 0x63, 0x63, 0x63, 0x63, 0x63, 0x63, 0x63, 0x63, 0x63, 0x63, 0x63, 0x63, 0x63, 0x63, 0x63, 0x63, 0x63, 0x63, 0x62, 0x63, 0x62, 0x63, 0x62, 0x62, 0x9e, 0x62, 0x9e, 0xc3, 0x61, 0x61, 0x61, 0x61, 0x60, 0x61, 0x60, 0x60, 0x60, 0x5f, 0x5f, 0x5f, 0x5f, 0x9d, 0x5e, 0x5e, 0x5d, 0x5d, 0x9c, 0x5c, 0x5d, 0x5c, 0x5c, 0x5c, 0x5b, 0x5c, 0x5b, 0x5b, 0x5b, 0x5b, 0xa8, 0xd9, 0xa8, 0xa8, 0x5a, 0x5a, 0x59, 0x59, 0x59, 0x5a, 0x58, 0x59, 0x59, 0x58, 0x58, 0x58, 0x58, 0x58, 0x58, 0x58, 0x57, 0x58, 0x57, 0x57, 0x57, 0x57, 0x57, 0x57, 0x57, 0x57, 0x57, 0x73, 0x57, 0x73, 0x73, 0x73, 0x73, 0x73, 0x57, 0x73, 0x73, 0x73, 0x73, 0x73, 0x73, 0x9a, 0x73, 0x73, 0x73, 0x73, 0x73, 0x73, 0x57, 0x73, 0x73, 0x73, 0x57, 0x57, 0x57, 0x57, 0x57, 0x57, 0x57, 0x57, 0x58, 0x57, 0x58, 0x58, 0x58, 0x58, 0x58, 0x58, 0x58, 0x58, 0x58, 0x59, 0x59, 0x59, 0x5a, 0x59, 0x59, 0x59, 0x5a, 0x5a, 0xd9, 0xd9, 0xa8, 0x5b, 0x5b, 0x5c, 0x5b, 0x5c, 0x5c, 0x5c, 0x5c, 0x5c, 0x5d, 0x5d, 0x9c, 0x5d, 0x5e, 0x5e, 0x9d, 0x9d, 0x5f, 0x5f, 0x5f, 0x60, 0x60, 0x61, 0x60, 0x61, 0x61, 0x61, 0x61, 0x61, 0x9e, 0x75, 0x62, 0x62, 0x62, 0x62, 0x62, 0x63, 0x62, 0x63, 0x63, 0x63, 0x63, 0x63, 0x63, 0x63, 0x63, 0x63, 0x63, 0x63, 0x63, 0x63, 0x63, 0x63, 0x63, 0x63, 0x63, 0x63, 0x63, 0x63, 0x63, 0x63, 0x63, 0x63, 0x63, 0x63, 0x63, 0x63, 0x63, 0x63, 0x63, 0x63, 0x63, 0x63, 0x63, 0x63, 0x63, 0x63, 0x63, 0x63, 0x63, 0x63, 0x63, 0x63, 0x63, 0x63, 0x63, 0x63, 0x63, 0x63, 0x63, 0x63, 0x63, 0x63, 0x63, 0x63, 0x63, 0x63, 0x63, 0x63, 0x63, 0x63, 0x63, 0x63, 0x63, 0x63, 0x63, 0x63, 0x63, 0x63, 0x63, 0x61, 0x70, 0x2b, 0x2b, 0x89, 0x2c, 0x2c, 0x2c, 0x2c, 0x29, 0x6a, 0x98, 0x63, 0x63, 0x63, 0x63, 0x63, 0x63, 0x63, 0x63, 0x63, 0x63, 0x63, 0x63, 0x63, 0x63, 
  0x63, 0x63, 0x63, 0x63, 0x63, 0x63, 0x63, 0x63, 0x63, 0x63, 0x63, 0x63, 0x63, 0x63, 0x63, 0x63, 0x63, 0x63, 0x63, 0x63, 0x63, 0x63, 0x63, 0x63, 0x63, 0x63, 0x63, 0x63, 0x63, 0x63, 0x63, 0x63, 0x63, 0x63, 0x63, 0x63, 0x63, 0x63, 0x63, 0x63, 0x63, 0x63, 0x63, 0x63, 0x63, 0x63, 0x63, 0x63, 0x63, 0x63, 0x63, 0x63, 0x63, 0x63, 0x63, 0x63, 0x63, 0x63, 0x63, 0x63, 0x63, 0x63, 0x63, 0x63, 0x63, 0x63, 0x63, 0x63, 0x63, 0x63, 0x63, 0x63, 0x63, 0x63, 0x63, 0x63, 0x63, 0x63, 0x63, 0x63, 0x63, 0x63, 0x63, 0x63, 0x63, 0x63, 0x63, 0x63, 0x63, 0x63, 0x63, 0x63, 0x63, 0x63, 0x63, 0x63, 0x63, 0x63, 0x63, 0x63, 0x62, 0x63, 0x62, 0x62, 0x62, 0x62, 0x62, 0x75, 0x75, 0x61, 0x61, 0x61, 0x61, 0x61, 0x60, 0x60, 0x60, 0x60, 0x5f, 0x5f, 0x5f, 0x5f, 0x9d, 0x5f, 0x5e, 0x9c, 0x5d, 0x9c, 0x5d, 0x5d, 0x5d, 0x5c, 0x5c, 0x5c, 0x5c, 0x5c, 0x5c, 0x5b, 0x5b, 0x5b, 0x5b, 0x5b, 0xa8, 0xd9, 0xa8, 0x5a, 0x5a, 0x5a, 0x59, 0x59, 0x59, 0x59, 0x59, 0x58, 0x59, 0x58, 0x58, 0x58, 0x58, 0x58, 0x58, 0x58, 0x58, 0x58, 0x58, 0x58, 0x58, 0x57, 0x58, 0x57, 0x58, 0x57, 0x58, 0x57, 0x57, 0x57, 0x57, 0x57, 0x57, 0x57, 0x57, 0x57, 0x57, 0x57, 0x57, 0x57, 0x57, 0x57, 0x57, 0x57, 0x57, 0x58, 0x57, 0x57, 0x57, 0x57, 0x58, 0x58, 0x58, 0x58, 0x58, 0x58, 0x58, 0x58, 0x58, 0x58, 0x58, 0x59, 0x59, 0x59, 0x9b, 0x59, 0x9b, 0x59, 0x5a, 0x59, 0xd9, 0xa8, 0xa8, 0xd9, 0x5b, 0x5b, 0x5b, 0x5b, 0x5c, 0x5c, 0x5c, 0x5c, 0x5c, 0x5c, 0x5d, 0x5d, 0x5d, 0x5d, 0x9c, 0x5e, 0x9d, 0x9d, 0x5f, 0x5f, 0x5f, 0x60, 0x60, 0x60, 0x60, 0x61, 0x60, 0x61, 0x61, 0x61, 0x61, 0x9e, 0x75, 0x62, 0x62, 0x62, 0x62, 0x62, 0x63, 0x63, 0x62, 0x63, 0x63, 0x63, 0x63, 0x63, 0x63, 0x63, 0x63, 0x63, 0x63, 0x63, 0x63, 0x63, 0x63, 0x63, 0x63, 0x63, 0x63, 0x63, 0x63, 0x63, 0x63, 0x63, 0x63, 0x63, 0x63, 0x63, 0x63, 0x63, 0x63, 0x63, 0x63, 0x63, 0x63, 0x63, 0x63, 0x63, 0x63, 0x63, 0x63, 0x63, 0x63, 0x63, 0x63, 0x63, 0x63, 0x63, 0x63, 0x63, 0x63, 0x63, 0x63, 0x63, 0x63, 0x63, 0x63, 0x63, 0x63, 0x63, 0x63, 0x63, 0x63, 0x63, 0x63, 0x63, 0x63, 0x63, 0x63, 0x63, 0x63, 0x63, 0x56, 0x48, 0x33, 0x28, 0x79, 0x2c, 0x2c, 0x2c, 0x2c, 0x2c, 0x2c, 0x89, 0x2b, 0x29, 0x3b, 0x4e, 0x5c, 0x63, 0x63, 0x63, 0x63, 0x63, 0x63, 0x63, 0x63, 0x63, 0x63, 0x63, 
  0x63, 0x63, 0x63, 0x63, 0x63, 0x63, 0x63, 0x63, 0x63, 0x63, 0x63, 0x63, 0x63, 0x63, 0x63, 0x63, 0x63, 0x63, 0x63, 0x63, 0x63, 0x63, 0x63, 0x63, 0x63, 0x63, 0x63, 0x63, 0x63, 0x63, 0x63, 0x63, 0x63, 0x63, 0x63, 0x63, 0x63, 0x63, 0x63, 0x63, 0x63, 0x63, 0x63, 0x63, 0x63, 0x63, 0x63, 0x63, 0x63, 0x63, 0x63, 0x63, 0x63, 0x63, 0x63, 0x63, 0x63, 0x63, 0x63, 0x63, 0x63, 0x63, 0x63, 0x63, 0x63, 0x63, 0x63, 0x63, 0x63, 0x63, 0x63, 0x63, 0x63, 0x63, 0x63, 0x63, 0x63, 0x63, 0x63, 0x63, 0x63, 0x63, 0x63, 0x63, 0x63, 0x63, 0x63, 0x63, 0x63, 0x63, 0x63, 0x63, 0x63, 0x63, 0x63, 0x63, 0x63, 0x63, 0x63, 0x63, 0x63, 0x63, 0x63, 0x62, 0x63, 0x62, 0x62, 0x62, 0x62, 0x75, 0x75, 0x9e, 0x61, 0x61, 0x61, 0x61, 0x60, 0x61, 0x60, 0x60, 0x60, 0x5f, 0x5f, 0x5f, 0x5f, 0x9d, 0x9d, 0x5e, 0x9c, 0x5d, 0x5d, 0x5d, 0x5d, 0x5d, 0x5d, 0x5c, 0x5c, 0x5c, 0x5c, 0x5c, 0x5b, 0x5b, 0x5c, 0x5b, 0x5b, 0x5b, 0x5b, 0xa8, 0x5b, 0xd9, 0xd9, 0x59, 0x5a, 0x9b, 0x9b, 0x5a, 0x59, 0x59, 0x59, 0x59, 0x59, 0x59, 0x58, 0x58, 0x58, 0x58, 0x58, 0x59, 0x58, 0x58, 0x58, 0x58, 0x58, 0x58, 0x58, 0x58, 0x58, 0x58, 0x58, 0x58, 0x58, 0x58, 0x57, 0x58, 0x58, 0x58, 0x58, 0x58, 0x58, 0x58, 0x58, 0x58, 0x58, 0x58, 0x58, 0x59, 0x58, 0x58, 0x58, 0x59, 0x59, 0x59, 0x59, 0x9b, 0x59, 0x5a, 0x9b, 0x59, 0x5a, 0x5a, 0x5a, 0xd9, 0xa8, 0xd9, 0x5b, 0x5b, 0x5b, 0x5b, 0x5c, 0x5b, 0x5b, 0x5c, 0x5c, 0x5c, 0x5c, 0x5c, 0x5d, 0x5d, 0x5d, 0x5d, 0x5d, 0x5e, 0x5e, 0x9d, 0x9d, 0x9d, 0x5f, 0x5f, 0x5f, 0x60, 0x60, 0x60, 0x60, 0x61, 0x61, 0x61, 0x61, 0x61, 0x9e, 0x62, 0x75, 0x62, 0x62, 0x75, 0x63, 0x62, 0x63, 0x63, 0x63, 0x63, 0x63, 0x63, 0x63, 0x63, 0x63, 0x63, 0x63, 0x63, 0x63, 0x63, 0x63, 0x63, 0x63, 0x63, 0x63, 0x63, 0x63, 0x63, 0x63, 0x63, 0x63, 0x63, 0x63, 0x63, 0x63, 0x63, 0x63, 0x63, 0x63, 0x63, 0x63, 0x63, 0x63, 0x63, 0x63, 0x63, 0x63, 0x63, 0x63, 0x63, 0x63, 0x63, 0x63, 0x63, 0x63, 0x63, 0x63, 0x63, 0x63, 0x63, 0x63, 0x63, 0x63, 0x63, 0x63, 0x63, 0x63, 0x63, 0x63, 0x63, 0x63, 0x63, 0x63, 0x63, 0x63, 0x63, 0x63, 0x63, 0x63, 0x63, 0x63, 0x60, 0x3b, 0x28, 0x26, 0x79, 0x89, 0x2c, 0x2c, 0x2c, 0x2c, 0x2c, 0x2c, 0x2c, 0x89, 0x69, 0x25, 0x2b, 0x94, 0x63, 0x63, 0x63, 0x63, 0x63, 0x63, 0x63, 0x63, 0x63, 0x63, 0x63, 
  0x63, 0x63, 0x63, 0x63, 0x63, 0x63, 0x63, 0x63, 0x63, 0x63, 0x63, 0x63, 0x63, 0x63, 0x63, 0x63, 0x63, 0x63, 0x63, 0x63, 0x63, 0x63, 0x63, 0x63, 0x63, 0x63, 0x63, 0x63, 0x63, 0x63, 0x63, 0x63, 0x63, 0x63, 0x63, 0x63, 0x63, 0x63, 0x63, 0x63, 0x63, 0x63, 0x63, 0x63, 0x63, 0x63, 0x63, 0x63, 0x63, 0x63, 0x63, 0x63, 0x63, 0x63, 0x63, 0x63, 0x63, 0x63, 0x63, 0x63, 0x63, 0x63, 0x63, 0x63, 0x63, 0x63, 0x63, 0x63, 0x63, 0x63, 0x63, 0x63, 0x63, 0x63, 0x63, 0x63, 0x63, 0x63, 0x63, 0x63, 0x63, 0x63, 0x63, 0x63, 0x63, 0x63, 0x63, 0x63, 0x63, 0x63, 0x63, 0x63, 0x63, 0x63, 0x63, 0x63, 0x63, 0x63, 0x63, 0x63, 0x63, 0x63, 0x63, 0x63, 0x62, 0x63, 0x62, 0x62, 0x62, 0x62, 0x62, 0x62, 0x75, 0x75, 0x9e, 0x61, 0xd5, 0x61, 0x61, 0x60, 0x60, 0x60, 0x60, 0x5f, 0x60, 0x5f, 0x5f, 0x5f, 0x9d, 0x5f, 0x5e, 0x9c, 0x9c, 0x5d, 0x5d, 0x5d, 0x5d, 0x5d, 0x5d, 0x5c, 0x5d, 0x5c, 0x5c, 0x5c, 0x5c, 0x5c, 0x5b, 0x5c, 0x5b, 0x5b, 0x5b, 0x5b, 0xa8, 0xa8, 0x5a, 0x5a, 0x5a, 0x9b, 0x59, 0x59, 0x59, 0x59, 0x59, 0x5a, 0x59, 0x5a, 0x59, 0x59, 0x59, 0x59, 0x59, 0x59, 0x59, 0x59, 0x58, 0x58, 0x58, 0x58, 0x58, 0x58, 0x58, 0x58, 0x58, 0x58, 0x58, 0x58, 0x58, 0x58, 0x59, 0x59, 0x59, 0x59, 0x59, 0x59, 0x59, 0x59, 0x59, 0x5a, 0x59, 0x59, 0x59, 0x59, 0x5a, 0x5a, 0x5a, 0xa8, 0x5a, 0x5b, 0xa8, 0x5b, 0x5b, 0x5b, 0x5b, 0x5c, 0x5b, 0x5b, 0x5c, 0x5c, 0x5c, 0x5c, 0x5d, 0x5c, 0x5d, 0x5d, 0x5d, 0x5d, 0x5d, 0x5d, 0x5d, 0x5e, 0x5e, 0x5e, 0x9d, 0x5f, 0x5f, 0x5f, 0x60, 0x60, 0x60, 0x60, 0x60, 0x61, 0x61, 0x61, 0x61, 0x61, 0x9e, 0x75, 0x62, 0x9e, 0x62, 0x62, 0x62, 0x63, 0x62, 0x63, 0x62, 0x63, 0x63, 0x63, 0x63, 0x63, 0x63, 0x63, 0x63, 0x63, 0x63, 0x63, 0x63, 0x63, 0x63, 0x63, 0x63, 0x63, 0x63, 0x63, 0x63, 0x63, 0x63, 0x63, 0x63, 0x63, 0x63, 0x63, 0x63, 0x63, 0x63, 0x63, 0x63, 0x63, 0x63, 0x63, 0x63, 0x63, 0x63, 0x63, 0x63, 0x63, 0x63, 0x63, 0x63, 0x63, 0x63, 0x63, 0x63, 0x63, 0x63, 0x63, 0x63, 0x63, 0x63, 0x63, 0x63, 0x63, 0x63, 0x63, 0x63, 0x63, 0x63, 0x63, 0x63, 0x63, 0x63, 0x63, 0x63, 0x63, 0x63, 0x63, 0x63, 0x63, 0x63, 0x63, 0x63, 0x5a, 0x44, 0x79, 0x69, 0x2c, 0x2c, 0x2c, 0x2c, 0x2c, 0x2c, 0x2c, 0x28, 0x33, 0x4c, 0x5f, 0x63, 0x63, 0x63, 0x63, 0x63, 0x63, 0x63, 0x63, 0x63, 0x63, 0x63, 0x63, 
  0x63, 0x63, 0x63, 0x63, 0x63, 0x63, 0x63, 0x63, 0x63, 0x63, 0x63, 0x63, 0x63, 0x63, 0x63, 0x63, 0x63, 0x63, 0x63, 0x63, 0x63, 0x63, 0x63, 0x63, 0x63, 0x63, 0x63, 0x63, 0x63, 0x63, 0x63, 0x63, 0x63, 0x63, 0x63, 0x63, 0x63, 0x63, 0x63, 0x63, 0x63, 0x63, 0x63, 0x63, 0x63, 0x63, 0x63, 0x63, 0x63, 0x63, 0x63, 0x63, 0x63, 0x63, 0x63, 0x63, 0x63, 0x63, 0x63, 0x63, 0x63, 0x63, 0x63, 0x63, 0x63, 0x63, 0x63, 0x63, 0x63, 0x63, 0x63, 0x63, 0x63, 0x63, 0x63, 0x63, 0x63, 0x63, 0x63, 0x63, 0x63, 0x63, 0x63, 0x63, 0x63, 0x63, 0x63, 0x63, 0x63, 0x63, 0x63, 0x63, 0x63, 0x63, 0x63, 0x63, 0x63, 0x63, 0x63, 0x63, 0x63, 0x63, 0x63, 0x63, 0x63, 0x63, 0x63, 0x62, 0x63, 0x62, 0x62, 0x62, 0x62, 0x62, 0x75, 0x75, 0x75, 0x61, 0x61, 0x61, 0x61, 0x61, 0x60, 0x60, 0x60, 0x60, 0x5f, 0x60, 0x5f, 0x5f, 0x5f, 0x9d, 0x9d, 0x9d, 0x5e, 0x5e, 0x5d, 0x5d, 0x5d, 0x5d, 0x5d, 0x5d, 0x5d, 0x5d, 0x5d, 0x5c, 0x5c, 0x5c, 0x5c, 0x5c, 0x5c, 0x5b, 0x5c, 0x5b, 0x5b, 0x5b, 0x5b, 0x5b, 0xa8, 0xd9, 0xa8, 0xa8, 0xa8, 0x5a, 0x5a, 0x5a, 0x5a, 0x5a, 0x5a, 0x59, 0x59, 0x59, 0x59, 0x59, 0x59, 0x59, 0x5a, 0x59, 0x9b, 0x59, 0x9b, 0x59, 0x59, 0x59, 0x5a, 0x59, 0x5a, 0x59, 0x59, 0x59, 0x59, 0x5a, 0x59, 0x5a, 0x5a, 0x5a, 0x5a, 0x5a, 0xd9, 0xa8, 0x5b, 0x5b, 0x5b, 0x5b, 0x5b, 0x5b, 0x5b, 0x5b, 0x5b, 0x5b, 0x5b, 0x5c, 0x5c, 0x5c, 0x5c, 0x5d, 0x5c, 0x5c, 0x5d, 0x5d, 0x5d, 0x5d, 0x5d, 0x5d, 0x5d, 0x5e, 0x9c, 0x5f, 0x9d, 0x5f, 0x5f, 0x5f, 0x60, 0x5f, 0x60, 0x60, 0x60, 0x60, 0x61, 0x61, 0x61, 0x61, 0x61, 0x61, 0x9e, 0x75, 0x62, 0x62, 0x62, 0x62, 0x63, 0x62, 0x63, 0x62, 0x63, 0x63, 0x63, 0x63, 0x63, 0x63, 0x63, 0x63, 0x63, 0x63, 0x63, 0x63, 0x63, 0x63, 0x63, 0x63, 0x63, 0x63, 0x63, 0x63, 0x63, 0x63, 0x63, 0x63, 0x63, 0x63, 0x63, 0x63, 0x63, 0x63, 0x63, 0x63, 0x63, 0x63, 0x63, 0x63, 0x63, 0x63, 0x63, 0x63, 0x63, 0x63, 0x63, 0x63, 0x63, 0x63, 0x63, 0x63, 0x63, 0x63, 0x63, 0x63, 0x63, 0x63, 0x63, 0x63, 0x63, 0x63, 0x63, 0x63, 0x63, 0x63, 0x63, 0x63, 0x63, 0x63, 0x63, 0x63, 0x63, 0x63, 0x63, 0x63, 0x63, 0x63, 0x63, 0x63, 0x63, 0x63, 0x63, 0x63, 0x63, 0x56, 0x34, 0x29, 0x2c, 0x2c, 0x2c, 0x2c, 0x2c, 0x28, 0x41, 0x60, 0x63, 0x63, 0x63, 0x63, 0x63, 0x63, 0x63, 0x63, 0x63, 0x63, 0x63, 0x63, 0x63, 0x63, 
  0x63, 0x63, 0x63, 0x63, 0x63, 0x63, 0x63, 0x63, 0x63, 0x63, 0x63, 0x63, 0x63, 0x63, 0x63, 0x63, 0x63, 0x63, 0x63, 0x63, 0x63, 0x63, 0x63, 0x63, 0x63, 0x63, 0x63, 0x63, 0x63, 0x63, 0x63, 0x63, 0x63, 0x63, 0x63, 0x63, 0x63, 0x63, 0x63, 0x63, 0x63, 0x63, 0x63, 0x63, 0x63, 0x63, 0x63, 0x63, 0x63, 0x63, 0x63, 0x63, 0x63, 0x63, 0x63, 0x63, 0x63, 0x63, 0x63, 0x63, 0x63, 0x63, 0x63, 0x63, 0x63, 0x63, 0x63, 0x63, 0x63, 0x63, 0x63, 0x63, 0x63, 0x63, 0x63, 0x63, 0x63, 0x63, 0x63, 0x63, 0x63, 0x63, 0x63, 0x63, 0x63, 0x63, 0x63, 0x63, 0x63, 0x63, 0x63, 0x63, 0x63, 0x63, 0x63, 0x63, 0x63, 0x63, 0x63, 0x63, 0x63, 0x63, 0x63, 0x63, 0x63, 0x63, 0x63, 0x63, 0x62, 0x63, 0x62, 0x63, 0x62, 0x62, 0x62, 0x62, 0x62, 0x75, 0x9e, 0x61, 0x61, 0x61, 0x61, 0x61, 0x60, 0x61, 0x60, 0x60, 0x60, 0x60, 0x60, 0x60, 0x60, 0x5f, 0x5f, 0x5f, 0x5f, 0x5e, 0x5e, 0x5e, 0x5e, 0x5e, 0x5d, 0x5d, 0x5d, 0x5d, 0x5d, 0x5c, 0x5d, 0x5c, 0x5c, 0x5c, 0x5c, 0x5c, 0x5c, 0x5b, 0x5b, 0x5b, 0x5b, 0x5b, 0x5b, 0x5c, 0xd9, 0x5b, 0x5b, 0x5b, 0x5b, 0xa8, 0xa8, 0xd9, 0xa8, 0xd9, 0x5a, 0x5a, 0x5a, 0x5a, 0xd9, 0x5a, 0xd9, 0x5a, 0x5a, 0x5a, 0x5a, 0x5a, 0x5a, 0x5a, 0xd9, 0x5a, 0x5a, 0xd9, 0xa8, 0xd9, 0xa8, 0x5b, 0x5b, 0x5b, 0x5b, 0x5b, 0x5b, 0x5b, 0x5b, 0x5b, 0x5b, 0x5b, 0x5c, 0x5c, 0x5c, 0x5c, 0x5c, 0x5d, 0x5c, 0x5d, 0x5c, 0x5d, 0x5d, 0x5c, 0x5e, 0x5d, 0x5d, 0x5d, 0x5e, 0x5e, 0x5e, 0x9d, 0x9d, 0x5f, 0x5f, 0x5f, 0x5f, 0x5f, 0x60, 0x60, 0x60, 0x60, 0x61, 0x60, 0x61, 0x61, 0x61, 0x61, 0x9e, 0x9e, 0x75, 0x62, 0x62, 0x62, 0x62, 0x62, 0x63, 0x62, 0x62, 0x63, 0x63, 0x63, 0x63, 0x63, 0x63, 0x63, 0x63, 0x63, 0x63, 0x63, 0x63, 0x63, 0x63, 0x63, 0x63, 0x63, 0x63, 0x63, 0x63, 0x63, 0x63, 0x63, 0x63, 0x63, 0x63, 0x63, 0x63, 0x63, 0x63, 0x63, 0x63, 0x63, 0x63, 0x63, 0x63, 0x63, 0x63, 0x63, 0x63, 0x63, 0x63, 0x63, 0x63, 0x63, 0x63, 0x63, 0x63, 0x63, 0x63, 0x63, 0x63, 0x63, 0x63, 0x63, 0x63, 0x63, 0x63, 0x63, 0x63, 0x63, 0x63, 0x63, 0x63, 0x63, 0x63, 0x63, 0x63, 0x63, 0x63, 0x63, 0x63, 0x63, 0x63, 0x63, 0x63, 0x63, 0x63, 0x63, 0x63, 0x63, 0x63, 0x63, 0x63, 0x63, 0x5f, 0x37, 0x28, 0x2d, 0x2c, 0x2c, 0x28, 0x48, 0x63, 0x63, 0x63, 0x63, 0x63, 0x63, 0x63, 0x63, 0x63, 0x63, 0x63, 0x63, 0x63, 0x63, 0x63, 0x63, 
  0x63, 0x63, 0x63, 0x63, 0x63, 0x63, 0x63, 0x63, 0x63, 0x63, 0x63, 0x63, 0x63, 0x63, 0x63, 0x63, 0x63, 0x63, 0x63, 0x63, 0x63, 0x63, 0x63, 0x63, 0x63, 0x63, 0x63, 0x63, 0x63, 0x63, 0x63, 0x63, 0x63, 0x63, 0x63, 0x63, 0x63, 0x63, 0x63, 0x63, 0x63, 0x63, 0x63, 0x63, 0x63, 0x63, 0x63, 0x63, 0x63, 0x63, 0x63, 0x63, 0x63, 0x63, 0x63, 0x63, 0x63, 0x63, 0x63, 0x63, 0x63, 0x63, 0x63, 0x63, 0x63, 0x63, 0x63, 0x63, 0x63, 0x63, 0x63, 0x63, 0x63, 0x63, 0x63, 0x63, 0x63, 0x63, 0x63, 0x63, 0x63, 0x63, 0x63, 0x63, 0x63, 0x63, 0x63, 0x63, 0x63, 0x63, 0x63, 0x63, 0x63, 0x63, 0x63, 0x63, 0x63, 0x63, 0x63, 0x63, 0x63, 0x63, 0x63, 0x63, 0x63, 0x63, 0x63, 0x63, 0x63, 0x63, 0x63, 0x62, 0x63, 0x62, 0x63, 0x62, 0x62, 0x62, 0x75, 0x62, 0x75, 0x9e, 0x61, 0x61, 0x61, 0x61, 0x60, 0x61, 0x60, 0x60, 0x60, 0x60, 0x60, 0x60, 0x5f, 0x5f, 0x5f, 0x5f, 0x9d, 0x9d, 0x5e, 0x5f, 0x5e, 0x5e, 0x5e, 0x5d, 0x5d, 0x5d, 0x5e, 0x5c, 0x5d, 0x5c, 0x5c, 0x5c, 0x5c, 0x5c, 0x5d, 0x5c, 0x5c, 0x5c, 0x5c, 0x5b, 0x5c, 0x5c, 0x5c, 0x5b, 0x5c, 0x5b, 0x5b, 0x5b, 0x5b, 0x5b, 0x5b, 0x5b, 0x5b, 0x5b, 0x5b, 0x5b, 0x5b, 0x5b, 0x5b, 0x5b, 0x5b, 0x5b, 0x5b, 0x5b, 0x5b, 0xd9, 0x5c, 0x5b, 0x5b, 0x5b, 0x5c, 0x5b, 0x5b, 0x5b, 0x5c, 0x5b, 0x5c, 0x5c, 0x5c, 0x5c, 0x5c, 0x5d, 0x5c, 0x5c, 0x5c, 0x5d, 0x5c, 0x5d, 0x5d, 0x5d, 0x5d, 0x5d, 0x5e, 0x5e, 0x5e, 0x5e, 0x5e, 0x9d, 0x9d, 0x9d, 0x5f, 0x5f, 0x5f, 0x5f, 0x60, 0x5f, 0x60, 0x60, 0x60, 0x60, 0x61, 0x60, 0x61, 0x61, 0x61, 0x61, 0x9e, 0x75, 0x75, 0x75, 0x62, 0x62, 0x62, 0x63, 0x62, 0x63, 0x62, 0x63, 0x63, 0x63, 0x63, 0x63, 0x63, 0x63, 0x63, 0x63, 0x63, 0x63, 0x63, 0x63, 0x63, 0x63, 0x63, 0x63, 0x63, 0x63, 0x63, 0x63, 0x63, 0x63, 0x63, 0x63, 0x63, 0x63, 0x63, 0x63, 0x63, 0x63, 0x63, 0x63, 0x63, 0x63, 0x63, 0x63, 0x63, 0x63, 0x63, 0x63, 0x63, 0x63, 0x63, 0x63, 0x63, 0x63, 0x63, 0x63, 0x63, 0x63, 0x63, 0x63, 0x63, 0x63, 0x63, 0x63, 0x63, 0x63, 0x63, 0x63, 0x63, 0x63, 0x63, 0x63, 0x63, 0x63, 0x63, 0x63, 0x63, 0x63, 0x63, 0x63, 0x63, 0x63, 0x63, 0x63, 0x63, 0x63, 0x63, 0x63, 0x63, 0x63, 0x63, 0x63, 0x63, 0x63, 0x63, 0x9d, 0x31, 0x2b, 0x89, 0x28, 0x40, 0x63, 0x63, 0x63, 0x63, 0x63, 0x63, 0x63, 0x63, 0x63, 0x63, 0x63, 0x63, 0x63, 0x63, 0x63, 0x63, 0x63, 
  0x63, 0x63, 0x63, 0x63, 0x63, 0x63, 0x63, 0x63, 0x63, 0x63, 0x63, 0x63, 0x63, 0x63, 0x63, 0x63, 0x63, 0x63, 0x63, 0x63, 0x63, 0x63, 0x63, 0x63, 0x63, 0x63, 0x63, 0x63, 0x63, 0x63, 0x63, 0x63, 0x63, 0x63, 0x63, 0x63, 0x63, 0x63, 0x63, 0x63, 0x63, 0x63, 0x63, 0x63, 0x63, 0x63, 0x63, 0x63, 0x63, 0x63, 0x63, 0x63, 0x63, 0x63, 0x63, 0x63, 0x63, 0x63, 0x63, 0x63, 0x63, 0x63, 0x63, 0x63, 0x63, 0x63, 0x63, 0x63, 0x63, 0x63, 0x63, 0x63, 0x63, 0x63, 0x63, 0x63, 0x63, 0x63, 0x63, 0x63, 0x63, 0x63, 0x63, 0x63, 0x63, 0x63, 0x63, 0x63, 0x63, 0x63, 0x63, 0x63, 0x63, 0x63, 0x63, 0x63, 0x63, 0x63, 0x63, 0x63, 0x63, 0x63, 0x63, 0x63, 0x63, 0x63, 0x63, 0x63, 0x63, 0x63, 0x63, 0x63, 0x63, 0x63, 0x62, 0x63, 0x62, 0x62, 0x62, 0x62, 0x62, 0x75, 0x62, 0x75, 0x9e, 0x61, 0x9e, 0x61, 0x61, 0x61, 0x61, 0x61, 0x60, 0x61, 0x60, 0x60, 0x60, 0x60, 0x60, 0x60, 0x5f, 0x5f, 0x5f, 0x5f, 0x5f, 0x9d, 0x5f, 0x5e, 0x5e, 0x5e, 0x5e, 0x5d, 0x5e, 0x5d, 0x9c, 0x5d, 0x5c, 0x5d, 0x5d, 0x5d, 0x5c, 0x5d, 0x5c, 0x5c, 0x5c, 0x5c, 0x5c, 0x5c, 0x5c, 0x5c, 0x5c, 0x5c, 0x5c, 0x5c, 0x5b, 0x5b, 0x5b, 0x5b, 0x5b, 0x5b, 0x5b, 0x5b, 0x5c, 0x5c, 0x5c, 0x5c, 0x5c, 0x5c, 0x5c, 0x5c, 0x5c, 0x5c, 0x5c, 0x5c, 0x5c, 0x5c, 0x5c, 0x5c, 0x5c, 0x5c, 0x5d, 0x5d, 0x5d, 0x5c, 0x5d, 0x5d, 0x5d, 0x5e, 0x5e, 0x5e, 0x5e, 0x5e, 0x5e, 0x9d, 0x9d, 0x74, 0x5f, 0x5f, 0x5f, 0x5f, 0x60, 0x5f, 0x60, 0x60, 0x60, 0x60, 0x60, 0x60, 0x60, 0x60, 0x61, 0x61, 0x61, 0x9e, 0x9e, 0xd5, 0x75, 0x75, 0x75, 0x62, 0x62, 0x62, 0x62, 0x63, 0x62, 0x63, 0x62, 0x63, 0x63, 0x63, 0x63, 0x63, 0x63, 0x63, 0x63, 0x63, 0x63, 0x63, 0x63, 0x63, 0x63, 0x63, 0x63, 0x63, 0x63, 0x63, 0x63, 0x63, 0x63, 0x63, 0x63, 0x63, 0x63, 0x63, 0x63, 0x63, 0x63, 0x63, 0x63, 0x63, 0x63, 0x63, 0x63, 0x63, 0x63, 0x63, 0x63, 0x63, 0x63, 0x63, 0x63, 0x63, 0x63, 0x63, 0x63, 0x63, 0x63, 0x63, 0x63, 0x63, 0x63, 0x63, 0x63, 0x63, 0x63, 0x63, 0x63, 0x63, 0x63, 0x63, 0x63, 0x63, 0x63, 0x63, 0x63, 0x63, 0x63, 0x63, 0x63, 0x63, 0x63, 0x63, 0x63, 0x63, 0x63, 0x63, 0x63, 0x63, 0x63, 0x63, 0x63, 0x63, 0x63, 0x63, 0x63, 0x63, 0x63, 0x63, 0x7c, 0x69, 0x2a, 0x32, 0x61, 0x63, 0x63, 0x63, 0x63, 0x63, 0x63, 0x63, 0x63, 0x63, 0x63, 0x63, 0x63, 0x63, 0x63, 0x63, 0x63, 0x63, 
  0x63, 0x63, 0x63, 0x63, 0x63, 0x63, 0x63, 0x63, 0x63, 0x63, 0x63, 0x63, 0x63, 0x63, 0x63, 0x63, 0x63, 0x63, 0x63, 0x63, 0x63, 0x63, 0x63, 0x63, 0x63, 0x63, 0x63, 0x63, 0x63, 0x63, 0x63, 0x63, 0x63, 0x63, 0x63, 0x63, 0x63, 0x63, 0x63, 0x63, 0x63, 0x63, 0x63, 0x63, 0x63, 0x63, 0x63, 0x63, 0x63, 0x63, 0x63, 0x63, 0x63, 0x63, 0x63, 0x63, 0x63, 0x63, 0x63, 0x63, 0x63, 0x63, 0x63, 0x63, 0x63, 0x63, 0x63, 0x63, 0x63, 0x63, 0x63, 0x63, 0x63, 0x63, 0x63, 0x63, 0x63, 0x63, 0x63, 0x63, 0x63, 0x63, 0x63, 0x63, 0x63, 0x63, 0x63, 0x63, 0x63, 0x63, 0x63, 0x63, 0x63, 0x63, 0x63, 0x63, 0x63, 0x63, 0x63, 0x63, 0x63, 0x63, 0x63, 0x63, 0x63, 0x63, 0x63, 0x63, 0x63, 0x63, 0x63, 0x63, 0x63, 0x63, 0x63, 0x63, 0x62, 0x63, 0x62, 0x63, 0x62, 0x62, 0x62, 0x62, 0x62, 0x62, 0x75, 0x9e, 0x9e, 0x61, 0x61, 0x61, 0x61, 0x60, 0x61, 0x60, 0x60, 0x60, 0x60, 0x60, 0x60, 0x60, 0x5f, 0x60, 0x60, 0x5f, 0x5f, 0x5f, 0x5f, 0x5f, 0x9d, 0x9d, 0x5e, 0x5e, 0x5e, 0x5e, 0x5e, 0x5d, 0x5d, 0x5d, 0x5e, 0x5c, 0x5d, 0x5d, 0x5d, 0x5d, 0x5d, 0x5d, 0x5c, 0x5c, 0x5c, 0x5c, 0x5c, 0x5c, 0x5c, 0x5d, 0x5c, 0x5d, 0x5c, 0x5d, 0x5c, 0x5d, 0x5c, 0x5c, 0x5c, 0x5c, 0x5c, 0x5c, 0x5d, 0x5c, 0x5d, 0x5c, 0x5d, 0x5d, 0x5d, 0x5d, 0x5d, 0x5d, 0x5e, 0x5d, 0x5d, 0x5d, 0x5d, 0x5e, 0x5e, 0x5e, 0x5e, 0x5e, 0x5e, 0x9d, 0x5e, 0x5f, 0x5f, 0x5f, 0x60, 0x5f, 0x5f, 0x5f, 0x60, 0x60, 0x60, 0x60, 0x60, 0x60, 0x60, 0x60, 0x61, 0x61, 0x61, 0x61, 0x61, 0x9e, 0x61, 0x75, 0x75, 0x62, 0x62, 0x62, 0x62, 0x62, 0x63, 0x62, 0x63, 0x62, 0x63, 0x63, 0x63, 0x63, 0x63, 0x63, 0x63, 0x63, 0x63, 0x63, 0x63, 0x63, 0x63, 0x63, 0x63, 0x63, 0x63, 0x63, 0x63, 0x63, 0x63, 0x63, 0x63, 0x63, 0x63, 0x63, 0x63, 0x63, 0x63, 0x63, 0x63, 0x63, 0x63, 0x63, 0x63, 0x63, 0x63, 0x63, 0x63, 0x63, 0x63, 0x63, 0x63, 0x63, 0x63, 0x63, 0x63, 0x63, 0x63, 0x63, 0x63, 0x63, 0x63, 0x63, 0x63, 0x63, 0x63, 0x63, 0x63, 0x63, 0x63, 0x63, 0x63, 0x63, 0x63, 0x63, 0x63, 0x63, 0x63, 0x63, 0x63, 0x63, 0x63, 0x63, 0x63, 0x63, 0x63, 0x63, 0x63, 0x63, 0x63, 0x63, 0x63, 0x63, 0x63, 0x63, 0x63, 0x63, 0x63, 0x63, 0x63, 0x63, 0x63, 0x63, 0x63, 0x3a, 0x25, 0x4e, 0x63, 0x63, 0x63, 0x63, 0x63, 0x63, 0x63, 0x63, 0x63, 0x63, 0x63, 0x63, 0x63, 0x63, 0x63, 0x63, 0x63, 0x63, 
  0x63, 0x63, 0x63, 0x63, 0x63, 0x63, 0x63, 0x63, 0x63, 0x63, 0x63, 0x63, 0x63, 0x63, 0x63, 0x63, 0x63, 0x63, 0x63, 0x63, 0x63, 0x63, 0x63, 0x63, 0x63, 0x63, 0x63, 0x63, 0x63, 0x63, 0x63, 0x63, 0x63, 0x63, 0x63, 0x63, 0x63, 0x63, 0x63, 0x63, 0x63, 0x63, 0x63, 0x63, 0x63, 0x63, 0x63, 0x63, 0x63, 0x63, 0x63, 0x63, 0x63, 0x63, 0x63, 0x63, 0x63, 0x63, 0x63, 0x63, 0x63, 0x63, 0x63, 0x63, 0x63, 0x63, 0x63, 0x63, 0x63, 0x63, 0x63, 0x63, 0x63, 0x63, 0x63, 0x63, 0x63, 0x63, 0x63, 0x63, 0x63, 0x63, 0x63, 0x63, 0x63, 0x63, 0x63, 0x63, 0x63, 0x63, 0x63, 0x63, 0x63, 0x63, 0x63, 0x63, 0x63, 0x63, 0x63, 0x63, 0x63, 0x63, 0x63, 0x63, 0x63, 0x63, 0x63, 0x63, 0x63, 0x63, 0x63, 0x63, 0x63, 0x63, 0x63, 0x63, 0x63, 0x63, 0x62, 0x63, 0x62, 0x63, 0x62, 0x62, 0x62, 0x62, 0x62, 0x62, 0x62, 0x75, 0x75, 0x75, 0x9e, 0xd5, 0x61, 0xd5, 0x61, 0x61, 0x61, 0x61, 0x61, 0x60, 0x61, 0x60, 0x60, 0x60, 0x60, 0x60, 0x5f, 0x5f, 0x5f, 0x5f, 0x5f, 0x5f, 0x5f, 0x5e, 0x5f, 0x5e, 0x5e, 0x5e, 0x5e, 0x5e, 0x5e, 0x5d, 0x5d, 0x5d, 0x5d, 0x5d, 0x5d, 0x5e, 0x5d, 0x5d, 0x5d, 0x5d, 0x5d, 0x5c, 0x5d, 0x5c, 0x5d, 0x5c, 0x5d, 0x5d, 0x5d, 0x5e, 0x5d, 0x5e, 0x5d, 0x5d, 0x5d, 0x5d, 0x5e, 0x5d, 0x5d, 0x5d, 0x5d, 0x5d, 0x5e, 0x5d, 0x5e, 0x9d, 0x9d, 0x9d, 0x9d, 0x9d, 0x74, 0x5f, 0x5f, 0x5f, 0x60, 0x5f, 0x60, 0x5f, 0x60, 0x60, 0x60, 0x60, 0x61, 0x60, 0x61, 0x60, 0x60, 0x61, 0x60, 0x61, 0x61, 0x61, 0x61, 0x61, 0x61, 0x9e, 0x75, 0x75, 0x62, 0x62, 0x62, 0x62, 0x62, 0x63, 0x62, 0x63, 0x62, 0x63, 0x63, 0x63, 0x63, 0x63, 0x63, 0x63, 0x63, 0x63, 0x63, 0x63, 0x63, 0x63, 0x63, 0x63, 0x63, 0x63, 0x63, 0x63, 0x63, 0x63, 0x63, 0x63, 0x63, 0x63, 0x63, 0x63, 0x63, 0x63, 0x63, 0x63, 0x63, 0x63, 0x63, 0x63, 0x63, 0x63, 0x63, 0x63, 0x63, 0x63, 0x63, 0x63, 0x63, 0x63, 0x63, 0x63, 0x63, 0x63, 0x63, 0x63, 0x63, 0x63, 0x63, 0x63, 0x63, 0x63, 0x63, 0x63, 0x63, 0x63, 0x63, 0x63, 0x63, 0x63, 0x63, 0x63, 0x63, 0x63, 0x63, 0x63, 0x63, 0x63, 0x63, 0x63, 0x63, 0x63, 0x63, 0x63, 0x63, 0x63, 0x63, 0x63, 0x63, 0x63, 0x63, 0x63, 0x63, 0x63, 0x63, 0x63, 0x63, 0x63, 0x63, 0x63, 0x63, 0x63, 0x63, 0x4e, 0x79, 0x61, 0x63, 0x63, 0x63, 0x63, 0x63, 0x63, 0x63, 0x63, 0x63, 0x63, 0x63, 0x63, 0x63, 0x63, 0x63, 0x63, 0x63, 0x63, 
  0x63, 0x63, 0x63, 0x63, 0x63, 0x63, 0x63, 0x63, 0x63, 0x63, 0x63, 0x63, 0x63, 0x63, 0x63, 0x63, 0x63, 0x63, 0x63, 0x63, 0x63, 0x63, 0x63, 0x63, 0x63, 0x63, 0x63, 0x63, 0x63, 0x63, 0x63, 0x63, 0x63, 0x63, 0x63, 0x63, 0x63, 0x63, 0x63, 0x63, 0x63, 0x63, 0x63, 0x63, 0x63, 0x63, 0x63, 0x63, 0x63, 0x63, 0x63, 0x63, 0x63, 0x63, 0x63, 0x63, 0x63, 0x63, 0x63, 0x63, 0x63, 0x63, 0x63, 0x63, 0x63, 0x63, 0x63, 0x63, 0x63, 0x63, 0x63, 0x63, 0x63, 0x63, 0x63, 0x63, 0x63, 0x63, 0x63, 0x63, 0x63, 0x63, 0x63, 0x63, 0x63, 0x63, 0x63, 0x63, 0x63, 0x63, 0x63, 0x63, 0x63, 0x63, 0x63, 0x63, 0x63, 0x63, 0x63, 0x63, 0x63, 0x63, 0x63, 0x63, 0x63, 0x63, 0x63, 0x63, 0x63, 0x63, 0x63, 0x63, 0x63, 0x63, 0x63, 0x63, 0x63, 0x63, 0x63, 0x63, 0x63, 0x62, 0x63, 0x63, 0x62, 0x63, 0x62, 0x62, 0x62, 0x62, 0x62, 0x62, 0x62, 0x75, 0x75, 0x9e, 0x9e, 0x61, 0x61, 0x61, 0x61, 0x61, 0x60, 0x61, 0x61, 0x60, 0x61, 0x60, 0x60, 0x60, 0x60, 0x5f, 0x5f, 0x5f, 0x60, 0x5f, 0x60, 0x5f, 0x5f, 0x5f, 0x5f, 0x74, 0x9d, 0x74, 0x5e, 0x5e, 0x74, 0x9d, 0x5e, 0x5d, 0x5e, 0x9c, 0x5e, 0x5e, 0x5e, 0x5e, 0x5e, 0x5e, 0x5e, 0x5e, 0x5e, 0x5e, 0x5e, 0x5e, 0x5e, 0x5e, 0x5e, 0x5e, 0x5e, 0x5e, 0x5e, 0x5e, 0x9d, 0x9d, 0x5f, 0x9d, 0x5f, 0x9d, 0x5f, 0x5f, 0x5f, 0x5f, 0x5f, 0x5f, 0x5f, 0x5f, 0x5f, 0x60, 0x60, 0x60, 0x60, 0x61, 0x60, 0x60, 0x60, 0x61, 0x60, 0x61, 0x60, 0x61, 0x61, 0x61, 0x61, 0x9e, 0x61, 0x9e, 0x75, 0x62, 0x75, 0x62, 0x62, 0x62, 0x62, 0x62, 0x62, 0x63, 0x62, 0x63, 0x62, 0x63, 0x63, 0x63, 0x63, 0x63, 0x63, 0x63, 0x63, 0x63, 0x63, 0x63, 0x63, 0x63, 0x63, 0x63, 0x63, 0x63, 0x63, 0x63, 0x63, 0x63, 0x63, 0x63, 0x63, 0x63, 0x63, 0x63, 0x63, 0x63, 0x63, 0x63, 0x63, 0x63, 0x63, 0x63, 0x63, 0x63, 0x63, 0x63, 0x63, 0x63, 0x63, 0x63, 0x63, 0x63, 0x63, 0x63, 0x63, 0x63, 0x63, 0x63, 0x63, 0x63, 0x63, 0x63, 0x63, 0x63, 0x63, 0x63, 0x63, 0x63, 0x63, 0x63, 0x63, 0x63, 0x63, 0x63, 0x63, 0x63, 0x63, 0x63, 0x63, 0x63, 0x63, 0x63, 0x63, 0x63, 0x63, 0x63, 0x63, 0x63, 0x63, 0x63, 0x63, 0x63, 0x63, 0x63, 0x63, 0x63, 0x63, 0x63, 0x63, 0x63, 0x63, 0x63, 0x63, 0x63, 0x63, 0x63, 0x63, 0x5d, 0x94, 0x63, 0x63, 0x63, 0x63, 0x63, 0x63, 0x63, 0x63, 0x63, 0x63, 0x63, 0x63, 0x63, 0x63, 0x63, 0x63, 0x63, 0x63, 0x63, 
  0x63, 0x63, 0x63, 0x63, 0x63, 0x63, 0x63, 0x63, 0x63, 0x63, 0x63, 0x63, 0x63, 0x63, 0x63, 0x63, 0x63, 0x63, 0x63, 0x63, 0x63, 0x63, 0x63, 0x63, 0x63, 0x63, 0x63, 0x63, 0x63, 0x63, 0x63, 0x63, 0x63, 0x63, 0x63, 0x63, 0x63, 0x63, 0x63, 0x63, 0x63, 0x63, 0x63, 0x63, 0x63, 0x63, 0x63, 0x63, 0x63, 0x63, 0x63, 0x63, 0x63, 0x63, 0x63, 0x63, 0x63, 0x63, 0x63, 0x63, 0x63, 0x63, 0x63, 0x63, 0x63, 0x63, 0x63, 0x63, 0x63, 0x63, 0x63, 0x63, 0x63, 0x63, 0x63, 0x63, 0x63, 0x63, 0x63, 0x63, 0x63, 0x63, 0x63, 0x63, 0x63, 0x63, 0x63, 0x63, 0x63, 0x63, 0x63, 0x63, 0x63, 0x63, 0x63, 0x63, 0x63, 0x63, 0x63, 0x63, 0x63, 0x63, 0x63, 0x63, 0x63, 0x63, 0x63, 0x63, 0x63, 0x63, 0x63, 0x63, 0x63, 0x63, 0x63, 0x63, 0x63, 0x63, 0x63, 0x63, 0x63, 0x63, 0x63, 0x63, 0x63, 0x62, 0x63, 0x63, 0x62, 0x63, 0x62, 0x62, 0x62, 0x62, 0x62, 0x62, 0x75, 0x62, 0x75, 0x75, 0x9e, 0x61, 0x75, 0x61, 0x61, 0x61, 0x61, 0x61, 0x61, 0x60, 0x61, 0x60, 0x60, 0x60, 0x60, 0x60, 0x60, 0x5f, 0x60, 0x5f, 0x5f, 0x5f, 0x60, 0x9d, 0x5f, 0x5f, 0x5f, 0x5f, 0x5f, 0x5f, 0x5f, 0x5f, 0x5f, 0x5f, 0x5e, 0x9d, 0x5e, 0x9d, 0x9d, 0x9d, 0x9d, 0x9d, 0x9d, 0x5f, 0x74, 0x9d, 0x5f, 0x5f, 0x5f, 0x5f, 0x5f, 0x5f, 0x5f, 0x5f, 0x5f, 0x5f, 0x5f, 0x60, 0x5f, 0x60, 0x60, 0x60, 0x60, 0x60, 0x60, 0x60, 0x60, 0x60, 0x60, 0x60, 0x61, 0x60, 0x61, 0x61, 0x61, 0x61, 0x61, 0x61, 0x75, 0x9e, 0x61, 0x9e, 0x75, 0x75, 0x62, 0x62, 0x62, 0x62, 0x62, 0x62, 0x62, 0x63, 0x62, 0x63, 0x63, 0x62, 0x63, 0x63, 0x63, 0x63, 0x63, 0x63, 0x63, 0x63, 0x63, 0x63, 0x63, 0x63, 0x63, 0x63, 0x63, 0x63, 0x63, 0x63, 0x63, 0x63, 0x63, 0x63, 0x63, 0x63, 0x63, 0x63, 0x63, 0x63, 0x63, 0x63, 0x63, 0x63, 0x63, 0x63, 0x63, 0x63, 0x63, 0x63, 0x63, 0x63, 0x63, 0x63, 0x63, 0x63, 0x63, 0x63, 0x63, 0x63, 0x63, 0x63, 0x63, 0x63, 0x63, 0x63, 0x63, 0x63, 0x63, 0x63, 0x63, 0x63, 0x63, 0x63, 0x63, 0x63, 0x63, 0x63, 0x63, 0x63, 0x63, 0x63, 0x63, 0x63, 0x63, 0x63, 0x63, 0x63, 0x63, 0x63, 0x63, 0x63, 0x63, 0x63, 0x63, 0x63, 0x63, 0x63, 0x63, 0x63, 0x63, 0x63, 0x63, 0x63, 0x63, 0x63, 0x63, 0x63, 0x63, 0x63, 0x63, 0x63, 0x63, 0x63, 0x63, 0x63, 0x63, 0x63, 0x63, 0x63, 0x63, 0x63, 0x63, 0x63, 0x63, 0x63, 0x63, 0x63, 0x63, 0x63, 0x63, 0x63, 0x63, 0x63, 0x63, 0x63, 
  0x63, 0x63, 0x63, 0x63, 0x63, 0x63, 0x63, 0x63, 0x63, 0x63, 0x63, 0x63, 0x63, 0x63, 0x63, 0x63, 0x63, 0x63, 0x63, 0x63, 0x63, 0x63, 0x63, 0x63, 0x63, 0x63, 0x63, 0x63, 0x63, 0x63, 0x63, 0x63, 0x63, 0x63, 0x63, 0x63, 0x63, 0x63, 0x63, 0x63, 0x63, 0x63, 0x63, 0x63, 0x63, 0x63, 0x63, 0x63, 0x63, 0x63, 0x63, 0x63, 0x63, 0x63, 0x63, 0x63, 0x63, 0x63, 0x63, 0x63, 0x63, 0x63, 0x63, 0x63, 0x63, 0x63, 0x63, 0x63, 0x63, 0x63, 0x63, 0x63, 0x63, 0x63, 0x63, 0x63, 0x63, 0x63, 0x63, 0x63, 0x63, 0x63, 0x63, 0x63, 0x63, 0x63, 0x63, 0x63, 0x63, 0x63, 0x63, 0x63, 0x63, 0x63, 0x63, 0x63, 0x63, 0x63, 0x63, 0x63, 0x63, 0x63, 0x63, 0x63, 0x63, 0x63, 0x63, 0x63, 0x63, 0x63, 0x63, 0x63, 0x63, 0x63, 0x63, 0x63, 0x63, 0x63, 0x63, 0x63, 0x63, 0x63, 0x63, 0x63, 0x63, 0x63, 0x63, 0x63, 0x63, 0x62, 0x63, 0x62, 0x63, 0x62, 0x62, 0x62, 0x62, 0x62, 0x62, 0x62, 0x75, 0x62, 0x75, 0xd5, 0x9e, 0x9e, 0x61, 0x61, 0x61, 0x61, 0x61, 0x61, 0x61, 0x61, 0x61, 0x60, 0x60, 0x61, 0x60, 0x60, 0x61, 0x60, 0x60, 0x60, 0x60, 0x60, 0x5f, 0x60, 0x60, 0x5f, 0x5f, 0x5f, 0x60, 0x5f, 0x60, 0x5f, 0x60, 0x5f, 0x60, 0x5f, 0x60, 0x5f, 0x60, 0x5f, 0x5f, 0x60, 0x5f, 0x60, 0x5f, 0x60, 0x5f, 0x5f, 0x60, 0x60, 0x60, 0x60, 0x60, 0x60, 0x60, 0x60, 0x60, 0x60, 0x60, 0x60, 0x60, 0x61, 0x61, 0x61, 0x61, 0x61, 0x61, 0xd5, 0x61, 0x9e, 0x61, 0x9e, 0x75, 0x75, 0x75, 0x75, 0x62, 0x62, 0x62, 0x62, 0x62, 0x62, 0x62, 0x62, 0x63, 0x62, 0x63, 0x62, 0x63, 0x63, 0x63, 0x63, 0x63, 0x63, 0x63, 0x63, 0x63, 0x63, 0x63, 0x63, 0x63, 0x63, 0x63, 0x63, 0x63, 0x63, 0x63, 0x63, 0x63, 0x63, 0x63, 0x63, 0x63, 0x63, 0x63, 0x63, 0x63, 0x63, 0x63, 0x63, 0x63, 0x63, 0x63, 0x63, 0x63, 0x63, 0x63, 0x63, 0x63, 0x63, 0x63, 0x63, 0x63, 0x63, 0x63, 0x63, 0x63, 0x63, 0x63, 0x63, 0x63, 0x63, 0x63, 0x63, 0x63, 0x63, 0x63, 0x63, 0x63, 0x63, 0x63, 0x63, 0x63, 0x63, 0x63, 0x63, 0x63, 0x63, 0x63, 0x63, 0x63, 0x63, 0x63, 0x63, 0x63, 0x63, 0x63, 0x63, 0x63, 0x63, 0x63, 0x63, 0x63, 0x63, 0x63, 0x63, 0x63, 0x63, 0x63, 0x63, 0x63, 0x63, 0x63, 0x63, 0x63, 0x63, 0x63, 0x63, 0x63, 0x63, 0x63, 0x63, 0x63, 0x63, 0x63, 0x63, 0x63, 0x63, 0x63, 0x63, 0x63, 0x63, 0x63, 0x63, 0x63, 0x63, 0x63, 0x63, 0x63, 0x63, 0x63, 0x63, 0x63, 0x63, 0x63, 0x63, 
  0x63, 0x63, 0x63, 0x63, 0x63, 0x63, 0x63, 0x63, 0x63, 0x63, 0x63, 0x63, 0x63, 0x63, 0x63, 0x63, 0x63, 0x63, 0x63, 0x63, 0x63, 0x63, 0x63, 0x63, 0x63, 0x63, 0x63, 0x63, 0x63, 0x63, 0x63, 0x63, 0x63, 0x63, 0x63, 0x63, 0x63, 0x63, 0x63, 0x63, 0x63, 0x63, 0x63, 0x63, 0x63, 0x63, 0x63, 0x63, 0x63, 0x63, 0x63, 0x63, 0x63, 0x63, 0x63, 0x63, 0x63, 0x63, 0x63, 0x63, 0x63, 0x63, 0x63, 0x63, 0x63, 0x63, 0x63, 0x63, 0x63, 0x63, 0x63, 0x63, 0x63, 0x63, 0x63, 0x63, 0x63, 0x63, 0x63, 0x63, 0x63, 0x63, 0x63, 0x63, 0x63, 0x63, 0x63, 0x63, 0x63, 0x63, 0x63, 0x63, 0x63, 0x63, 0x63, 0x63, 0x63, 0x63, 0x63, 0x63, 0x63, 0x63, 0x63, 0x63, 0x63, 0x63, 0x63, 0x63, 0x63, 0x63, 0x63, 0x63, 0x63, 0x63, 0x63, 0x63, 0x63, 0x63, 0x63, 0x63, 0x63, 0x63, 0x63, 0x63, 0x63, 0x63, 0x63, 0x63, 0x63, 0x63, 0x63, 0x63, 0x62, 0x63, 0x63, 0x62, 0x63, 0x62, 0x62, 0x62, 0x62, 0x62, 0x62, 0x62, 0x62, 0x75, 0x62, 0x75, 0x75, 0x9e, 0x61, 0x61, 0x61, 0x61, 0x61, 0x61, 0x61, 0x61, 0x61, 0x61, 0x60, 0x61, 0x60, 0x60, 0x60, 0x60, 0x61, 0x60, 0x60, 0x61, 0x60, 0x60, 0x60, 0x60, 0x60, 0x60, 0x60, 0x60, 0x60, 0x60, 0x60, 0x60, 0x60, 0x60, 0x60, 0x60, 0x60, 0x60, 0x61, 0x60, 0x61, 0x60, 0x61, 0x60, 0x60, 0x60, 0x60, 0x61, 0x60, 0x61, 0x61, 0x61, 0x61, 0x61, 0x61, 0x61, 0x61, 0x61, 0x61, 0x75, 0x75, 0x75, 0x75, 0x62, 0x62, 0x62, 0x62, 0x62, 0x62, 0x62, 0x62, 0x62, 0x62, 0x62, 0x63, 0x62, 0x63, 0x62, 0x63, 0x63, 0x63, 0x63, 0x63, 0x63, 0x63, 0x63, 0x63, 0x63, 0x63, 0x63, 0x63, 0x63, 0x63, 0x63, 0x63, 0x63, 0x63, 0x63, 0x63, 0x63, 0x63, 0x63, 0x63, 0x63, 0x63, 0x63, 0x63, 0x63, 0x63, 0x63, 0x63, 0x63, 0x63, 0x63, 0x63, 0x63, 0x63, 0x63, 0x63, 0x63, 0x63, 0x63, 0x63, 0x63, 0x63, 0x63, 0x63, 0x63, 0x63, 0x63, 0x63, 0x63, 0x63, 0x63, 0x63, 0x63, 0x63, 0x63, 0x63, 0x63, 0x63, 0x63, 0x63, 0x63, 0x63, 0x63, 0x63, 0x63, 0x63, 0x63, 0x63, 0x63, 0x63, 0x63, 0x63, 0x63, 0x63, 0x63, 0x63, 0x63, 0x63, 0x63, 0x63, 0x63, 0x63, 0x63, 0x63, 0x63, 0x63, 0x63, 0x63, 0x63, 0x63, 0x63, 0x63, 0x63, 0x63, 0x63, 0x63, 0x63, 0x63, 0x63, 0x63, 0x63, 0x63, 0x63, 0x63, 0x63, 0x63, 0x63, 0x63, 0x63, 0x63, 0x63, 0x63, 0x63, 0x63, 0x63, 0x63, 0x63, 0x63, 0x63, 0x63, 0x63, 0x63, 0x63, 0x63, 0x63, 0x63, 0x63, 
  0x63, 0x63, 0x63, 0x63, 0x63, 0x63, 0x63, 0x63, 0x63, 0x63, 0x63, 0x63, 0x63, 0x63, 0x63, 0x63, 0x63, 0x63, 0x63, 0x63, 0x63, 0x63, 0x63, 0x63, 0x63, 0x63, 0x63, 0x63, 0x63, 0x63, 0x63, 0x63, 0x63, 0x63, 0x63, 0x63, 0x63, 0x63, 0x63, 0x63, 0x63, 0x63, 0x63, 0x63, 0x63, 0x63, 0x63, 0x63, 0x63, 0x63, 0x63, 0x63, 0x63, 0x63, 0x63, 0x63, 0x63, 0x63, 0x63, 0x63, 0x63, 0x63, 0x63, 0x63, 0x63, 0x63, 0x63, 0x63, 0x63, 0x63, 0x63, 0x63, 0x63, 0x63, 0x63, 0x63, 0x63, 0x63, 0x63, 0x63, 0x63, 0x63, 0x63, 0x63, 0x63, 0x63, 0x63, 0x63, 0x63, 0x63, 0x63, 0x63, 0x63, 0x63, 0x63, 0x63, 0x63, 0x63, 0x63, 0x63, 0x63, 0x63, 0x63, 0x63, 0x63, 0x63, 0x63, 0x63, 0x63, 0x63, 0x63, 0x63, 0x63, 0x63, 0x63, 0x63, 0x63, 0x63, 0x63, 0x63, 0x63, 0x63, 0x63, 0x63, 0x63, 0x63, 0x63, 0x63, 0x63, 0x63, 0x63, 0x63, 0x63, 0x63, 0x63, 0x62, 0x63, 0x62, 0x63, 0x62, 0x63, 0x62, 0x62, 0x62, 0x62, 0x62, 0x62, 0x62, 0x62, 0x75, 0x75, 0x62, 0x75, 0x75, 0x9e, 0x61, 0x9e, 0x61, 0x61, 0x61, 0x61, 0x61, 0x61, 0x61, 0x61, 0x61, 0x60, 0x61, 0x61, 0x60, 0x61, 0x61, 0x61, 0x61, 0x61, 0x61, 0x61, 0x61, 0x61, 0x61, 0x60, 0x60, 0x61, 0x60, 0x61, 0x61, 0x61, 0x61, 0x60, 0x61, 0x60, 0x61, 0x61, 0x61, 0x61, 0x9e, 0x61, 0x61, 0x61, 0x61, 0x61, 0x61, 0x9e, 0xd5, 0x75, 0x75, 0x75, 0x62, 0x75, 0x62, 0x62, 0x62, 0x62, 0x62, 0x62, 0x62, 0x62, 0x62, 0x62, 0x63, 0x62, 0x63, 0x62, 0x63, 0x62, 0x63, 0x63, 0x63, 0x63, 0x63, 0x63, 0x63, 0x63, 0x63, 0x63, 0x63, 0x63, 0x63, 0x63, 0x63, 0x63, 0x63, 0x63, 0x63, 0x63, 0x63, 0x63, 0x63, 0x63, 0x63, 0x63, 0x63, 0x63, 0x63, 0x63, 0x63, 0x63, 0x63, 0x63, 0x63, 0x63, 0x63, 0x63, 0x63, 0x63, 0x63, 0x63, 0x63, 0x63, 0x63, 0x63, 0x63, 0x63, 0x63, 0x63, 0x63, 0x63, 0x63, 0x63, 0x63, 0x63, 0x63, 0x63, 0x63, 0x63, 0x63, 0x63, 0x63, 0x63, 0x63, 0x63, 0x63, 0x63, 0x63, 0x63, 0x63, 0x63, 0x63, 0x63, 0x63, 0x63, 0x63, 0x63, 0x63, 0x63, 0x63, 0x63, 0x63, 0x63, 0x63, 0x63, 0x63, 0x63, 0x63, 0x63, 0x63, 0x63, 0x63, 0x63, 0x63, 0x63, 0x63, 0x63, 0x63, 0x63, 0x63, 0x63, 0x63, 0x63, 0x63, 0x63, 0x63, 0x63, 0x63, 0x63, 0x63, 0x63, 0x63, 0x63, 0x63, 0x63, 0x63, 0x63, 0x63, 0x63, 0x63, 0x63, 0x63, 0x63, 0x63, 0x63, 0x63, 0x63, 0x63, 0x63, 0x63, 0x63, 0x63, 0x63, 0x63, 
  0x63, 0x63, 0x63, 0x63, 0x63, 0x63, 0x63, 0x63, 0x63, 0x63, 0x63, 0x63, 0x63, 0x63, 0x63, 0x63, 0x63, 0x63, 0x63, 0x63, 0x63, 0x63, 0x63, 0x63, 0x63, 0x63, 0x63, 0x63, 0x63, 0x63, 0x63, 0x63, 0x63, 0x63, 0x63, 0x63, 0x63, 0x63, 0x63, 0x63, 0x63, 0x63, 0x63, 0x63, 0x63, 0x63, 0x63, 0x63, 0x63, 0x63, 0x63, 0x63, 0x63, 0x63, 0x63, 0x63, 0x63, 0x63, 0x63, 0x63, 0x63, 0x63, 0x63, 0x63, 0x63, 0x63, 0x63, 0x63, 0x63, 0x63, 0x63, 0x63, 0x63, 0x63, 0x63, 0x63, 0x63, 0x63, 0x63, 0x63, 0x63, 0x63, 0x63, 0x63, 0x63, 0x63, 0x63, 0x63, 0x63, 0x63, 0x63, 0x63, 0x63, 0x63, 0x63, 0x63, 0x63, 0x63, 0x63, 0x63, 0x63, 0x63, 0x63, 0x63, 0x63, 0x63, 0x63, 0x63, 0x63, 0x63, 0x63, 0x63, 0x63, 0x63, 0x63, 0x63, 0x63, 0x63, 0x63, 0x63, 0x63, 0x63, 0x63, 0x63, 0x63, 0x63, 0x63, 0x63, 0x63, 0x63, 0x63, 0x63, 0x63, 0x63, 0x63, 0x63, 0x63, 0x63, 0x63, 0x63, 0x62, 0x63, 0x63, 0x62, 0x63, 0x62, 0x63, 0x62, 0x62, 0x62, 0x62, 0x62, 0x62, 0x62, 0x62, 0x62, 0x75, 0x75, 0x62, 0x75, 0x9e, 0x75, 0x9e, 0x61, 0x9e, 0x61, 0x75, 0x61, 0x61, 0x75, 0x9e, 0x61, 0x61, 0x61, 0x61, 0x61, 0x61, 0x61, 0x61, 0x61, 0x61, 0x61, 0x61, 0x61, 0x61, 0x61, 0x61, 0x9e, 0x61, 0x9e, 0x61, 0x9e, 0x61, 0x9e, 0x61, 0x9e, 0x61, 0x9e, 0x75, 0x75, 0x75, 0x75, 0x62, 0x62, 0x62, 0x62, 0x62, 0x62, 0x62, 0x62, 0x62, 0x62, 0x63, 0x62, 0x63, 0x62, 0x63, 0x62, 0x63, 0x62, 0x63, 0x62, 0x63, 0x63, 0x63, 0x63, 0x63, 0x63, 0x63, 0x63, 0x63, 0x63, 0x63, 0x63, 0x63, 0x63, 0x63, 0x63, 0x63, 0x63, 0x63, 0x63, 0x63, 0x63, 0x63, 0x63, 0x63, 0x63, 0x63, 0x63, 0x63, 0x63, 0x63, 0x63, 0x63, 0x63, 0x63, 0x63, 0x63, 0x63, 0x63, 0x63, 0x63, 0x63, 0x63, 0x63, 0x63, 0x63, 0x63, 0x63, 0x63, 0x63, 0x63, 0x63, 0x63, 0x63, 0x63, 0x63, 0x63, 0x63, 0x63, 0x63, 0x63, 0x63, 0x63, 0x63, 0x63, 0x63, 0x63, 0x63, 0x63, 0x63, 0x63, 0x63, 0x63, 0x63, 0x63, 0x63, 0x63, 0x63, 0x63, 0x63, 0x63, 0x63, 0x63, 0x63, 0x63, 0x63, 0x63, 0x63, 0x63, 0x63, 0x63, 0x63, 0x63, 0x63, 0x63, 0x63, 0x63, 0x63, 0x63, 0x63, 0x63, 0x63, 0x63, 0x63, 0x63, 0x63, 0x63, 0x63, 0x63, 0x63, 0x63, 0x63, 0x63, 0x63, 0x63, 0x63, 0x63, 0x63, 0x63, 0x63, 0x63, 0x63, 0x63, 0x63, 0x63, 0x63, 0x63, 0x63, 0x63, 0x63, 0x63, 0x63, 0x63, 0x63, 0x63, 0x63, 0x63, 0x63, 
  0x63, 0x63, 0x63, 0x63, 0x63, 0x63, 0x63, 0x63, 0x63, 0x63, 0x63, 0x63, 0x63, 0x63, 0x63, 0x63, 0x63, 0x63, 0x63, 0x63, 0x63, 0x63, 0x63, 0x63, 0x63, 0x63, 0x63, 0x63, 0x63, 0x63, 0x63, 0x63, 0x63, 0x63, 0x63, 0x63, 0x63, 0x63, 0x63, 0x63, 0x63, 0x63, 0x63, 0x63, 0x63, 0x63, 0x63, 0x63, 0x63, 0x63, 0x63, 0x63, 0x63, 0x63, 0x63, 0x63, 0x63, 0x63, 0x63, 0x63, 0x63, 0x63, 0x63, 0x63, 0x63, 0x63, 0x63, 0x63, 0x63, 0x63, 0x63, 0x63, 0x63, 0x63, 0x63, 0x63, 0x63, 0x63, 0x63, 0x63, 0x63, 0x63, 0x63, 0x63, 0x63, 0x63, 0x63, 0x63, 0x63, 0x63, 0x63, 0x63, 0x63, 0x63, 0x63, 0x63, 0x63, 0x63, 0x63, 0x63, 0x63, 0x63, 0x63, 0x63, 0x63, 0x63, 0x63, 0x63, 0x63, 0x63, 0x63, 0x63, 0x63, 0x63, 0x63, 0x63, 0x63, 0x63, 0x63, 0x63, 0x63, 0x63, 0x63, 0x63, 0x63, 0x63, 0x63, 0x63, 0x63, 0x63, 0x63, 0x63, 0x63, 0x63, 0x63, 0x63, 0x63, 0x63, 0x63, 0x63, 0x63, 0x63, 0x63, 0x63, 0x62, 0x63, 0x62, 0x63, 0x62, 0x63, 0x62, 0x63, 0x62, 0x62, 0x62, 0x62, 0x62, 0x62, 0x62, 0x62, 0x62, 0x62, 0x75, 0x62, 0x75, 0x75, 0x9e, 0x75, 0x75, 0x75, 0x75, 0x75, 0x75, 0x75, 0x75, 0x75, 0x75, 0x75, 0x75, 0x75, 0x75, 0xd5, 0x9e, 0x75, 0x75, 0x75, 0x75, 0x75, 0x75, 0x75, 0x75, 0x75, 0x62, 0x75, 0x62, 0x62, 0x62, 0x62, 0x62, 0x62, 0x62, 0x62, 0x62, 0x62, 0x62, 0x62, 0x62, 0x62, 0x63, 0x62, 0x63, 0x62, 0x63, 0x62, 0x63, 0x62, 0x63, 0x63, 0x63, 0x63, 0x63, 0x63, 0x63, 0x63, 0x63, 0x63, 0x63, 0x63, 0x63, 0x63, 0x63, 0x63, 0x63, 0x63, 0x63, 0x63, 0x63, 0x63, 0x63, 0x63, 0x63, 0x63, 0x63, 0x63, 0x63, 0x63, 0x63, 0x63, 0x63, 0x63, 0x63, 0x63, 0x63, 0x63, 0x63, 0x63, 0x63, 0x63, 0x63, 0x63, 0x63, 0x63, 0x63, 0x63, 0x63, 0x63, 0x63, 0x63, 0x63, 0x63, 0x63, 0x63, 0x63, 0x63, 0x63, 0x63, 0x63, 0x63, 0x63, 0x63, 0x63, 0x63, 0x63, 0x63, 0x63, 0x63, 0x63, 0x63, 0x63, 0x63, 0x63, 0x63, 0x63, 0x63, 0x63, 0x63, 0x63, 0x63, 0x63, 0x63, 0x63, 0x63, 0x63, 0x63, 0x63, 0x63, 0x63, 0x63, 0x63, 0x63, 0x63, 0x63, 0x63, 0x63, 0x63, 0x63, 0x63, 0x63, 0x63, 0x63, 0x63, 0x63, 0x63, 0x63, 0x63, 0x63, 0x63, 0x63, 0x63, 0x63, 0x63, 0x63, 0x63, 0x63, 0x63, 0x63, 0x63, 0x63, 0x63, 0x63, 0x63, 0x63, 0x63, 0x63, 0x63, 0x63, 0x63, 0x63, 0x63, 0x63, 0x63, 0x63, 0x63, 0x63, 0x63, 0x63, 0x63, 0x63, 0x63, 0x63, 
  0x63, 0x63, 0x63, 0x63, 0x63, 0x63, 0x63, 0x63, 0x63, 0x63, 0x63, 0x63, 0x63, 0x63, 0x63, 0x63, 0x63, 0x63, 0x63, 0x63, 0x63, 0x63, 0x63, 0x63, 0x63, 0x63, 0x63, 0x63, 0x63, 0x63, 0x63, 0x63, 0x63, 0x63, 0x63, 0x63, 0x63, 0x63, 0x63, 0x63, 0x63, 0x63, 0x63, 0x63, 0x63, 0x63, 0x63, 0x63, 0x63, 0x63, 0x63, 0x63, 0x63, 0x63, 0x63, 0x63, 0x63, 0x63, 0x63, 0x63, 0x63, 0x63, 0x63, 0x63, 0x63, 0x63, 0x63, 0x63, 0x63, 0x63, 0x63, 0x63, 0x63, 0x63, 0x63, 0x63, 0x63, 0x63, 0x63, 0x63, 0x63, 0x63, 0x63, 0x63, 0x63, 0x63, 0x63, 0x63, 0x63, 0x63, 0x63, 0x63, 0x63, 0x63, 0x63, 0x63, 0x63, 0x63, 0x63, 0x63, 0x63, 0x63, 0x63, 0x63, 0x63, 0x63, 0x63, 0x63, 0x63, 0x63, 0x63, 0x63, 0x63, 0x63, 0x63, 0x63, 0x63, 0x63, 0x63, 0x63, 0x63, 0x63, 0x63, 0x63, 0x63, 0x63, 0x63, 0x63, 0x63, 0x63, 0x63, 0x63, 0x63, 0x63, 0x63, 0x63, 0x63, 0x63, 0x63, 0x63, 0x63, 0x63, 0x63, 0x63, 0x63, 0x63, 0x63, 0x63, 0x63, 0x62, 0x63, 0x62, 0x63, 0x62, 0x63, 0x62, 0x63, 0x62, 0x62, 0x62, 0x62, 0x62, 0x62, 0x62, 0x62, 0x62, 0x62, 0x62, 0x62, 0x62, 0x62, 0x62, 0x62, 0x62, 0x62, 0x62, 0x62, 0x62, 0x62, 0x62, 0x62, 0x62, 0x62, 0x62, 0x62, 0x62, 0x62, 0x62, 0x62, 0x62, 0x62, 0x62, 0x62, 0x62, 0x62, 0x62, 0x62, 0x62, 0x62, 0x62, 0x62, 0x62, 0x63, 0x62, 0x63, 0x62, 0x63, 0x63, 0x62, 0x63, 0x63, 0x63, 0x63, 0x63, 0x63, 0x63, 0x63, 0x63, 0x63, 0x63, 0x63, 0x63, 0x63, 0x63, 0x63, 0x63, 0x63, 0x63, 0x63, 0x63, 0x63, 0x63, 0x63, 0x63, 0x63, 0x63, 0x63, 0x63, 0x63, 0x63, 0x63, 0x63, 0x63, 0x63, 0x63, 0x63, 0x63, 0x63, 0x63, 0x63, 0x63, 0x63, 0x63, 0x63, 0x63, 0x63, 0x63, 0x63, 0x63, 0x63, 0x63, 0x63, 0x63, 0x63, 0x63, 0x63, 0x63, 0x63, 0x63, 0x63, 0x63, 0x63, 0x63, 0x63, 0x63, 0x63, 0x63, 0x63, 0x63, 0x63, 0x63, 0x63, 0x63, 0x63, 0x63, 0x63, 0x63, 0x63, 0x63, 0x63, 0x63, 0x63, 0x63, 0x63, 0x63, 0x63, 0x63, 0x63, 0x63, 0x63, 0x63, 0x63, 0x63, 0x63, 0x63, 0x63, 0x63, 0x63, 0x63, 0x63, 0x63, 0x63, 0x63, 0x63, 0x63, 0x63, 0x63, 0x63, 0x63, 0x63, 0x63, 0x63, 0x63, 0x63, 0x63, 0x63, 0x63, 0x63, 0x63, 0x63, 0x63, 0x63, 0x63, 0x63, 0x63, 0x63, 0x63, 0x63, 0x63, 0x63, 0x63, 0x63, 0x63, 0x63, 0x63, 0x63, 0x63, 0x63, 0x63, 0x63, 0x63, 0x63, 0x63, 0x63, 0x63, 0x63, 0x63, 0x63, 0x63, 0x63, 
  0x63, 0x63, 0x63, 0x63, 0x63, 0x63, 0x63, 0x63, 0x63, 0x63, 0x63, 0x63, 0x63, 0x63, 0x63, 0x63, 0x63, 0x63, 0x63, 0x63, 0x63, 0x63, 0x63, 0x63, 0x63, 0x63, 0x63, 0x63, 0x63, 0x63, 0x63, 0x63, 0x63, 0x63, 0x63, 0x63, 0x63, 0x63, 0x63, 0x63, 0x63, 0x63, 0x63, 0x63, 0x63, 0x63, 0x63, 0x63, 0x63, 0x63, 0x63, 0x63, 0x63, 0x63, 0x63, 0x63, 0x63, 0x63, 0x63, 0x63, 0x63, 0x63, 0x63, 0x63, 0x63, 0x63, 0x63, 0x63, 0x63, 0x63, 0x63, 0x63, 0x63, 0x63, 0x63, 0x63, 0x63, 0x63, 0x63, 0x63, 0x63, 0x63, 0x63, 0x63, 0x63, 0x63, 0x63, 0x63, 0x63, 0x63, 0x63, 0x63, 0x63, 0x63, 0x63, 0x63, 0x63, 0x63, 0x63, 0x63, 0x63, 0x63, 0x63, 0x63, 0x63, 0x63, 0x63, 0x63, 0x63, 0x63, 0x63, 0x63, 0x63, 0x63, 0x63, 0x63, 0x63, 0x63, 0x63, 0x63, 0x63, 0x63, 0x63, 0x63, 0x63, 0x63, 0x63, 0x63, 0x63, 0x63, 0x63, 0x63, 0x63, 0x63, 0x63, 0x63, 0x63, 0x63, 0x63, 0x63, 0x63, 0x63, 0x63, 0x63, 0x63, 0x63, 0x63, 0x63, 0x63, 0x63, 0x63, 0x63, 0x63, 0x63, 0x62, 0x63, 0x62, 0x63, 0x63, 0x63, 0x62, 0x63, 0x62, 0x63, 0x62, 0x63, 0x62, 0x63, 0x62, 0x62, 0x62, 0x62, 0x62, 0x62, 0x62, 0x62, 0x62, 0x62, 0x62, 0x62, 0x62, 0x62, 0x62, 0x62, 0x63, 0x62, 0x63, 0x62, 0x63, 0x62, 0x63, 0x62, 0x63, 0x62, 0x63, 0x62, 0x63, 0x62, 0x63, 0x63, 0x63, 0x63, 0x62, 0x63, 0x62, 0x63, 0x63, 0x63, 0x63, 0x63, 0x63, 0x63, 0x63, 0x63, 0x63, 0x63, 0x63, 0x63, 0x63, 0x63, 0x63, 0x63, 0x63, 0x63, 0x63, 0x63, 0x63, 0x63, 0x63, 0x63, 0x63, 0x63, 0x63, 0x63, 0x63, 0x63, 0x63, 0x63, 0x63, 0x63, 0x63, 0x63, 0x63, 0x63, 0x63, 0x63, 0x63, 0x63, 0x63, 0x63, 0x63, 0x63, 0x63, 0x63, 0x63, 0x63, 0x63, 0x63, 0x63, 0x63, 0x63, 0x63, 0x63, 0x63, 0x63, 0x63, 0x63, 0x63, 0x63, 0x63, 0x63, 0x63, 0x63, 0x63, 0x63, 0x63, 0x63, 0x63, 0x63, 0x63, 0x63, 0x63, 0x63, 0x63, 0x63, 0x63, 0x63, 0x63, 0x63, 0x63, 0x63, 0x63, 0x63, 0x63, 0x63, 0x63, 0x63, 0x63, 0x63, 0x63, 0x63, 0x63, 0x63, 0x63, 0x63, 0x63, 0x63, 0x63, 0x63, 0x63, 0x63, 0x63, 0x63, 0x63, 0x63, 0x63, 0x63, 0x63, 0x63, 0x63, 0x63, 0x63, 0x63, 0x63, 0x63, 0x63, 0x63, 0x63, 0x63, 0x63, 0x63, 0x63, 0x63, 0x63, 0x63, 0x63, 0x63, 0x63, 0x63, 0x63, 0x63, 0x63, 0x63, 0x63, 0x63, 0x63, 0x63, 0x63, 0x63, 0x63, 0x63, 0x63, 0x63, 0x63, 0x63, 0x63, 0x63, 0x63, 0x63, 0x63, 
  0x63, 0x63, 0x63, 0x63, 0x63, 0x63, 0x63, 0x63, 0x63, 0x63, 0x63, 0x63, 0x63, 0x63, 0x63, 0x63, 0x63, 0x63, 0x63, 0x63, 0x63, 0x63, 0x63, 0x63, 0x63, 0x63, 0x63, 0x63, 0x63, 0x63, 0x63, 0x63, 0x63, 0x63, 0x63, 0x63, 0x63, 0x63, 0x63, 0x63, 0x63, 0x63, 0x63, 0x63, 0x63, 0x63, 0x63, 0x63, 0x63, 0x63, 0x63, 0x63, 0x63, 0x63, 0x63, 0x63, 0x63, 0x63, 0x63, 0x63, 0x63, 0x63, 0x63, 0x63, 0x63, 0x63, 0x63, 0x63, 0x63, 0x63, 0x63, 0x63, 0x63, 0x63, 0x63, 0x63, 0x63, 0x63, 0x63, 0x63, 0x63, 0x63, 0x63, 0x63, 0x63, 0x63, 0x63, 0x63, 0x63, 0x63, 0x63, 0x63, 0x63, 0x63, 0x63, 0x63, 0x63, 0x63, 0x63, 0x63, 0x63, 0x63, 0x63, 0x63, 0x63, 0x63, 0x63, 0x63, 0x63, 0x63, 0x63, 0x63, 0x63, 0x63, 0x63, 0x63, 0x63, 0x63, 0x63, 0x63, 0x63, 0x63, 0x63, 0x63, 0x63, 0x63, 0x63, 0x63, 0x63, 0x63, 0x63, 0x63, 0x63, 0x63, 0x63, 0x63, 0x63, 0x63, 0x63, 0x63, 0x63, 0x63, 0x63, 0x63, 0x63, 0x63, 0x63, 0x63, 0x63, 0x63, 0x63, 0x63, 0x63, 0x63, 0x63, 0x63, 0x63, 0x63, 0x62, 0x63, 0x63, 0x62, 0x63, 0x62, 0x63, 0x62, 0x63, 0x62, 0x63, 0x62, 0x63, 0x62, 0x63, 0x62, 0x63, 0x62, 0x63, 0x62, 0x63, 0x62, 0x63, 0x63, 0x62, 0x63, 0x62, 0x63, 0x62, 0x63, 0x62, 0x63, 0x62, 0x63, 0x62, 0x63, 0x62, 0x63, 0x62, 0x63, 0x63, 0x62, 0x63, 0x63, 0x63, 0x63, 0x63, 0x63, 0x63, 0x63, 0x63, 0x63, 0x63, 0x63, 0x63, 0x63, 0x63, 0x63, 0x63, 0x63, 0x63, 0x63, 0x63, 0x63, 0x63, 0x63, 0x63, 0x63, 0x63, 0x63, 0x63, 0x63, 0x63, 0x63, 0x63, 0x63, 0x63, 0x63, 0x63, 0x63, 0x63, 0x63, 0x63, 0x63, 0x63, 0x63, 0x63, 0x63, 0x63, 0x63, 0x63, 0x63, 0x63, 0x63, 0x63, 0x63, 0x63, 0x63, 0x63, 0x63, 0x63, 0x63, 0x63, 0x63, 0x63, 0x63, 0x63, 0x63, 0x63, 0x63, 0x63, 0x63, 0x63, 0x63, 0x63, 0x63, 0x63, 0x63, 0x63, 0x63, 0x63, 0x63, 0x63, 0x63, 0x63, 0x63, 0x63, 0x63, 0x63, 0x63, 0x63, 0x63, 0x63, 0x63, 0x63, 0x63, 0x63, 0x63, 0x63, 0x63, 0x63, 0x63, 0x63, 0x63, 0x63, 0x63, 0x63, 0x63, 0x63, 0x63, 0x63, 0x63, 0x63, 0x63, 0x63, 0x63, 0x63, 0x63, 0x63, 0x63, 0x63, 0x63, 0x63, 0x63, 0x63, 0x63, 0x63, 0x63, 0x63, 0x63, 0x63, 0x63, 0x63, 0x63, 0x63, 0x63, 0x63, 0x63, 0x63, 0x63, 0x63, 0x63, 0x63, 0x63, 0x63, 0x63, 0x63, 0x63, 0x63, 0x63, 0x63, 0x63, 0x63, 0x63, 0x63, 0x63, 0x63, 0x63, 0x63, 0x63, 0x63, 0x63, 
  0x63, 0x63, 0x63, 0x63, 0x63, 0x63, 0x63, 0x63, 0x63, 0x63, 0x63, 0x63, 0x63, 0x63, 0x63, 0x63, 0x63, 0x63, 0x63, 0x63, 0x63, 0x63, 0x63, 0x63, 0x63, 0x63, 0x63, 0x63, 0x63, 0x63, 0x63, 0x63, 0x63, 0x63, 0x63, 0x63, 0x63, 0x63, 0x63, 0x63, 0x63, 0x63, 0x63, 0x63, 0x63, 0x63, 0x63, 0x63, 0x63, 0x63, 0x63, 0x63, 0x63, 0x63, 0x63, 0x63, 0x63, 0x63, 0x63, 0x63, 0x63, 0x63, 0x63, 0x63, 0x63, 0x63, 0x63, 0x63, 0x63, 0x63, 0x63, 0x63, 0x63, 0x63, 0x63, 0x63, 0x63, 0x63, 0x63, 0x63, 0x63, 0x63, 0x63, 0x63, 0x63, 0x63, 0x63, 0x63, 0x63, 0x63, 0x63, 0x63, 0x63, 0x63, 0x63, 0x63, 0x63, 0x63, 0x63, 0x63, 0x63, 0x63, 0x63, 0x63, 0x63, 0x63, 0x63, 0x63, 0x63, 0x63, 0x63, 0x63, 0x63, 0x63, 0x63, 0x63, 0x63, 0x63, 0x63, 0x63, 0x63, 0x63, 0x63, 0x63, 0x63, 0x63, 0x63, 0x63, 0x63, 0x63, 0x63, 0x63, 0x63, 0x63, 0x63, 0x63, 0x63, 0x63, 0x63, 0x63, 0x63, 0x63, 0x63, 0x63, 0x63, 0x63, 0x63, 0x63, 0x63, 0x63, 0x63, 0x63, 0x63, 0x63, 0x63, 0x63, 0x63, 0x63, 0x63, 0x63, 0x63, 0x63, 0x63, 0x63, 0x63, 0x63, 0x63, 0x63, 0x63, 0x63, 0x63, 0x63, 0x63, 0x63, 0x63, 0x63, 0x63, 0x63, 0x63, 0x63, 0x62, 0x63, 0x63, 0x63, 0x63, 0x63, 0x63, 0x63, 0x63, 0x63, 0x63, 0x63, 0x63, 0x63, 0x63, 0x63, 0x63, 0x63, 0x63, 0x63, 0x63, 0x63, 0x63, 0x63, 0x63, 0x63, 0x63, 0x63, 0x63, 0x63, 0x63, 0x63, 0x63, 0x63, 0x63, 0x63, 0x63, 0x63, 0x63, 0x63, 0x63, 0x63, 0x63, 0x63, 0x63, 0x63, 0x63, 0x63, 0x63, 0x63, 0x63, 0x63, 0x63, 0x63, 0x63, 0x63, 0x63, 0x63, 0x63, 0x63, 0x63, 0x63, 0x63, 0x63, 0x63, 0x63, 0x63, 0x63, 0x63, 0x63, 0x63, 0x63, 0x63, 0x63, 0x63, 0x63, 0x63, 0x63, 0x63, 0x63, 0x63, 0x63, 0x63, 0x63, 0x63, 0x63, 0x63, 0x63, 0x63, 0x63, 0x63, 0x63, 0x63, 0x63, 0x63, 0x63, 0x63, 0x63, 0x63, 0x63, 0x63, 0x63, 0x63, 0x63, 0x63, 0x63, 0x63, 0x63, 0x63, 0x63, 0x63, 0x63, 0x63, 0x63, 0x63, 0x63, 0x63, 0x63, 0x63, 0x63, 0x63, 0x63, 0x63, 0x63, 0x63, 0x63, 0x63, 0x63, 0x63, 0x63, 0x63, 0x63, 0x63, 0x63, 0x63, 0x63, 0x63, 0x63, 0x63, 0x63, 0x63, 0x63, 0x63, 0x63, 0x63, 0x63, 0x63, 0x63, 0x63, 0x63, 0x63, 0x63, 0x63, 0x63, 0x63, 0x63, 0x63, 0x63, 0x63, 0x63, 0x63, 0x63, 0x63, 0x63, 0x63, 0x63, 0x63, 0x63, 0x63, 0x63, 0x63, 0x63, 0x63, 0x63, 0x63, 0x63, 0x63, 0x63, 0x63, 0x63, 
  0x63, 0x63, 0x63, 0x63, 0x63, 0x63, 0x63, 0x63, 0x63, 0x63, 0x63, 0x63, 0x63, 0x63, 0x63, 0x63, 0x63, 0x63, 0x63, 0x63, 0x63, 0x63, 0x63, 0x63, 0x63, 0x63, 0x63, 0x63, 0x63, 0x63, 0x63, 0x63, 0x63, 0x63, 0x63, 0x63, 0x63, 0x63, 0x63, 0x63, 0x63, 0x63, 0x63, 0x63, 0x63, 0x63, 0x63, 0x63, 0x63, 0x63, 0x63, 0x63, 0x63, 0x63, 0x63, 0x63, 0x63, 0x63, 0x63, 0x63, 0x63, 0x63, 0x63, 0x63, 0x63, 0x63, 0x63, 0x63, 0x63, 0x63, 0x63, 0x63, 0x63, 0x63, 0x63, 0x63, 0x63, 0x63, 0x63, 0x63, 0x63, 0x63, 0x63, 0x63, 0x63, 0x63, 0x63, 0x63, 0x63, 0x63, 0x63, 0x63, 0x63, 0x63, 0x63, 0x63, 0x63, 0x63, 0x63, 0x63, 0x63, 0x63, 0x63, 0x63, 0x63, 0x63, 0x63, 0x63, 0x63, 0x63, 0x63, 0x63, 0x63, 0x63, 0x63, 0x63, 0x63, 0x63, 0x63, 0x63, 0x63, 0x63, 0x63, 0x63, 0x63, 0x63, 0x63, 0x63, 0x63, 0x63, 0x63, 0x63, 0x63, 0x63, 0x63, 0x63, 0x63, 0x63, 0x63, 0x63, 0x63, 0x63, 0x63, 0x63, 0x63, 0x63, 0x63, 0x63, 0x63, 0x63, 0x63, 0x63, 0x63, 0x63, 0x63, 0x63, 0x63, 0x63, 0x63, 0x63, 0x63, 0x63, 0x63, 0x63, 0x63, 0x63, 0x63, 0x63, 0x63, 0x63, 0x63, 0x63, 0x63, 0x63, 0x63, 0x63, 0x63, 0x63, 0x63, 0x63, 0x63, 0x63, 0x63, 0x63, 0x63, 0x63, 0x63, 0x63, 0x63, 0x63, 0x63, 0x63, 0x63, 0x63, 0x63, 0x63, 0x63, 0x63, 0x63, 0x63, 0x63, 0x63, 0x63, 0x63, 0x63, 0x63, 0x63, 0x63, 0x63, 0x63, 0x63, 0x63, 0x63, 0x63, 0x63, 0x63, 0x63, 0x63, 0x63, 0x63, 0x63, 0x63, 0x63, 0x63, 0x63, 0x63, 0x63, 0x63, 0x63, 0x63, 0x63, 0x63, 0x63, 0x63, 0x63, 0x63, 0x63, 0x63, 0x63, 0x63, 0x63, 0x63, 0x63, 0x63, 0x63, 0x63, 0x63, 0x63, 0x63, 0x63, 0x63, 0x63, 0x63, 0x63, 0x63, 0x63, 0x63, 0x63, 0x63, 0x63, 0x63, 0x63, 0x63, 0x63, 0x63, 0x63, 0x63, 0x63, 0x63, 0x63, 0x63, 0x63, 0x63, 0x63, 0x63, 0x63, 0x63, 0x63, 0x63, 0x63, 0x63, 0x63, 0x63, 0x63, 0x63, 0x63, 0x63, 0x63, 0x63, 0x63, 0x63, 0x63, 0x63, 0x63, 0x63, 0x63, 0x63, 0x63, 0x63, 0x63, 0x63, 0x63, 0x63, 0x63, 0x63, 0x63, 0x63, 0x63, 0x63, 0x63, 0x63, 0x63, 0x63, 0x63, 0x63, 0x63, 0x63, 0x63, 0x63, 0x63, 0x63, 0x63, 0x63, 0x63, 0x63, 0x63, 0x63, 0x63, 0x63, 0x63, 0x63, 0x63, 0x63, 0x63, 0x63, 0x63, 0x63, 0x63, 0x63, 0x63, 0x63, 0x63, 0x63, 0x63, 0x63, 0x63, 0x63, 0x63, 0x63, 0x63, 0x63, 0x63, 0x63, 0x63, 0x63, 0x63, 0x63, 0x63, 0x63, 0x63, 
};

const lv_img_dsc_t background = {
  .header.cf = LV_IMG_CF_INDEXED_8BIT,
  .header.always_zero = 0,
  .header.reserved = 0,
  .header.w = 360,
  .header.h = 360,
  .data_size = 130624,
  .data = background_map,
};
